/*
Navicat MySQL Data Transfer

Source Server         : localhost
Source Server Version : 50505
Source Host           : localhost:3306
Source Database       : mycncart

Target Server Type    : MYSQL
Target Server Version : 50505
File Encoding         : 65001

Date: 2016-06-14 16:35:02
*/

SET FOREIGN_KEY_CHECKS=0;

-- ----------------------------
-- Table structure for mcc_address
-- ----------------------------
DROP TABLE IF EXISTS `mcc_address`;
CREATE TABLE `mcc_address` (
  `address_id` int(11) NOT NULL AUTO_INCREMENT,
  `customer_id` int(11) NOT NULL,
  `fullname` varchar(32) NOT NULL,
  `address` varchar(128) NOT NULL,
  `city_id` int(11) NOT NULL,
  `region_id` int(11) NOT NULL,
  `country_id` int(11) NOT NULL DEFAULT '0',
  `zone_id` int(11) NOT NULL DEFAULT '0',
  `custom_field` text NOT NULL,
  `shipping_telephone` varchar(32) NOT NULL,
  `is_del` tinyint(1) NOT NULL DEFAULT '0',
  PRIMARY KEY (`address_id`),
  KEY `customer_id` (`customer_id`) USING BTREE
) ENGINE=MyISAM AUTO_INCREMENT=40 DEFAULT CHARSET=utf8;

-- ----------------------------
-- Records of mcc_address
-- ----------------------------
INSERT INTO `mcc_address` VALUES ('1', '2', 'test', 'aaa', '10', '868657', '2', '0', 't', '123456777', '0');
INSERT INTO `mcc_address` VALUES ('2', '1', '韦庆磊', '天河区海珠区赤岗北路6号', '2132', '510000', '44', '689', '', '13427548928', '1');
INSERT INTO `mcc_address` VALUES ('3', '1', '黄石', '海珠区赤岗北路6号613', '2132', '2137', '44', '689', '', '13427567980', '0');
INSERT INTO `mcc_address` VALUES ('4', '1', '新人', '天坛公寓292号1102', '2', '5', '0', '685', '', '13859596756', '0');
INSERT INTO `mcc_address` VALUES ('5', '1', '韦庆磊', '朝阳区天坛公寓292', '2', '5', '44', '685', '', '13688989896', '1');
INSERT INTO `mcc_address` VALUES ('6', '1', '韦庆磊', '赤岗北路6777777777777号', '2293', '2298', '44', '690', '', '13567666666', '1');
INSERT INTO `mcc_address` VALUES ('7', '1', '韦庆磊', '张扬路10988号334', '861', '873', '44', '708', '', '13866669788', '1');
INSERT INTO `mcc_address` VALUES ('8', '1', '韦庆磊', '朝阳区天坛公寓292', '2132', '2137', '44', '689', '', '13678987686', '0');
INSERT INTO `mcc_address` VALUES ('9', '1', '韦庆磊', '赤岗北路6号222222', '1258', '1260', '44', '687', '', '021-20203034', '0');
INSERT INTO `mcc_address` VALUES ('10', '1', '韦庆磊', '赤岗北路6号222222', '1258', '1260', '44', '687', '', '021-20203034', '1');
INSERT INTO `mcc_address` VALUES ('11', '1', '韦庆磊', '赤岗北路6号222222', '1258', '1260', '44', '687', '', '021-20203034', '1');
INSERT INTO `mcc_address` VALUES ('12', '1', '', '', '0', '0', '44', '0', '', '', '1');
INSERT INTO `mcc_address` VALUES ('13', '1', '新人我', '天坛公寓2922222', '2338', '2343', '44', '690', '', '13699998888', '1');
INSERT INTO `mcc_address` VALUES ('14', '1', '韦庆磊', '区赤岗北路688888888888888号', '2115', '2118', '44', '698', '', '13788887776', '1');
INSERT INTO `mcc_address` VALUES ('15', '12', '韦庆磊', '天河区海珠区赤岗北路6号', '2132', '2137', '44', '689', '', '13427548928', '0');
INSERT INTO `mcc_address` VALUES ('16', '7', '韦庆磊', '天河区海珠区赤岗北路6号', '2132', '2137', '44', '689', '', '13427548928', '0');
INSERT INTO `mcc_address` VALUES ('17', '23', '金小博', '大石坝街道下石门科苑小区2栋26-3', '2463', '2468', '44', '686', '', '13752826338', '0');
INSERT INTO `mcc_address` VALUES ('18', '24', '连硕', '红谷滩新区南昌航空大学前湖校区', '1362', '0', '44', '701', '', '18634853686', '0');
INSERT INTO `mcc_address` VALUES ('19', '14', '张龙', '赤岗北路瑞福大厦', '2132', '2136', '44', '689', '', '18929566151', '0');
INSERT INTO `mcc_address` VALUES ('20', '26', '刘同海', '黄骅市官庄乡王吉庄村205号', '190', '206', '44', '693', '', '15613715676', '0');
INSERT INTO `mcc_address` VALUES ('21', '25', '张龙', '赤岗北路瑞福大厦', '2132', '2136', '44', '689', '', '18929566151', '0');
INSERT INTO `mcc_address` VALUES ('22', '7', 'fdfdf', 'rrrrrrrrrrrrrrrrrrrrr556667', '2132', '2137', '44', '689', '', '13655558888', '0');
INSERT INTO `mcc_address` VALUES ('23', '30', 'wyx', 'dsdsdsdad2w', '2166', '2168', '44', '689', '', '15820225252', '0');
INSERT INTO `mcc_address` VALUES ('24', '37', '黄海', '曹杨路303弄16号103室', '861', '866', '44', '708', '', '13761181741', '0');
INSERT INTO `mcc_address` VALUES ('25', '38', '苏先生', '丹竹头荔枝花园B11栋', '2158', '2164', '44', '689', '', '15919995716', '0');
INSERT INTO `mcc_address` VALUES ('26', '39', '李文坤', '广东省广州市海珠区赤岗北路瑞福大厦6楼', '2132', '2136', '44', '689', '', '13250508186', '0');
INSERT INTO `mcc_address` VALUES ('27', '40', '戴思敏', '赤岗北路瑞福大厦613', '2132', '2136', '44', '689', '', '15622334285', '0');
INSERT INTO `mcc_address` VALUES ('28', '42', '侯杰', '中信大道绿地三期12栋1单元', '2504', '2517', '44', '710', '', '17828080197', '0');
INSERT INTO `mcc_address` VALUES ('29', '45', '夏进', '盛世嘉园 二号楼 一单元', '766', '773', '44', '694', '', '15184698840', '0');
INSERT INTO `mcc_address` VALUES ('30', '44', '吕舻渝', '东源县霸王花君临苑', '2247', '2254', '44', '689', '', '18923685055', '0');
INSERT INTO `mcc_address` VALUES ('31', '49', '冯强', '明月路99号（遂宁移动公司）', '2577', '2579', '44', '710', '', '15228677728', '0');
INSERT INTO `mcc_address` VALUES ('32', '52', '吴凡', '元兴西街2号西南财经大学天府学院', '2557', '2559', '44', '710', '', '18681675062', '0');
INSERT INTO `mcc_address` VALUES ('33', '54', '李红君', '建设南路名爵麻将机', '2604', '2611', '44', '710', '', '13551916129', '0');
INSERT INTO `mcc_address` VALUES ('34', '55', '程巍', '衡山镇大地花园西侧徽商银行', '1227', '1235', '44', '684', '', '18697627857', '0');
INSERT INTO `mcc_address` VALUES ('35', '59', '沙奥', '南昌理工学校 英雄校区', '1362', '1368', '44', '701', '', '18720950568', '0');
INSERT INTO `mcc_address` VALUES ('36', '60', '尚珂', '人和路5号院4号楼1单元（二七区委家属院）', '1657', '1660', '44', '695', '', '18538031450', '1');
INSERT INTO `mcc_address` VALUES ('37', '60', '尚勇', '人和路5号院4号楼1单元（二七区委家属院）', '1657', '1660', '44', '695', '', '18538031450', '0');
INSERT INTO `mcc_address` VALUES ('38', '62', '汤群欢', '银田镇青石村渡槽组', '2004', '2010', '44', '698', '', '13873202132', '0');
INSERT INTO `mcc_address` VALUES ('39', '1', '测试', '花城大道85号1102室', '2132', '2137', '44', '689', '', '13888889999', '0');

-- ----------------------------
-- Table structure for mcc_affiliate
-- ----------------------------
DROP TABLE IF EXISTS `mcc_affiliate`;
CREATE TABLE `mcc_affiliate` (
  `affiliate_id` int(11) NOT NULL AUTO_INCREMENT,
  `fullname` varchar(32) NOT NULL,
  `email` varchar(96) NOT NULL,
  `telephone` varchar(32) NOT NULL,
  `fax` varchar(32) NOT NULL,
  `password` varchar(40) NOT NULL,
  `salt` varchar(9) NOT NULL,
  `company` varchar(40) NOT NULL,
  `website` varchar(255) NOT NULL,
  `address` varchar(128) NOT NULL,
  `city` varchar(128) NOT NULL,
  `postcode` varchar(10) NOT NULL,
  `country_id` int(11) NOT NULL,
  `zone_id` int(11) NOT NULL,
  `code` varchar(64) NOT NULL,
  `commission` decimal(4,2) NOT NULL DEFAULT '0.00',
  `tax` varchar(64) NOT NULL,
  `payment` varchar(6) NOT NULL,
  `cheque` varchar(100) NOT NULL,
  `paypal` varchar(64) NOT NULL,
  `bank_name` varchar(64) NOT NULL,
  `bank_account_name` varchar(64) NOT NULL,
  `bank_account_number` varchar(64) NOT NULL,
  `alipay_account_name` varchar(64) NOT NULL,
  `alipay` varchar(64) NOT NULL,
  `ip` varchar(40) NOT NULL,
  `status` tinyint(1) NOT NULL,
  `approved` tinyint(1) NOT NULL,
  `date_added` datetime NOT NULL,
  PRIMARY KEY (`affiliate_id`)
) ENGINE=MyISAM AUTO_INCREMENT=3 DEFAULT CHARSET=utf8;

-- ----------------------------
-- Records of mcc_affiliate
-- ----------------------------

-- ----------------------------
-- Table structure for mcc_affiliate_activity
-- ----------------------------
DROP TABLE IF EXISTS `mcc_affiliate_activity`;
CREATE TABLE `mcc_affiliate_activity` (
  `affiliate_activity_id` int(11) NOT NULL AUTO_INCREMENT,
  `affiliate_id` int(11) NOT NULL,
  `key` varchar(64) NOT NULL,
  `data` text NOT NULL,
  `ip` varchar(40) NOT NULL,
  `date_added` datetime NOT NULL,
  PRIMARY KEY (`affiliate_activity_id`)
) ENGINE=MyISAM AUTO_INCREMENT=3 DEFAULT CHARSET=utf8;

-- ----------------------------
-- Records of mcc_affiliate_activity
-- ----------------------------

-- ----------------------------
-- Table structure for mcc_affiliate_login
-- ----------------------------
DROP TABLE IF EXISTS `mcc_affiliate_login`;
CREATE TABLE `mcc_affiliate_login` (
  `affiliate_login_id` int(11) NOT NULL AUTO_INCREMENT,
  `email` varchar(96) NOT NULL,
  `ip` varchar(40) NOT NULL,
  `total` int(4) NOT NULL,
  `date_added` datetime NOT NULL,
  `date_modified` datetime NOT NULL,
  PRIMARY KEY (`affiliate_login_id`),
  KEY `email` (`email`) USING BTREE,
  KEY `ip` (`ip`) USING BTREE
) ENGINE=MyISAM DEFAULT CHARSET=utf8;

-- ----------------------------
-- Records of mcc_affiliate_login
-- ----------------------------

-- ----------------------------
-- Table structure for mcc_affiliate_transaction
-- ----------------------------
DROP TABLE IF EXISTS `mcc_affiliate_transaction`;
CREATE TABLE `mcc_affiliate_transaction` (
  `affiliate_transaction_id` int(11) NOT NULL AUTO_INCREMENT,
  `affiliate_id` int(11) NOT NULL,
  `order_id` int(11) NOT NULL,
  `description` text NOT NULL,
  `amount` decimal(15,4) NOT NULL,
  `date_added` datetime NOT NULL,
  PRIMARY KEY (`affiliate_transaction_id`)
) ENGINE=MyISAM DEFAULT CHARSET=utf8;

-- ----------------------------
-- Records of mcc_affiliate_transaction
-- ----------------------------

-- ----------------------------
-- Table structure for mcc_api
-- ----------------------------
DROP TABLE IF EXISTS `mcc_api`;
CREATE TABLE `mcc_api` (
  `api_id` int(11) NOT NULL AUTO_INCREMENT,
  `name` varchar(64) NOT NULL,
  `key` text NOT NULL,
  `status` tinyint(1) NOT NULL,
  `date_added` datetime NOT NULL,
  `date_modified` datetime NOT NULL,
  PRIMARY KEY (`api_id`)
) ENGINE=MyISAM AUTO_INCREMENT=2 DEFAULT CHARSET=utf8;

-- ----------------------------
-- Records of mcc_api
-- ----------------------------
INSERT INTO `mcc_api` VALUES ('1', 'Default', 'v2z1oRArUrN0J3EF4kaZFtkgjby9X590xqz3C9uXKjpYecuN3AZiBJltzQyZjNmLKORrd8riG6F4k6VKU4nQRO2rB3NxLoFvb9ygq8LYwqvblcclwaA6ggk8eCmq44sGBZQlZCm0AngE0LXUbvo6GWnb22OrJfQgl59OK6h1Y4yBL7yyKokOq23UBr6buaAeyq08VLgU6PesH7XCrLx0Co0RzydVsTT9HU0f1L4uVdETLynTJZGNLDV1Za58YZ85', '1', '2016-03-25 19:06:35', '2016-03-25 19:06:35');

-- ----------------------------
-- Table structure for mcc_api_ip
-- ----------------------------
DROP TABLE IF EXISTS `mcc_api_ip`;
CREATE TABLE `mcc_api_ip` (
  `api_ip_id` int(11) NOT NULL AUTO_INCREMENT,
  `api_id` int(11) NOT NULL,
  `ip` varchar(40) NOT NULL,
  PRIMARY KEY (`api_ip_id`)
) ENGINE=MyISAM AUTO_INCREMENT=2 DEFAULT CHARSET=utf8;

-- ----------------------------
-- Records of mcc_api_ip
-- ----------------------------
INSERT INTO `mcc_api_ip` VALUES ('1', '1', '127.0.0.1');

-- ----------------------------
-- Table structure for mcc_api_session
-- ----------------------------
DROP TABLE IF EXISTS `mcc_api_session`;
CREATE TABLE `mcc_api_session` (
  `api_session_id` int(11) NOT NULL AUTO_INCREMENT,
  `api_id` int(11) NOT NULL,
  `token` varchar(32) NOT NULL,
  `session_id` varchar(32) NOT NULL,
  `session_name` varchar(32) NOT NULL,
  `ip` varchar(40) NOT NULL,
  `date_added` datetime NOT NULL,
  `date_modified` datetime NOT NULL,
  PRIMARY KEY (`api_session_id`)
) ENGINE=MyISAM AUTO_INCREMENT=48 DEFAULT CHARSET=utf8;

-- ----------------------------
-- Records of mcc_api_session
-- ----------------------------
INSERT INTO `mcc_api_session` VALUES ('1', '1', 'PctrQVm4g2HZB7Sk2ETlJeC6owOFJQ2U', 'h8o3lvjj6a5e0hpdthfe8pc954', 'temp_session_573c18648ffa5', '127.0.0.1', '2016-05-18 15:23:13', '2016-05-18 15:23:35');
INSERT INTO `mcc_api_session` VALUES ('2', '1', 'qcVYcda6pXHeSKqnR8a8CnKHO6bhiLzO', 'elg0b3k12jchejgsak69jv08s0', 'temp_session_573c23a7620d5', '127.0.0.1', '2016-05-18 16:11:16', '2016-05-18 16:11:16');
INSERT INTO `mcc_api_session` VALUES ('3', '1', 'yqFL4bG2Ru67yhOlsSWiB9fmU0eiNDAw', '968p87nga3a8ij789u52eo12u3', 'temp_session_574bdac30f7ec', '127.0.0.1', '2016-05-30 14:16:35', '2016-05-30 14:16:35');
INSERT INTO `mcc_api_session` VALUES ('4', '1', 'YeT9u0oBLQC6QSMNAcEkdMxbuYWJXjoy', 'e3resdb3nil8r65hdg98vj42t7', 'temp_session_574bde4f93dba', '127.0.0.1', '2016-05-30 14:31:43', '2016-05-30 14:31:43');
INSERT INTO `mcc_api_session` VALUES ('5', '1', 'HB1ttgdH3Wbyy7QFJA5pWAGAK3FK3Mhp', 'dluif5o2hqihu4lj0fhl21mor3', 'temp_session_574be02c19dde', '127.0.0.1', '2016-05-30 14:39:40', '2016-05-30 14:39:40');
INSERT INTO `mcc_api_session` VALUES ('6', '1', 'TrrINDGN1P7XR2Kg28KLGEwthJe64YXl', 'd5if6f2mbhr1tsnd9680brhag3', 'temp_session_574be0a5e3297', '127.0.0.1', '2016-05-30 14:41:41', '2016-05-30 14:41:41');
INSERT INTO `mcc_api_session` VALUES ('7', '1', 'vZpWOND4Isbk6OXBP6mEZ6oJZVzV1HA0', 'l8cpk027vr9vd294p1nti7llj6', 'temp_session_574be19680362', '127.0.0.1', '2016-05-30 14:45:42', '2016-05-30 14:45:42');
INSERT INTO `mcc_api_session` VALUES ('8', '1', '9DYFkvYxpd5I77GT9sKsAje9jkRrN4AJ', 'l8cpk027vr9vd294p1nti7llj6', 'temp_session_574be1d26b93a', '127.0.0.1', '2016-05-30 14:46:42', '2016-05-30 14:46:42');
INSERT INTO `mcc_api_session` VALUES ('9', '1', '89ZGW8Y6X1wDzXzi1dpztxdTI0WKDaMQ', 'l8cpk027vr9vd294p1nti7llj6', 'temp_session_574be1e9d7b6f', '127.0.0.1', '2016-05-30 14:47:05', '2016-05-30 14:47:05');
INSERT INTO `mcc_api_session` VALUES ('10', '1', '4j9S0aMkftJArIatClX0Nm7jWnV1hqV6', 'l8cpk027vr9vd294p1nti7llj6', 'temp_session_574be1f178509', '127.0.0.1', '2016-05-30 14:47:13', '2016-05-30 14:47:13');
INSERT INTO `mcc_api_session` VALUES ('11', '1', '5bwebfLiLuQZTGXs96SxfQ1ZHgyrwrdM', 'kh8cq7gc6p737qfk7060gbsda3', 'temp_session_574be3319b5a1', '127.0.0.1', '2016-05-30 14:52:33', '2016-05-30 14:52:33');
INSERT INTO `mcc_api_session` VALUES ('12', '1', 'Qpo7UQ6tgWlZ7tDjxmBk09yc0UFao6wt', 'kh8cq7gc6p737qfk7060gbsda3', 'temp_session_574be36b58046', '127.0.0.1', '2016-05-30 14:53:31', '2016-05-30 14:53:31');
INSERT INTO `mcc_api_session` VALUES ('13', '1', '3FI1EguHn7fs8vylBSE6Q5gu9hnIxGWh', 'ceebaq8n02525japh3dr10m621', 'temp_session_574c156cbf670', '127.0.0.1', '2016-05-30 18:26:52', '2016-05-30 18:26:52');
INSERT INTO `mcc_api_session` VALUES ('14', '1', 'dyO9kmaBjAyLrcJ2r78sidPbchHupgJz', 'fo7q92re4kms4724geu7a0v021', 'temp_session_5755077d92203', '127.0.0.1', '2016-06-06 13:17:49', '2016-06-06 13:17:49');
INSERT INTO `mcc_api_session` VALUES ('15', '1', 's180Yxra6o3Z43daJOqFl8W1zhah9ZQz', 'fo7q92re4kms4724geu7a0v021', 'temp_session_5755078721f06', '127.0.0.1', '2016-06-06 13:17:59', '2016-06-06 13:17:59');
INSERT INTO `mcc_api_session` VALUES ('16', '1', 'JIAp3OEqdpnrTMRVKIxblW6Jj9bL6EsU', 'fo7q92re4kms4724geu7a0v021', 'temp_session_5755079209a72', '127.0.0.1', '2016-06-06 13:18:10', '2016-06-06 13:18:10');
INSERT INTO `mcc_api_session` VALUES ('17', '1', 'wwINWmrTwFjseGNjhr3YFRH0p5R6T7Kq', 'fo7q92re4kms4724geu7a0v021', 'temp_session_57550795ea3be', '127.0.0.1', '2016-06-06 13:18:13', '2016-06-06 13:18:13');
INSERT INTO `mcc_api_session` VALUES ('18', '1', '6npdaOYDTNPzvq4FxXXEqEMj4OAKE9o4', 'fo7q92re4kms4724geu7a0v021', 'temp_session_57550798ad563', '127.0.0.1', '2016-06-06 13:18:16', '2016-06-06 13:18:16');
INSERT INTO `mcc_api_session` VALUES ('19', '1', 'InBJUw7HDDb77ZEjatdDZX3eixAEKC26', 'fo7q92re4kms4724geu7a0v021', 'temp_session_5755079acd837', '127.0.0.1', '2016-06-06 13:18:18', '2016-06-06 13:18:18');
INSERT INTO `mcc_api_session` VALUES ('20', '1', 'u9pJAg0SW8rzO02XvrBaunciRNn03FQQ', 'fo7q92re4kms4724geu7a0v021', 'temp_session_5755079d7e7c4', '127.0.0.1', '2016-06-06 13:18:21', '2016-06-06 13:18:21');
INSERT INTO `mcc_api_session` VALUES ('21', '1', 'qzFqEgiQZC569vtbMDgKZluOdMomJ4dI', 'fo7q92re4kms4724geu7a0v021', 'temp_session_575507ab03336', '127.0.0.1', '2016-06-06 13:18:35', '2016-06-06 13:18:35');
INSERT INTO `mcc_api_session` VALUES ('22', '1', 'biu0e5tZIMkaQ0Q9OPRYc9ER6CzQORkK', 'fo7q92re4kms4724geu7a0v021', 'temp_session_575507ae0b43b', '127.0.0.1', '2016-06-06 13:18:38', '2016-06-06 13:18:38');
INSERT INTO `mcc_api_session` VALUES ('23', '1', 'G7wyaK3HSKVYVjS9b1NI9juZ15Tn9VtT', 'fo7q92re4kms4724geu7a0v021', 'temp_session_575507b0a30d4', '127.0.0.1', '2016-06-06 13:18:40', '2016-06-06 13:18:40');
INSERT INTO `mcc_api_session` VALUES ('24', '1', 'RlicYNWaUUuI8kgKIFqr6r6GLWTmVWqc', 'fo7q92re4kms4724geu7a0v021', 'temp_session_575507b307609', '127.0.0.1', '2016-06-06 13:18:43', '2016-06-06 13:18:43');
INSERT INTO `mcc_api_session` VALUES ('25', '1', 'jlpRLI6vCaQeZynCzTsnnJSR4G7xtQBO', 'fo7q92re4kms4724geu7a0v021', 'temp_session_575507b8e1e48', '127.0.0.1', '2016-06-06 13:18:48', '2016-06-06 13:18:48');
INSERT INTO `mcc_api_session` VALUES ('26', '1', 'Aa4Lj0I4EDdVBVdfUG43B5MOD7UyhHMG', 'fo7q92re4kms4724geu7a0v021', 'temp_session_575507bbefda4', '127.0.0.1', '2016-06-06 13:18:51', '2016-06-06 13:18:51');
INSERT INTO `mcc_api_session` VALUES ('27', '1', 'PkDAQidooPRgdSuwyCfWvdJmYtXwNgX3', 'fo7q92re4kms4724geu7a0v021', 'temp_session_575507c7e2222', '127.0.0.1', '2016-06-06 13:19:03', '2016-06-06 13:19:03');
INSERT INTO `mcc_api_session` VALUES ('28', '1', 'jx3tlHo5qUH5Ined3rMRocRbvkuwR6hc', 'fo7q92re4kms4724geu7a0v021', 'temp_session_575507ca1ddb6', '127.0.0.1', '2016-06-06 13:19:06', '2016-06-06 13:19:06');
INSERT INTO `mcc_api_session` VALUES ('29', '1', 'EaIgOceqpSsJEifXLGZM7zLqeMsjheO9', 'fo7q92re4kms4724geu7a0v021', 'temp_session_575507d1e4542', '127.0.0.1', '2016-06-06 13:19:13', '2016-06-06 13:19:13');
INSERT INTO `mcc_api_session` VALUES ('30', '1', '2FbCQNEmlurMx6WAXfZ4HuiTOmDYX5kq', 'fo7q92re4kms4724geu7a0v021', 'temp_session_575507d616960', '127.0.0.1', '2016-06-06 13:19:18', '2016-06-06 13:19:18');
INSERT INTO `mcc_api_session` VALUES ('31', '1', 'PIvg3txwGRZVccWkhhhQemShd4T6u3Je', 'fo7q92re4kms4724geu7a0v021', 'temp_session_575507dbb2934', '127.0.0.1', '2016-06-06 13:19:23', '2016-06-06 13:19:23');
INSERT INTO `mcc_api_session` VALUES ('32', '1', 'Hzf53PRZkA7b11C29tQWtd3KzgoxHlFm', '6ir7v00rd6nl9uotf3gp7v4cv1', 'temp_session_575507dd7b3d8', '127.0.0.1', '2016-06-06 13:19:25', '2016-06-06 13:19:25');
INSERT INTO `mcc_api_session` VALUES ('33', '1', 'HX5YAOjgOUb0lNzI8qCu23dE2qG3jq0T', 'fo7q92re4kms4724geu7a0v021', 'temp_session_5755080a4ded2', '127.0.0.1', '2016-06-06 13:20:10', '2016-06-06 13:20:10');
INSERT INTO `mcc_api_session` VALUES ('34', '1', 'fBoMXUg73Umvl0B5qS4oqYwm1fr9g5Am', 'fo7q92re4kms4724geu7a0v021', 'temp_session_575508147e7af', '127.0.0.1', '2016-06-06 13:20:20', '2016-06-06 13:20:20');
INSERT INTO `mcc_api_session` VALUES ('35', '1', 'tuUQHL1dTBdlF9A0dqd4XhReil3w6GQK', '6ir7v00rd6nl9uotf3gp7v4cv1', 'temp_session_57550814827a1', '127.0.0.1', '2016-06-06 13:20:20', '2016-06-06 13:20:20');
INSERT INTO `mcc_api_session` VALUES ('36', '1', 'Pq5JBqSNUSTHmT64fz08S6HoEv17Hpsv', 'fo7q92re4kms4724geu7a0v021', 'temp_session_5755083222273', '127.0.0.1', '2016-06-06 13:20:50', '2016-06-06 13:20:50');
INSERT INTO `mcc_api_session` VALUES ('37', '1', 'TcZkEWRzhM1q4L2wSRseUCSK1Bu7BHQW', 'fo7q92re4kms4724geu7a0v021', 'temp_session_575508357eb57', '127.0.0.1', '2016-06-06 13:20:53', '2016-06-06 13:20:53');
INSERT INTO `mcc_api_session` VALUES ('38', '1', 'KhvJCWDQCekaLudGgENarvR3ZfaBNaEx', '6ir7v00rd6nl9uotf3gp7v4cv1', 'temp_session_5755085522b7d', '127.0.0.1', '2016-06-06 13:21:25', '2016-06-06 13:21:25');
INSERT INTO `mcc_api_session` VALUES ('39', '1', 'KorzKnhNzQc2IeLEhMRtTkwq1SA9pBm1', '6ir7v00rd6nl9uotf3gp7v4cv1', 'temp_session_57550861bf980', '127.0.0.1', '2016-06-06 13:21:37', '2016-06-06 13:21:37');
INSERT INTO `mcc_api_session` VALUES ('40', '1', 'Crh2TqJm4LXAt5dROg4XMU6RlWVbLiYf', '6ir7v00rd6nl9uotf3gp7v4cv1', 'temp_session_57550880e4268', '127.0.0.1', '2016-06-06 13:22:08', '2016-06-06 13:22:08');
INSERT INTO `mcc_api_session` VALUES ('41', '1', 's5u031IlsGmZOOkedf3JjD1VbZoA2qkU', '6ir7v00rd6nl9uotf3gp7v4cv1', 'temp_session_5755088540c47', '127.0.0.1', '2016-06-06 13:22:13', '2016-06-06 13:22:13');
INSERT INTO `mcc_api_session` VALUES ('42', '1', 'D2OuEO4qcMLsHo6KQ3QcKqW5WY3Xg7vX', 'g3m7fcbmgmg3v70u33imknujs1', 'temp_session_575d03b2c5301', '127.0.0.1', '2016-06-12 14:39:46', '2016-06-12 14:39:46');
INSERT INTO `mcc_api_session` VALUES ('43', '1', 'wFNEPOLgw2zZUOaSOWK8XLeGbNhx4veQ', 'g3m7fcbmgmg3v70u33imknujs1', 'temp_session_575d04e662b32', '127.0.0.1', '2016-06-12 14:44:54', '2016-06-12 14:44:54');
INSERT INTO `mcc_api_session` VALUES ('44', '1', '22cAXWBpvZ8ACjluzde8RmvQvx4biSaV', 'g3m7fcbmgmg3v70u33imknujs1', 'temp_session_575d04ff96cf5', '127.0.0.1', '2016-06-12 14:45:19', '2016-06-12 14:45:19');
INSERT INTO `mcc_api_session` VALUES ('45', '1', 'bcKXcTpGC33ukapUc5i1vTPpeXP9NBxB', 'g3m7fcbmgmg3v70u33imknujs1', 'temp_session_575d051a5a647', '127.0.0.1', '2016-06-12 14:45:46', '2016-06-12 14:45:46');
INSERT INTO `mcc_api_session` VALUES ('46', '1', 'Ij1f1PHflqK44dbDAucwsoEzWptxBtLe', 'uc64215v5a58h646ob0bf5g951', 'temp_session_575fbf7cc624a', '127.0.0.1', '2016-06-14 16:25:32', '2016-06-14 16:25:32');
INSERT INTO `mcc_api_session` VALUES ('47', '1', '7M2VeW4uUa4K9wQG79hRd8Gij5ovtVZU', 'uc64215v5a58h646ob0bf5g951', 'temp_session_575fbf821b901', '127.0.0.1', '2016-06-14 16:25:38', '2016-06-14 16:25:38');

-- ----------------------------
-- Table structure for mcc_attribute
-- ----------------------------
DROP TABLE IF EXISTS `mcc_attribute`;
CREATE TABLE `mcc_attribute` (
  `attribute_id` int(11) NOT NULL AUTO_INCREMENT,
  `attribute_group_id` int(11) NOT NULL,
  `sort_order` int(3) NOT NULL,
  PRIMARY KEY (`attribute_id`)
) ENGINE=MyISAM AUTO_INCREMENT=13 DEFAULT CHARSET=utf8;

-- ----------------------------
-- Records of mcc_attribute
-- ----------------------------
INSERT INTO `mcc_attribute` VALUES ('12', '7', '0');

-- ----------------------------
-- Table structure for mcc_attribute_description
-- ----------------------------
DROP TABLE IF EXISTS `mcc_attribute_description`;
CREATE TABLE `mcc_attribute_description` (
  `attribute_id` int(11) NOT NULL,
  `language_id` int(11) NOT NULL,
  `name` varchar(64) NOT NULL,
  PRIMARY KEY (`attribute_id`,`language_id`)
) ENGINE=MyISAM DEFAULT CHARSET=utf8;

-- ----------------------------
-- Records of mcc_attribute_description
-- ----------------------------
INSERT INTO `mcc_attribute_description` VALUES ('12', '1', 'TT');
INSERT INTO `mcc_attribute_description` VALUES ('12', '2', 'TT');
INSERT INTO `mcc_attribute_description` VALUES ('12', '3', 'TT');

-- ----------------------------
-- Table structure for mcc_attribute_group
-- ----------------------------
DROP TABLE IF EXISTS `mcc_attribute_group`;
CREATE TABLE `mcc_attribute_group` (
  `attribute_group_id` int(11) NOT NULL AUTO_INCREMENT,
  `sort_order` int(3) NOT NULL,
  PRIMARY KEY (`attribute_group_id`)
) ENGINE=MyISAM AUTO_INCREMENT=8 DEFAULT CHARSET=utf8;

-- ----------------------------
-- Records of mcc_attribute_group
-- ----------------------------
INSERT INTO `mcc_attribute_group` VALUES ('7', '0');

-- ----------------------------
-- Table structure for mcc_attribute_group_description
-- ----------------------------
DROP TABLE IF EXISTS `mcc_attribute_group_description`;
CREATE TABLE `mcc_attribute_group_description` (
  `attribute_group_id` int(11) NOT NULL,
  `language_id` int(11) NOT NULL,
  `name` varchar(64) NOT NULL,
  PRIMARY KEY (`attribute_group_id`,`language_id`)
) ENGINE=MyISAM DEFAULT CHARSET=utf8;

-- ----------------------------
-- Records of mcc_attribute_group_description
-- ----------------------------
INSERT INTO `mcc_attribute_group_description` VALUES ('7', '1', 'TEST');
INSERT INTO `mcc_attribute_group_description` VALUES ('7', '2', 'TEST');
INSERT INTO `mcc_attribute_group_description` VALUES ('7', '3', 'TEST');

-- ----------------------------
-- Table structure for mcc_banner
-- ----------------------------
DROP TABLE IF EXISTS `mcc_banner`;
CREATE TABLE `mcc_banner` (
  `banner_id` int(11) NOT NULL AUTO_INCREMENT,
  `name` varchar(64) NOT NULL,
  `status` tinyint(1) NOT NULL,
  PRIMARY KEY (`banner_id`)
) ENGINE=MyISAM AUTO_INCREMENT=9 DEFAULT CHARSET=utf8;

-- ----------------------------
-- Records of mcc_banner
-- ----------------------------
INSERT INTO `mcc_banner` VALUES ('6', '惠普商品', '1');
INSERT INTO `mcc_banner` VALUES ('7', '首页幻灯片', '1');
INSERT INTO `mcc_banner` VALUES ('8', '品牌/制造商', '1');

-- ----------------------------
-- Table structure for mcc_banner_image
-- ----------------------------
DROP TABLE IF EXISTS `mcc_banner_image`;
CREATE TABLE `mcc_banner_image` (
  `banner_image_id` int(11) NOT NULL AUTO_INCREMENT,
  `banner_id` int(11) NOT NULL,
  `link` varchar(255) NOT NULL,
  `image` varchar(255) NOT NULL,
  `sort_order` int(3) NOT NULL DEFAULT '0',
  PRIMARY KEY (`banner_image_id`)
) ENGINE=MyISAM AUTO_INCREMENT=172 DEFAULT CHARSET=utf8;

-- ----------------------------
-- Records of mcc_banner_image
-- ----------------------------
INSERT INTO `mcc_banner_image` VALUES ('128', '6', 'index.php?route=product/manufacturer/info&amp;manufacturer_id=7', 'catalog/demo/hp_banner.jpg', '0');
INSERT INTO `mcc_banner_image` VALUES ('158', '8', '', 'catalog/demo/brand_5.png', '0');
INSERT INTO `mcc_banner_image` VALUES ('157', '8', '', 'catalog/demo/brand_2.png', '0');
INSERT INTO `mcc_banner_image` VALUES ('156', '8', '', 'catalog/demo/brand_3.png', '0');
INSERT INTO `mcc_banner_image` VALUES ('155', '8', '', 'catalog/demo/brand_5.png', '0');
INSERT INTO `mcc_banner_image` VALUES ('154', '8', '', 'catalog/demo/brand_4.png', '0');
INSERT INTO `mcc_banner_image` VALUES ('153', '8', '', 'catalog/demo/brand_3.png', '3');
INSERT INTO `mcc_banner_image` VALUES ('152', '8', '', 'catalog/demo/brand_2.png', '2');
INSERT INTO `mcc_banner_image` VALUES ('151', '8', '', 'catalog/demo/brand_1.png', '1');
INSERT INTO `mcc_banner_image` VALUES ('159', '8', '', 'catalog/demo/brand_4.png', '0');
INSERT INTO `mcc_banner_image` VALUES ('160', '8', '', 'catalog/demo/brand_1.png', '0');
INSERT INTO `mcc_banner_image` VALUES ('161', '8', '', 'catalog/demo/brand_3.png', '0');
INSERT INTO `mcc_banner_image` VALUES ('171', '7', '', 'catalog/test.jpg', '0');
INSERT INTO `mcc_banner_image` VALUES ('170', '7', '', 'catalog/login-bg.jpg', '0');

-- ----------------------------
-- Table structure for mcc_banner_image_description
-- ----------------------------
DROP TABLE IF EXISTS `mcc_banner_image_description`;
CREATE TABLE `mcc_banner_image_description` (
  `banner_image_id` int(11) NOT NULL,
  `language_id` int(11) NOT NULL,
  `banner_id` int(11) NOT NULL,
  `title` varchar(64) NOT NULL,
  PRIMARY KEY (`banner_image_id`,`language_id`)
) ENGINE=MyISAM DEFAULT CHARSET=utf8;

-- ----------------------------
-- Records of mcc_banner_image_description
-- ----------------------------
INSERT INTO `mcc_banner_image_description` VALUES ('128', '3', '6', '惠普广告');
INSERT INTO `mcc_banner_image_description` VALUES ('160', '3', '8', 'Starbucks');
INSERT INTO `mcc_banner_image_description` VALUES ('160', '2', '8', 'Starbucks');
INSERT INTO `mcc_banner_image_description` VALUES ('160', '1', '8', 'Starbucks');
INSERT INTO `mcc_banner_image_description` VALUES ('159', '3', '8', 'Harley Davidson');
INSERT INTO `mcc_banner_image_description` VALUES ('159', '2', '8', 'Harley Davidson');
INSERT INTO `mcc_banner_image_description` VALUES ('128', '2', '6', '惠普广告');
INSERT INTO `mcc_banner_image_description` VALUES ('159', '1', '8', 'Harley Davidson');
INSERT INTO `mcc_banner_image_description` VALUES ('158', '3', '8', 'Dell');
INSERT INTO `mcc_banner_image_description` VALUES ('158', '2', '8', 'Dell');
INSERT INTO `mcc_banner_image_description` VALUES ('158', '1', '8', 'Dell');
INSERT INTO `mcc_banner_image_description` VALUES ('157', '3', '8', 'Burger King');
INSERT INTO `mcc_banner_image_description` VALUES ('128', '1', '6', '惠普广告');
INSERT INTO `mcc_banner_image_description` VALUES ('157', '2', '8', 'Burger King');
INSERT INTO `mcc_banner_image_description` VALUES ('157', '1', '8', 'Burger King');
INSERT INTO `mcc_banner_image_description` VALUES ('156', '3', '8', 'Canon');
INSERT INTO `mcc_banner_image_description` VALUES ('156', '2', '8', 'Canon');
INSERT INTO `mcc_banner_image_description` VALUES ('156', '1', '8', 'Canon');
INSERT INTO `mcc_banner_image_description` VALUES ('155', '3', '8', 'Coca Cola');
INSERT INTO `mcc_banner_image_description` VALUES ('155', '2', '8', 'Coca Cola');
INSERT INTO `mcc_banner_image_description` VALUES ('155', '1', '8', 'Coca Cola');
INSERT INTO `mcc_banner_image_description` VALUES ('154', '3', '8', 'Sony');
INSERT INTO `mcc_banner_image_description` VALUES ('154', '2', '8', 'Sony');
INSERT INTO `mcc_banner_image_description` VALUES ('154', '1', '8', 'Sony');
INSERT INTO `mcc_banner_image_description` VALUES ('153', '3', '8', 'RedBull');
INSERT INTO `mcc_banner_image_description` VALUES ('153', '2', '8', 'RedBull');
INSERT INTO `mcc_banner_image_description` VALUES ('153', '1', '8', 'RedBull');
INSERT INTO `mcc_banner_image_description` VALUES ('152', '3', '8', 'NFL');
INSERT INTO `mcc_banner_image_description` VALUES ('152', '2', '8', 'NFL');
INSERT INTO `mcc_banner_image_description` VALUES ('152', '1', '8', 'NFL');
INSERT INTO `mcc_banner_image_description` VALUES ('151', '3', '8', 'Disney');
INSERT INTO `mcc_banner_image_description` VALUES ('151', '2', '8', 'Disney');
INSERT INTO `mcc_banner_image_description` VALUES ('151', '1', '8', 'Disney');
INSERT INTO `mcc_banner_image_description` VALUES ('161', '1', '8', 'Nintendo');
INSERT INTO `mcc_banner_image_description` VALUES ('161', '2', '8', 'Nintendo');
INSERT INTO `mcc_banner_image_description` VALUES ('161', '3', '8', 'Nintendo');
INSERT INTO `mcc_banner_image_description` VALUES ('171', '1', '7', '102');
INSERT INTO `mcc_banner_image_description` VALUES ('170', '1', '7', '121');

-- ----------------------------
-- Table structure for mcc_blog
-- ----------------------------
DROP TABLE IF EXISTS `mcc_blog`;
CREATE TABLE `mcc_blog` (
  `blog_id` int(11) NOT NULL AUTO_INCREMENT,
  `blog_category_id` int(11) NOT NULL,
  `created` date NOT NULL,
  `status` tinyint(1) NOT NULL,
  `user_id` int(11) NOT NULL,
  `hits` int(11) NOT NULL,
  `image` varchar(255) NOT NULL,
  `video_code` text NOT NULL,
  `featured` tinyint(1) NOT NULL,
  `keyword` varchar(255) NOT NULL,
  `sort_order` tinyint(4) NOT NULL,
  `date_added` datetime NOT NULL,
  `date_modified` datetime NOT NULL,
  PRIMARY KEY (`blog_id`)
) ENGINE=MyISAM AUTO_INCREMENT=16 DEFAULT CHARSET=utf8;

-- ----------------------------
-- Records of mcc_blog
-- ----------------------------
INSERT INTO `mcc_blog` VALUES ('1', '0', '2016-01-15', '1', '1', '22', 'catalog/demo/blog/blog-1.jpg', '0', '0', '', '1', '2016-01-13 21:25:09', '2016-03-13 14:59:00');
INSERT INTO `mcc_blog` VALUES ('2', '0', '2016-01-13', '1', '1', '59', 'catalog/demo/blog/blog-2.jpg', '', '0', '', '2', '2016-01-14 09:36:37', '2016-03-13 16:26:25');
INSERT INTO `mcc_blog` VALUES ('3', '0', '2016-01-17', '1', '1', '13', 'catalog/demo/blog/blog-3.jpg', '', '0', '', '1', '2016-01-19 14:00:48', '2016-03-13 16:29:40');
INSERT INTO `mcc_blog` VALUES ('4', '0', '2016-01-18', '1', '1', '6', 'catalog/demo/blog/blog-4.png', '', '0', '', '1', '2016-01-19 14:01:28', '2016-03-13 16:30:30');
INSERT INTO `mcc_blog` VALUES ('5', '0', '2016-01-14', '1', '1', '0', 'catalog/demo/blog/blog-5.jpg', '', '0', '', '1', '2016-01-19 14:02:13', '2016-03-13 16:29:59');
INSERT INTO `mcc_blog` VALUES ('6', '0', '2016-03-13', '1', '1', '0', 'catalog/demo/blog/blog-6.jpg', '', '0', '', '1', '2016-03-13 15:31:33', '2016-03-13 16:29:10');
INSERT INTO `mcc_blog` VALUES ('7', '0', '2016-03-13', '1', '1', '0', 'catalog/demo/blog/blog-7.jpg', '', '0', '', '1', '2016-03-13 15:34:49', '2016-03-13 16:28:08');
INSERT INTO `mcc_blog` VALUES ('8', '0', '2016-03-13', '1', '1', '0', 'catalog/demo/blog/blog-8.jpg', '', '0', '', '1', '2016-03-13 15:42:11', '2016-03-13 16:28:23');
INSERT INTO `mcc_blog` VALUES ('9', '0', '2016-03-13', '1', '1', '0', 'catalog/demo/blog/blog-9.jpeg', '', '0', '', '1', '2016-03-13 15:45:35', '2016-03-13 16:30:13');
INSERT INTO `mcc_blog` VALUES ('10', '0', '2016-03-13', '1', '1', '0', 'catalog/demo/blog/blog-10.jpg', '', '0', '', '1', '2016-03-13 15:47:42', '2016-03-13 16:27:53');
INSERT INTO `mcc_blog` VALUES ('11', '0', '2016-03-13', '1', '1', '0', 'catalog/demo/blog/blog-11.jpg', '', '0', '', '1', '2016-03-13 15:50:51', '2016-03-13 16:28:55');
INSERT INTO `mcc_blog` VALUES ('12', '0', '2016-03-13', '1', '1', '0', 'catalog/demo/blog/blog-12.jpg', '', '0', '', '1', '2016-03-13 15:56:30', '2016-03-13 16:27:38');
INSERT INTO `mcc_blog` VALUES ('13', '0', '2016-03-13', '1', '1', '0', 'catalog/demo/blog/blog-13.jpg', '', '0', '', '1', '2016-03-13 16:02:28', '2016-03-13 16:29:23');
INSERT INTO `mcc_blog` VALUES ('14', '0', '2016-03-13', '1', '1', '0', 'catalog/demo/blog/blog-14.jpg', '', '0', '', '1', '2016-03-13 16:06:05', '2016-03-13 16:28:42');
INSERT INTO `mcc_blog` VALUES ('15', '0', '2016-03-13', '1', '1', '0', 'catalog/demo/blog/blog-15.jpg', '', '0', '', '1', '2016-03-13 16:08:21', '2016-03-13 16:27:26');

-- ----------------------------
-- Table structure for mcc_blog_category
-- ----------------------------
DROP TABLE IF EXISTS `mcc_blog_category`;
CREATE TABLE `mcc_blog_category` (
  `blog_category_id` int(11) unsigned NOT NULL AUTO_INCREMENT,
  `image` varchar(255) NOT NULL DEFAULT '',
  `parent_id` int(11) NOT NULL DEFAULT '0',
  `is_group` smallint(6) NOT NULL DEFAULT '2',
  `width` varchar(255) DEFAULT NULL,
  `submenu_width` varchar(255) DEFAULT NULL,
  `colum_width` varchar(255) DEFAULT NULL,
  `submenu_colum_width` varchar(255) DEFAULT NULL,
  `item` varchar(255) DEFAULT NULL,
  `colums` varchar(255) DEFAULT '1',
  `type` varchar(255) NOT NULL,
  `is_content` smallint(6) NOT NULL DEFAULT '2',
  `show_title` smallint(6) NOT NULL DEFAULT '1',
  `level_depth` smallint(6) NOT NULL DEFAULT '0',
  `published` smallint(6) NOT NULL DEFAULT '1',
  `store_id` smallint(5) unsigned NOT NULL DEFAULT '0',
  `position` int(11) unsigned NOT NULL DEFAULT '0',
  `show_sub` smallint(6) NOT NULL DEFAULT '0',
  `url` varchar(255) DEFAULT NULL,
  `target` varchar(25) DEFAULT NULL,
  `privacy` smallint(5) unsigned NOT NULL DEFAULT '0',
  `position_type` varchar(25) DEFAULT 'top',
  `menu_class` varchar(25) DEFAULT NULL,
  `left` int(11) NOT NULL,
  `right` int(11) NOT NULL,
  `keyword` varchar(255) NOT NULL,
  `sort_order` tinyint(4) NOT NULL,
  `status` tinyint(1) NOT NULL,
  `date_added` datetime NOT NULL,
  `date_modified` datetime NOT NULL,
  PRIMARY KEY (`blog_category_id`)
) ENGINE=MyISAM AUTO_INCREMENT=8 DEFAULT CHARSET=utf8;

-- ----------------------------
-- Records of mcc_blog_category
-- ----------------------------
INSERT INTO `mcc_blog_category` VALUES ('1', '', '0', '2', null, null, null, null, null, '1', '', '2', '1', '0', '1', '0', '0', '0', null, null, '0', 'top', null, '0', '0', '', '0', '1', '2016-01-13 21:18:53', '2016-01-13 21:18:53');
INSERT INTO `mcc_blog_category` VALUES ('2', '', '0', '2', null, null, null, null, null, '1', '', '2', '1', '0', '1', '0', '0', '0', null, null, '0', 'top', null, '0', '0', '', '2', '1', '2016-01-21 11:30:13', '2016-03-11 11:13:20');
INSERT INTO `mcc_blog_category` VALUES ('3', '', '2', '2', null, null, null, null, null, '1', '', '2', '1', '0', '1', '0', '0', '0', null, null, '0', 'top', null, '0', '0', '', '0', '1', '2016-01-21 11:30:53', '2016-01-21 11:30:53');
INSERT INTO `mcc_blog_category` VALUES ('4', '', '3', '2', null, null, null, null, null, '1', '', '2', '1', '0', '1', '0', '0', '0', null, null, '0', 'top', null, '0', '0', '', '0', '1', '2016-01-21 11:31:35', '2016-01-21 11:31:35');
INSERT INTO `mcc_blog_category` VALUES ('5', '', '1', '2', null, null, null, null, null, '1', '', '2', '1', '0', '1', '0', '0', '0', null, null, '0', 'top', null, '0', '0', '', '0', '1', '2016-01-21 11:32:22', '2016-01-21 11:32:22');
INSERT INTO `mcc_blog_category` VALUES ('6', '', '0', '2', null, null, null, null, null, '1', '', '2', '1', '0', '1', '0', '0', '0', null, null, '0', 'top', null, '0', '0', '', '0', '1', '2016-01-21 11:33:00', '2016-01-21 11:33:00');

-- ----------------------------
-- Table structure for mcc_blog_category_description
-- ----------------------------
DROP TABLE IF EXISTS `mcc_blog_category_description`;
CREATE TABLE `mcc_blog_category_description` (
  `blog_category_id` int(11) NOT NULL,
  `language_id` int(11) NOT NULL,
  `name` varchar(255) NOT NULL,
  `description` text NOT NULL,
  `meta_title` varchar(255) NOT NULL,
  `meta_keyword` varchar(255) NOT NULL,
  `meta_description` text NOT NULL,
  PRIMARY KEY (`blog_category_id`,`language_id`),
  KEY `name` (`name`) USING BTREE
) ENGINE=MyISAM DEFAULT CHARSET=utf8;

-- ----------------------------
-- Records of mcc_blog_category_description
-- ----------------------------
INSERT INTO `mcc_blog_category_description` VALUES ('1', '1', '博客分类一', '&lt;p&gt;博客分类一&lt;br&gt;&lt;/p&gt;', '博客分类一', '博客分类一', '博客分类一');
INSERT INTO `mcc_blog_category_description` VALUES ('1', '2', '博客分类一', '&lt;p&gt;博客分类一&lt;br&gt;&lt;/p&gt;', '博客分类一', '博客分类一', '博客分类一');
INSERT INTO `mcc_blog_category_description` VALUES ('1', '3', '博客分类一', '&lt;p&gt;博客分类一&lt;br&gt;&lt;/p&gt;', '博客分类一', '博客分类一', '博客分类一');
INSERT INTO `mcc_blog_category_description` VALUES ('2', '3', '博客分类二', '&lt;p&gt;博客分类二&lt;br&gt;&lt;/p&gt;', '博客分类二', '博客分类二', '博客分类二');
INSERT INTO `mcc_blog_category_description` VALUES ('2', '2', '博客分类二', '&lt;p&gt;博客分类二&lt;br&gt;&lt;/p&gt;', '博客分类二', '博客分类二', '博客分类二');
INSERT INTO `mcc_blog_category_description` VALUES ('2', '1', '博客分类二', '&lt;p&gt;博客分类二&lt;br&gt;&lt;/p&gt;', '博客分类二', '博客分类二', '博客分类二');
INSERT INTO `mcc_blog_category_description` VALUES ('3', '1', '水果', '&lt;p&gt;水果&lt;br&gt;&lt;/p&gt;', '水果', '水果', '水果');
INSERT INTO `mcc_blog_category_description` VALUES ('3', '2', '水果', '&lt;p&gt;水果&lt;br&gt;&lt;/p&gt;', '水果', '水果', '水果');
INSERT INTO `mcc_blog_category_description` VALUES ('3', '3', '水果', '&lt;p&gt;水果&lt;br&gt;&lt;/p&gt;', '水果', '水果', '水果');
INSERT INTO `mcc_blog_category_description` VALUES ('4', '1', '苹果', '&lt;p&gt;苹果&lt;br&gt;&lt;/p&gt;', '苹果', '苹果', '苹果');
INSERT INTO `mcc_blog_category_description` VALUES ('4', '2', '苹果', '&lt;p&gt;苹果&lt;br&gt;&lt;/p&gt;', '苹果', '苹果', '苹果');
INSERT INTO `mcc_blog_category_description` VALUES ('4', '3', '苹果', '&lt;p&gt;苹果&lt;br&gt;&lt;/p&gt;', '苹果', '苹果', '苹果');
INSERT INTO `mcc_blog_category_description` VALUES ('5', '1', '鲜花', '&lt;p&gt;鲜花&lt;br&gt;&lt;/p&gt;', '鲜花', '鲜花', '鲜花');
INSERT INTO `mcc_blog_category_description` VALUES ('5', '2', '鲜花', '&lt;p&gt;鲜花&lt;br&gt;&lt;/p&gt;', '鲜花', '鲜花', '鲜花');
INSERT INTO `mcc_blog_category_description` VALUES ('5', '3', '鲜花', '&lt;p&gt;鲜花&lt;br&gt;&lt;/p&gt;', '鲜花', '鲜花', '鲜花');
INSERT INTO `mcc_blog_category_description` VALUES ('6', '1', '博客分类三', '&lt;p&gt;博客分类三&lt;br&gt;&lt;/p&gt;', '博客分类三', '博客分类三', '博客分类三');
INSERT INTO `mcc_blog_category_description` VALUES ('6', '2', '博客分类三', '&lt;p&gt;博客分类三&lt;br&gt;&lt;/p&gt;', '博客分类三', '博客分类三', '博客分类三');
INSERT INTO `mcc_blog_category_description` VALUES ('6', '3', '博客分类三', '&lt;p&gt;博客分类三&lt;br&gt;&lt;/p&gt;', '博客分类三', '博客分类三', '博客分类三');

-- ----------------------------
-- Table structure for mcc_blog_category_path
-- ----------------------------
DROP TABLE IF EXISTS `mcc_blog_category_path`;
CREATE TABLE `mcc_blog_category_path` (
  `blog_category_id` int(11) NOT NULL,
  `path_id` int(11) NOT NULL,
  `level` int(11) NOT NULL,
  PRIMARY KEY (`blog_category_id`,`path_id`)
) ENGINE=MyISAM DEFAULT CHARSET=utf8;

-- ----------------------------
-- Records of mcc_blog_category_path
-- ----------------------------
INSERT INTO `mcc_blog_category_path` VALUES ('1', '1', '0');
INSERT INTO `mcc_blog_category_path` VALUES ('2', '2', '0');
INSERT INTO `mcc_blog_category_path` VALUES ('3', '2', '0');
INSERT INTO `mcc_blog_category_path` VALUES ('3', '3', '1');
INSERT INTO `mcc_blog_category_path` VALUES ('4', '2', '0');
INSERT INTO `mcc_blog_category_path` VALUES ('4', '3', '1');
INSERT INTO `mcc_blog_category_path` VALUES ('4', '4', '2');
INSERT INTO `mcc_blog_category_path` VALUES ('5', '1', '0');
INSERT INTO `mcc_blog_category_path` VALUES ('5', '5', '1');
INSERT INTO `mcc_blog_category_path` VALUES ('6', '6', '0');

-- ----------------------------
-- Table structure for mcc_blog_category_to_layout
-- ----------------------------
DROP TABLE IF EXISTS `mcc_blog_category_to_layout`;
CREATE TABLE `mcc_blog_category_to_layout` (
  `blog_category_id` int(11) NOT NULL,
  `store_id` int(11) NOT NULL,
  `layout_id` int(11) NOT NULL,
  PRIMARY KEY (`blog_category_id`,`store_id`)
) ENGINE=MyISAM DEFAULT CHARSET=utf8;

-- ----------------------------
-- Records of mcc_blog_category_to_layout
-- ----------------------------
INSERT INTO `mcc_blog_category_to_layout` VALUES ('1', '0', '0');
INSERT INTO `mcc_blog_category_to_layout` VALUES ('2', '0', '0');
INSERT INTO `mcc_blog_category_to_layout` VALUES ('3', '0', '0');
INSERT INTO `mcc_blog_category_to_layout` VALUES ('4', '0', '0');
INSERT INTO `mcc_blog_category_to_layout` VALUES ('5', '0', '0');
INSERT INTO `mcc_blog_category_to_layout` VALUES ('6', '0', '0');

-- ----------------------------
-- Table structure for mcc_blog_category_to_store
-- ----------------------------
DROP TABLE IF EXISTS `mcc_blog_category_to_store`;
CREATE TABLE `mcc_blog_category_to_store` (
  `blog_category_id` int(11) NOT NULL,
  `store_id` int(11) NOT NULL,
  PRIMARY KEY (`blog_category_id`,`store_id`)
) ENGINE=MyISAM DEFAULT CHARSET=utf8;

-- ----------------------------
-- Records of mcc_blog_category_to_store
-- ----------------------------
INSERT INTO `mcc_blog_category_to_store` VALUES ('1', '0');
INSERT INTO `mcc_blog_category_to_store` VALUES ('2', '0');
INSERT INTO `mcc_blog_category_to_store` VALUES ('3', '0');
INSERT INTO `mcc_blog_category_to_store` VALUES ('4', '0');
INSERT INTO `mcc_blog_category_to_store` VALUES ('5', '0');
INSERT INTO `mcc_blog_category_to_store` VALUES ('6', '0');

-- ----------------------------
-- Table structure for mcc_blog_comment
-- ----------------------------
DROP TABLE IF EXISTS `mcc_blog_comment`;
CREATE TABLE `mcc_blog_comment` (
  `blog_comment_id` int(11) unsigned NOT NULL AUTO_INCREMENT,
  `blog_id` int(11) unsigned NOT NULL,
  `customer_id` int(11) NOT NULL,
  `author` varchar(255) NOT NULL,
  `text` text NOT NULL,
  `status` tinyint(1) NOT NULL DEFAULT '0',
  `email` varchar(255) NOT NULL,
  `date_added` datetime NOT NULL,
  `date_modified` datetime NOT NULL,
  PRIMARY KEY (`blog_comment_id`),
  KEY `FK_blog_comment` (`blog_id`) USING BTREE
) ENGINE=MyISAM AUTO_INCREMENT=22 DEFAULT CHARSET=utf8;

-- ----------------------------
-- Records of mcc_blog_comment
-- ----------------------------
INSERT INTO `mcc_blog_comment` VALUES ('4', '2', '0', 'yyy', 'hhhh', '1', '', '2016-01-27 09:02:37', '1970-01-01 00:00:01');
INSERT INTO `mcc_blog_comment` VALUES ('3', '2', '0', 'eeee', 'dddd', '1', '', '2016-01-27 09:00:23', '1970-01-01 00:00:01');
INSERT INTO `mcc_blog_comment` VALUES ('5', '2', '0', 'fff', 'ggg', '1', '', '2016-01-27 19:06:02', '1970-01-01 00:00:01');
INSERT INTO `mcc_blog_comment` VALUES ('6', '2', '0', 'aaa', 'bbb', '1', '', '2016-01-27 19:10:22', '1970-01-01 00:00:01');
INSERT INTO `mcc_blog_comment` VALUES ('7', '2', '0', 'sss', 'ddd', '1', '', '2016-01-27 19:10:37', '1970-01-01 00:00:01');
INSERT INTO `mcc_blog_comment` VALUES ('8', '2', '0', 'eee', 'rrr', '1', '', '2016-01-27 19:11:05', '1970-01-01 00:00:01');
INSERT INTO `mcc_blog_comment` VALUES ('9', '2', '0', 'iii', 'kkk', '1', '', '2016-01-27 19:11:22', '1970-01-01 00:00:01');
INSERT INTO `mcc_blog_comment` VALUES ('10', '2', '0', 'vvv', 'bbb', '1', '', '2016-01-27 19:11:37', '1970-01-01 00:00:01');
INSERT INTO `mcc_blog_comment` VALUES ('11', '2', '0', 'ggg', 'hhh', '1', '', '2016-01-27 19:11:50', '1970-01-01 00:00:01');
INSERT INTO `mcc_blog_comment` VALUES ('12', '2', '0', 'uuu', 'kkk', '1', '', '2016-01-27 19:11:57', '1970-01-01 00:00:01');
INSERT INTO `mcc_blog_comment` VALUES ('13', '2', '0', 'ooo', 'ppp', '1', '', '2016-01-27 19:12:10', '1970-01-01 00:00:01');
INSERT INTO `mcc_blog_comment` VALUES ('14', '2', '0', 'dfg', 'jhff', '1', '', '2016-01-27 19:12:17', '1970-01-01 00:00:01');
INSERT INTO `mcc_blog_comment` VALUES ('15', '2', '0', 'tytyt', 'fsdfsdfs', '1', '', '2016-01-27 19:12:22', '1970-01-01 00:00:01');
INSERT INTO `mcc_blog_comment` VALUES ('16', '2', '0', 'frfr', 'ffff', '1', '', '2016-01-27 19:15:46', '1970-01-01 00:00:01');
INSERT INTO `mcc_blog_comment` VALUES ('17', '1', '0', '測試ing', '測試評論內容', '1', '', '2016-02-09 20:17:23', '1970-01-01 00:00:01');
INSERT INTO `mcc_blog_comment` VALUES ('18', '1', '0', 'testone', 'tesing now', '1', '', '2016-02-09 20:17:53', '1970-01-01 00:00:01');
INSERT INTO `mcc_blog_comment` VALUES ('19', '2', '0', 'tesdfdfd', 'dsfsdfsfsd', '1', '', '2016-02-13 14:17:50', '1970-01-01 00:00:01');
INSERT INTO `mcc_blog_comment` VALUES ('20', '1', '0', 'testtwo', 'testing ok ', '1', '', '2016-02-13 14:51:27', '1970-01-01 00:00:01');
INSERT INTO `mcc_blog_comment` VALUES ('21', '1', '0', 'testing yang', 'testing now', '1', '', '2016-03-13 16:32:38', '1970-01-01 00:00:01');

-- ----------------------------
-- Table structure for mcc_blog_description
-- ----------------------------
DROP TABLE IF EXISTS `mcc_blog_description`;
CREATE TABLE `mcc_blog_description` (
  `blog_id` int(11) NOT NULL,
  `language_id` int(11) NOT NULL,
  `title` varchar(255) NOT NULL,
  `brief` text NOT NULL,
  `description` text NOT NULL,
  `meta_title` varchar(255) NOT NULL,
  `meta_keyword` varchar(255) NOT NULL,
  `meta_description` varchar(255) NOT NULL,
  `tag` text NOT NULL
) ENGINE=MyISAM DEFAULT CHARSET=utf8;

-- ----------------------------
-- Records of mcc_blog_description
-- ----------------------------
INSERT INTO `mcc_blog_description` VALUES ('1', '2', '神在每一时刻、与每一个人说话', '我跟每个人说话，一向就是如此。问题不是在我跟谁说，而是谁在听？就拿基督为例，为什么有一些人，仿佛比别的人更能听到神的讯息？那因为有些人愿意真正倾听。他们愿意听，纵使当讯息看起来似乎是可怕，或疯狂，或根本就错误时，他们仍愿对这样的通讯保持开放的心态。 除非你不再告诉我你的真理，否则我无法告诉你我的真理。所有的人都是特别的，而所有的片刻也都珍贵如黄金。并没有哪一个人或哪一个时刻比其他的更特别。', '&lt;p&gt;我跟每个人说话，一向就是如此。问题不是在我跟谁说，而是谁在听？就拿基督为例，为什么有一些人，仿佛比别的人更能听到神的讯息？那因为有些人愿意真正倾听。他们愿意听，纵使当讯息看起来似乎是可怕，或疯狂，或根本就错误时，他们仍愿对这样的通讯保持开放的心态。 除非你不再告诉我你的真理，否则我无法告诉你我的真理。所有的人都是特别的，而所有的片刻也都珍贵如黄金。并没有哪一个人或哪一个时刻比其他的更特别。&lt;br&gt;&lt;br&gt;让我们以沟通这个字来取代说话这个字。沟通是个好得多、充实得多、正确得多的字眼。我邀请你来参加与神的一种新型的沟通。一个双向沟通。事实上，是你邀请了我。我最常用的沟通方式是透过感受（又译为“感觉”）。感受是灵魂的语言。我也以思维来沟通。我最强而有力的讯息是体验，但这个你们也忽略了。你们尤其是忽略了这个。而最后，如果感受、思维及体验全都失效时，我才用语言。它们最容易招致错误的诠释，最容易被误解。然而，最大的讽刺是，你们全都将神的话语视为如此重要，反而轻视体验。倾听你的感受。倾听你最高的思维。倾听你的体验。一旦有任何与你的老师们告诉你的，或与你在书里读到的话不同时，就忘掉那些话。话语是最不可靠的真理供应商。&lt;/p&gt;', 'MyCnCart - 神在每一时刻、与每一个人说话', 'MyCnCart - 神在每一时刻、与每一个人说话', 'MyCnCart - 神在每一时刻、与每一个人说话', '1,2,3');
INSERT INTO `mcc_blog_description` VALUES ('1', '1', '神在每一时刻、与每一个人说话', '我跟每个人说话，一向就是如此。问题不是在我跟谁说，而是谁在听？就拿基督为例，为什么有一些人，仿佛比别的人更能听到神的讯息？那因为有些人愿意真正倾听。他们愿意听，纵使当讯息看起来似乎是可怕，或疯狂，或根本就错误时，他们仍愿对这样的通讯保持开放的心态。 除非你不再告诉我你的真理，否则我无法告诉你我的真理。所有的人都是特别的，而所有的片刻也都珍贵如黄金。并没有哪一个人或哪一个时刻比其他的更特别。', '&lt;p&gt;我跟每个人说话，一向就是如此。问题不是在我跟谁说，而是谁在听？就拿基督为例，为什么有一些人，仿佛比别的人更能听到神的讯息？那因为有些人愿意真正倾听。他们愿意听，纵使当讯息看起来似乎是可怕，或疯狂，或根本就错误时，他们仍愿对这样的通讯保持开放的心态。 除非你不再告诉我你的真理，否则我无法告诉你我的真理。所有的人都是特别的，而所有的片刻也都珍贵如黄金。并没有哪一个人或哪一个时刻比其他的更特别。&lt;br&gt;&lt;br&gt;让我们以沟通这个字来取代说话这个字。沟通是个好得多、充实得多、正确得多的字眼。我邀请你来参加与神的一种新型的沟通。一个双向沟通。事实上，是你邀请了我。我最常用的沟通方式是透过感受（又译为“感觉”）。感受是灵魂的语言。我也以思维来沟通。我最强而有力的讯息是体验，但这个你们也忽略了。你们尤其是忽略了这个。而最后，如果感受、思维及体验全都失效时，我才用语言。它们最容易招致错误的诠释，最容易被误解。然而，最大的讽刺是，你们全都将神的话语视为如此重要，反而轻视体验。倾听你的感受。倾听你最高的思维。倾听你的体验。一旦有任何与你的老师们告诉你的，或与你在书里读到的话不同时，就忘掉那些话。话语是最不可靠的真理供应商。&lt;/p&gt;', 'MyCnCart - 神在每一时刻、与每一个人说话', 'MyCnCart - 神在每一时刻、与每一个人说话', 'MyCnCart - 神在每一时刻、与每一个人说话', '1,2,3');
INSERT INTO `mcc_blog_description` VALUES ('2', '2', '你对自己的意愿也即是神对你的意愿，每件事都是神圣的存在', '在神的眼里，每件事都“可以接受”。它们是生命，而生命就是礼物；无法形容的宝藏；神圣中的神圣。每件事背后都有一个神圣的目的――因而在每个东西里都有一个神圣的存在。我即生命，因为我是生命所是。其每个面向都有一个神圣的目的。', '&lt;p&gt;神以神的肖像创造了你们。透过神给你们的力量，你们又创造了其余的。神创造了如你们所知的生命过程和生命本身。但是神也给了你们自由选择权，你们可\r\n以随心所欲的去过生活。以这种说法来看，你对自己的意愿也即是神对你的意愿。你就以你自己的方式过你的人生，我在这件事上并没有什么偏好。&lt;/p&gt;&lt;p&gt;&lt;br&gt;&lt;/p&gt;&lt;p&gt;神\r\n的计划，是让你们去创造任何东西――每样东西――不论你们想要的是什么东西。在这种自由里，存在着神之为神的体验――而就是为了这个体验，我才创造你们，\r\n以及生命本身。（神赋予了人选择的自由、创造的自由，人的自由选择、创造，就是一种上帝的状态。）我什么都不轻视。神在悲伤和欢笑里，在苦与甜里。&lt;/p&gt;&lt;p&gt;&lt;br&gt;&lt;/p&gt;&lt;p&gt;在神的眼里，每件事都“可以接受”。它们是生命，而生命就是礼物；无法形容的宝藏；神圣中的神圣。每件事背后都有一个神圣的目的――因而在每个东西里都有一个神圣的存在。我即生命，因为我是生命所是。其每个面向都有一个神圣的目的。&lt;/p&gt;&lt;p&gt;&lt;br&gt;&lt;/p&gt;', 'MyCnCart - 你对自己的意愿也即是神对你的意愿，每件事都是神圣的存在', 'MyCnCart - 你对自己的意愿也即是神对你的意愿，每件事都是神圣的存在', 'MyCnCart - 你对自己的意愿也即是神对你的意愿，每件事都是神圣的存在', '2,3,4');
INSERT INTO `mcc_blog_description` VALUES ('2', '3', '你对自己的意愿也即是神对你的意愿，每件事都是神圣的存在', '在神的眼里，每件事都“可以接受”。它们是生命，而生命就是礼物；无法形容的宝藏；神圣中的神圣。每件事背后都有一个神圣的目的――因而在每个东西里都有一个神圣的存在。我即生命，因为我是生命所是。其每个面向都有一个神圣的目的。', '&lt;p&gt;神以神的肖像创造了你们。透过神给你们的力量，你们又创造了其余的。神创造了如你们所知的生命过程和生命本身。但是神也给了你们自由选择权，你们可\r\n以随心所欲的去过生活。以这种说法来看，你对自己的意愿也即是神对你的意愿。你就以你自己的方式过你的人生，我在这件事上并没有什么偏好。&lt;/p&gt;&lt;p&gt;&lt;br&gt;&lt;/p&gt;&lt;p&gt;神\r\n的计划，是让你们去创造任何东西――每样东西――不论你们想要的是什么东西。在这种自由里，存在着神之为神的体验――而就是为了这个体验，我才创造你们，\r\n以及生命本身。（神赋予了人选择的自由、创造的自由，人的自由选择、创造，就是一种上帝的状态。）我什么都不轻视。神在悲伤和欢笑里，在苦与甜里。&lt;/p&gt;&lt;p&gt;&lt;br&gt;&lt;/p&gt;&lt;p&gt;在神的眼里，每件事都“可以接受”。它们是生命，而生命就是礼物；无法形容的宝藏；神圣中的神圣。每件事背后都有一个神圣的目的――因而在每个东西里都有一个神圣的存在。我即生命，因为我是生命所是。其每个面向都有一个神圣的目的。&lt;/p&gt;&lt;p&gt;&lt;br&gt;&lt;/p&gt;', 'MyCnCart - 你对自己的意愿也即是神对你的意愿，每件事都是神圣的存在', 'MyCnCart - 你对自己的意愿也即是神对你的意愿，每件事都是神圣的存在', 'MyCnCart - 你对自己的意愿也即是神对你的意愿，每件事都是神圣的存在', '2,3,4');
INSERT INTO `mcc_blog_description` VALUES ('3', '2', '生命并非一个发现的过程，而是一个创造的过程', '你们会在这儿，为的是忆起，并且重新创造你是谁。', '&lt;p&gt;生命只有一个目的，那就是让你和所有活着的东西体验最完满的荣耀。这个目的的神奇是在于它是永无结束的。一个结束是一个局限，而神的目的没有这样的\r\n界限。一个最深的秘密就是：生命并非一个发现的过程，而是一个创造的过程。你并不是在发现你自己，而是在重新创造你自己。所以，不（仅）要去弄清你是谁，\r\n而（更）要去确定你想成为谁。&lt;/p&gt;&lt;p&gt;你们会在这儿，为的是忆起，并且重新创造你是谁。&lt;/p&gt;&lt;p&gt;&lt;br&gt;&lt;/p&gt;', 'MyCnCart - 生命并非一个发现的过程，而是一个创造的过程', 'MyCnCart - 生命并非一个发现的过程，而是一个创造的过程', 'MyCnCart - 生命并非一个发现的过程，而是一个创造的过程', '3,4,5');
INSERT INTO `mcc_blog_description` VALUES ('3', '3', '生命并非一个发现的过程，而是一个创造的过程', '你们会在这儿，为的是忆起，并且重新创造你是谁。', '&lt;p&gt;生命只有一个目的，那就是让你和所有活着的东西体验最完满的荣耀。这个目的的神奇是在于它是永无结束的。一个结束是一个局限，而神的目的没有这样的\r\n界限。一个最深的秘密就是：生命并非一个发现的过程，而是一个创造的过程。你并不是在发现你自己，而是在重新创造你自己。所以，不（仅）要去弄清你是谁，\r\n而（更）要去确定你想成为谁。&lt;/p&gt;&lt;p&gt;你们会在这儿，为的是忆起，并且重新创造你是谁。&lt;/p&gt;&lt;p&gt;&lt;br&gt;&lt;/p&gt;&lt;p&gt;&lt;br&gt;&lt;/p&gt;&lt;p&gt;&lt;br&gt;&lt;/p&gt;', 'MyCnCart - 生命并非一个发现的过程，而是一个创造的过程', 'MyCnCart - 生命并非一个发现的过程，而是一个创造的过程', 'MyCnCart - 生命并非一个发现的过程，而是一个创造的过程', '3,4,5');
INSERT INTO `mcc_blog_description` VALUES ('4', '3', '神创造了相对性，你藉由你不是的东西来界定你自己是什么', '就最终的逻辑而言，就是除非你面对了你不是的东西，否则你无法经验自己以为你是的东西。这乃是相对论及所有具体生命的目的。你得藉由你不是的东西来界定你自己是什么。', '&lt;p&gt;我是一切东西（All Things）――可见与不可见的。一切万有（All That Is）无法认识他自己――因为一切万有是所有的一切，而没有任何其他的东西。因此，一切万有……是不在的。（于是，为了认识自己，）神创造了相对性――是神给他自己的最大礼物。因此，关系就是神给你们的最大礼物，这主题后面会再详加讨论。我创造你们――我的心灵儿女――的目的，是为了要体认我自己为神。除了经由你们，我没有其他办法做到这一点。所以可以说（并且也已说过许多次）我要你们做到的是：你们该体认到自己为我。这看似如此令人惊异的简单，然而却变得非常复杂――因为你们只有一个方法得以体认你们自己为我――那就是，首先，你们要先体认自己不是我。就最终的逻辑而言，就是除非你面对了你不是的东西，否则你无法经验自己以为你是的东西。这乃是相对论及所有具体生命的目的。你得藉由你不是的东西来界定你自己是什么。&lt;/p&gt;', 'MyCnCart  - 神创造了相对性，你藉由你不是的东西来界定你自己是什么', 'MyCnCart  - 神创造了相对性，你藉由你不是的东西来界定你自己是什么', 'MyCnCart  - 神创造了相对性，你藉由你不是的东西来界定你自己是什么', '4,5,6');
INSERT INTO `mcc_blog_description` VALUES ('1', '3', '神在每一时刻、与每一个人说话', '我跟每个人说话，一向就是如此。问题不是在我跟谁说，而是谁在听？就拿基督为例，为什么有一些人，仿佛比别的人更能听到神的讯息？那因为有些人愿意真正倾听。他们愿意听，纵使当讯息看起来似乎是可怕，或疯狂，或根本就错误时，他们仍愿对这样的通讯保持开放的心态。 除非你不再告诉我你的真理，否则我无法告诉你我的真理。所有的人都是特别的，而所有的片刻也都珍贵如黄金。并没有哪一个人或哪一个时刻比其他的更特别。', '&lt;p&gt;我跟每个人说话，一向就是如此。问题不是在我跟谁说，而是谁在听？就拿基督为例，为什么有一些人，仿佛比别的人更能听到神的讯息？那因为有些人愿意真正倾听。他们愿意听，纵使当讯息看起来似乎是可怕，或疯狂，或根本就错误时，他们仍愿对这样的通讯保持开放的心态。 除非你不再告诉我你的真理，否则我无法告诉你我的真理。所有的人都是特别的，而所有的片刻也都珍贵如黄金。并没有哪一个人或哪一个时刻比其他的更特别。&lt;br&gt;&lt;br&gt;让我们以沟通这个字来取代说话这个字。沟通是个好得多、充实得多、正确得多的字眼。我邀请你来参加与神的一种新型的沟通。一个双向沟通。事实上，是你邀请了我。我最常用的沟通方式是透过感受（又译为“感觉”）。感受是灵魂的语言。我也以思维来沟通。我最强而有力的讯息是体验，但这个你们也忽略了。你们尤其是忽略了这个。而最后，如果感受、思维及体验全都失效时，我才用语言。它们最容易招致错误的诠释，最容易被误解。然而，最大的讽刺是，你们全都将神的话语视为如此重要，反而轻视体验。倾听你的感受。倾听你最高的思维。倾听你的体验。一旦有任何与你的老师们告诉你的，或与你在书里读到的话不同时，就忘掉那些话。话语是最不可靠的真理供应商。&lt;/p&gt;', 'MyCnCart - 神在每一时刻、与每一个人说话', 'MyCnCart - 神在每一时刻、与每一个人说话', 'MyCnCart - 神在每一时刻、与每一个人说话', '1,2,3');
INSERT INTO `mcc_blog_description` VALUES ('2', '1', '你对自己的意愿也即是神对你的意愿，每件事都是神圣的存在', '在神的眼里，每件事都“可以接受”。它们是生命，而生命就是礼物；无法形容的宝藏；神圣中的神圣。每件事背后都有一个神圣的目的――因而在每个东西里都有一个神圣的存在。我即生命，因为我是生命所是。其每个面向都有一个神圣的目的。', '&lt;p&gt;神以神的肖像创造了你们。透过神给你们的力量，你们又创造了其余的。神创造了如你们所知的生命过程和生命本身。但是神也给了你们自由选择权，你们可\r\n以随心所欲的去过生活。以这种说法来看，你对自己的意愿也即是神对你的意愿。你就以你自己的方式过你的人生，我在这件事上并没有什么偏好。&lt;/p&gt;&lt;p&gt;&lt;br&gt;&lt;/p&gt;&lt;p&gt;神\r\n的计划，是让你们去创造任何东西――每样东西――不论你们想要的是什么东西。在这种自由里，存在着神之为神的体验――而就是为了这个体验，我才创造你们，\r\n以及生命本身。（神赋予了人选择的自由、创造的自由，人的自由选择、创造，就是一种上帝的状态。）我什么都不轻视。神在悲伤和欢笑里，在苦与甜里。&lt;/p&gt;&lt;p&gt;&lt;br&gt;&lt;/p&gt;&lt;p&gt;在神的眼里，每件事都“可以接受”。它们是生命，而生命就是礼物；无法形容的宝藏；神圣中的神圣。每件事背后都有一个神圣的目的――因而在每个东西里都有一个神圣的存在。我即生命，因为我是生命所是。其每个面向都有一个神圣的目的。&lt;/p&gt;&lt;p&gt;&lt;br&gt;&lt;/p&gt;', 'MyCnCart - 你对自己的意愿也即是神对你的意愿，每件事都是神圣的存在', 'MyCnCart - 你对自己的意愿也即是神对你的意愿，每件事都是神圣的存在', 'MyCnCart - 你对自己的意愿也即是神对你的意愿，每件事都是神圣的存在', '2,3,4');
INSERT INTO `mcc_blog_description` VALUES ('3', '1', '生命并非一个发现的过程，而是一个创造的过程', '你们会在这儿，为的是忆起，并且重新创造你是谁。', '&lt;p&gt;生命只有一个目的，那就是让你和所有活着的东西体验最完满的荣耀。这个目的的神奇是在于它是永无结束的。一个结束是一个局限，而神的目的没有这样的\r\n界限。一个最深的秘密就是：生命并非一个发现的过程，而是一个创造的过程。你并不是在发现你自己，而是在重新创造你自己。所以，不（仅）要去弄清你是谁，\r\n而（更）要去确定你想成为谁。&lt;/p&gt;&lt;p&gt;你们会在这儿，为的是忆起，并且重新创造你是谁。&lt;/p&gt;&lt;p&gt;&lt;br&gt;&lt;/p&gt;&lt;p&gt;&lt;br&gt;&lt;/p&gt;&lt;p&gt;&lt;br&gt;&lt;/p&gt;', 'MyCnCart - 生命并非一个发现的过程，而是一个创造的过程', 'MyCnCart - 生命并非一个发现的过程，而是一个创造的过程', 'MyCnCart - 生命并非一个发现的过程，而是一个创造的过程', '3,4,5');
INSERT INTO `mcc_blog_description` VALUES ('4', '2', '神创造了相对性，你藉由你不是的东西来界定你自己是什么', '就最终的逻辑而言，就是除非你面对了你不是的东西，否则你无法经验自己以为你是的东西。这乃是相对论及所有具体生命的目的。你得藉由你不是的东西来界定你自己是什么。', '&lt;p&gt;我是一切东西（All Things）――可见与不可见的。一切万有（All That Is）无法认识他自己――因为一切万有是所有的一切，而没有任何其他的东西。因此，一切万有……是不在的。（于是，为了认识自己，）神创造了相对性――是神给他自己的最大礼物。因此，关系就是神给你们的最大礼物，这主题后面会再详加讨论。我创造你们――我的心灵儿女――的目的，是为了要体认我自己为神。除了经由你们，我没有其他办法做到这一点。所以可以说（并且也已说过许多次）我要你们做到的是：你们该体认到自己为我。这看似如此令人惊异的简单，然而却变得非常复杂――因为你们只有一个方法得以体认你们自己为我――那就是，首先，你们要先体认自己不是我。就最终的逻辑而言，就是除非你面对了你不是的东西，否则你无法经验自己以为你是的东西。这乃是相对论及所有具体生命的目的。你得藉由你不是的东西来界定你自己是什么。&lt;/p&gt;', 'MyCnCart  - 神创造了相对性，你藉由你不是的东西来界定你自己是什么', 'MyCnCart  - 神创造了相对性，你藉由你不是的东西来界定你自己是什么', 'MyCnCart  - 神创造了相对性，你藉由你不是的东西来界定你自己是什么', '4,5,6');
INSERT INTO `mcc_blog_description` VALUES ('4', '1', '神创造了相对性，你藉由你不是的东西来界定你自己是什么', '就最终的逻辑而言，就是除非你面对了你不是的东西，否则你无法经验自己以为你是的东西。这乃是相对论及所有具体生命的目的。你得藉由你不是的东西来界定你自己是什么。', '&lt;p&gt;我是一切东西（All Things）――可见与不可见的。一切万有（All That Is）无法认识他自己――因为一切万有是所有的一切，而没有任何其他的东西。因此，一切万有……是不在的。（于是，为了认识自己，）神创造了相对性――是神给他自己的最大礼物。因此，关系就是神给你们的最大礼物，这主题后面会再详加讨论。我创造你们――我的心灵儿女――的目的，是为了要体认我自己为神。除了经由你们，我没有其他办法做到这一点。所以可以说（并且也已说过许多次）我要你们做到的是：你们该体认到自己为我。这看似如此令人惊异的简单，然而却变得非常复杂――因为你们只有一个方法得以体认你们自己为我――那就是，首先，你们要先体认自己不是我。就最终的逻辑而言，就是除非你面对了你不是的东西，否则你无法经验自己以为你是的东西。这乃是相对论及所有具体生命的目的。你得藉由你不是的东西来界定你自己是什么。&lt;/p&gt;', 'MyCnCart  - 神创造了相对性，你藉由你不是的东西来界定你自己是什么', 'MyCnCart  - 神创造了相对性，你藉由你不是的东西来界定你自己是什么', 'MyCnCart  - 神创造了相对性，你藉由你不是的东西来界定你自己是什么', '4,5,6');
INSERT INTO `mcc_blog_description` VALUES ('5', '3', '痛苦是错误思想的结果，是你自己创造了这经验', '地狱是你的选择、决定和创造所可能产生的最糟结果的经验。', '&lt;p&gt;你无法改变外在事件（因为那是你们许多人创造的，而你的意识还没成长到你能个别地改变集体创造出来的东西），所以你必须改变内在的经验。这是在生活\r\n中到达主控权之路。没有一件事其本身是痛苦的。痛苦是错误思想的结果。它是思维里的一个谬误。痛苦来自你对一件事的批判。去掉批判，痛苦便消失了。在神的\r\n世界里，没有什么“该”或“不该”。做你想做的事。但不要去批判，也不要去指责，因为你并不知道事情为何发生，也不知是为了什么目的。要祝福一切――因为\r\n一切都是神透过活生生的生命所创造的，而那就是最高的创造。&lt;/p&gt;&lt;p&gt;地狱是你的选择、决定和创造所可能产生的最糟结果的经验。它是否定我或对与我有\r\n关联的你之为谁说“不”的任何思维之自然后果。它是你因为错误的思想而遭受的痛苦。然而，即使“错误思想”这个词也是个误称，因为根本没有错的事。地狱是\r\n喜悦的反面。它是不圆满。它是知道你是谁和是什么，却无法去经验。它是逊于你的本质。那就是地狱，对你的灵魂而言，不可能有的更大痛苦。我告诉你，在死\r\n后，根本没有你们在以恐惧为基础的理论里所建构的那种经验。然而，灵魂有一种经验，会是很不快乐、很不完全、很不完整，而且让你远离神的最大喜悦，以致对\r\n你的灵魂而言会是地狱一般的。但我告诉你，不是我要送你去那儿，也不是我导致你有这经验。而是每当你以任何方式，将你自己与对你自己之最高想法分开时；每\r\n当你排斥你真的是谁或是什么时，是你，你自己，创造了这经验。&lt;/p&gt;&lt;p&gt;你们是你们自己的规则判定者，而你是唯一可评估你做的多好的人。你可以照你希\r\n望的去做而不必害怕报应。不过，事先觉知其后果对你却是有用的。后果只是后果。这些和报应或惩罚完全不同。那些在你看来象是惩罚的事――或你称之为邪恶或\r\n恶运的事――只不过是自然律在维护它自己而已。&lt;/p&gt;&lt;p&gt;&lt;br&gt;&lt;/p&gt;', 'MyCnCart  - 痛苦是错误思想的结果，是你自己创造了这经验', 'MyCnCart  - 痛苦是错误思想的结果，是你自己创造了这经验', 'MyCnCart  - 痛苦是错误思想的结果，是你自己创造了这经验', '');
INSERT INTO `mcc_blog_description` VALUES ('5', '1', '痛苦是错误思想的结果，是你自己创造了这经验', '地狱是你的选择、决定和创造所可能产生的最糟结果的经验。', '&lt;p&gt;你无法改变外在事件（因为那是你们许多人创造的，而你的意识还没成长到你能个别地改变集体创造出来的东西），所以你必须改变内在的经验。这是在生活中到达主控权之路。没有一件事其本身是痛苦的。痛苦是错误思想的结果。它是思维里的一个谬误。痛苦来自你对一件事的批判。去掉批判，痛苦便消失了。在神的世界里，没有什么“该”或“不该”。做你想做的事。但不要去批判，也不要去指责，因为你并不知道事情为何发生，也不知是为了什么目的。要祝福一切――因为一切都是神透过活生生的生命所创造的，而那就是最高的创造。&lt;/p&gt;&lt;p&gt;地狱是你的选择、决定和创造所可能产生的最糟结果的经验。它是否定我或对与我有关联的你之为谁说“不”的任何思维之自然后果。它是你因为错误的思想而遭受的痛苦。然而，即使“错误思想”这个词也是个误称，因为根本没有错的事。地狱是喜悦的反面。它是不圆满。它是知道你是谁和是什么，却无法去经验。它是逊于你的本质。那就是地狱，对你的灵魂而言，不可能有的更大痛苦。我告诉你，在死后，根本没有你们在以恐惧为基础的理论里所建构的那种经验。然而，灵魂有一种经验，会是很不快乐、很不完全、很不完整，而且让你远离神的最大喜悦，以致对你的灵魂而言会是地狱一般的。但我告诉你，不是我要送你去那儿，也不是我导致你有这经验。而是每当你以任何方式，将你自己与对你自己之最高想法分开时；每当你排斥你真的是谁或是什么时，是你，你自己，创造了这经验。&lt;/p&gt;&lt;p&gt;你们是你们自己的规则判定者，而你是唯一可评估你做的多好的人。你可以照你希望的去做而不必害怕报应。不过，事先觉知其后果对你却是有用的。后果只是后果。这些和报应或惩罚完全不同。那些在你看来象是惩罚的事――或你称之为邪恶或恶运的事――只不过是自然律在维护它自己而已。&lt;/p&gt;', 'MyCnCart  - 痛苦是错误思想的结果，是你自己创造了这经验', 'MyCnCart  - 痛苦是错误思想的结果，是你自己创造了这经验', 'MyCnCart  - 痛苦是错误思想的结果，是你自己创造了这经验', '');
INSERT INTO `mcc_blog_description` VALUES ('5', '2', '痛苦是错误思想的结果，是你自己创造了这经验', '地狱是你的选择、决定和创造所可能产生的最糟结果的经验。', '&lt;p&gt;你无法改变外在事件（因为那是你们许多人创造的，而你的意识还没成长到你能个别地改变集体创造出来的东西），所以你必须改变内在的经验。这是在生活\r\n中到达主控权之路。没有一件事其本身是痛苦的。痛苦是错误思想的结果。它是思维里的一个谬误。痛苦来自你对一件事的批判。去掉批判，痛苦便消失了。在神的\r\n世界里，没有什么“该”或“不该”。做你想做的事。但不要去批判，也不要去指责，因为你并不知道事情为何发生，也不知是为了什么目的。要祝福一切――因为\r\n一切都是神透过活生生的生命所创造的，而那就是最高的创造。&lt;/p&gt;&lt;p&gt;地狱是你的选择、决定和创造所可能产生的最糟结果的经验。它是否定我或对与我有\r\n关联的你之为谁说“不”的任何思维之自然后果。它是你因为错误的思想而遭受的痛苦。然而，即使“错误思想”这个词也是个误称，因为根本没有错的事。地狱是\r\n喜悦的反面。它是不圆满。它是知道你是谁和是什么，却无法去经验。它是逊于你的本质。那就是地狱，对你的灵魂而言，不可能有的更大痛苦。我告诉你，在死\r\n后，根本没有你们在以恐惧为基础的理论里所建构的那种经验。然而，灵魂有一种经验，会是很不快乐、很不完全、很不完整，而且让你远离神的最大喜悦，以致对\r\n你的灵魂而言会是地狱一般的。但我告诉你，不是我要送你去那儿，也不是我导致你有这经验。而是每当你以任何方式，将你自己与对你自己之最高想法分开时；每\r\n当你排斥你真的是谁或是什么时，是你，你自己，创造了这经验。&lt;/p&gt;&lt;p&gt;你们是你们自己的规则判定者，而你是唯一可评估你做的多好的人。你可以照你希\r\n望的去做而不必害怕报应。不过，事先觉知其后果对你却是有用的。后果只是后果。这些和报应或惩罚完全不同。那些在你看来象是惩罚的事――或你称之为邪恶或\r\n恶运的事――只不过是自然律在维护它自己而已。&lt;/p&gt;&lt;p&gt;&lt;br&gt;&lt;/p&gt;', 'MyCnCart  - 痛苦是错误思想的结果，是你自己创造了这经验', 'MyCnCart  - 痛苦是错误思想的结果，是你自己创造了这经验', 'MyCnCart  - 痛苦是错误思想的结果，是你自己创造了这经验', '');
INSERT INTO `mcc_blog_description` VALUES ('6', '3', '每件事和每件冒险，都是你的灵魂召来你自己身边的', '每件事和每件冒险，都是你的灵魂召来你自己身边的，以使你能创造并经验你真的是谁。世界会是这样的现状，是由于你及你做过――或没有做――的选择。（不做决定也是决定。）', '&lt;p&gt;没有什么是你不能成为的，没有什么是你不能做的。没有什么是你不能拥有的。你可以是、可以做、并可以拥有任何你能想象的东西。相信神就是相信神最伟大的礼物――无条件的爱，及神最大的允诺――无限的潜能。你并不事先选择你将经验的人生。不过，你可以选择用以创造你的经验的任务、地点和事件――条件和情境、挑战和障碍、机会和选择。在你所有选择去做的事里，你的潜能是无限的。所以不要先肯定说，一个投生在你所谓受限的肉体里的灵魂，是无法达到它完全的潜能的，因为你并不知道那个灵魂想做些什么。你并不了解他的生命议程（agenda）。你对他的意图并不清楚。因此，祝福并感谢每个人和每个情况吧！如此，你就是肯定了神的创造之完美――并且表示出你对他的信心。因为在神的世界里是没有意外的，没有一件事是巧合，也没有什么事是“因意外”而发生的。每件事和每件冒险，都是你的灵魂召来你自己身边的，以使你能创造并经验你真的是谁。世界会是这样的现状，是由于你及你做过――或没有做――的选择。（不做决定也是决定。）&lt;br&gt;&lt;/p&gt;', 'MyCnCart  - 每件事和每件冒险，都是你的灵魂召来你自己身边的', 'MyCnCart  - 每件事和每件冒险，都是你的灵魂召来你自己身边的', 'MyCnCart  - 每件事和每件冒险，都是你的灵魂召来你自己身边的', '');
INSERT INTO `mcc_blog_description` VALUES ('6', '2', '每件事和每件冒险，都是你的灵魂召来你自己身边的', '每件事和每件冒险，都是你的灵魂召来你自己身边的，以使你能创造并经验你真的是谁。世界会是这样的现状，是由于你及你做过――或没有做――的选择。（不做决定也是决定。）', '&lt;p&gt;没有什么是你不能成为的，没有什么是你不能做的。没有什么是你不能拥有的。你可以是、可以做、并可以拥有任何你能想象的东西。相信神就是相信神最伟大的礼物――无条件的爱，及神最大的允诺――无限的潜能。你并不事先选择你将经验的人生。不过，你可以选择用以创造你的经验的任务、地点和事件――条件和情境、挑战和障碍、机会和选择。在你所有选择去做的事里，你的潜能是无限的。所以不要先肯定说，一个投生在你所谓受限的肉体里的灵魂，是无法达到它完全的潜能的，因为你并不知道那个灵魂想做些什么。你并不了解他的生命议程（agenda）。你对他的意图并不清楚。因此，祝福并感谢每个人和每个情况吧！如此，你就是肯定了神的创造之完美――并且表示出你对他的信心。因为在神的世界里是没有意外的，没有一件事是巧合，也没有什么事是“因意外”而发生的。每件事和每件冒险，都是你的灵魂召来你自己身边的，以使你能创造并经验你真的是谁。世界会是这样的现状，是由于你及你做过――或没有做――的选择。（不做决定也是决定。）&lt;br&gt;&lt;/p&gt;', 'MyCnCart  - 每件事和每件冒险，都是你的灵魂召来你自己身边的', 'MyCnCart  - 每件事和每件冒险，都是你的灵魂召来你自己身边的', 'MyCnCart  - 每件事和每件冒险，都是你的灵魂召来你自己身边的', '');
INSERT INTO `mcc_blog_description` VALUES ('6', '1', '每件事和每件冒险，都是你的灵魂召来你自己身边的', '每件事和每件冒险，都是你的灵魂召来你自己身边的，以使你能创造并经验你真的是谁。世界会是这样的现状，是由于你及你做过――或没有做――的选择。（不做决定也是决定。）', '&lt;p&gt;没有什么是你不能成为的，没有什么是你不能做的。没有什么是你不能拥有的。你可以是、可以做、并可以拥有任何你能想象的东西。相信神就是相信神最伟大的礼物――无条件的爱，及神最大的允诺――无限的潜能。你并不事先选择你将经验的人生。不过，你可以选择用以创造你的经验的任务、地点和事件――条件和情境、挑战和障碍、机会和选择。在你所有选择去做的事里，你的潜能是无限的。所以不要先肯定说，一个投生在你所谓受限的肉体里的灵魂，是无法达到它完全的潜能的，因为你并不知道那个灵魂想做些什么。你并不了解他的生命议程（agenda）。你对他的意图并不清楚。因此，祝福并感谢每个人和每个情况吧！如此，你就是肯定了神的创造之完美――并且表示出你对他的信心。因为在神的世界里是没有意外的，没有一件事是巧合，也没有什么事是“因意外”而发生的。每件事和每件冒险，都是你的灵魂召来你自己身边的，以使你能创造并经验你真的是谁。世界会是这样的现状，是由于你及你做过――或没有做――的选择。（不做决定也是决定。）&lt;br&gt;&lt;/p&gt;', 'MyCnCart  - 每件事和每件冒险，都是你的灵魂召来你自己身边的', 'MyCnCart  - 每件事和每件冒险，都是你的灵魂召来你自己身边的', 'MyCnCart  - 每件事和每件冒险，都是你的灵魂召来你自己身边的', '');
INSERT INTO `mcc_blog_description` VALUES ('7', '3', '在宇宙里没有巧合，神在所有的路途上', '你认为是什么将你带到这资料里来的？你怎么会将它拿在你手上的？你认为我不知道我在做什么吗？在宇宙里没有巧合。', '&lt;p&gt;你认为是什么将你带到这资料里来的？你怎么会将它拿在你手上的？你认为我不知道我在做什么吗？在宇宙里没有巧合。我听到了你心的哭喊。我看到了你灵魂的追求。我明白你对真理的渴望有多深。你在痛苦中，也在喜悦中召唤它。你不停不休的恳求我显示我自己，解释我自己，透露我自己。我现在就在这样做，以如此浅白的文字，使你不会误解。以如此简单的语言，让你不会搞混。以如此平凡的语汇，让你不致迷失在冗词中。所以就来吧，问我任何事。任何事！我会设法给你答案。我会用整个宇宙去做这件事。所以注意了！这本书并非我唯一的工具。差得远呢！你可以在问个问题后，就放下这本书。但注意看！注意听！你听到的下一首歌的歌词、你读到的下一篇文章里的资讯、你看的下一部电影的故事情节、你遇见的下一个人无意中说的话，或下一条河、下一片海洋的私语，轻抚你耳朵的下一抹微风――所有这些的设计都是来自我的；所有这些途径都对我开放。如果你肯听我向你说话。如果你邀请我，我会来。那时我会显示给你看，我一直都在那儿。在所有路途上。&lt;br&gt;&lt;/p&gt;', 'MyCnCart  - 在宇宙里没有巧合，神在所有的路途上', 'MyCnCart  - 在宇宙里没有巧合，神在所有的路途上', 'MyCnCart  - 在宇宙里没有巧合，神在所有的路途上', '');
INSERT INTO `mcc_blog_description` VALUES ('7', '2', '在宇宙里没有巧合，神在所有的路途上', '你认为是什么将你带到这资料里来的？你怎么会将它拿在你手上的？你认为我不知道我在做什么吗？在宇宙里没有巧合。', '&lt;p&gt;你认为是什么将你带到这资料里来的？你怎么会将它拿在你手上的？你认为我不知道我在做什么吗？在宇宙里没有巧合。我听到了你心的哭喊。我看到了你灵魂的追求。我明白你对真理的渴望有多深。你在痛苦中，也在喜悦中召唤它。你不停不休的恳求我显示我自己，解释我自己，透露我自己。我现在就在这样做，以如此浅白的文字，使你不会误解。以如此简单的语言，让你不会搞混。以如此平凡的语汇，让你不致迷失在冗词中。所以就来吧，问我任何事。任何事！我会设法给你答案。我会用整个宇宙去做这件事。所以注意了！这本书并非我唯一的工具。差得远呢！你可以在问个问题后，就放下这本书。但注意看！注意听！你听到的下一首歌的歌词、你读到的下一篇文章里的资讯、你看的下一部电影的故事情节、你遇见的下一个人无意中说的话，或下一条河、下一片海洋的私语，轻抚你耳朵的下一抹微风――所有这些的设计都是来自我的；所有这些途径都对我开放。如果你肯听我向你说话。如果你邀请我，我会来。那时我会显示给你看，我一直都在那儿。在所有路途上。&lt;br&gt;&lt;/p&gt;', 'MyCnCart  - 在宇宙里没有巧合，神在所有的路途上', 'MyCnCart  - 在宇宙里没有巧合，神在所有的路途上', 'MyCnCart  - 在宇宙里没有巧合，神在所有的路途上', '');
INSERT INTO `mcc_blog_description` VALUES ('7', '1', '在宇宙里没有巧合，神在所有的路途上', '你认为是什么将你带到这资料里来的？你怎么会将它拿在你手上的？你认为我不知道我在做什么吗？在宇宙里没有巧合。', '&lt;p&gt;你认为是什么将你带到这资料里来的？你怎么会将它拿在你手上的？你认为我不知道我在做什么吗？在宇宙里没有巧合。我听到了你心的哭喊。我看到了你灵魂的追求。我明白你对真理的渴望有多深。你在痛苦中，也在喜悦中召唤它。你不停不休的恳求我显示我自己，解释我自己，透露我自己。我现在就在这样做，以如此浅白的文字，使你不会误解。以如此简单的语言，让你不会搞混。以如此平凡的语汇，让你不致迷失在冗词中。所以就来吧，问我任何事。任何事！我会设法给你答案。我会用整个宇宙去做这件事。所以注意了！这本书并非我唯一的工具。差得远呢！你可以在问个问题后，就放下这本书。但注意看！注意听！你听到的下一首歌的歌词、你读到的下一篇文章里的资讯、你看的下一部电影的故事情节、你遇见的下一个人无意中说的话，或下一条河、下一片海洋的私语，轻抚你耳朵的下一抹微风――所有这些的设计都是来自我的；所有这些途径都对我开放。如果你肯听我向你说话。如果你邀请我，我会来。那时我会显示给你看，我一直都在那儿。在所有路途上。&lt;br&gt;&lt;/p&gt;', 'MyCnCart  - 在宇宙里没有巧合，神在所有的路途上', 'MyCnCart  - 在宇宙里没有巧合，神在所有的路途上', 'MyCnCart  - 在宇宙里没有巧合，神在所有的路途上', '');
INSERT INTO `mcc_blog_description` VALUES ('8', '3', '天堂就是此时此地', '根本没有所谓“上天堂”这一回事。只有你已经在那儿的一种明白。那是一种接受，一种了解，而不是努力追求或奋斗。', '&lt;p&gt;根本没有所谓“上天堂”这一回事。只有你已经在那儿的一种明白。那是一种接受，一种了解，而不是努力追求或奋斗。你无法去你已经在的地方。悟道就是：了解无处可去，无事可做，并且，除了你现在是的那个人之外，你也不必做任何其他人。所以你们所谓的天堂是个乌有之乡（nowhere）。让我们在W与H这两个字之间留一点空间，你就会明白天堂就是此时…此地（now…here）。要知道：没有不正确的途径这种东西――因为在这旅途上，你无法“不到”你去的地方。只不过是速度的问题――只不过是你何时抵达的问题――然而，即使这样也是个幻象，因为并没有“何时”，也没有“之前”或“之后”，只有现在；一个永远的永恒片刻，你在其中经验你自己。人生的重点并非到达任何地方――人生是注意到你已经在那儿，并且一向都在那儿。人生的重点是创造――创造你是谁和是什么，然后去经验它。&lt;br&gt;&lt;/p&gt;', 'MyCnCart  - 天堂就是此时此地', 'MyCnCart  - 天堂就是此时此地', 'MyCnCart  - 天堂就是此时此地', '');
INSERT INTO `mcc_blog_description` VALUES ('8', '2', '天堂就是此时此地', '根本没有所谓“上天堂”这一回事。只有你已经在那儿的一种明白。那是一种接受，一种了解，而不是努力追求或奋斗。', '&lt;p&gt;根本没有所谓“上天堂”这一回事。只有你已经在那儿的一种明白。那是一种接受，一种了解，而不是努力追求或奋斗。你无法去你已经在的地方。悟道就是：了解无处可去，无事可做，并且，除了你现在是的那个人之外，你也不必做任何其他人。所以你们所谓的天堂是个乌有之乡（nowhere）。让我们在W与H这两个字之间留一点空间，你就会明白天堂就是此时…此地（now…here）。要知道：没有不正确的途径这种东西――因为在这旅途上，你无法“不到”你去的地方。只不过是速度的问题――只不过是你何时抵达的问题――然而，即使这样也是个幻象，因为并没有“何时”，也没有“之前”或“之后”，只有现在；一个永远的永恒片刻，你在其中经验你自己。人生的重点并非到达任何地方――人生是注意到你已经在那儿，并且一向都在那儿。人生的重点是创造――创造你是谁和是什么，然后去经验它。&lt;br&gt;&lt;/p&gt;', 'MyCnCart  - 天堂就是此时此地', 'MyCnCart  - 天堂就是此时此地', 'MyCnCart  - 天堂就是此时此地', '');
INSERT INTO `mcc_blog_description` VALUES ('8', '1', '天堂就是此时此地', '根本没有所谓“上天堂”这一回事。只有你已经在那儿的一种明白。那是一种接受，一种了解，而不是努力追求或奋斗。', '&lt;p&gt;根本没有所谓“上天堂”这一回事。只有你已经在那儿的一种明白。那是一种接受，一种了解，而不是努力追求或奋斗。你无法去你已经在的地方。悟道就是：了解无处可去，无事可做，并且，除了你现在是的那个人之外，你也不必做任何其他人。所以你们所谓的天堂是个乌有之乡（nowhere）。让我们在W与H这两个字之间留一点空间，你就会明白天堂就是此时…此地（now…here）。要知道：没有不正确的途径这种东西――因为在这旅途上，你无法“不到”你去的地方。只不过是速度的问题――只不过是你何时抵达的问题――然而，即使这样也是个幻象，因为并没有“何时”，也没有“之前”或“之后”，只有现在；一个永远的永恒片刻，你在其中经验你自己。人生的重点并非到达任何地方――人生是注意到你已经在那儿，并且一向都在那儿。人生的重点是创造――创造你是谁和是什么，然后去经验它。&lt;br&gt;&lt;/p&gt;', 'MyCnCart  - 天堂就是此时此地', 'MyCnCart  - 天堂就是此时此地', 'MyCnCart  - 天堂就是此时此地', '');
INSERT INTO `mcc_blog_description` VALUES ('9', '3', '真正的爱是让人独立', '一旦你上升到神的意识层面，你将了解自己不必为任何别的人负责，而且，虽然希望每个灵魂都过着安适的生活是值得赞扬的，但每个灵魂在每一瞬间都必须选择――都在选择――其本身的命运。', '&lt;p&gt;一旦你上升到神的意识层面，你将了解自己不必为任何别的人负责，而且，虽然希望每个灵魂都过着安适的生活是值得赞扬的，但每个灵魂在每一瞬间都必须选择――都在选择――其本身的命运。让你的爱推你所爱的人进入世界――并且进入完全体验他们是谁的经验里。这样做，你才算是真正爱过人。你的责任是令他们独立。只有当他们醒悟到你是不必要的时候，你才真的是他们的一项赐福。同样的，当你醒悟到你不需要神时，也才是神最快乐的时刻。一位真正的大师并非拥有最多学生的人，而是创造出最多大师的人。而一位真正的神，并非拥有最多佣仆的那一位，却是为最多人服务的，因而使得所有其他人都成为神的那一位。我的喜悦是在你的自由，而非在你的服从。这是神的目标，也是神的荣耀：即，他不再有臣民，并且所有的人都认识到，神并非那不可及的，却是那不可避免的。你快乐的命运是不可避免的。你无法不“得救”。除了不明白此点之外，并没有别的地狱。&lt;br&gt;&lt;/p&gt;', 'MyCnCart  - 真正的爱是让人独立', 'MyCnCart  - 真正的爱是让人独立', 'MyCnCart  - 真正的爱是让人独立', '');
INSERT INTO `mcc_blog_description` VALUES ('9', '2', '真正的爱是让人独立', '一旦你上升到神的意识层面，你将了解自己不必为任何别的人负责，而且，虽然希望每个灵魂都过着安适的生活是值得赞扬的，但每个灵魂在每一瞬间都必须选择――都在选择――其本身的命运。', '&lt;p&gt;一旦你上升到神的意识层面，你将了解自己不必为任何别的人负责，而且，虽然希望每个灵魂都过着安适的生活是值得赞扬的，但每个灵魂在每一瞬间都必须选择――都在选择――其本身的命运。让你的爱推你所爱的人进入世界――并且进入完全体验他们是谁的经验里。这样做，你才算是真正爱过人。你的责任是令他们独立。只有当他们醒悟到你是不必要的时候，你才真的是他们的一项赐福。同样的，当你醒悟到你不需要神时，也才是神最快乐的时刻。一位真正的大师并非拥有最多学生的人，而是创造出最多大师的人。而一位真正的神，并非拥有最多佣仆的那一位，却是为最多人服务的，因而使得所有其他人都成为神的那一位。我的喜悦是在你的自由，而非在你的服从。这是神的目标，也是神的荣耀：即，他不再有臣民，并且所有的人都认识到，神并非那不可及的，却是那不可避免的。你快乐的命运是不可避免的。你无法不“得救”。除了不明白此点之外，并没有别的地狱。&lt;br&gt;&lt;/p&gt;', 'MyCnCart  - 真正的爱是让人独立', 'MyCnCart  - 真正的爱是让人独立', 'MyCnCart  - 真正的爱是让人独立', '');
INSERT INTO `mcc_blog_description` VALUES ('9', '1', '真正的爱是让人独立', '一旦你上升到神的意识层面，你将了解自己不必为任何别的人负责，而且，虽然希望每个灵魂都过着安适的生活是值得赞扬的，但每个灵魂在每一瞬间都必须选择――都在选择――其本身的命运。', '&lt;p&gt;一旦你上升到神的意识层面，你将了解自己不必为任何别的人负责，而且，虽然希望每个灵魂都过着安适的生活是值得赞扬的，但每个灵魂在每一瞬间都必须选择――都在选择――其本身的命运。让你的爱推你所爱的人进入世界――并且进入完全体验他们是谁的经验里。这样做，你才算是真正爱过人。你的责任是令他们独立。只有当他们醒悟到你是不必要的时候，你才真的是他们的一项赐福。同样的，当你醒悟到你不需要神时，也才是神最快乐的时刻。一位真正的大师并非拥有最多学生的人，而是创造出最多大师的人。而一位真正的神，并非拥有最多佣仆的那一位，却是为最多人服务的，因而使得所有其他人都成为神的那一位。我的喜悦是在你的自由，而非在你的服从。这是神的目标，也是神的荣耀：即，他不再有臣民，并且所有的人都认识到，神并非那不可及的，却是那不可避免的。你快乐的命运是不可避免的。你无法不“得救”。除了不明白此点之外，并没有别的地狱。&lt;br&gt;&lt;/p&gt;', 'MyCnCart  - 真正的爱是让人独立', 'MyCnCart  - 真正的爱是让人独立', 'MyCnCart  - 真正的爱是让人独立', '');
INSERT INTO `mcc_blog_description` VALUES ('10', '3', '关系是神圣的，祝福每个关系', '关系是经常具挑战性的；经常召唤你去创造、表现，并且经验你自己之更高又更高的面向，你自己之更宏伟又更宏伟的视野，你自己之越来越崇高的版本。', '&lt;p&gt;关系是经常具挑战性的；经常召唤你去创造、表现，并且经验你自己之更高又更高的面向，你自己之更宏伟又更宏伟的视野，你自己之越来越崇高的版本。唯有透过你与其他人、地及事件的关系，你才能存在于宇宙里！所以，祝福每个关系，将每个都视为特殊，并且都形成了你是谁――并且现在选择做谁。关系的目的是，决定你喜欢看到你自己的哪个部分“显出来”，而非你可以捕获且保留别人的哪个部分。就关系――并且就整个人生――而言，只能有一个目的：去做，并且去决定你真正是谁。由于关系提供了人生最大的机会――的确，其唯一的机会――去创造及制作你对自己之最高观念的经验，所以关系是神圣的。&lt;br&gt;&lt;/p&gt;', 'MyCnCart  - 关系是神圣的，祝福每个关系', 'MyCnCart  - 关系是神圣的，祝福每个关系', 'MyCnCart  - 关系是神圣的，祝福每个关系', '');
INSERT INTO `mcc_blog_description` VALUES ('10', '2', '关系是神圣的，祝福每个关系', '关系是经常具挑战性的；经常召唤你去创造、表现，并且经验你自己之更高又更高的面向，你自己之更宏伟又更宏伟的视野，你自己之越来越崇高的版本。', '&lt;p&gt;关系是经常具挑战性的；经常召唤你去创造、表现，并且经验你自己之更高又更高的面向，你自己之更宏伟又更宏伟的视野，你自己之越来越崇高的版本。唯有透过你与其他人、地及事件的关系，你才能存在于宇宙里！所以，祝福每个关系，将每个都视为特殊，并且都形成了你是谁――并且现在选择做谁。关系的目的是，决定你喜欢看到你自己的哪个部分“显出来”，而非你可以捕获且保留别人的哪个部分。就关系――并且就整个人生――而言，只能有一个目的：去做，并且去决定你真正是谁。由于关系提供了人生最大的机会――的确，其唯一的机会――去创造及制作你对自己之最高观念的经验，所以关系是神圣的。&lt;br&gt;&lt;/p&gt;', 'MyCnCart  - 关系是神圣的，祝福每个关系', 'MyCnCart  - 关系是神圣的，祝福每个关系', 'MyCnCart  - 关系是神圣的，祝福每个关系', '');
INSERT INTO `mcc_blog_description` VALUES ('10', '1', '关系是神圣的，祝福每个关系', '关系是经常具挑战性的；经常召唤你去创造、表现，并且经验你自己之更高又更高的面向，你自己之更宏伟又更宏伟的视野，你自己之越来越崇高的版本。', '&lt;p&gt;关系是经常具挑战性的；经常召唤你去创造、表现，并且经验你自己之更高又更高的面向，你自己之更宏伟又更宏伟的视野，你自己之越来越崇高的版本。唯有透过你与其他人、地及事件的关系，你才能存在于宇宙里！所以，祝福每个关系，将每个都视为特殊，并且都形成了你是谁――并且现在选择做谁。关系的目的是，决定你喜欢看到你自己的哪个部分“显出来”，而非你可以捕获且保留别人的哪个部分。就关系――并且就整个人生――而言，只能有一个目的：去做，并且去决定你真正是谁。由于关系提供了人生最大的机会――的确，其唯一的机会――去创造及制作你对自己之最高观念的经验，所以关系是神圣的。&lt;br&gt;&lt;/p&gt;', 'MyCnCart  - 关系是神圣的，祝福每个关系', 'MyCnCart  - 关系是神圣的，祝福每个关系', 'MyCnCart  - 关系是神圣的，祝福每个关系', '');
INSERT INTO `mcc_blog_description` VALUES ('11', '3', '最有爱心的人就是“自我中心”的人', '当你将关系看作是去创造和制作你对他人之最高观念的经验时，关系便会失败。', '&lt;p&gt;当你将关系看作是去创造和制作你对他人之最高观念的经验时，关系便会失败。让在关系里的每个人都只担心他自己――自己在作谁、做什么和有什么；自己在要什么、要求什么、给与什么；自己在寻求、创造和经验什么，那么，所有的关系都会绰绰有余地满足其目的――及它们的参与者！让在关系里的人别去担心别人，却只、只、只担心自己。最有爱心的人就是“自我中心”的人。如果你无法爱你的自己，你便无法爱别人。在关系中失去自我，是在这种结合中造成大多数痛苦的原因。当你再也看不到彼此为神圣旅程上的神圣灵魂时，你就无法看见在所有关系背后之理由和目的。为了进化的目的，灵魂才进入身体。你是谁就是在与所有其他一切的关系中，你创造自己成为什么。在这过程中，最重要的因素就是你的个人关系。你的第一个关系必然是与你自己的关系。你必须先学会尊重、珍惜，并且爱你自己。在你能视别人为有价值的人之前，你首先必须视你自己为有价值的。在你能视别人为有福的之前，你首先必须视你自己为有福的。在你能承认别人的神圣性之前，你首先必须认识你自己为神圣的。老师们全都带来同样的讯息：并非“我比你神圣”，却是“你与我一样神圣”。因此我告诉你：现在并且永远以你自己为中心。你的救赎并不能在别人的行为（action）中找到，只能在你的反应（re-action）中找到。在与别人的互动过程里，第一个问题是：现在我是谁，还有，与那个相关的，我想要作谁？&lt;br&gt;&lt;/p&gt;', 'MyCnCart  - 最有爱心的人就是“自我中心”的人', 'MyCnCart  - 最有爱心的人就是“自我中心”的人', 'MyCnCart  - 最有爱心的人就是“自我中心”的人', '');
INSERT INTO `mcc_blog_description` VALUES ('11', '2', '最有爱心的人就是“自我中心”的人', '当你将关系看作是去创造和制作你对他人之最高观念的经验时，关系便会失败。', '&lt;p&gt;当你将关系看作是去创造和制作你对他人之最高观念的经验时，关系便会失败。让在关系里的每个人都只担心他自己――自己在作谁、做什么和有什么；自己在要什么、要求什么、给与什么；自己在寻求、创造和经验什么，那么，所有的关系都会绰绰有余地满足其目的――及它们的参与者！让在关系里的人别去担心别人，却只、只、只担心自己。最有爱心的人就是“自我中心”的人。如果你无法爱你的自己，你便无法爱别人。在关系中失去自我，是在这种结合中造成大多数痛苦的原因。当你再也看不到彼此为神圣旅程上的神圣灵魂时，你就无法看见在所有关系背后之理由和目的。为了进化的目的，灵魂才进入身体。你是谁就是在与所有其他一切的关系中，你创造自己成为什么。在这过程中，最重要的因素就是你的个人关系。你的第一个关系必然是与你自己的关系。你必须先学会尊重、珍惜，并且爱你自己。在你能视别人为有价值的人之前，你首先必须视你自己为有价值的。在你能视别人为有福的之前，你首先必须视你自己为有福的。在你能承认别人的神圣性之前，你首先必须认识你自己为神圣的。老师们全都带来同样的讯息：并非“我比你神圣”，却是“你与我一样神圣”。因此我告诉你：现在并且永远以你自己为中心。你的救赎并不能在别人的行为（action）中找到，只能在你的反应（re-action）中找到。在与别人的互动过程里，第一个问题是：现在我是谁，还有，与那个相关的，我想要作谁？&lt;br&gt;&lt;/p&gt;', 'MyCnCart  - 最有爱心的人就是“自我中心”的人', 'MyCnCart  - 最有爱心的人就是“自我中心”的人', 'MyCnCart  - 最有爱心的人就是“自我中心”的人', '');
INSERT INTO `mcc_blog_description` VALUES ('11', '1', '最有爱心的人就是“自我中心”的人', '当你将关系看作是去创造和制作你对他人之最高观念的经验时，关系便会失败。', '&lt;p&gt;当你将关系看作是去创造和制作你对他人之最高观念的经验时，关系便会失败。让在关系里的每个人都只担心他自己――自己在作谁、做什么和有什么；自己在要什么、要求什么、给与什么；自己在寻求、创造和经验什么，那么，所有的关系都会绰绰有余地满足其目的――及它们的参与者！让在关系里的人别去担心别人，却只、只、只担心自己。最有爱心的人就是“自我中心”的人。如果你无法爱你的自己，你便无法爱别人。在关系中失去自我，是在这种结合中造成大多数痛苦的原因。当你再也看不到彼此为神圣旅程上的神圣灵魂时，你就无法看见在所有关系背后之理由和目的。为了进化的目的，灵魂才进入身体。你是谁就是在与所有其他一切的关系中，你创造自己成为什么。在这过程中，最重要的因素就是你的个人关系。你的第一个关系必然是与你自己的关系。你必须先学会尊重、珍惜，并且爱你自己。在你能视别人为有价值的人之前，你首先必须视你自己为有价值的。在你能视别人为有福的之前，你首先必须视你自己为有福的。在你能承认别人的神圣性之前，你首先必须认识你自己为神圣的。老师们全都带来同样的讯息：并非“我比你神圣”，却是“你与我一样神圣”。因此我告诉你：现在并且永远以你自己为中心。你的救赎并不能在别人的行为（action）中找到，只能在你的反应（re-action）中找到。在与别人的互动过程里，第一个问题是：现在我是谁，还有，与那个相关的，我想要作谁？&lt;br&gt;&lt;/p&gt;', 'MyCnCart  - 最有爱心的人就是“自我中心”的人', 'MyCnCart  - 最有爱心的人就是“自我中心”的人', 'MyCnCart  - 最有爱心的人就是“自我中心”的人', '');
INSERT INTO `mcc_blog_description` VALUES ('12', '3', '做神的信使，唤醒每一个人', '灵魂的工作是唤醒你自己。神的工作是唤醒每一个人。', '&lt;p&gt;灵魂的工作是唤醒你自己。神的工作是唤醒每一个人。你能以两种方式做到此点――藉由提醒他们他们是谁（但这非常困难，因为他们不会相信你），或藉由记得你是谁（这容易得多，因为你并不需要他们的相信，只需要你自己的）。经常展现此点终究会提醒别人他们是谁，因为他们会在你身上看到他们自己。许多大师曾被派到地球来展示永恒的真理。你便是这样的一个信使。――你们全都是特殊的……宣告自己为一个属神的人需要很大的勇气。你愿意吗？你的心是否渴望说出关于我的真理？你是否愿意忍受你的人类同胞的耻笑？你是否准备好放弃世上的荣耀，为了使灵魂的更大荣耀得以完全的实现？去与他人分享永恒的真理……并非出于获得光荣的需要，却是出于你内心最深的愿望，去终止别人的痛苦和受罪；去带来喜悦和快乐，以及助力和治愈；去重新让别人与你一向体验到的与神的合伙之感连结。我选择了你做我的信使。你和许多其他人。因为现在，在即刻的眼前，世界将需要许多号角来吹出清亮的召唤。世界将需要许多声音，来说出百千万人渴望的真理和治愈的话语。世界将需要许多心结合在一起，来做灵魂的工作，并且准备去做神的工作。&lt;br&gt;&lt;/p&gt;', 'MyCnCart  - 做神的信使，唤醒每一个人', 'MyCnCart  - 做神的信使，唤醒每一个人', 'MyCnCart  - 做神的信使，唤醒每一个人', '');
INSERT INTO `mcc_blog_description` VALUES ('12', '2', '做神的信使，唤醒每一个人', '灵魂的工作是唤醒你自己。神的工作是唤醒每一个人。', '&lt;p&gt;灵魂的工作是唤醒你自己。神的工作是唤醒每一个人。你能以两种方式做到此点――藉由提醒他们他们是谁（但这非常困难，因为他们不会相信你），或藉由记得你是谁（这容易得多，因为你并不需要他们的相信，只需要你自己的）。经常展现此点终究会提醒别人他们是谁，因为他们会在你身上看到他们自己。许多大师曾被派到地球来展示永恒的真理。你便是这样的一个信使。――你们全都是特殊的……宣告自己为一个属神的人需要很大的勇气。你愿意吗？你的心是否渴望说出关于我的真理？你是否愿意忍受你的人类同胞的耻笑？你是否准备好放弃世上的荣耀，为了使灵魂的更大荣耀得以完全的实现？去与他人分享永恒的真理……并非出于获得光荣的需要，却是出于你内心最深的愿望，去终止别人的痛苦和受罪；去带来喜悦和快乐，以及助力和治愈；去重新让别人与你一向体验到的与神的合伙之感连结。我选择了你做我的信使。你和许多其他人。因为现在，在即刻的眼前，世界将需要许多号角来吹出清亮的召唤。世界将需要许多声音，来说出百千万人渴望的真理和治愈的话语。世界将需要许多心结合在一起，来做灵魂的工作，并且准备去做神的工作。&lt;br&gt;&lt;/p&gt;', 'MyCnCart  - 做神的信使，唤醒每一个人', 'MyCnCart  - 做神的信使，唤醒每一个人', 'MyCnCart  - 做神的信使，唤醒每一个人', '');
INSERT INTO `mcc_blog_description` VALUES ('12', '1', '做神的信使，唤醒每一个人', '灵魂的工作是唤醒你自己。神的工作是唤醒每一个人。', '&lt;p&gt;灵魂的工作是唤醒你自己。神的工作是唤醒每一个人。你能以两种方式做到此点――藉由提醒他们他们是谁（但这非常困难，因为他们不会相信你），或藉由记得你是谁（这容易得多，因为你并不需要他们的相信，只需要你自己的）。经常展现此点终究会提醒别人他们是谁，因为他们会在你身上看到他们自己。许多大师曾被派到地球来展示永恒的真理。你便是这样的一个信使。――你们全都是特殊的……宣告自己为一个属神的人需要很大的勇气。你愿意吗？你的心是否渴望说出关于我的真理？你是否愿意忍受你的人类同胞的耻笑？你是否准备好放弃世上的荣耀，为了使灵魂的更大荣耀得以完全的实现？去与他人分享永恒的真理……并非出于获得光荣的需要，却是出于你内心最深的愿望，去终止别人的痛苦和受罪；去带来喜悦和快乐，以及助力和治愈；去重新让别人与你一向体验到的与神的合伙之感连结。我选择了你做我的信使。你和许多其他人。因为现在，在即刻的眼前，世界将需要许多号角来吹出清亮的召唤。世界将需要许多声音，来说出百千万人渴望的真理和治愈的话语。世界将需要许多心结合在一起，来做灵魂的工作，并且准备去做神的工作。&lt;br&gt;&lt;/p&gt;', 'MyCnCart  - 做神的信使，唤醒每一个人', 'MyCnCart  - 做神的信使，唤醒每一个人', 'MyCnCart  - 做神的信使，唤醒每一个人', '');
INSERT INTO `mcc_blog_description` VALUES ('13', '3', '灵魂只关注你存在的状态', '人生的讽刺是，一旦世俗的物品和世俗的成功不再为你所关心，它们流向你的路便打开了。记住，你无法拥有你想要的东西，但你可以经验你所拥有的不论什么东西。', '&lt;p&gt;做事是身体的一个机能。存在是灵魂的一个机能。你的灵魂不在乎你做什么维生――而当你的人生过完了时，你也不会在意。你的灵魂只在乎，当你在做不论你做的什么时，你是什么。灵魂追求的是一种存在的状态，而非一种做事的状态。“是”吸引“是”，而产生经验。灵魂寻求神，但它寻求的这个我是非常复杂，非常多重次元、多种感觉、多重面向的。在寻求是我的当儿，灵魂在它前面有个宏大的工作；一个可自其中挑选的庞大的“是”之菜单。然后产生正确而完美的条件，在其中创造对那存在状态的经验。所以，真实的事是，没有一件发生在你身上或经由你发生的事，不是为了你自己的最高善的。现在，在这一刻，你的灵魂又创造了机会让你去是、做，并且拥有认识你真的是谁所需的东西。你的灵魂带你到你现在正在读的字句――正如它以前曾带你到智慧和真理的字句。你现在要做什么？你选择要是什么？你的灵魂怀着兴趣等着、看着，正如它以前做过许多次的。我并不关心你世俗的成功，只有你关心。真正的大师们是那些选择去创造一个人生，而非维持一个生活的人。从某种存在状态会跃出一个如此丰富、如此圆满、如此宏伟，而且如此有益的人生，以致世俗的物品和世俗的成功将不再为你所关心了。人生的讽刺是，一旦世俗的物品和世俗的成功不再为你所关心，它们流向你的路便打开了。记住，你无法拥有你想要的东西，但你可以经验你所拥有的不论什么东西。&lt;br&gt;&lt;/p&gt;', 'MyCnCart  - 灵魂只关注你存在的状态', 'MyCnCart  - 灵魂只关注你存在的状态', 'MyCnCart  - 灵魂只关注你存在的状态', '');
INSERT INTO `mcc_blog_description` VALUES ('13', '2', '灵魂只关注你存在的状态', '人生的讽刺是，一旦世俗的物品和世俗的成功不再为你所关心，它们流向你的路便打开了。记住，你无法拥有你想要的东西，但你可以经验你所拥有的不论什么东西。', '&lt;p&gt;做事是身体的一个机能。存在是灵魂的一个机能。你的灵魂不在乎你做什么维生――而当你的人生过完了时，你也不会在意。你的灵魂只在乎，当你在做不论你做的什么时，你是什么。灵魂追求的是一种存在的状态，而非一种做事的状态。“是”吸引“是”，而产生经验。灵魂寻求神，但它寻求的这个我是非常复杂，非常多重次元、多种感觉、多重面向的。在寻求是我的当儿，灵魂在它前面有个宏大的工作；一个可自其中挑选的庞大的“是”之菜单。然后产生正确而完美的条件，在其中创造对那存在状态的经验。所以，真实的事是，没有一件发生在你身上或经由你发生的事，不是为了你自己的最高善的。现在，在这一刻，你的灵魂又创造了机会让你去是、做，并且拥有认识你真的是谁所需的东西。你的灵魂带你到你现在正在读的字句――正如它以前曾带你到智慧和真理的字句。你现在要做什么？你选择要是什么？你的灵魂怀着兴趣等着、看着，正如它以前做过许多次的。我并不关心你世俗的成功，只有你关心。真正的大师们是那些选择去创造一个人生，而非维持一个生活的人。从某种存在状态会跃出一个如此丰富、如此圆满、如此宏伟，而且如此有益的人生，以致世俗的物品和世俗的成功将不再为你所关心了。人生的讽刺是，一旦世俗的物品和世俗的成功不再为你所关心，它们流向你的路便打开了。记住，你无法拥有你想要的东西，但你可以经验你所拥有的不论什么东西。&lt;br&gt;&lt;/p&gt;', 'MyCnCart  - 灵魂只关注你存在的状态', 'MyCnCart  - 灵魂只关注你存在的状态', 'MyCnCart  - 灵魂只关注你存在的状态', '');
INSERT INTO `mcc_blog_description` VALUES ('13', '1', '灵魂只关注你存在的状态', '人生的讽刺是，一旦世俗的物品和世俗的成功不再为你所关心，它们流向你的路便打开了。记住，你无法拥有你想要的东西，但你可以经验你所拥有的不论什么东西。', '&lt;p&gt;做事是身体的一个机能。存在是灵魂的一个机能。你的灵魂不在乎你做什么维生――而当你的人生过完了时，你也不会在意。你的灵魂只在乎，当你在做不论你做的什么时，你是什么。灵魂追求的是一种存在的状态，而非一种做事的状态。“是”吸引“是”，而产生经验。灵魂寻求神，但它寻求的这个我是非常复杂，非常多重次元、多种感觉、多重面向的。在寻求是我的当儿，灵魂在它前面有个宏大的工作；一个可自其中挑选的庞大的“是”之菜单。然后产生正确而完美的条件，在其中创造对那存在状态的经验。所以，真实的事是，没有一件发生在你身上或经由你发生的事，不是为了你自己的最高善的。现在，在这一刻，你的灵魂又创造了机会让你去是、做，并且拥有认识你真的是谁所需的东西。你的灵魂带你到你现在正在读的字句――正如它以前曾带你到智慧和真理的字句。你现在要做什么？你选择要是什么？你的灵魂怀着兴趣等着、看着，正如它以前做过许多次的。我并不关心你世俗的成功，只有你关心。真正的大师们是那些选择去创造一个人生，而非维持一个生活的人。从某种存在状态会跃出一个如此丰富、如此圆满、如此宏伟，而且如此有益的人生，以致世俗的物品和世俗的成功将不再为你所关心了。人生的讽刺是，一旦世俗的物品和世俗的成功不再为你所关心，它们流向你的路便打开了。记住，你无法拥有你想要的东西，但你可以经验你所拥有的不论什么东西。&lt;br&gt;&lt;/p&gt;', 'MyCnCart  - 灵魂只关注你存在的状态', 'MyCnCart  - 灵魂只关注你存在的状态', 'MyCnCart  - 灵魂只关注你存在的状态', '');
INSERT INTO `mcc_blog_description` VALUES ('14', '3', '平衡身、心、灵----三位一体，即神成肉身', '当身、心和灵在和谐与统一中一同创造时，神成肉身。于是，灵魂真的在其自己的经验中认识它自己。于是，天堂真的欢欣鼓舞。', '&lt;p&gt;不要轻视你身体正在做的事。它是重要的。但却非以你所想的方式。身体的行动本意是反映一种存在状态，而非想达到一种存在状态的企图。“你的人生并不是关于你的身体在做什么”这个声明的意思。然而，真实的，你的身体在做什么，却是你的人生是关乎什么的一个反映。你在这星球上并不是要以你的身体生产任何东西。你在这个星球上是要以你的灵魂生产一些东西。你的身体只不过单纯的是你灵魂的工具，你的头脑是令身体做事的力量。所以，你在此所有的是个有力的工具，用来创造灵魂之所欲。&lt;br&gt;&lt;br&gt;发现生命和身体毫无关系，可能创造出另一方面的一个不平衡。虽然一开始实体的行为是――仿佛身体是所有的一切，现在它的行为却象是身体根本不重要。当然，这并不是真的――如果实体很快的忆起来的话。&lt;br&gt;&lt;br&gt;你是个三部分的存在，由身、心和灵构成。你将永远是个三部分的存在，不只当你活在地球上时。在死亡时，身和心并没被丢掉，是身体改变了形式，心智（不可与大脑混淆）也仍与你同行，加入灵和身，成为一个三次元或三面的能量团。事实上，你们全是一个能量，却有三个分别的特征。身与心一起并不需要做任何事去控制灵魂――因为灵魂是全然没有“需要”的（不象身和心都为“需要”所羁绊），因而容许身和心意志照自己的意思而行。服从并非创造，因此永远不能产生救赎。灵魂永远不会凌越身体或心智。我造你们为一个三合一的生灵。你是三个存在合而为一的。按照我的形象造成的。自己的三个面向彼此并非不平等的。每个都有个机能，但没有一个机能比其他的机能更伟大，并且也没有任何一个机能能实际上在另一个之前。灵魂孕育，心智创造，身体体验。所有的都以完全平等的方式彼此相连。灵魂的机能是指明其欲望，并非强加其欲望。头脑的机能是由其选择的余地中选择。身体的机能是表现出那选择。当身、心和灵在和谐与统一中一同创造时，神成肉身。于是，灵魂真的在其自己的经验中认识它自己。于是，天堂真的欢欣鼓舞。&lt;br&gt;&lt;/p&gt;', 'MyCnCart  - 平衡身、心、灵----三位一体，即神成肉身', 'MyCnCart  - 平衡身、心、灵----三位一体，即神成肉身', 'MyCnCart  - 平衡身、心、灵----三位一体，即神成肉身', '');
INSERT INTO `mcc_blog_description` VALUES ('14', '2', '平衡身、心、灵----三位一体，即神成肉身', '当身、心和灵在和谐与统一中一同创造时，神成肉身。于是，灵魂真的在其自己的经验中认识它自己。于是，天堂真的欢欣鼓舞。', '&lt;p&gt;不要轻视你身体正在做的事。它是重要的。但却非以你所想的方式。身体的行动本意是反映一种存在状态，而非想达到一种存在状态的企图。“你的人生并不是关于你的身体在做什么”这个声明的意思。然而，真实的，你的身体在做什么，却是你的人生是关乎什么的一个反映。你在这星球上并不是要以你的身体生产任何东西。你在这个星球上是要以你的灵魂生产一些东西。你的身体只不过单纯的是你灵魂的工具，你的头脑是令身体做事的力量。所以，你在此所有的是个有力的工具，用来创造灵魂之所欲。&lt;br&gt;&lt;br&gt;发现生命和身体毫无关系，可能创造出另一方面的一个不平衡。虽然一开始实体的行为是――仿佛身体是所有的一切，现在它的行为却象是身体根本不重要。当然，这并不是真的――如果实体很快的忆起来的话。&lt;br&gt;&lt;br&gt;你是个三部分的存在，由身、心和灵构成。你将永远是个三部分的存在，不只当你活在地球上时。在死亡时，身和心并没被丢掉，是身体改变了形式，心智（不可与大脑混淆）也仍与你同行，加入灵和身，成为一个三次元或三面的能量团。事实上，你们全是一个能量，却有三个分别的特征。身与心一起并不需要做任何事去控制灵魂――因为灵魂是全然没有“需要”的（不象身和心都为“需要”所羁绊），因而容许身和心意志照自己的意思而行。服从并非创造，因此永远不能产生救赎。灵魂永远不会凌越身体或心智。我造你们为一个三合一的生灵。你是三个存在合而为一的。按照我的形象造成的。自己的三个面向彼此并非不平等的。每个都有个机能，但没有一个机能比其他的机能更伟大，并且也没有任何一个机能能实际上在另一个之前。灵魂孕育，心智创造，身体体验。所有的都以完全平等的方式彼此相连。灵魂的机能是指明其欲望，并非强加其欲望。头脑的机能是由其选择的余地中选择。身体的机能是表现出那选择。当身、心和灵在和谐与统一中一同创造时，神成肉身。于是，灵魂真的在其自己的经验中认识它自己。于是，天堂真的欢欣鼓舞。&lt;br&gt;&lt;/p&gt;', 'MyCnCart  - 平衡身、心、灵----三位一体，即神成肉身', 'MyCnCart  - 平衡身、心、灵----三位一体，即神成肉身', 'MyCnCart  - 平衡身、心、灵----三位一体，即神成肉身', '');
INSERT INTO `mcc_blog_description` VALUES ('14', '1', '平衡身、心、灵----三位一体，即神成肉身', '当身、心和灵在和谐与统一中一同创造时，神成肉身。于是，灵魂真的在其自己的经验中认识它自己。于是，天堂真的欢欣鼓舞。', '&lt;p&gt;不要轻视你身体正在做的事。它是重要的。但却非以你所想的方式。身体的行动本意是反映一种存在状态，而非想达到一种存在状态的企图。“你的人生并不是关于你的身体在做什么”这个声明的意思。然而，真实的，你的身体在做什么，却是你的人生是关乎什么的一个反映。你在这星球上并不是要以你的身体生产任何东西。你在这个星球上是要以你的灵魂生产一些东西。你的身体只不过单纯的是你灵魂的工具，你的头脑是令身体做事的力量。所以，你在此所有的是个有力的工具，用来创造灵魂之所欲。&lt;br&gt;&lt;br&gt;发现生命和身体毫无关系，可能创造出另一方面的一个不平衡。虽然一开始实体的行为是――仿佛身体是所有的一切，现在它的行为却象是身体根本不重要。当然，这并不是真的――如果实体很快的忆起来的话。&lt;br&gt;&lt;br&gt;你是个三部分的存在，由身、心和灵构成。你将永远是个三部分的存在，不只当你活在地球上时。在死亡时，身和心并没被丢掉，是身体改变了形式，心智（不可与大脑混淆）也仍与你同行，加入灵和身，成为一个三次元或三面的能量团。事实上，你们全是一个能量，却有三个分别的特征。身与心一起并不需要做任何事去控制灵魂――因为灵魂是全然没有“需要”的（不象身和心都为“需要”所羁绊），因而容许身和心意志照自己的意思而行。服从并非创造，因此永远不能产生救赎。灵魂永远不会凌越身体或心智。我造你们为一个三合一的生灵。你是三个存在合而为一的。按照我的形象造成的。自己的三个面向彼此并非不平等的。每个都有个机能，但没有一个机能比其他的机能更伟大，并且也没有任何一个机能能实际上在另一个之前。灵魂孕育，心智创造，身体体验。所有的都以完全平等的方式彼此相连。灵魂的机能是指明其欲望，并非强加其欲望。头脑的机能是由其选择的余地中选择。身体的机能是表现出那选择。当身、心和灵在和谐与统一中一同创造时，神成肉身。于是，灵魂真的在其自己的经验中认识它自己。于是，天堂真的欢欣鼓舞。&lt;br&gt;&lt;/p&gt;', 'MyCnCart  - 平衡身、心、灵----三位一体，即神成肉身', 'MyCnCart  - 平衡身、心、灵----三位一体，即神成肉身', 'MyCnCart  - 平衡身、心、灵----三位一体，即神成肉身', '');
INSERT INTO `mcc_blog_description` VALUES ('15', '3', '你是神的身体', '现在我要解释给你听那终极的神秘：你们和我的精确而真实的关系。你们是我的身体。正如你的身体相对于你的心智和灵魂的关系，你们相对于我的心智和灵魂的关系也是一样的。所以：我所经验的每样事，是我透过你们来经验的。正如你的身心和灵是一体的，我的也是一样。', '&lt;p&gt;现在我要解释给你听那终极的神秘：你们和我的精确而真实的关系。你们是我的身体。正如你的身体相对于你的心智和灵魂的关系，你们相对于我的心智和灵魂的关系也是一样的。所以：我所经验的每样事，是我透过你们来经验的。正如你的身心和灵是一体的，我的也是一样。&lt;br&gt;&lt;/p&gt;', 'MyCnCart  - 你是神的身体', 'MyCnCart  - 你是神的身体', 'MyCnCart  - 你是神的身体', '');
INSERT INTO `mcc_blog_description` VALUES ('15', '2', '你是神的身体', '现在我要解释给你听那终极的神秘：你们和我的精确而真实的关系。你们是我的身体。正如你的身体相对于你的心智和灵魂的关系，你们相对于我的心智和灵魂的关系也是一样的。所以：我所经验的每样事，是我透过你们来经验的。正如你的身心和灵是一体的，我的也是一样。', '&lt;p&gt;现在我要解释给你听那终极的神秘：你们和我的精确而真实的关系。你们是我的身体。正如你的身体相对于你的心智和灵魂的关系，你们相对于我的心智和灵魂的关系也是一样的。所以：我所经验的每样事，是我透过你们来经验的。正如你的身心和灵是一体的，我的也是一样。&lt;br&gt;&lt;/p&gt;', 'MyCnCart  - 你是神的身体', 'MyCnCart  - 你是神的身体', 'MyCnCart  - 你是神的身体', '');
INSERT INTO `mcc_blog_description` VALUES ('15', '1', '你是神的身体', '现在我要解释给你听那终极的神秘：你们和我的精确而真实的关系。你们是我的身体。正如你的身体相对于你的心智和灵魂的关系，你们相对于我的心智和灵魂的关系也是一样的。所以：我所经验的每样事，是我透过你们来经验的。正如你的身心和灵是一体的，我的也是一样。', '&lt;p&gt;现在我要解释给你听那终极的神秘：你们和我的精确而真实的关系。你们是我的身体。正如你的身体相对于你的心智和灵魂的关系，你们相对于我的心智和灵魂的关系也是一样的。所以：我所经验的每样事，是我透过你们来经验的。正如你的身心和灵是一体的，我的也是一样。&lt;br&gt;&lt;/p&gt;', 'MyCnCart  - 你是神的身体', 'MyCnCart  - 你是神的身体', 'MyCnCart  - 你是神的身体', '');

-- ----------------------------
-- Table structure for mcc_blog_product
-- ----------------------------
DROP TABLE IF EXISTS `mcc_blog_product`;
CREATE TABLE `mcc_blog_product` (
  `blog_id` int(11) NOT NULL,
  `related_id` int(11) NOT NULL,
  UNIQUE KEY `blog_id` (`blog_id`,`related_id`) USING BTREE
) ENGINE=MyISAM DEFAULT CHARSET=utf8;

-- ----------------------------
-- Records of mcc_blog_product
-- ----------------------------
INSERT INTO `mcc_blog_product` VALUES ('1', '28');
INSERT INTO `mcc_blog_product` VALUES ('1', '41');
INSERT INTO `mcc_blog_product` VALUES ('2', '48');
INSERT INTO `mcc_blog_product` VALUES ('3', '41');
INSERT INTO `mcc_blog_product` VALUES ('3', '47');

-- ----------------------------
-- Table structure for mcc_blog_related
-- ----------------------------
DROP TABLE IF EXISTS `mcc_blog_related`;
CREATE TABLE `mcc_blog_related` (
  `blog_id` int(11) NOT NULL,
  `related_id` int(11) NOT NULL,
  PRIMARY KEY (`blog_id`,`related_id`)
) ENGINE=MyISAM DEFAULT CHARSET=utf8;

-- ----------------------------
-- Records of mcc_blog_related
-- ----------------------------
INSERT INTO `mcc_blog_related` VALUES ('1', '2');
INSERT INTO `mcc_blog_related` VALUES ('1', '3');
INSERT INTO `mcc_blog_related` VALUES ('1', '5');
INSERT INTO `mcc_blog_related` VALUES ('3', '1');
INSERT INTO `mcc_blog_related` VALUES ('3', '3');
INSERT INTO `mcc_blog_related` VALUES ('3', '5');

-- ----------------------------
-- Table structure for mcc_blog_to_blog_category
-- ----------------------------
DROP TABLE IF EXISTS `mcc_blog_to_blog_category`;
CREATE TABLE `mcc_blog_to_blog_category` (
  `blog_id` int(11) NOT NULL,
  `blog_category_id` int(11) NOT NULL,
  PRIMARY KEY (`blog_id`,`blog_category_id`),
  KEY `blog_category_id` (`blog_category_id`) USING BTREE
) ENGINE=MyISAM DEFAULT CHARSET=utf8;

-- ----------------------------
-- Records of mcc_blog_to_blog_category
-- ----------------------------
INSERT INTO `mcc_blog_to_blog_category` VALUES ('1', '1');
INSERT INTO `mcc_blog_to_blog_category` VALUES ('1', '5');
INSERT INTO `mcc_blog_to_blog_category` VALUES ('2', '1');
INSERT INTO `mcc_blog_to_blog_category` VALUES ('2', '2');
INSERT INTO `mcc_blog_to_blog_category` VALUES ('2', '3');
INSERT INTO `mcc_blog_to_blog_category` VALUES ('2', '4');
INSERT INTO `mcc_blog_to_blog_category` VALUES ('3', '1');
INSERT INTO `mcc_blog_to_blog_category` VALUES ('3', '6');
INSERT INTO `mcc_blog_to_blog_category` VALUES ('4', '1');
INSERT INTO `mcc_blog_to_blog_category` VALUES ('4', '4');
INSERT INTO `mcc_blog_to_blog_category` VALUES ('5', '1');
INSERT INTO `mcc_blog_to_blog_category` VALUES ('5', '5');
INSERT INTO `mcc_blog_to_blog_category` VALUES ('6', '1');
INSERT INTO `mcc_blog_to_blog_category` VALUES ('7', '1');
INSERT INTO `mcc_blog_to_blog_category` VALUES ('8', '1');
INSERT INTO `mcc_blog_to_blog_category` VALUES ('9', '1');
INSERT INTO `mcc_blog_to_blog_category` VALUES ('10', '1');
INSERT INTO `mcc_blog_to_blog_category` VALUES ('11', '1');
INSERT INTO `mcc_blog_to_blog_category` VALUES ('12', '1');
INSERT INTO `mcc_blog_to_blog_category` VALUES ('13', '1');
INSERT INTO `mcc_blog_to_blog_category` VALUES ('14', '1');
INSERT INTO `mcc_blog_to_blog_category` VALUES ('15', '1');

-- ----------------------------
-- Table structure for mcc_blog_to_layout
-- ----------------------------
DROP TABLE IF EXISTS `mcc_blog_to_layout`;
CREATE TABLE `mcc_blog_to_layout` (
  `blog_id` int(11) NOT NULL,
  `store_id` int(11) NOT NULL,
  `layout_id` int(11) NOT NULL,
  PRIMARY KEY (`blog_id`,`store_id`)
) ENGINE=MyISAM DEFAULT CHARSET=utf8;

-- ----------------------------
-- Records of mcc_blog_to_layout
-- ----------------------------
INSERT INTO `mcc_blog_to_layout` VALUES ('1', '0', '0');
INSERT INTO `mcc_blog_to_layout` VALUES ('2', '0', '0');
INSERT INTO `mcc_blog_to_layout` VALUES ('3', '0', '0');
INSERT INTO `mcc_blog_to_layout` VALUES ('4', '0', '0');
INSERT INTO `mcc_blog_to_layout` VALUES ('5', '0', '0');
INSERT INTO `mcc_blog_to_layout` VALUES ('6', '0', '0');
INSERT INTO `mcc_blog_to_layout` VALUES ('7', '0', '0');
INSERT INTO `mcc_blog_to_layout` VALUES ('8', '0', '0');
INSERT INTO `mcc_blog_to_layout` VALUES ('9', '0', '0');
INSERT INTO `mcc_blog_to_layout` VALUES ('10', '0', '0');
INSERT INTO `mcc_blog_to_layout` VALUES ('11', '0', '0');
INSERT INTO `mcc_blog_to_layout` VALUES ('12', '0', '0');
INSERT INTO `mcc_blog_to_layout` VALUES ('13', '0', '0');
INSERT INTO `mcc_blog_to_layout` VALUES ('14', '0', '0');
INSERT INTO `mcc_blog_to_layout` VALUES ('15', '0', '0');

-- ----------------------------
-- Table structure for mcc_blog_to_store
-- ----------------------------
DROP TABLE IF EXISTS `mcc_blog_to_store`;
CREATE TABLE `mcc_blog_to_store` (
  `blog_id` int(11) NOT NULL,
  `store_id` int(11) NOT NULL DEFAULT '0',
  PRIMARY KEY (`blog_id`,`store_id`)
) ENGINE=MyISAM DEFAULT CHARSET=utf8;

-- ----------------------------
-- Records of mcc_blog_to_store
-- ----------------------------
INSERT INTO `mcc_blog_to_store` VALUES ('1', '0');
INSERT INTO `mcc_blog_to_store` VALUES ('2', '0');
INSERT INTO `mcc_blog_to_store` VALUES ('3', '0');
INSERT INTO `mcc_blog_to_store` VALUES ('4', '0');
INSERT INTO `mcc_blog_to_store` VALUES ('5', '0');
INSERT INTO `mcc_blog_to_store` VALUES ('6', '0');
INSERT INTO `mcc_blog_to_store` VALUES ('7', '0');
INSERT INTO `mcc_blog_to_store` VALUES ('8', '0');
INSERT INTO `mcc_blog_to_store` VALUES ('9', '0');
INSERT INTO `mcc_blog_to_store` VALUES ('10', '0');
INSERT INTO `mcc_blog_to_store` VALUES ('11', '0');
INSERT INTO `mcc_blog_to_store` VALUES ('12', '0');
INSERT INTO `mcc_blog_to_store` VALUES ('13', '0');
INSERT INTO `mcc_blog_to_store` VALUES ('14', '0');
INSERT INTO `mcc_blog_to_store` VALUES ('15', '0');

-- ----------------------------
-- Table structure for mcc_cart
-- ----------------------------
DROP TABLE IF EXISTS `mcc_cart`;
CREATE TABLE `mcc_cart` (
  `cart_id` int(11) unsigned NOT NULL AUTO_INCREMENT,
  `customer_id` int(11) NOT NULL,
  `session_id` varchar(32) NOT NULL,
  `sku_id` int(11) NOT NULL,
  `product_id` int(11) NOT NULL,
  `recurring_id` int(11) NOT NULL,
  `option` text NOT NULL,
  `quantity` int(5) NOT NULL,
  `date_added` datetime NOT NULL,
  PRIMARY KEY (`cart_id`),
  KEY `cart_id` (`customer_id`,`session_id`,`product_id`,`recurring_id`) USING BTREE
) ENGINE=InnoDB AUTO_INCREMENT=201 DEFAULT CHARSET=utf8;

-- ----------------------------
-- Records of mcc_cart
-- ----------------------------
INSERT INTO `mcc_cart` VALUES ('48', '12', 'i0npble7cf4lifkdbpbggbebs5', '88', '62', '0', '[]', '1', '2016-05-16 18:05:33');
INSERT INTO `mcc_cart` VALUES ('51', '7', 'k0itv810g4vd5i7ufi3hskgvq2', '95', '57', '0', '{\"235\":\"46\",\"236\":\"48\"}', '2', '2016-05-17 16:40:26');
INSERT INTO `mcc_cart` VALUES ('54', '15', 'c4qljqnigg06rfk02974rtfak4', '88', '62', '0', '[]', '1', '2016-05-17 18:13:20');
INSERT INTO `mcc_cart` VALUES ('57', '18', 'ag0mns8v6150qeaa2l2fdpv801', '91', '59', '0', '[]', '1', '2016-05-18 13:26:08');
INSERT INTO `mcc_cart` VALUES ('63', '19', 'n32d4mmg413b180b9usl9271p5', '88', '62', '0', '[]', '2', '2016-05-18 18:25:59');
INSERT INTO `mcc_cart` VALUES ('68', '14', 'e36i5l2ec71kb8s62pubm0vl13', '156', '68', '0', '{\"243\":\"79\"}', '1', '2016-05-19 21:42:42');
INSERT INTO `mcc_cart` VALUES ('69', '14', 'e36i5l2ec71kb8s62pubm0vl13', '169', '62', '0', '{\"242\":\"78\"}', '1', '2016-05-19 21:45:27');
INSERT INTO `mcc_cart` VALUES ('83', '23', 'im9qbgnm3b46cv0n6j1hka2sm7', '143', '58', '0', '{\"238\":\"58\",\"237\":\"49\"}', '1', '2016-05-20 18:58:39');
INSERT INTO `mcc_cart` VALUES ('85', '12', 'i0npble7cf4lifkdbpbggbebs5', '131', '58', '0', '{\"238\":\"56\",\"237\":\"52\"}', '1', '2016-05-20 19:45:56');
INSERT INTO `mcc_cart` VALUES ('106', '26', 'gul1joipbrgamdisikbbfi2580', '193', '61', '0', '[]', '1', '2016-05-24 12:37:41');
INSERT INTO `mcc_cart` VALUES ('110', '30', 'jtbdhjvvo7kog2epn4f2dv4hf7', '122', '57', '0', '{\"235\":\"44\"}', '1', '2016-05-25 17:03:00');
INSERT INTO `mcc_cart` VALUES ('111', '31', 'm18fe7f838fhl1e8ou3d3enqv0', '141', '58', '0', '{\"238\":\"56\",\"237\":\"49\"}', '1', '2016-05-25 20:06:00');
INSERT INTO `mcc_cart` VALUES ('112', '32', 'lmdg8go7c4p3lc1gfd8ahqvf54', '129', '58', '0', '{\"238\":\"54\",\"237\":\"52\"}', '1', '2016-05-25 20:51:19');
INSERT INTO `mcc_cart` VALUES ('122', '36', '82m9nn4mm65e2di53f4pdj4o15', '57', '1', '0', '\"0\"', '2', '2016-05-27 11:26:37');
INSERT INTO `mcc_cart` VALUES ('123', '36', '82m9nn4mm65e2di53f4pdj4o15', '58', '1', '0', '\"0\"', '2', '2016-05-27 11:26:37');
INSERT INTO `mcc_cart` VALUES ('126', '37', '82m9nn4mm65e2di53f4pdj4o15', '180', '57', '0', '{\"235\":\"45\"}', '1', '2016-05-27 11:29:10');
INSERT INTO `mcc_cart` VALUES ('129', '38', 'id2s0vnhdggqvbk7hqh1m29ti0', '166', '62', '0', '{\"242\":\"77\"}', '1', '2016-05-27 16:45:54');
INSERT INTO `mcc_cart` VALUES ('137', '40', '4svgj9t5fc7hls68n7ierqa3d5', '193', '61', '0', '[]', '1', '2016-05-27 17:43:01');
INSERT INTO `mcc_cart` VALUES ('138', '40', '4svgj9t5fc7hls68n7ierqa3d5', '179', '57', '0', '{\"235\":\"46\"}', '1', '2016-05-27 17:43:02');
INSERT INTO `mcc_cart` VALUES ('141', '42', 'bqtrs8fquna3l3selptffrqfj6', '144', '58', '0', '{\"238\":\"54\",\"237\":\"53\"}', '1', '2016-05-29 06:39:54');
INSERT INTO `mcc_cart` VALUES ('145', '44', 'qossb8a61c3oa5un08mmce0r45', '145', '58', '0', '{\"238\":\"55\",\"237\":\"53\"}', '1', '2016-05-29 13:04:26');
INSERT INTO `mcc_cart` VALUES ('147', '44', 'qossb8a61c3oa5un08mmce0r45', '140', '58', '0', '{\"238\":\"55\",\"237\":\"49\"}', '1', '2016-05-29 13:04:32');
INSERT INTO `mcc_cart` VALUES ('152', '46', 'qk4tr7hb2oq8hruijbaa454176', '205', '61', '0', '[]', '1', '2016-05-29 15:05:41');
INSERT INTO `mcc_cart` VALUES ('153', '46', 'qk4tr7hb2oq8hruijbaa454176', '144', '58', '0', '{\"238\":\"54\",\"237\":\"53\"}', '1', '2016-05-29 15:07:51');
INSERT INTO `mcc_cart` VALUES ('180', '54', 'g10ukti38bo9e2gh7ud0gqv0l4', '145', '58', '0', '{\"238\":\"55\",\"237\":\"53\"}', '1', '2016-05-31 19:27:50');
INSERT INTO `mcc_cart` VALUES ('184', '56', 'tovkqsseo2p58m0o31cpu5blt3', '135', '58', '0', '{\"238\":\"55\",\"237\":\"51\"}', '1', '2016-05-31 20:06:16');
INSERT INTO `mcc_cart` VALUES ('197', '60', 'uomgbkj6ob2sqphr9av71ha434', '139', '58', '0', '{\"238\":\"54\",\"237\":\"49\"}', '1', '2016-06-01 23:25:49');
INSERT INTO `mcc_cart` VALUES ('198', '60', 'uomgbkj6ob2sqphr9av71ha434', '145', '58', '0', '{\"238\":\"55\",\"237\":\"53\"}', '2', '2016-06-01 23:26:00');
INSERT INTO `mcc_cart` VALUES ('200', '7', 'k0itv810g4vd5i7ufi3hskgvq2', '125', '58', '0', '{\"238\":\"55\",\"237\":\"50\"}', '1', '2016-06-02 17:16:26');

-- ----------------------------
-- Table structure for mcc_category
-- ----------------------------
DROP TABLE IF EXISTS `mcc_category`;
CREATE TABLE `mcc_category` (
  `category_id` int(11) NOT NULL AUTO_INCREMENT,
  `image` varchar(255) DEFAULT NULL,
  `parent_id` int(11) NOT NULL DEFAULT '0',
  `top` tinyint(1) NOT NULL,
  `column` int(3) NOT NULL,
  `sort_order` int(3) NOT NULL DEFAULT '0',
  `status` tinyint(1) NOT NULL,
  `date_added` datetime NOT NULL,
  `date_modified` datetime NOT NULL,
  `sent` tinyint(1) NOT NULL,
  `weidian_category_id` int(11) NOT NULL,
  PRIMARY KEY (`category_id`),
  KEY `parent_id` (`parent_id`) USING BTREE
) ENGINE=MyISAM AUTO_INCREMENT=61 DEFAULT CHARSET=utf8;

-- ----------------------------
-- Records of mcc_category
-- ----------------------------
INSERT INTO `mcc_category` VALUES ('59', '', '0', '1', '1', '3', '1', '2016-05-11 16:06:53', '2016-05-11 16:18:38', '0', '0');
INSERT INTO `mcc_category` VALUES ('60', '', '0', '1', '1', '2', '1', '2016-05-11 16:07:37', '2016-05-11 16:18:25', '0', '0');
INSERT INTO `mcc_category` VALUES ('20', 'catalog/demo/compaq_presario.jpg', '0', '1', '1', '1', '1', '2009-01-05 21:49:43', '2016-05-11 16:18:09', '0', '0');

-- ----------------------------
-- Table structure for mcc_category_description
-- ----------------------------
DROP TABLE IF EXISTS `mcc_category_description`;
CREATE TABLE `mcc_category_description` (
  `category_id` int(11) NOT NULL,
  `language_id` int(11) NOT NULL,
  `name` varchar(255) NOT NULL,
  `description` text NOT NULL,
  `meta_title` varchar(255) NOT NULL,
  `meta_description` varchar(255) NOT NULL,
  `meta_keyword` varchar(255) NOT NULL,
  PRIMARY KEY (`category_id`,`language_id`),
  KEY `name` (`name`) USING BTREE
) ENGINE=MyISAM DEFAULT CHARSET=utf8;

-- ----------------------------
-- Records of mcc_category_description
-- ----------------------------
INSERT INTO `mcc_category_description` VALUES ('60', '1', '队服', '&lt;p&gt;&lt;br&gt;&lt;/p&gt;', 'EDG队服', '', '');
INSERT INTO `mcc_category_description` VALUES ('59', '1', '周边', '&lt;p&gt;&lt;br&gt;&lt;/p&gt;', 'EDG周边', '', '');
INSERT INTO `mcc_category_description` VALUES ('20', '1', '休闲类', '&lt;p&gt;\r\n	分类描述案例文本&lt;/p&gt;\r\n', 'T恤', '分类描述案例文本', '');

-- ----------------------------
-- Table structure for mcc_category_filter
-- ----------------------------
DROP TABLE IF EXISTS `mcc_category_filter`;
CREATE TABLE `mcc_category_filter` (
  `category_id` int(11) NOT NULL,
  `filter_id` int(11) NOT NULL,
  PRIMARY KEY (`category_id`,`filter_id`)
) ENGINE=MyISAM DEFAULT CHARSET=utf8;

-- ----------------------------
-- Records of mcc_category_filter
-- ----------------------------
INSERT INTO `mcc_category_filter` VALUES ('20', '1');
INSERT INTO `mcc_category_filter` VALUES ('20', '2');
INSERT INTO `mcc_category_filter` VALUES ('20', '8');
INSERT INTO `mcc_category_filter` VALUES ('20', '10');
INSERT INTO `mcc_category_filter` VALUES ('20', '11');
INSERT INTO `mcc_category_filter` VALUES ('20', '12');

-- ----------------------------
-- Table structure for mcc_category_path
-- ----------------------------
DROP TABLE IF EXISTS `mcc_category_path`;
CREATE TABLE `mcc_category_path` (
  `category_id` int(11) NOT NULL,
  `path_id` int(11) NOT NULL,
  `level` int(11) NOT NULL,
  PRIMARY KEY (`category_id`,`path_id`)
) ENGINE=MyISAM DEFAULT CHARSET=utf8;

-- ----------------------------
-- Records of mcc_category_path
-- ----------------------------
INSERT INTO `mcc_category_path` VALUES ('20', '20', '0');
INSERT INTO `mcc_category_path` VALUES ('60', '60', '0');
INSERT INTO `mcc_category_path` VALUES ('59', '59', '0');

-- ----------------------------
-- Table structure for mcc_category_to_layout
-- ----------------------------
DROP TABLE IF EXISTS `mcc_category_to_layout`;
CREATE TABLE `mcc_category_to_layout` (
  `category_id` int(11) NOT NULL,
  `store_id` int(11) NOT NULL,
  `layout_id` int(11) NOT NULL,
  PRIMARY KEY (`category_id`,`store_id`)
) ENGINE=MyISAM DEFAULT CHARSET=utf8;

-- ----------------------------
-- Records of mcc_category_to_layout
-- ----------------------------
INSERT INTO `mcc_category_to_layout` VALUES ('60', '0', '0');
INSERT INTO `mcc_category_to_layout` VALUES ('20', '0', '0');
INSERT INTO `mcc_category_to_layout` VALUES ('59', '0', '0');

-- ----------------------------
-- Table structure for mcc_category_to_store
-- ----------------------------
DROP TABLE IF EXISTS `mcc_category_to_store`;
CREATE TABLE `mcc_category_to_store` (
  `category_id` int(11) NOT NULL,
  `store_id` int(11) NOT NULL,
  PRIMARY KEY (`category_id`,`store_id`)
) ENGINE=MyISAM DEFAULT CHARSET=utf8;

-- ----------------------------
-- Records of mcc_category_to_store
-- ----------------------------
INSERT INTO `mcc_category_to_store` VALUES ('20', '0');
INSERT INTO `mcc_category_to_store` VALUES ('59', '0');
INSERT INTO `mcc_category_to_store` VALUES ('60', '0');

-- ----------------------------
-- Table structure for mcc_country
-- ----------------------------
DROP TABLE IF EXISTS `mcc_country`;
CREATE TABLE `mcc_country` (
  `country_id` int(11) NOT NULL AUTO_INCREMENT,
  `name` varchar(128) NOT NULL,
  `iso_code_2` varchar(2) NOT NULL,
  `iso_code_3` varchar(3) NOT NULL,
  `address_format` text NOT NULL,
  `postcode_required` tinyint(1) NOT NULL,
  `status` tinyint(1) NOT NULL DEFAULT '1',
  PRIMARY KEY (`country_id`)
) ENGINE=MyISAM AUTO_INCREMENT=258 DEFAULT CHARSET=utf8;

-- ----------------------------
-- Records of mcc_country
-- ----------------------------
INSERT INTO `mcc_country` VALUES ('1', 'Afghanistan', 'AF', 'AFG', '', '0', '1');
INSERT INTO `mcc_country` VALUES ('2', 'Albania', 'AL', 'ALB', '', '0', '1');
INSERT INTO `mcc_country` VALUES ('3', 'Algeria', 'DZ', 'DZA', '', '0', '1');
INSERT INTO `mcc_country` VALUES ('4', 'American Samoa', 'AS', 'ASM', '', '0', '1');
INSERT INTO `mcc_country` VALUES ('5', 'Andorra', 'AD', 'AND', '', '0', '1');
INSERT INTO `mcc_country` VALUES ('6', 'Angola', 'AO', 'AGO', '', '0', '1');
INSERT INTO `mcc_country` VALUES ('7', 'Anguilla', 'AI', 'AIA', '', '0', '1');
INSERT INTO `mcc_country` VALUES ('8', 'Antarctica', 'AQ', 'ATA', '', '0', '1');
INSERT INTO `mcc_country` VALUES ('9', 'Antigua and Barbuda', 'AG', 'ATG', '', '0', '1');
INSERT INTO `mcc_country` VALUES ('10', 'Argentina', 'AR', 'ARG', '', '0', '1');
INSERT INTO `mcc_country` VALUES ('11', 'Armenia', 'AM', 'ARM', '', '0', '1');
INSERT INTO `mcc_country` VALUES ('12', 'Aruba', 'AW', 'ABW', '', '0', '1');
INSERT INTO `mcc_country` VALUES ('13', 'Australia', 'AU', 'AUS', '', '0', '1');
INSERT INTO `mcc_country` VALUES ('14', 'Austria', 'AT', 'AUT', '', '0', '1');
INSERT INTO `mcc_country` VALUES ('15', 'Azerbaijan', 'AZ', 'AZE', '', '0', '1');
INSERT INTO `mcc_country` VALUES ('16', 'Bahamas', 'BS', 'BHS', '', '0', '1');
INSERT INTO `mcc_country` VALUES ('17', 'Bahrain', 'BH', 'BHR', '', '0', '1');
INSERT INTO `mcc_country` VALUES ('18', 'Bangladesh', 'BD', 'BGD', '', '0', '1');
INSERT INTO `mcc_country` VALUES ('19', 'Barbados', 'BB', 'BRB', '', '0', '1');
INSERT INTO `mcc_country` VALUES ('20', 'Belarus', 'BY', 'BLR', '', '0', '1');
INSERT INTO `mcc_country` VALUES ('21', 'Belgium', 'BE', 'BEL', '{fullname}\r\n{company}\r\n{address_1}\r\n{postcode} {city}\r\n{country}', '0', '1');
INSERT INTO `mcc_country` VALUES ('22', 'Belize', 'BZ', 'BLZ', '', '0', '1');
INSERT INTO `mcc_country` VALUES ('23', 'Benin', 'BJ', 'BEN', '', '0', '1');
INSERT INTO `mcc_country` VALUES ('24', 'Bermuda', 'BM', 'BMU', '', '0', '1');
INSERT INTO `mcc_country` VALUES ('25', 'Bhutan', 'BT', 'BTN', '', '0', '1');
INSERT INTO `mcc_country` VALUES ('26', 'Bolivia', 'BO', 'BOL', '', '0', '1');
INSERT INTO `mcc_country` VALUES ('27', 'Bosnia and Herzegovina', 'BA', 'BIH', '', '0', '1');
INSERT INTO `mcc_country` VALUES ('28', 'Botswana', 'BW', 'BWA', '', '0', '1');
INSERT INTO `mcc_country` VALUES ('29', 'Bouvet Island', 'BV', 'BVT', '', '0', '1');
INSERT INTO `mcc_country` VALUES ('30', 'Brazil', 'BR', 'BRA', '', '0', '1');
INSERT INTO `mcc_country` VALUES ('31', 'British Indian Ocean Territory', 'IO', 'IOT', '', '0', '1');
INSERT INTO `mcc_country` VALUES ('32', 'Brunei Darussalam', 'BN', 'BRN', '', '0', '1');
INSERT INTO `mcc_country` VALUES ('33', 'Bulgaria', 'BG', 'BGR', '', '0', '1');
INSERT INTO `mcc_country` VALUES ('34', 'Burkina Faso', 'BF', 'BFA', '', '0', '1');
INSERT INTO `mcc_country` VALUES ('35', 'Burundi', 'BI', 'BDI', '', '0', '1');
INSERT INTO `mcc_country` VALUES ('36', 'Cambodia', 'KH', 'KHM', '', '0', '1');
INSERT INTO `mcc_country` VALUES ('37', 'Cameroon', 'CM', 'CMR', '', '0', '1');
INSERT INTO `mcc_country` VALUES ('38', 'Canada', 'CA', 'CAN', '', '0', '1');
INSERT INTO `mcc_country` VALUES ('39', 'Cape Verde', 'CV', 'CPV', '', '0', '1');
INSERT INTO `mcc_country` VALUES ('40', 'Cayman Islands', 'KY', 'CYM', '', '0', '1');
INSERT INTO `mcc_country` VALUES ('41', 'Central African Republic', 'CF', 'CAF', '', '0', '1');
INSERT INTO `mcc_country` VALUES ('42', 'Chad', 'TD', 'TCD', '', '0', '1');
INSERT INTO `mcc_country` VALUES ('43', 'Chile', 'CL', 'CHL', '', '0', '1');
INSERT INTO `mcc_country` VALUES ('44', 'China(中国)', 'CN', 'CHN', '', '0', '1');
INSERT INTO `mcc_country` VALUES ('45', 'Christmas Island', 'CX', 'CXR', '', '0', '1');
INSERT INTO `mcc_country` VALUES ('46', 'Cocos (Keeling) Islands', 'CC', 'CCK', '', '0', '1');
INSERT INTO `mcc_country` VALUES ('47', 'Colombia', 'CO', 'COL', '', '0', '1');
INSERT INTO `mcc_country` VALUES ('48', 'Comoros', 'KM', 'COM', '', '0', '1');
INSERT INTO `mcc_country` VALUES ('49', 'Congo', 'CG', 'COG', '', '0', '1');
INSERT INTO `mcc_country` VALUES ('50', 'Cook Islands', 'CK', 'COK', '', '0', '1');
INSERT INTO `mcc_country` VALUES ('51', 'Costa Rica', 'CR', 'CRI', '', '0', '1');
INSERT INTO `mcc_country` VALUES ('52', 'Cote D\'Ivoire', 'CI', 'CIV', '', '0', '1');
INSERT INTO `mcc_country` VALUES ('53', 'Croatia', 'HR', 'HRV', '', '0', '1');
INSERT INTO `mcc_country` VALUES ('54', 'Cuba', 'CU', 'CUB', '', '0', '1');
INSERT INTO `mcc_country` VALUES ('55', 'Cyprus', 'CY', 'CYP', '', '0', '1');
INSERT INTO `mcc_country` VALUES ('56', 'Czech Republic', 'CZ', 'CZE', '', '0', '1');
INSERT INTO `mcc_country` VALUES ('57', 'Denmark', 'DK', 'DNK', '', '0', '1');
INSERT INTO `mcc_country` VALUES ('58', 'Djibouti', 'DJ', 'DJI', '', '0', '1');
INSERT INTO `mcc_country` VALUES ('59', 'Dominica', 'DM', 'DMA', '', '0', '1');
INSERT INTO `mcc_country` VALUES ('60', 'Dominican Republic', 'DO', 'DOM', '', '0', '1');
INSERT INTO `mcc_country` VALUES ('61', 'East Timor', 'TL', 'TLS', '', '0', '1');
INSERT INTO `mcc_country` VALUES ('62', 'Ecuador', 'EC', 'ECU', '', '0', '1');
INSERT INTO `mcc_country` VALUES ('63', 'Egypt', 'EG', 'EGY', '', '0', '1');
INSERT INTO `mcc_country` VALUES ('64', 'El Salvador', 'SV', 'SLV', '', '0', '1');
INSERT INTO `mcc_country` VALUES ('65', 'Equatorial Guinea', 'GQ', 'GNQ', '', '0', '1');
INSERT INTO `mcc_country` VALUES ('66', 'Eritrea', 'ER', 'ERI', '', '0', '1');
INSERT INTO `mcc_country` VALUES ('67', 'Estonia', 'EE', 'EST', '', '0', '1');
INSERT INTO `mcc_country` VALUES ('68', 'Ethiopia', 'ET', 'ETH', '', '0', '1');
INSERT INTO `mcc_country` VALUES ('69', 'Falkland Islands (Malvinas)', 'FK', 'FLK', '', '0', '1');
INSERT INTO `mcc_country` VALUES ('70', 'Faroe Islands', 'FO', 'FRO', '', '0', '1');
INSERT INTO `mcc_country` VALUES ('71', 'Fiji', 'FJ', 'FJI', '', '0', '1');
INSERT INTO `mcc_country` VALUES ('72', 'Finland', 'FI', 'FIN', '', '0', '1');
INSERT INTO `mcc_country` VALUES ('74', 'France, Metropolitan', 'FR', 'FRA', '{fullname}\r\n{company}\r\n{address}\r\n{postcode} {city}\r\n{country}', '1', '1');
INSERT INTO `mcc_country` VALUES ('75', 'French Guiana', 'GF', 'GUF', '', '0', '1');
INSERT INTO `mcc_country` VALUES ('76', 'French Polynesia', 'PF', 'PYF', '', '0', '1');
INSERT INTO `mcc_country` VALUES ('77', 'French Southern Territories', 'TF', 'ATF', '', '0', '1');
INSERT INTO `mcc_country` VALUES ('78', 'Gabon', 'GA', 'GAB', '', '0', '1');
INSERT INTO `mcc_country` VALUES ('79', 'Gambia', 'GM', 'GMB', '', '0', '1');
INSERT INTO `mcc_country` VALUES ('80', 'Georgia', 'GE', 'GEO', '', '0', '1');
INSERT INTO `mcc_country` VALUES ('81', 'Germany', 'DE', 'DEU', '{company}\r\n{fullname}\r\n{address_1}\r\n{postcode} {city}\r\n{country}', '1', '1');
INSERT INTO `mcc_country` VALUES ('82', 'Ghana', 'GH', 'GHA', '', '0', '1');
INSERT INTO `mcc_country` VALUES ('83', 'Gibraltar', 'GI', 'GIB', '', '0', '1');
INSERT INTO `mcc_country` VALUES ('84', 'Greece', 'GR', 'GRC', '', '0', '1');
INSERT INTO `mcc_country` VALUES ('85', 'Greenland', 'GL', 'GRL', '', '0', '1');
INSERT INTO `mcc_country` VALUES ('86', 'Grenada', 'GD', 'GRD', '', '0', '1');
INSERT INTO `mcc_country` VALUES ('87', 'Guadeloupe', 'GP', 'GLP', '', '0', '1');
INSERT INTO `mcc_country` VALUES ('88', 'Guam', 'GU', 'GUM', '', '0', '1');
INSERT INTO `mcc_country` VALUES ('89', 'Guatemala', 'GT', 'GTM', '', '0', '1');
INSERT INTO `mcc_country` VALUES ('90', 'Guinea', 'GN', 'GIN', '', '0', '1');
INSERT INTO `mcc_country` VALUES ('91', 'Guinea-Bissau', 'GW', 'GNB', '', '0', '1');
INSERT INTO `mcc_country` VALUES ('92', 'Guyana', 'GY', 'GUY', '', '0', '1');
INSERT INTO `mcc_country` VALUES ('93', 'Haiti', 'HT', 'HTI', '', '0', '1');
INSERT INTO `mcc_country` VALUES ('94', 'Heard and Mc Donald Islands', 'HM', 'HMD', '', '0', '1');
INSERT INTO `mcc_country` VALUES ('95', 'Honduras', 'HN', 'HND', '', '0', '1');
INSERT INTO `mcc_country` VALUES ('96', 'Hong Kong', 'HK', 'HKG', '', '0', '1');
INSERT INTO `mcc_country` VALUES ('97', 'Hungary', 'HU', 'HUN', '', '0', '1');
INSERT INTO `mcc_country` VALUES ('98', 'Iceland', 'IS', 'ISL', '', '0', '1');
INSERT INTO `mcc_country` VALUES ('99', 'India', 'IN', 'IND', '', '0', '1');
INSERT INTO `mcc_country` VALUES ('100', 'Indonesia', 'ID', 'IDN', '', '0', '1');
INSERT INTO `mcc_country` VALUES ('101', 'Iran (Islamic Republic of)', 'IR', 'IRN', '', '0', '1');
INSERT INTO `mcc_country` VALUES ('102', 'Iraq', 'IQ', 'IRQ', '', '0', '1');
INSERT INTO `mcc_country` VALUES ('103', 'Ireland', 'IE', 'IRL', '', '0', '1');
INSERT INTO `mcc_country` VALUES ('104', 'Israel', 'IL', 'ISR', '', '0', '1');
INSERT INTO `mcc_country` VALUES ('105', 'Italy', 'IT', 'ITA', '', '0', '1');
INSERT INTO `mcc_country` VALUES ('106', 'Jamaica', 'JM', 'JAM', '', '0', '1');
INSERT INTO `mcc_country` VALUES ('107', 'Japan', 'JP', 'JPN', '', '0', '1');
INSERT INTO `mcc_country` VALUES ('108', 'Jordan', 'JO', 'JOR', '', '0', '1');
INSERT INTO `mcc_country` VALUES ('109', 'Kazakhstan', 'KZ', 'KAZ', '', '0', '1');
INSERT INTO `mcc_country` VALUES ('110', 'Kenya', 'KE', 'KEN', '', '0', '1');
INSERT INTO `mcc_country` VALUES ('111', 'Kiribati', 'KI', 'KIR', '', '0', '1');
INSERT INTO `mcc_country` VALUES ('112', 'North Korea', 'KP', 'PRK', '', '0', '1');
INSERT INTO `mcc_country` VALUES ('113', 'Korea, Republic of', 'KR', 'KOR', '', '0', '1');
INSERT INTO `mcc_country` VALUES ('114', 'Kuwait', 'KW', 'KWT', '', '0', '1');
INSERT INTO `mcc_country` VALUES ('115', 'Kyrgyzstan', 'KG', 'KGZ', '', '0', '1');
INSERT INTO `mcc_country` VALUES ('116', 'Lao People\'s Democratic Republic', 'LA', 'LAO', '', '0', '1');
INSERT INTO `mcc_country` VALUES ('117', 'Latvia', 'LV', 'LVA', '', '0', '1');
INSERT INTO `mcc_country` VALUES ('118', 'Lebanon', 'LB', 'LBN', '', '0', '1');
INSERT INTO `mcc_country` VALUES ('119', 'Lesotho', 'LS', 'LSO', '', '0', '1');
INSERT INTO `mcc_country` VALUES ('120', 'Liberia', 'LR', 'LBR', '', '0', '1');
INSERT INTO `mcc_country` VALUES ('121', 'Libyan Arab Jamahiriya', 'LY', 'LBY', '', '0', '1');
INSERT INTO `mcc_country` VALUES ('122', 'Liechtenstein', 'LI', 'LIE', '', '0', '1');
INSERT INTO `mcc_country` VALUES ('123', 'Lithuania', 'LT', 'LTU', '', '0', '1');
INSERT INTO `mcc_country` VALUES ('124', 'Luxembourg', 'LU', 'LUX', '', '0', '1');
INSERT INTO `mcc_country` VALUES ('125', 'Macau', 'MO', 'MAC', '', '0', '1');
INSERT INTO `mcc_country` VALUES ('126', 'FYROM', 'MK', 'MKD', '', '0', '1');
INSERT INTO `mcc_country` VALUES ('127', 'Madagascar', 'MG', 'MDG', '', '0', '1');
INSERT INTO `mcc_country` VALUES ('128', 'Malawi', 'MW', 'MWI', '', '0', '1');
INSERT INTO `mcc_country` VALUES ('129', 'Malaysia', 'MY', 'MYS', '', '0', '1');
INSERT INTO `mcc_country` VALUES ('130', 'Maldives', 'MV', 'MDV', '', '0', '1');
INSERT INTO `mcc_country` VALUES ('131', 'Mali', 'ML', 'MLI', '', '0', '1');
INSERT INTO `mcc_country` VALUES ('132', 'Malta', 'MT', 'MLT', '', '0', '1');
INSERT INTO `mcc_country` VALUES ('133', 'Marshall Islands', 'MH', 'MHL', '', '0', '1');
INSERT INTO `mcc_country` VALUES ('134', 'Martinique', 'MQ', 'MTQ', '', '0', '1');
INSERT INTO `mcc_country` VALUES ('135', 'Mauritania', 'MR', 'MRT', '', '0', '1');
INSERT INTO `mcc_country` VALUES ('136', 'Mauritius', 'MU', 'MUS', '', '0', '1');
INSERT INTO `mcc_country` VALUES ('137', 'Mayotte', 'YT', 'MYT', '', '0', '1');
INSERT INTO `mcc_country` VALUES ('138', 'Mexico', 'MX', 'MEX', '', '0', '1');
INSERT INTO `mcc_country` VALUES ('139', 'Micronesia, Federated States of', 'FM', 'FSM', '', '0', '1');
INSERT INTO `mcc_country` VALUES ('140', 'Moldova, Republic of', 'MD', 'MDA', '', '0', '1');
INSERT INTO `mcc_country` VALUES ('141', 'Monaco', 'MC', 'MCO', '', '0', '1');
INSERT INTO `mcc_country` VALUES ('142', 'Mongolia', 'MN', 'MNG', '', '0', '1');
INSERT INTO `mcc_country` VALUES ('143', 'Montserrat', 'MS', 'MSR', '', '0', '1');
INSERT INTO `mcc_country` VALUES ('144', 'Morocco', 'MA', 'MAR', '', '0', '1');
INSERT INTO `mcc_country` VALUES ('145', 'Mozambique', 'MZ', 'MOZ', '', '0', '1');
INSERT INTO `mcc_country` VALUES ('146', 'Myanmar', 'MM', 'MMR', '', '0', '1');
INSERT INTO `mcc_country` VALUES ('147', 'Namibia', 'NA', 'NAM', '', '0', '1');
INSERT INTO `mcc_country` VALUES ('148', 'Nauru', 'NR', 'NRU', '', '0', '1');
INSERT INTO `mcc_country` VALUES ('149', 'Nepal', 'NP', 'NPL', '', '0', '1');
INSERT INTO `mcc_country` VALUES ('150', 'Netherlands', 'NL', 'NLD', '', '0', '1');
INSERT INTO `mcc_country` VALUES ('151', 'Netherlands Antilles', 'AN', 'ANT', '', '0', '1');
INSERT INTO `mcc_country` VALUES ('152', 'New Caledonia', 'NC', 'NCL', '', '0', '1');
INSERT INTO `mcc_country` VALUES ('153', 'New Zealand', 'NZ', 'NZL', '', '0', '1');
INSERT INTO `mcc_country` VALUES ('154', 'Nicaragua', 'NI', 'NIC', '', '0', '1');
INSERT INTO `mcc_country` VALUES ('155', 'Niger', 'NE', 'NER', '', '0', '1');
INSERT INTO `mcc_country` VALUES ('156', 'Nigeria', 'NG', 'NGA', '', '0', '1');
INSERT INTO `mcc_country` VALUES ('157', 'Niue', 'NU', 'NIU', '', '0', '1');
INSERT INTO `mcc_country` VALUES ('158', 'Norfolk Island', 'NF', 'NFK', '', '0', '1');
INSERT INTO `mcc_country` VALUES ('159', 'Northern Mariana Islands', 'MP', 'MNP', '', '0', '1');
INSERT INTO `mcc_country` VALUES ('160', 'Norway', 'NO', 'NOR', '', '0', '1');
INSERT INTO `mcc_country` VALUES ('161', 'Oman', 'OM', 'OMN', '', '0', '1');
INSERT INTO `mcc_country` VALUES ('162', 'Pakistan', 'PK', 'PAK', '', '0', '1');
INSERT INTO `mcc_country` VALUES ('163', 'Palau', 'PW', 'PLW', '', '0', '1');
INSERT INTO `mcc_country` VALUES ('164', 'Panama', 'PA', 'PAN', '', '0', '1');
INSERT INTO `mcc_country` VALUES ('165', 'Papua New Guinea', 'PG', 'PNG', '', '0', '1');
INSERT INTO `mcc_country` VALUES ('166', 'Paraguay', 'PY', 'PRY', '', '0', '1');
INSERT INTO `mcc_country` VALUES ('167', 'Peru', 'PE', 'PER', '', '0', '1');
INSERT INTO `mcc_country` VALUES ('168', 'Philippines', 'PH', 'PHL', '', '0', '1');
INSERT INTO `mcc_country` VALUES ('169', 'Pitcairn', 'PN', 'PCN', '', '0', '1');
INSERT INTO `mcc_country` VALUES ('170', 'Poland', 'PL', 'POL', '', '0', '1');
INSERT INTO `mcc_country` VALUES ('171', 'Portugal', 'PT', 'PRT', '', '0', '1');
INSERT INTO `mcc_country` VALUES ('172', 'Puerto Rico', 'PR', 'PRI', '', '0', '1');
INSERT INTO `mcc_country` VALUES ('173', 'Qatar', 'QA', 'QAT', '', '0', '1');
INSERT INTO `mcc_country` VALUES ('174', 'Reunion', 'RE', 'REU', '', '0', '1');
INSERT INTO `mcc_country` VALUES ('175', 'Romania', 'RO', 'ROM', '', '0', '1');
INSERT INTO `mcc_country` VALUES ('176', 'Russian Federation', 'RU', 'RUS', '', '0', '1');
INSERT INTO `mcc_country` VALUES ('177', 'Rwanda', 'RW', 'RWA', '', '0', '1');
INSERT INTO `mcc_country` VALUES ('178', 'Saint Kitts and Nevis', 'KN', 'KNA', '', '0', '1');
INSERT INTO `mcc_country` VALUES ('179', 'Saint Lucia', 'LC', 'LCA', '', '0', '1');
INSERT INTO `mcc_country` VALUES ('180', 'Saint Vincent and the Grenadines', 'VC', 'VCT', '', '0', '1');
INSERT INTO `mcc_country` VALUES ('181', 'Samoa', 'WS', 'WSM', '', '0', '1');
INSERT INTO `mcc_country` VALUES ('182', 'San Marino', 'SM', 'SMR', '', '0', '1');
INSERT INTO `mcc_country` VALUES ('183', 'Sao Tome and Principe', 'ST', 'STP', '', '0', '1');
INSERT INTO `mcc_country` VALUES ('184', 'Saudi Arabia', 'SA', 'SAU', '', '0', '1');
INSERT INTO `mcc_country` VALUES ('185', 'Senegal', 'SN', 'SEN', '', '0', '1');
INSERT INTO `mcc_country` VALUES ('186', 'Seychelles', 'SC', 'SYC', '', '0', '1');
INSERT INTO `mcc_country` VALUES ('187', 'Sierra Leone', 'SL', 'SLE', '', '0', '1');
INSERT INTO `mcc_country` VALUES ('188', 'Singapore', 'SG', 'SGP', '', '0', '1');
INSERT INTO `mcc_country` VALUES ('189', 'Slovak Republic', 'SK', 'SVK', '{fullname}\r\n{company}\r\n{address}\r\n{city} {postcode}\r\n{zone}\r\n{country}', '0', '1');
INSERT INTO `mcc_country` VALUES ('190', 'Slovenia', 'SI', 'SVN', '', '0', '1');
INSERT INTO `mcc_country` VALUES ('191', 'Solomon Islands', 'SB', 'SLB', '', '0', '1');
INSERT INTO `mcc_country` VALUES ('192', 'Somalia', 'SO', 'SOM', '', '0', '1');
INSERT INTO `mcc_country` VALUES ('193', 'South Africa', 'ZA', 'ZAF', '', '0', '1');
INSERT INTO `mcc_country` VALUES ('194', 'South Georgia &amp; South Sandwich Islands', 'GS', 'SGS', '', '0', '1');
INSERT INTO `mcc_country` VALUES ('195', 'Spain', 'ES', 'ESP', '', '0', '1');
INSERT INTO `mcc_country` VALUES ('196', 'Sri Lanka', 'LK', 'LKA', '', '0', '1');
INSERT INTO `mcc_country` VALUES ('197', 'St. Helena', 'SH', 'SHN', '', '0', '1');
INSERT INTO `mcc_country` VALUES ('198', 'St. Pierre and Miquelon', 'PM', 'SPM', '', '0', '1');
INSERT INTO `mcc_country` VALUES ('199', 'Sudan', 'SD', 'SDN', '', '0', '1');
INSERT INTO `mcc_country` VALUES ('200', 'Suriname', 'SR', 'SUR', '', '0', '1');
INSERT INTO `mcc_country` VALUES ('201', 'Svalbard and Jan Mayen Islands', 'SJ', 'SJM', '', '0', '1');
INSERT INTO `mcc_country` VALUES ('202', 'Swaziland', 'SZ', 'SWZ', '', '0', '1');
INSERT INTO `mcc_country` VALUES ('203', 'Sweden', 'SE', 'SWE', '{company}\r\n{fullname}\r\n{address}\r\n{postcode} {city}\r\n{country}', '1', '1');
INSERT INTO `mcc_country` VALUES ('204', 'Switzerland', 'CH', 'CHE', '', '0', '1');
INSERT INTO `mcc_country` VALUES ('205', 'Syrian Arab Republic', 'SY', 'SYR', '', '0', '1');
INSERT INTO `mcc_country` VALUES ('206', 'Taiwan', 'TW', 'TWN', '', '0', '1');
INSERT INTO `mcc_country` VALUES ('207', 'Tajikistan', 'TJ', 'TJK', '', '0', '1');
INSERT INTO `mcc_country` VALUES ('208', 'Tanzania, United Republic of', 'TZ', 'TZA', '', '0', '1');
INSERT INTO `mcc_country` VALUES ('209', 'Thailand', 'TH', 'THA', '', '0', '1');
INSERT INTO `mcc_country` VALUES ('210', 'Togo', 'TG', 'TGO', '', '0', '1');
INSERT INTO `mcc_country` VALUES ('211', 'Tokelau', 'TK', 'TKL', '', '0', '1');
INSERT INTO `mcc_country` VALUES ('212', 'Tonga', 'TO', 'TON', '', '0', '1');
INSERT INTO `mcc_country` VALUES ('213', 'Trinidad and Tobago', 'TT', 'TTO', '', '0', '1');
INSERT INTO `mcc_country` VALUES ('214', 'Tunisia', 'TN', 'TUN', '', '0', '1');
INSERT INTO `mcc_country` VALUES ('215', 'Turkey', 'TR', 'TUR', '', '0', '1');
INSERT INTO `mcc_country` VALUES ('216', 'Turkmenistan', 'TM', 'TKM', '', '0', '1');
INSERT INTO `mcc_country` VALUES ('217', 'Turks and Caicos Islands', 'TC', 'TCA', '', '0', '1');
INSERT INTO `mcc_country` VALUES ('218', 'Tuvalu', 'TV', 'TUV', '', '0', '1');
INSERT INTO `mcc_country` VALUES ('219', 'Uganda', 'UG', 'UGA', '', '0', '1');
INSERT INTO `mcc_country` VALUES ('220', 'Ukraine', 'UA', 'UKR', '', '0', '1');
INSERT INTO `mcc_country` VALUES ('221', 'United Arab Emirates', 'AE', 'ARE', '', '0', '1');
INSERT INTO `mcc_country` VALUES ('222', 'United Kingdom', 'GB', 'GBR', '', '1', '1');
INSERT INTO `mcc_country` VALUES ('223', 'United States', 'US', 'USA', '{fullname}\r\n{company}\r\n{address}\r\n{city}, {zone} {postcode}\r\n{country}', '0', '1');
INSERT INTO `mcc_country` VALUES ('224', 'United States Minor Outlying Islands', 'UM', 'UMI', '', '0', '1');
INSERT INTO `mcc_country` VALUES ('225', 'Uruguay', 'UY', 'URY', '', '0', '1');
INSERT INTO `mcc_country` VALUES ('226', 'Uzbekistan', 'UZ', 'UZB', '', '0', '1');
INSERT INTO `mcc_country` VALUES ('227', 'Vanuatu', 'VU', 'VUT', '', '0', '1');
INSERT INTO `mcc_country` VALUES ('228', 'Vatican City State (Holy See)', 'VA', 'VAT', '', '0', '1');
INSERT INTO `mcc_country` VALUES ('229', 'Venezuela', 'VE', 'VEN', '', '0', '1');
INSERT INTO `mcc_country` VALUES ('230', 'Viet Nam', 'VN', 'VNM', '', '0', '1');
INSERT INTO `mcc_country` VALUES ('231', 'Virgin Islands (British)', 'VG', 'VGB', '', '0', '1');
INSERT INTO `mcc_country` VALUES ('232', 'Virgin Islands (U.S.)', 'VI', 'VIR', '', '0', '1');
INSERT INTO `mcc_country` VALUES ('233', 'Wallis and Futuna Islands', 'WF', 'WLF', '', '0', '1');
INSERT INTO `mcc_country` VALUES ('234', 'Western Sahara', 'EH', 'ESH', '', '0', '1');
INSERT INTO `mcc_country` VALUES ('235', 'Yemen', 'YE', 'YEM', '', '0', '1');
INSERT INTO `mcc_country` VALUES ('237', 'Democratic Republic of Congo', 'CD', 'COD', '', '0', '1');
INSERT INTO `mcc_country` VALUES ('238', 'Zambia', 'ZM', 'ZMB', '', '0', '1');
INSERT INTO `mcc_country` VALUES ('239', 'Zimbabwe', 'ZW', 'ZWE', '', '0', '1');
INSERT INTO `mcc_country` VALUES ('242', 'Montenegro', 'ME', 'MNE', '', '0', '1');
INSERT INTO `mcc_country` VALUES ('243', 'Serbia', 'RS', 'SRB', '', '0', '1');
INSERT INTO `mcc_country` VALUES ('244', 'Aaland Islands', 'AX', 'ALA', '', '0', '1');
INSERT INTO `mcc_country` VALUES ('245', 'Bonaire, Sint Eustatius and Saba', 'BQ', 'BES', '', '0', '1');
INSERT INTO `mcc_country` VALUES ('246', 'Curacao', 'CW', 'CUW', '', '0', '1');
INSERT INTO `mcc_country` VALUES ('247', 'Palestinian Territory, Occupied', 'PS', 'PSE', '', '0', '1');
INSERT INTO `mcc_country` VALUES ('248', 'South Sudan', 'SS', 'SSD', '', '0', '1');
INSERT INTO `mcc_country` VALUES ('249', 'St. Barthelemy', 'BL', 'BLM', '', '0', '1');
INSERT INTO `mcc_country` VALUES ('250', 'St. Martin (French part)', 'MF', 'MAF', '', '0', '1');
INSERT INTO `mcc_country` VALUES ('251', 'Canary Islands', 'IC', 'ICA', '', '0', '1');
INSERT INTO `mcc_country` VALUES ('252', 'Ascension Island (British)', 'AC', 'ASC', '', '0', '1');
INSERT INTO `mcc_country` VALUES ('253', 'Kosovo, Republic of', 'XK', 'UNK', '', '0', '1');
INSERT INTO `mcc_country` VALUES ('254', 'Isle of Man', 'IM', 'IMN', '', '0', '1');
INSERT INTO `mcc_country` VALUES ('255', 'Tristan da Cunha', 'TA', 'SHN', '', '0', '1');
INSERT INTO `mcc_country` VALUES ('256', 'Guernsey', 'GG', 'GGY', '', '0', '1');
INSERT INTO `mcc_country` VALUES ('257', 'Jersey', 'JE', 'JEY', '', '0', '1');

-- ----------------------------
-- Table structure for mcc_coupon
-- ----------------------------
DROP TABLE IF EXISTS `mcc_coupon`;
CREATE TABLE `mcc_coupon` (
  `coupon_id` int(11) NOT NULL AUTO_INCREMENT,
  `name` varchar(128) NOT NULL,
  `code` varchar(10) NOT NULL,
  `type` char(1) NOT NULL,
  `discount` decimal(15,4) NOT NULL,
  `logged` tinyint(1) NOT NULL,
  `shipping` tinyint(1) NOT NULL,
  `total` decimal(15,4) NOT NULL,
  `date_start` date NOT NULL DEFAULT '2016-01-01',
  `date_end` date NOT NULL DEFAULT '2016-01-01',
  `uses_total` int(11) NOT NULL,
  `uses_customer` varchar(11) NOT NULL,
  `status` tinyint(1) NOT NULL,
  `date_added` datetime NOT NULL,
  PRIMARY KEY (`coupon_id`)
) ENGINE=MyISAM AUTO_INCREMENT=7 DEFAULT CHARSET=utf8;

-- ----------------------------
-- Records of mcc_coupon
-- ----------------------------
INSERT INTO `mcc_coupon` VALUES ('4', '10% 折扣', '2222', 'P', '10.0000', '0', '0', '0.0000', '2015-04-01', '2020-01-01', '10', '10', '0', '2009-01-27 13:55:03');
INSERT INTO `mcc_coupon` VALUES ('5', '免费配送', '3333', 'P', '0.0000', '0', '1', '100.0000', '2015-01-01', '2015-02-01', '10', '10', '0', '2009-03-14 21:13:53');
INSERT INTO `mcc_coupon` VALUES ('6', '10元折扣券', '1111', 'F', '10.0000', '1', '0', '10.0000', '2015-01-01', '2020-01-01', '100000', '10000', '1', '2009-03-14 21:15:18');

-- ----------------------------
-- Table structure for mcc_coupon_category
-- ----------------------------
DROP TABLE IF EXISTS `mcc_coupon_category`;
CREATE TABLE `mcc_coupon_category` (
  `coupon_id` int(11) NOT NULL,
  `category_id` int(11) NOT NULL,
  PRIMARY KEY (`coupon_id`,`category_id`)
) ENGINE=MyISAM DEFAULT CHARSET=utf8;

-- ----------------------------
-- Records of mcc_coupon_category
-- ----------------------------

-- ----------------------------
-- Table structure for mcc_coupon_history
-- ----------------------------
DROP TABLE IF EXISTS `mcc_coupon_history`;
CREATE TABLE `mcc_coupon_history` (
  `coupon_history_id` int(11) NOT NULL AUTO_INCREMENT,
  `coupon_id` int(11) NOT NULL,
  `order_id` int(11) NOT NULL,
  `customer_id` int(11) NOT NULL,
  `amount` decimal(15,4) NOT NULL,
  `date_added` datetime NOT NULL,
  PRIMARY KEY (`coupon_history_id`)
) ENGINE=MyISAM DEFAULT CHARSET=utf8;

-- ----------------------------
-- Records of mcc_coupon_history
-- ----------------------------

-- ----------------------------
-- Table structure for mcc_coupon_product
-- ----------------------------
DROP TABLE IF EXISTS `mcc_coupon_product`;
CREATE TABLE `mcc_coupon_product` (
  `coupon_product_id` int(11) NOT NULL AUTO_INCREMENT,
  `coupon_id` int(11) NOT NULL,
  `product_id` int(11) NOT NULL,
  PRIMARY KEY (`coupon_product_id`)
) ENGINE=MyISAM AUTO_INCREMENT=2 DEFAULT CHARSET=utf8;

-- ----------------------------
-- Records of mcc_coupon_product
-- ----------------------------

-- ----------------------------
-- Table structure for mcc_currency
-- ----------------------------
DROP TABLE IF EXISTS `mcc_currency`;
CREATE TABLE `mcc_currency` (
  `currency_id` int(11) NOT NULL AUTO_INCREMENT,
  `title` varchar(32) NOT NULL,
  `code` varchar(3) NOT NULL,
  `symbol_left` varchar(12) NOT NULL,
  `symbol_right` varchar(12) NOT NULL,
  `decimal_place` char(1) NOT NULL,
  `value` float(15,8) NOT NULL,
  `status` tinyint(1) NOT NULL,
  `date_modified` datetime NOT NULL,
  PRIMARY KEY (`currency_id`)
) ENGINE=MyISAM AUTO_INCREMENT=7 DEFAULT CHARSET=utf8;

-- ----------------------------
-- Records of mcc_currency
-- ----------------------------
INSERT INTO `mcc_currency` VALUES ('6', '港币', 'HKD', '$', '', '2', '1.19250000', '1', '2016-04-25 06:59:02');
INSERT INTO `mcc_currency` VALUES ('5', 'US Dollar', 'USD', '$', '', '2', '0.15369999', '1', '2016-04-25 06:59:02');
INSERT INTO `mcc_currency` VALUES ('4', '人民币', 'CNY', '￥', '', '2', '1.00000000', '1', '2016-04-25 07:10:36');

-- ----------------------------
-- Table structure for mcc_customer
-- ----------------------------
DROP TABLE IF EXISTS `mcc_customer`;
CREATE TABLE `mcc_customer` (
  `customer_id` int(11) NOT NULL AUTO_INCREMENT,
  `member_id` int(11) NOT NULL COMMENT 'edg会员id',
  `customer_group_id` int(11) NOT NULL,
  `type` enum('weixin','qq','weibo') DEFAULT NULL COMMENT '用户来源类型',
  `store_id` int(11) NOT NULL DEFAULT '0',
  `fullname` varchar(32) DEFAULT NULL,
  `email` varchar(96) DEFAULT NULL,
  `telephone` varchar(32) DEFAULT NULL,
  `fax` varchar(32) DEFAULT NULL,
  `logo` varchar(255) DEFAULT NULL COMMENT '头像',
  `cart` text,
  `wishlist` text,
  `newsletter` tinyint(1) NOT NULL DEFAULT '0',
  `address_id` int(11) DEFAULT '0',
  `ip` varchar(40) NOT NULL,
  `status` tinyint(1) NOT NULL,
  `approved` tinyint(1) NOT NULL,
  `safe` tinyint(1) NOT NULL,
  `token` varchar(255) NOT NULL,
  `date_added` datetime NOT NULL,
  `date_modified` datetime NOT NULL,
  PRIMARY KEY (`customer_id`),
  UNIQUE KEY `member_id` (`member_id`) USING BTREE
) ENGINE=MyISAM AUTO_INCREMENT=63 DEFAULT CHARSET=utf8;

-- ----------------------------
-- Records of mcc_customer
-- ----------------------------
INSERT INTO `mcc_customer` VALUES ('1', '1560', '1', '', '0', '韦庆磊', '527482068@qq.com', '13427548928', null, null, null, null, '0', '39', '127.0.0.1', '1', '1', '0', 'AWm/ZdAUMZL5ADXq4IAw6o5pQDr3/iBKWg+48ytl86twKpuSDxchDH6n+u8AHiFokE9/j3Kn6QuiRNilVslKRMDijzYzyZKJVQoGpRdsE2K1LQJv7aXt2BbTY6E1mSx7SrNqn2Yzn+UgCiX1W2Ww8a8LBwno1a4ZndpixBGuhZI=', '2016-03-31 16:20:57', '2016-04-13 15:11:08');
INSERT INTO `mcc_customer` VALUES ('2', '1', '1', null, '0', null, null, '13456788999', null, null, null, null, '0', '0', '127.0.0.1', '1', '1', '0', '268e27056a3e52cf3755d193cbeb0594', '2016-04-13 16:32:15', '2016-04-13 16:32:15');
INSERT INTO `mcc_customer` VALUES ('3', '2', '1', null, '0', null, null, '13456788993', null, null, null, null, '0', '0', '127.0.0.1', '1', '1', '0', '268e27056a3e52cf3755d193cbeb0594', '2016-04-13 16:40:38', '2016-04-13 16:40:38');
INSERT INTO `mcc_customer` VALUES ('4', '3', '1', null, '0', null, null, '13456728993', null, null, null, null, '0', '0', '127.0.0.1', '1', '1', '0', '268e27056a3e52cf3755d193cbeb0594', '2016-04-13 16:42:18', '2016-04-13 16:42:18');
INSERT INTO `mcc_customer` VALUES ('5', '4', '1', null, '0', null, null, '13456728991', null, null, null, null, '0', '0', '127.0.0.1', '1', '1', '0', '268e27056a3e52cf3755d193cbeb0594', '2016-04-13 16:43:03', '2016-04-13 16:43:03');
INSERT INTO `mcc_customer` VALUES ('6', '1475', '1', null, '0', '', null, '748019115', null, '', null, null, '0', '0', '113.108.164.34', '1', '1', '0', 'k4SkvIGKMbOIGtsxTdv2IIOq8/wzGV1lcBRthnaSL0wUJk1l8KeuL44bC4gOPN/72m66oD5msMUqocKpbTuX7GBIM939rrLx4SI0FTnPZxItC+QVvXKLgwLe6sB4BqZMQzF+uU7HexpgiHwKYciRY8FeLwX0N/jIAM2rb0dh7No=', '2016-05-10 17:40:21', '0000-00-00 00:00:00');
INSERT INTO `mcc_customer` VALUES ('8', '0', '1', null, '0', '', null, '', null, '', null, null, '0', '0', '117.136.45.136', '1', '1', '0', '', '2016-05-12 23:41:11', '0000-00-00 00:00:00');
INSERT INTO `mcc_customer` VALUES ('7', '1483', '1', 'qq', '0', '', null, '280530763', null, '', null, null, '0', '16', '127.0.0.1', '1', '1', '0', 'bOhQWp3yGd2ZjlFfXXGH1ZOMjNs/Ad/+ZJ7xsiapvDNF6TrPk0L5Kx4g5lUbWhsEJ9WBq2oCFFPj7cRCPo3JFn+tjBrGNaIAipXw+e7dgKrJrL2zSQ/A+S9s7eRX5UcbXyz6FHT+Dz9I2Xmp+2kzrDNBelWMYZjXr3FlAYgN52g=', '2016-05-12 19:04:58', '0000-00-00 00:00:00');
INSERT INTO `mcc_customer` VALUES ('9', '1543', '1', null, '0', '', null, '15895886383', null, '', null, null, '0', '0', '117.136.45.136', '1', '1', '0', 'RHlfbPu/EMJoAg8OTP4Vvr+pzEL+bQuRvGnbkyN5RkjQS4Xom5pMCVEVwlvTIpWu9mw0ikFRDfkCgOMOwQHbKo+uqceCq5br/ou/enXUYXWqIERXx/iIiqT3xSUj9Jrz9d15dY+SnIsZORkcUOLa87Z+s/rsANTrnt7/VuYes+M=', '2016-05-12 23:41:55', '0000-00-00 00:00:00');
INSERT INTO `mcc_customer` VALUES ('10', '1551', '1', null, '0', '', null, '13987925911', null, '', null, null, '0', '0', '218.63.117.89', '1', '1', '0', 'kyqEvfH68EIFzd13UKf5TpE1EydbJngnTAV4dA6RvqDRz0TBvFYZV4aM4ymbp+yxTO9kCiKQ+IVmvoXIwjToCDBh1E7h9PgtnNuaIjHkd9pvwT0Ezs+jyR4RV795xzlqBZWe+VqeT9352OU94jupGaXEsh5v3p8Sz1eHVLpy0Ew=', '2016-05-13 08:19:38', '0000-00-00 00:00:00');
INSERT INTO `mcc_customer` VALUES ('11', '1559', '1', null, '0', '', null, '13983024447', null, '', null, null, '0', '0', '113.46.46.132', '1', '1', '0', 'k/cvWXEjVAX8WCLtKo+OSsERWArHM8AXsbaLifkNScw2EzOoRBeqzTmv7sIzIdvVzW9Bm8+5W7qgv4ZAs5NiRiIQKDyO7WU3yOFOMRgA4/spURxx5WSUMpOVpzo7CzkbNvCLF4tPt1/F3+69FEnSS+za4n5zHKI+kuUcW0f8IXk=', '2016-05-16 10:55:07', '0000-00-00 00:00:00');
INSERT INTO `mcc_customer` VALUES ('12', '1491', '1', null, '0', '', null, '479837267', null, '', null, null, '0', '15', '113.108.164.34', '1', '1', '0', 'cHMTGT5PM4ZtV7qhe/bceEzFDoisnK+jUZMc5GIeVXsdGanIF3S8gpxcTkLF3s+UadRq93Zto13FOhy3IegsMqGdBzOQ1nNAFkq8vYKxUP3t8Qhppp26OPNTm0CGhVJAR7snt+cCGyEvebtMYHUAtspiDoaFHwyyjvyayEnFt2c=', '2016-05-16 15:07:07', '0000-00-00 00:00:00');
INSERT INTO `mcc_customer` VALUES ('13', '1568', '1', null, '0', '', null, '612592104', null, '', null, null, '0', '0', '14.17.22.34', '1', '1', '0', 'bSmWlO0oZs2E2Cg7IX1/UcM42kf2SPcpdrXJNQrSDW5TG940UarWR+cVA4pAqUSvijjk1NIFKQQsWmOx8DRIWlloylrI/CElMgOzd7w7k4yF8YMhQiO6Z4zBr/b/hZw4uVVDfeFyYxxuE1V10oVyi8zki73NsrGmKiLNyP6V9tM=', '2016-05-16 15:27:31', '0000-00-00 00:00:00');
INSERT INTO `mcc_customer` VALUES ('14', '1462', '1', null, '0', '', null, '8108038', null, '', null, null, '0', '19', '113.108.164.34', '1', '1', '0', 'NqORPjGetHC3PztVVRfIFV6BDnFhdDhToezoLV6Y4gb7UOu8y6WTwjA7YZIIj/FmpKpSWWchdlk7gh+WqBJBslzbhume2mhCGKDrrlHwIVn2TbIgo9uodKHpKdeposY5LlBjmK71UfzuwVd2icyfURqTyN/Vslf8+oS+ZxtjaLQ=', '2016-05-16 16:42:44', '0000-00-00 00:00:00');
INSERT INTO `mcc_customer` VALUES ('15', '1396', '1', null, '0', '', null, '587471596', null, '', null, null, '0', '0', '183.130.36.85', '1', '1', '0', 'Uopx1Ux8dgoektjHIEiP0WpdnVNezZL6ViLXPKrd7BVJDG6HrGffDBEg31w63y3mtRtQ3O+Zc/b2VVMmplyKxLt7EaGYaClWbili/pKlpht8JUjbKAe6U0FD2SFhZ9WPVQDUkfiUOBwqw8eE2hA5sSzQt4SHLVrdSz8cuS6eD68=', '2016-05-17 18:12:55', '0000-00-00 00:00:00');
INSERT INTO `mcc_customer` VALUES ('16', '1567', '1', null, '0', '', null, '29815071', null, '', null, null, '0', '0', '113.93.34.118', '1', '1', '0', 'pEr827UazwUUzm6drlo/DcGofQNEhRADVxOdRBDLvEAgUbCMypmN69bJGo6lXgHjoeTKVMhaRWwrQpRVqdwu5TsbnNKCnGoia+MYkuLKYIu/gvyZ5lvvklNpQEkRhokJeo38D9SJf/8/YeSy8+xVzDu6RH/LGhxbJrZC9TylZHE=', '2016-05-17 22:05:43', '0000-00-00 00:00:00');
INSERT INTO `mcc_customer` VALUES ('17', '1499', '1', null, '0', '', null, '628856723', null, '', null, null, '0', '0', '175.19.18.220', '1', '1', '0', 'UiDbSOlztF1FWNbTwhZpN9oEDfNIf1zoYCJrq/Cl4EjBvjVDJUYV/WPYqfJSt/L2L0XaJiQJI2Ct9z5eSDAeaPZzBsZI89i+n8pSu215ZNPaeoNiq7NHSnRijOnS7jjBRid3ImQ42n9gkI/8zqldj4x7HdBTj4AuyWCcd4l9u6w=', '2016-05-17 23:08:06', '0000-00-00 00:00:00');
INSERT INTO `mcc_customer` VALUES ('18', '1625', '1', null, '0', '', null, '457336233', null, '', null, null, '0', '0', '219.130.217.60', '1', '1', '0', 'mllVIY1ibPHJKL0g5tfypUtHMdQsbYRARSLj+XfntzldBDo2vNxfyge5sas+jLmB7k6BwW2LBOWqtGuvtEFwcpCiL6uO6oBKp0SjbqYq5BnqiAIfYxw9NXb8366CdFFcofPULnLEav8btPM03NbvxAWygoj7uYrBNWVk18oCLh8=', '2016-05-18 13:25:27', '0000-00-00 00:00:00');
INSERT INTO `mcc_customer` VALUES ('19', '1586', '1', null, '0', '', null, '238647202', null, '', null, null, '0', '0', '60.180.195.200', '1', '1', '0', 'Kk9S8aol6XX4h8AFMSSpqDCazQOdvQN3KZzlvOwMhuTjcB4CRIqgyaMp6oqsb9AENvqyzkkKqUSvX51CiJWZQsAdXZ8Ttu9d+OQ6sv7+jF1d9pD1+rXlu4wotYDtAjKk3YomVk/SMa1Kkum2kGeMtc4QV/xKBskYZZMfOThDofg=', '2016-05-18 18:20:52', '0000-00-00 00:00:00');
INSERT INTO `mcc_customer` VALUES ('20', '39', '1', null, '0', '', null, '13602469991', null, 'http://120.24.78.166/group1/M00/00/4B/oYYBAFYbh2qAfjDtAAAzIeYX7ZY443.jpg', null, null, '0', '0', '119.130.171.186', '1', '1', '0', 'aO8OCvBqN/BtbBEiLNOMOYTcGz89/dz4owslbdvBQH6xETblMQ86YhKr7NXafEGSd8ikxVaog7kdxIfTomXNQg/M0ALYHyZV1KDGSgddTMmkaF0LBj87WlWUE0siiDuNVMa0zUwBiQlVpMJ2QTFbgLL8o/GYFcwS0xAaVRbF4As=', '2016-05-18 22:00:44', '0000-00-00 00:00:00');
INSERT INTO `mcc_customer` VALUES ('21', '1507', '1', null, '0', '', null, '40015179', null, '', null, null, '0', '0', '119.130.71.34', '1', '1', '0', 'JLdGvB4EiKT8mRD+aES6V0wUc3tCyKauIi8/Z7/h0vKwsSzE/7Fj/NPYGOoVSOGfM6zGh2DM9n1Dd/jlNL4FFnsUIletUm8sWszmrcGRssqzaguVDw79e7UUlQLmS7tvNKWoImJeVosW+7rEVEPTctrrnbIizQz5IODDI0x0Vh0=', '2016-05-18 22:04:25', '0000-00-00 00:00:00');
INSERT INTO `mcc_customer` VALUES ('22', '1594', '1', null, '0', '', null, '688764514', null, '', null, null, '0', '0', '119.130.71.34', '1', '1', '0', 'O8K+gLcLW1RkMotZLgL2PDyO5iDsW0LLpBHeEuByQcwNDtxhQEVwa692X9+iba+g/SC4L2w5qEQumu5Lj4WiY269Dl4B+NHBzuItqjjWwSv4G6QvlaOE4D9qt71sh/Zvxf7Od+qvxVfSIwPM7b4IzkFNh+5qvvhV2uMBiqcXTqA=', '2016-05-18 22:05:31', '0000-00-00 00:00:00');
INSERT INTO `mcc_customer` VALUES ('23', '1576', '1', null, '0', '', null, '600696864', null, '', null, null, '0', '17', '113.248.144.225', '1', '1', '0', 'GDKFhY+N4I2DoFSqSyHZ47TBEt3qrqauN0lPi6CHFObP9LFXqY58vwWMik7oBdtoPzRy9tw1zkvZxQ8Wc0rvx9owmhuVamyKM4s7Pmar1nLNwu07pHStjvBnNzJvCf7jdpwmi6p9sHJ1e5obkJXL7vb8FphF3FQFaoX1WVxr7BQ=', '2016-05-20 18:56:40', '0000-00-00 00:00:00');
INSERT INTO `mcc_customer` VALUES ('24', '1515', '1', null, '0', '', null, '426737267', null, '', null, null, '0', '18', '111.78.110.90', '1', '1', '0', 'OY0YEMDbKNZN2tBNBduOGZ9An4X42ake9iw4KEcmA9Fz23RhVzO3lBtw6U/htYxFKhhfLCN+CEQT3ew+CutmmS0X0lL7/Ozr75kKOWQvT4wnltexF0JmSsF4Oq3+478zEnqV3MdOl+dLo9cUZOMLHRtmDWbOGWIOwNmuJxUqq1g=', '2016-05-20 21:31:56', '0000-00-00 00:00:00');
INSERT INTO `mcc_customer` VALUES ('25', '22', '1', null, '0', '', null, '18929566151', null, 'http://120.24.78.166/group1/M00/00/4C/oYYBAFYkfouAfGKBAAAw798_xk8977.jpg', null, null, '0', '21', '113.108.164.34', '1', '1', '0', 'DaQKeJyffWzT487LAXoB+P+KoNEoeiUeepBQVtLk2hKYcu38BYrroAiT4VsVRAa83FGdJfY/F/Oq2zN2/jH+kURfXV3TIx3fPogEDUcgRGKU1AaozO3IbjOnpCo2B0Ll79o06yaU3fHLJBi2idg1pSJB5g3qFpBJ7X/EH6iMw1M=', '2016-05-23 11:59:09', '0000-00-00 00:00:00');
INSERT INTO `mcc_customer` VALUES ('26', '1633', '1', null, '0', '', null, '798435249', null, '', null, null, '0', '20', '221.195.215.48', '1', '1', '0', 'RKGzcJ5A76/KLAQl0mj57qnC4JXUgocM6GGbYkHCJyunXPwOYBimukFQ2XtMPO1/FXdLFu7S5DQisvEn4mrfkbZHiMw5iDE31jBs9B4EISjYA0cmkfgZ8u9dgcbwn4zU82xxMgbdOlWlM9sKgJJgaBul5MbJS2SPxfd7jhpB0iE=', '2016-05-23 20:58:32', '0000-00-00 00:00:00');
INSERT INTO `mcc_customer` VALUES ('27', '1641', '1', 'weixin', '0', '', null, '699357185', null, '', null, null, '0', '0', '113.108.164.34', '1', '1', '0', 'WX1JBGN6CZRrlihOF5RMlvjotTATiqRP4oFaEslSaNtcAziJqpLI+6OUFcmLXz4WRlF7IcnV+qrQaWOvZVDrXRU0Ff7xVKTLViskJKHk0d0NliH0uQAWcFDdd77ogcmB2PpRIlPj9/ZrW5grY+1ZBBaAlYonW7v8GHuLc/OSmtU=', '2016-05-24 19:06:51', '0000-00-00 00:00:00');
INSERT INTO `mcc_customer` VALUES ('28', '1602', '1', 'qq', '0', '', null, '262128850', null, '', null, null, '0', '0', '116.226.1.130', '1', '1', '0', 'dNFehg4fcmkz0PH51e1o4PuqJmmVYVJKsvZYtmAZGiEWOWrnn2NwPGvTI2W9P0c0EfCNhB0TIKfi4hN9NqORUjANTpKnhXfsmYt7V+6rGLx4C5aCAcQ1FldjGznZ2j2/MbjVGctyd9ysq+stPR5uoPB/i7lVBI6qZgLPzTf0yWw=', '2016-05-25 11:20:28', '0000-00-00 00:00:00');
INSERT INTO `mcc_customer` VALUES ('29', '1404', '1', 'qq', '0', '', null, '184154476', null, '', null, null, '0', '0', '113.108.164.34', '1', '1', '0', 'RO9N53JmAQRxU0vtHUairiEHa0zev3iD5lFzE7oXemn++EaZxksL+FzkKlvcipu+YD2XBUJ07XT2FeC+VZ0oBiYKUDny/PSIBXC/y3hYkgY+1B/0MX9FrlUzspbrk5Qaf31YhU513DU9VdNSDpejMwFetveUfLPVJ/xtym5jalg=', '2016-05-25 11:46:56', '0000-00-00 00:00:00');
INSERT INTO `mcc_customer` VALUES ('30', '1610', '1', 'qq', '0', '', null, '120606722', null, '', null, null, '0', '23', '113.108.164.34', '1', '1', '0', 'Xs8njihR7ZNXtpJ3TyEek8CgyLX6hjgBXG6ZjyzjiNyycMrZtfo0xxPNqA4+GliqniesOCN6RBPh6vnG3n15Z/w7VtaAiyq/INmHcXsc1YB5yhczuuhWfGwXVO0YvePfKMJXI5AbF6AQpddTaA5DuTxuGFMiyn2oxAfctedvrRM=', '2016-05-25 17:02:49', '0000-00-00 00:00:00');
INSERT INTO `mcc_customer` VALUES ('31', '1649', '1', 'qq', '0', '', null, '519368641', null, '', null, null, '0', '0', '122.5.151.155', '1', '1', '0', 'fgV3WT14SuzZnBQd71RLUW3ibA/ANjk3eJ/crw7PLJHyRgNuUSTtSjVsFEFUd0ZpKuOgYZ4aO+qHtMI3rXCwlQfGlDEAujzf+Oc7nNYalwsisHEOLqnmR3vRaw/eR5smxttA8AXWNu5BZZumgDAFgRrSIrgRuVIbNCPTnTppyrI=', '2016-05-25 20:04:54', '0000-00-00 00:00:00');
INSERT INTO `mcc_customer` VALUES ('32', '1657', '1', 'qq', '0', '', null, '125852041', null, '', null, null, '0', '0', '115.229.208.151', '1', '1', '0', 'fDSqmyUByIP3R00tBKdDFfmrls6ix4+uIL7sbwjqADBE39VSxXBnTVcm17H0xb8euuHpx6fINVVMyVeig5sB/HEmi3+hMDzd+sY8e/FGiEiRedPgLWs7+qcVVlLwt7o77nl8s+ePcKGN8t4v/ZzyxPz5/WKUn8i+o6Wc+0QeugI=', '2016-05-25 20:43:56', '0000-00-00 00:00:00');
INSERT INTO `mcc_customer` VALUES ('33', '1575', '1', 'qq', '0', '', null, '451001511', null, '', null, null, '0', '0', '222.42.132.126', '1', '1', '0', 'L8YuJr/5CVg4oizYrNsYqSmETz24j7K4q9fjNpo1H0GZyOVBDmq1CLxa6/Y6ZtKyPP3NfqPOUoq64s4U3KLKgyJRlPX4vLg6npUsk3B8Kt+rpYAwMXkmCqylaLhfy7J8LKWFQX+IFsl1ui7k70jrYUFaCZknYPySaehrkrKJmXg=', '2016-05-25 23:27:43', '0000-00-00 00:00:00');
INSERT INTO `mcc_customer` VALUES ('34', '1583', '1', 'weixin', '0', '', null, '423733175', null, '', null, null, '0', '0', '1.25.61.158', '1', '1', '0', 'aqut/Bt3K2eiKTjboCNMg+aOHM14jIH27UpW4wkRgbMsBCzprE1GdR/2pme4d84viFtX4Gs7FI+cAmWruy950A1FGo6j/wKj1j68Frr8K3opduRUrwKlS0aNm9QQSbZ3bjhnkpKZb8Jc0EVW6+ZmOFgog2wNpxjE4KbK3oJqHjM=', '2016-05-26 14:07:49', '0000-00-00 00:00:00');
INSERT INTO `mcc_customer` VALUES ('35', '1591', '1', 'qq', '0', '', null, '356555415', null, '', null, null, '0', '0', '139.205.170.189', '1', '1', '0', 'kA5CSmnjyhla9M4Fb3pF3dOXel/LyY1CB89UBPxnM9MNlAWK8VYBqKm8Gl9vs8DCQ7XpAhwRDz8ZUZn7B1OJeDn9dMOF72314e/ogTM/Lh0I35nejpoJmPT4vb33553YahWRCgMVZWkAvXwhn8gZ4w1qFsXMnhS3MPV67J5ipSw=', '2016-05-27 09:59:11', '0000-00-00 00:00:00');
INSERT INTO `mcc_customer` VALUES ('36', '1421', '1', '', '0', '', null, '13761181741', null, '', null, null, '0', '0', '58.247.240.40', '1', '1', '0', 'a9KWCYnsoi2QYUs5TlmrsYLWZdferMUHuboMdY3xnqiOmmNX5gAEmzUyUtk4ipDtjSjiMR0PJtivMtL8PUVzdM/sCsKSrzk3j6EkG/Zi7FZE7l75JBbc325HjuHKW3IfnAgE8aHwaoTsv4bPOKL4sonJP5kJEWAAPmdi8IGBKpc=', '2016-05-27 11:26:31', '0000-00-00 00:00:00');
INSERT INTO `mcc_customer` VALUES ('37', '1523', '1', 'qq', '0', '', null, '182722579', null, '', null, null, '0', '24', '58.247.240.40', '1', '1', '0', 'Y+ClnoYmDm2kUbjB+F4JoIgG3Y9G2eprPDrpEybX6F8M5Bg5TeOsoSihqORRT51BEfYvNSYGDfVBciqZbxEBPCQEhSg70vRIxzcCa14Ymr2ctlLDolqnEoEfXim6wobC8FGIp8OaxlJU8ZTMU0EnVuTIL9SPA4FOSqcWitoIGsI=', '2016-05-27 11:26:42', '0000-00-00 00:00:00');
INSERT INTO `mcc_customer` VALUES ('38', '1592', '1', 'qq', '0', '', null, '709906280', null, '', null, null, '0', '25', '116.25.34.67', '1', '1', '0', 'b9I4CiJbou/uvZDdHtHzceHQDbL6NKlyvclP+HXW6pfCahvUbaVKKmYMfdyMYr5QADCm4rznxELjeVEzzHgHOoFGJ0qQtB9ctzxM2LacLZ+1dbPOhW5fu2FiTMZEU4iGSdi/yK8dakuqW8KReccn0ggxpEMbAxWUahL78NyLvwo=', '2016-05-27 16:45:38', '0000-00-00 00:00:00');
INSERT INTO `mcc_customer` VALUES ('39', '1531', '1', 'weixin', '0', '', null, '30726499', null, '', null, null, '0', '26', '113.108.164.34', '1', '1', '0', 'mePPjakgfpnH6AMT1eCMRUCjSTilC4SXX/lBgM5wdYUPgQVcA6fbDxY3b/8aiGQInZX/DVhNt1upiYlF6/B4yUdQN5VSn6WBLLl3a0CV1AlCo5vln8hWKWpjGsc4F/P/cZEkpApoIFSLRkUlji1G0GQbto3l+fTq6lkO8zlcTEg=', '2016-05-27 17:10:54', '0000-00-00 00:00:00');
INSERT INTO `mcc_customer` VALUES ('40', '1470', '1', 'qq', '0', '', null, '773940070', null, '', null, null, '0', '27', '113.108.164.34', '1', '1', '0', 'cckfb0Z+2ZQY4XJxt3gTDQnzv40932UtD1BGxP3lolEU4V0YfZY4yso8AAEENN3feLhY1YeSlsnJ90puD2r+Dc7Gd9tbnEWGfICB7oz7LuDe8WxviG8qtaVtBgDaEd9Z2v+RA2jUEwgCJaoXhlcX65S4979HiCg+Art8aQD03cY=', '2016-05-27 17:14:03', '0000-00-00 00:00:00');
INSERT INTO `mcc_customer` VALUES ('41', '1599', '1', 'qq', '0', '', null, '651004663', null, '', null, null, '0', '0', '219.157.127.70', '1', '1', '0', 'QThpbGIZEJc2NG9rBe2INTZLFv5WayT4Lv/dxnmHB2KfFZzKuKz6rZavam3FUfmNZcHBD/enpOtX8y7K4CtrkYNzF1mYMHGMBb8aVxseg5L3JMG7MjQzVRSQwL8Jd1qDyIuWj9mPvH8c0n05/AyTnBn3TlG10bHoFe67BbcUNOc=', '2016-05-28 23:41:49', '0000-00-00 00:00:00');
INSERT INTO `mcc_customer` VALUES ('42', '1478', '1', 'qq', '0', '', null, '187451542', null, '', null, null, '0', '28', '171.221.207.17', '1', '1', '0', 'k3opuver3ldcsk9ulCFcJ6zwkEuuBX2MzSNJy90l6htAJ5w3hyT4NECZmvGaTT2XtYlp9oNb4Gt3M+2KsJf/pJJfLLG/lVTrhwTjj8voELe6uGYHrAKr/YyawMuUt2g7FOEbUHdAimtPuD+iYwem/guwE/JBW/c6BXI+MTGVHDg=', '2016-05-29 06:38:56', '0000-00-00 00:00:00');
INSERT INTO `mcc_customer` VALUES ('43', '1607', '1', 'qq', '0', '', null, '622095551', null, '', null, null, '0', '0', '112.14.88.169', '1', '1', '0', 'Sra1Ej08lCQzue9W8NL/FAgTYWOEe+gUNXnWTSxE0qMVCfkEm+Q0+dYYv75Ei/jQ+mwjcmuxxTvXDyrIGEcvx+cE5bHQ9yHRCnLZqsrMsHdNaV5I07W094yy1zh+TMqkWgRqbcoy2kRA9F+Fu6npXYd3szN3pKGPS6txR4DpQkk=', '2016-05-29 08:14:09', '0000-00-00 00:00:00');
INSERT INTO `mcc_customer` VALUES ('44', '1665', '1', 'qq', '0', '', null, '396594633', null, '', null, null, '0', '30', '223.73.160.157', '1', '1', '0', 'EjXcxwEDfxgv6+0L+WPcS4mBjqpdC+/dl+OZ3I+SRBkDWGm0RVV9z1dme2oBuIdlhHn1LEmYvyO2RzWC2bP5H33b19/zXV5wnDcAxZOaHBlTfc9qiUHFgLf4y4QVjZ3PCYYgRza9BubsvJfY3z/KjEQpeWKWeHcqjPrn8rsZJHI=', '2016-05-29 11:56:02', '0000-00-00 00:00:00');
INSERT INTO `mcc_customer` VALUES ('45', '1486', '1', 'qq', '0', '', null, '326635614', null, '', null, null, '0', '29', '127.0.0.1', '1', '1', '0', 'lyidEotN06IG7nbkE9GAYPq8Y0SlyapIeTn1Qqo/P8BCPrqvDFw8ld8PTmkEiVagUnN5V7x2m+fQuEvM+RC/jEtouzVS4i5wBBoPI3f/5m2Zegu063BrI92e99srSliOoNXTfX4NfjkpueJ9OLs+2Vvsd/1fQzIseXg4Dxabqto=', '2016-05-29 13:05:09', '0000-00-00 00:00:00');
INSERT INTO `mcc_customer` VALUES ('46', '1494', '1', 'weixin', '0', '', null, '120896134', null, '', null, null, '0', '0', '113.201.21.86', '1', '1', '0', 'B3a8e3XY4xEkREaUlkbnb3DTO0svfCjYhPYyh4H1s8RQpC7huY/KshTD7AOrPUadJZsDowbvA4dWGIlIeRA5/KNCxyRbIumFQKQ0/Wxf6GLqG+w1SlxcvERy1fuuVbNPJcackVuJYFBQMFqAZ4VdSUgIUoN/lTj7eNj5O8jWX7k=', '2016-05-29 15:03:50', '0000-00-00 00:00:00');
INSERT INTO `mcc_customer` VALUES ('47', '1673', '1', 'qq', '0', '', null, '713464577', null, '', null, null, '0', '0', '39.190.14.118', '1', '1', '0', 'MdQxMBto9tgBJ+5rhYmQMMs2bFMR4JrlWnZwecAWfj+fIu98hz4riPZNIMopWGH72fFADwSnfCM4AJVOg+SUXDyH/6f5KHhWqJNX/m600kBZvvQlma32QOS5TitMiIKsjeKHO/HzOJuiEvxMSRwVvUvVAfzv3NZTzDJWZOdmUwY=', '2016-05-30 09:21:10', '0000-00-00 00:00:00');
INSERT INTO `mcc_customer` VALUES ('48', '1502', '1', 'weibo', '0', '', null, '403458446', null, '', null, null, '0', '0', '127.0.0.1', '1', '1', '0', 'NMGamRi8K48JwiI54p9nKIgjAArtPW3x2TNSnV/FntXUSK5TXB0UJ0utzjUDvDR3yj4JA6dmDGRM69URFgao7DUOdMx4sxDUpoK4cKJVKxQzE25BZ6GQssaMtGbzsZuhugAU1ggTPaXAbq3SdhGToUGidPJY0q7WQoO5whlDcM4=', '2016-05-30 14:06:48', '0000-00-00 00:00:00');
INSERT INTO `mcc_customer` VALUES ('49', '1429', '1', 'weixin', '0', '', null, '673359989', null, '', null, null, '0', '31', '127.0.0.1', '1', '1', '0', 'JPhqE418w4PG/Hl2qL7sKQU5VkZiDMXwbrPMAETDEt+fMm5LrDTuYITlQ2TVh2YabGQJs4YJ0TCGj+jHtmrtQ2TDAFTYQ1M7IAc0ChZ9ZqQsw2ehK1wlwWNAkTecd1ZXYnDlY8+tFN05gm5TvD2Q9FPwrMj0ZZs/32hEnG3R/bM=', '2016-05-30 14:50:56', '0000-00-00 00:00:00');
INSERT INTO `mcc_customer` VALUES ('50', '1600', '1', 'qq', '0', '', null, '723949656', null, '', null, null, '0', '0', '127.0.0.1', '1', '1', '0', 'N6rP8cCHb4f+ibEJa/nqUyJTFBQYdK2zDSvIpWrt35DVGdXPzXEkBtMrTumCimYqW4zbz+FYxQPGI9g0rKxc2B4Oda4b7FnWTT1jdeHZy7te3TN99TAoZZqyqly58t+KBcFLrVR77HAl76MlVYS1t/YiHG/CEn8g2fJwM+8HV/8=', '2016-05-30 19:53:19', '0000-00-00 00:00:00');
INSERT INTO `mcc_customer` VALUES ('51', '1618', '1', 'qq', '0', '', null, '168461130', null, '', null, null, '0', '0', '127.0.0.1', '1', '1', '0', 'pW4h0gV9GE3YtVdn1AM17K30v4JJoJXXS/6duMOBlNJOde00C6TVntSGPmXkFv1fpDqg4QGCIS+1A1XIZ634OQhxFciyae68eT8RyZVQ3+jFtWsLHxkb6fyMkrIENT6lv1oIkzeTOh495dA/QI2HAPH2newSXo6+xXbEaywLPzw=', '2016-05-31 15:23:26', '0000-00-00 00:00:00');
INSERT INTO `mcc_customer` VALUES ('52', '1681', '1', 'qq', '0', '', null, '38222577', null, '', null, null, '0', '32', '127.0.0.1', '1', '1', '0', 'q9r/vI/2TmmiKMkjbMS+ELkHKpfDaOqBGpbxMfQ7Jtz3ZpYnHkZY1Ljxl/vxrxsbDdLhR5jyo9WeUSeqUI23LuzmelOWfeHNU8Ts3POzgy++TtWvNWPuns79GK8BwPcL1LpwyNkj6VhGP+O2SKDqa0UVPBeglNRh1hoAgGpHAvg=', '2016-05-31 16:07:49', '0000-00-00 00:00:00');
INSERT INTO `mcc_customer` VALUES ('53', '1689', '1', 'qq', '0', '', null, '532131073', null, '', null, null, '0', '0', '127.0.0.1', '1', '1', '0', 'hRfyQIXw5Hwt9aClaeRMiKBG6ktWrk4NqnwFnX6NgvWamrCU7Zd4XqfNBYWWXqJ3I5KjThD4KGuttaroZt4t8IsvYCsUHxhCBa0lxaN/aRTEWH7KMvz9oLAIHcrf+3sWykX/WyvF6Zt9JlWgfOGcO0oo+zv06eDi0EpN76nBOM4=', '2016-05-31 16:48:59', '0000-00-00 00:00:00');
INSERT INTO `mcc_customer` VALUES ('54', '1697', '1', '', '0', '', null, '13551916129', null, '', null, null, '0', '33', '127.0.0.1', '1', '1', '0', 'eR8ThH5Q/emoZZCkXdYL2OnK5bqJrYz1rJOYLAmLdMxKIbHHgSJkjaDWuld8UPPP05rjZW/GHPrt/zaM7sIy21MdbiDkkgEzrdKt7EKVfhYSgWKAiXGyyxNbIZ7RZmcZHn4NNtZy+WGIOc+crkaG4PTbshAbjGNqWWU2YQXGuqE=', '2016-05-31 19:27:35', '0000-00-00 00:00:00');
INSERT INTO `mcc_customer` VALUES ('55', '1608', '1', 'weixin', '0', '', null, '629446304', null, '', null, null, '0', '34', '127.0.0.1', '1', '1', '0', 'mTL3+VWWH8VJYDFO6+gB2maUth0H4MHl12XylazD9/3SlBgD2LoPuCfj3ntWnyuNebolzp4wM7KbGPnr+UOdAbekuPpK+kvXFT22plrJeXmA6/oXiwXA+SBa/bzTdUlR3yirjoDMtvgixX9dFcwE1b9BpekF7mDtn4dTV8SpFEk=', '2016-05-31 19:39:00', '0000-00-00 00:00:00');
INSERT INTO `mcc_customer` VALUES ('56', '1705', '1', 'qq', '0', '', null, '767409497', null, '', null, null, '0', '0', '127.0.0.1', '1', '1', '0', 'qftTJ0W53L7MjQ/PjvtonNfWcGzVvZYS0lNN/Zk6sSbqEthMyKcQr75c055gjVzQnQFX/SORdf+afaj/JqTiRuhBByTtDPmFBiz1Kj7yXSOB/uc4/Eyw4ymjeCZnbSU2q2N7gaPyAZnsDuoG/y+IZcJd12+bje7ccWUHQ/FA+VI=', '2016-05-31 20:05:55', '0000-00-00 00:00:00');
INSERT INTO `mcc_customer` VALUES ('57', '1539', '1', 'qq', '0', '', null, '252178211', null, '', null, null, '0', '0', '127.0.0.1', '1', '1', '0', 'J2vCAB+usCCggKoUa22aC19qGea9vqRRSl6w3Z/ls+a0LluYGY4KXS25KG5iOKQjJZm2VG7Du4CqCsC46DHG3LdB2II0O0JZfkSb2DOEfiqu8vsdno71ihNj8fjhu5iFh1ukOJUEln/ocFskrvXQ2FPab2Gc+mBsCmmuyayF+Tw=', '2016-05-31 23:01:57', '0000-00-00 00:00:00');
INSERT INTO `mcc_customer` VALUES ('58', '1626', '1', 'qq', '0', '', null, '420738490', null, '', null, null, '0', '0', '127.0.0.1', '1', '1', '0', 'Hp0t/JL4FytoDxvJBrz8GEmX5FhzLK7UwFWxxImjTx+Guk0J7lIbhHncqaL8/f1g5flNGgE92WSunNvk5+IJPaErF8WKjLoZuHfbQwoAXkDIcPb3FNmf0QppTQJeoszVGTiWLzLv+l13NtUkO6pvmE7HabGmuij6OBPxFO/neCE=', '2016-06-01 12:40:03', '0000-00-00 00:00:00');
INSERT INTO `mcc_customer` VALUES ('59', '1547', '1', 'qq', '0', '', null, '426427715', null, '', null, null, '0', '35', '127.0.0.1', '1', '1', '0', 'EwaQiTh0riA7VtIi20qv/qI9FAqW+aPQhkrcnPxW93wdxmHJM/Mc0H5iiKKX4P7DYhwruyB4naK1ZdFrJCBDrzbYJsAxJ//cyJnN0s1GP08mbjoDqMyCqfLaUwxKsckXYCsTVOytfbdQ1bGKQ01YW779MpZ184+lOfjFujyZx1Q=', '2016-06-01 17:43:02', '0000-00-00 00:00:00');
INSERT INTO `mcc_customer` VALUES ('60', '1420', '1', 'qq', '0', '', null, '768865196', null, '', null, null, '0', '37', '127.0.0.1', '1', '1', '0', 'Zammq0M0rZeEeMVUQFZ8xcyHOkmtOgViJzBgT55Us7HY3D5mQrMWhO5hDq0WW9UaFaykTxLLKMt+EzjR+bkGopEoMoYn48PmU7D/STxW/KVMuUBHSID3JYGbxlrHj32WzHhXSeLAhsqhsk3jCyt8R1GlKhcp4XYzZlOO8T2CaK8=', '2016-06-01 23:24:35', '0000-00-00 00:00:00');
INSERT INTO `mcc_customer` VALUES ('61', '1555', '1', '', '0', '', null, '18710946763', null, '', null, null, '0', '0', '127.0.0.1', '1', '1', '0', 'b14bRZnIUT2CqEqB+tghw83oLWP61SuZJ5rT3ih2aEJjLaonecZjtZwdMxZKf2ClgThCcSCfXN593odkpLzTRR6JnUevv3rAcaUr3VT0eeLc1CAEVy6w/9kXXBjym9UaiIP6G03E8P16TAMyEjlsKe/Rfg5N/t6a+S4W9WfAD2Y=', '2016-06-02 12:54:49', '0000-00-00 00:00:00');
INSERT INTO `mcc_customer` VALUES ('62', '1510', '1', 'qq', '0', '', null, '754288678', null, '', null, null, '0', '38', '127.0.0.1', '1', '1', '0', 'J2jE4chLduhYl830lpckvDSODvlsrrXxQgrsqvXJMtw2ZVdyMrqWZM1i1tZo1RtzV4Jy9KXHz9QxLgVoWny2qoINdT7mkCEb/jdNylq7c8nZ6VLtmMWlQqDHyyLgV+QyG5ZqCRcgRswUrVuvpjWqO6hz+fwT9WaqCTLJEOMFQ/E=', '2016-06-06 12:15:23', '0000-00-00 00:00:00');

-- ----------------------------
-- Table structure for mcc_customer_activity
-- ----------------------------
DROP TABLE IF EXISTS `mcc_customer_activity`;
CREATE TABLE `mcc_customer_activity` (
  `customer_activity_id` int(11) NOT NULL AUTO_INCREMENT,
  `customer_id` int(11) NOT NULL,
  `key` varchar(64) NOT NULL,
  `data` text NOT NULL,
  `ip` varchar(40) NOT NULL,
  `date_added` datetime NOT NULL,
  PRIMARY KEY (`customer_activity_id`)
) ENGINE=MyISAM AUTO_INCREMENT=232 DEFAULT CHARSET=utf8;

-- ----------------------------
-- Records of mcc_customer_activity
-- ----------------------------
INSERT INTO `mcc_customer_activity` VALUES ('1', '1', 'register', '{\"customer_id\":1,\"name\":\"\\u97e6\\u5e86\\u78ca\"}', '127.0.0.1', '2016-03-31 16:20:58');
INSERT INTO `mcc_customer_activity` VALUES ('2', '0', 'login', '{\"customer_id\":null,\"name\":null}', '192.168.1.169', '2016-04-13 14:32:58');
INSERT INTO `mcc_customer_activity` VALUES ('3', '0', 'login', '{\"customer_id\":null,\"name\":null}', '127.0.0.1', '2016-04-13 14:33:12');
INSERT INTO `mcc_customer_activity` VALUES ('4', '0', 'login', '{\"customer_id\":null,\"name\":null}', '127.0.0.1', '2016-04-13 14:33:16');
INSERT INTO `mcc_customer_activity` VALUES ('5', '0', 'login', '{\"customer_id\":null,\"name\":null}', '127.0.0.1', '2016-04-13 14:33:48');
INSERT INTO `mcc_customer_activity` VALUES ('6', '4', 'register', '{\"customer_id\":4,\"name\":\"13456728993\"}', '127.0.0.1', '2016-04-13 16:42:18');
INSERT INTO `mcc_customer_activity` VALUES ('7', '5', 'register', '{\"customer_id\":5,\"name\":\"13456728991\"}', '127.0.0.1', '2016-04-13 16:43:03');
INSERT INTO `mcc_customer_activity` VALUES ('8', '0', 'register', '{\"customer_id\":null,\"name\":\"13427548928\"}', '127.0.0.1', '2016-04-13 17:39:54');
INSERT INTO `mcc_customer_activity` VALUES ('9', '1', 'register', '{\"customer_id\":\"1\",\"name\":\"13427548928\"}', '127.0.0.1', '2016-04-13 17:40:18');
INSERT INTO `mcc_customer_activity` VALUES ('10', '1', 'register', '{\"customer_id\":\"1\",\"name\":\"13427548928\"}', '127.0.0.1', '2016-04-13 17:51:05');
INSERT INTO `mcc_customer_activity` VALUES ('11', '1', 'register', '{\"customer_id\":\"1\",\"name\":\"13427548928\"}', '127.0.0.1', '2016-04-13 17:58:30');
INSERT INTO `mcc_customer_activity` VALUES ('12', '1', 'register', '{\"customer_id\":\"1\",\"name\":\"13427548928\"}', '127.0.0.1', '2016-04-14 11:18:59');
INSERT INTO `mcc_customer_activity` VALUES ('13', '1', 'register', '{\"customer_id\":\"1\",\"name\":\"13427548928\"}', '127.0.0.1', '2016-04-14 17:08:55');
INSERT INTO `mcc_customer_activity` VALUES ('14', '1', 'register', '{\"customer_id\":\"1\",\"name\":\"13427548928\"}', '127.0.0.1', '2016-04-15 10:29:05');
INSERT INTO `mcc_customer_activity` VALUES ('15', '1', 'register', '{\"customer_id\":\"1\",\"name\":\"13427548928\"}', '127.0.0.1', '2016-04-15 16:03:54');
INSERT INTO `mcc_customer_activity` VALUES ('16', '1', 'register', '{\"customer_id\":\"1\",\"name\":\"13427548928\"}', '127.0.0.1', '2016-04-18 16:32:52');
INSERT INTO `mcc_customer_activity` VALUES ('17', '1', 'address_add', '{\"customer_id\":\"1\",\"name\":\"\\u97e6\\u5e86\\u78ca\"}', '127.0.0.1', '2016-04-18 18:18:35');
INSERT INTO `mcc_customer_activity` VALUES ('18', '1', 'order_account', '{\"customer_id\":\"1\",\"name\":\"\\u97e6\\u5e86\\u78ca\",\"order_id\":1}', '127.0.0.1', '2016-04-18 18:20:52');
INSERT INTO `mcc_customer_activity` VALUES ('19', '1', 'register', '{\"customer_id\":\"1\",\"name\":\"13427548928\"}', '127.0.0.1', '2016-04-19 15:37:13');
INSERT INTO `mcc_customer_activity` VALUES ('20', '1', 'register', '{\"customer_id\":\"1\",\"name\":\"13427548928\"}', '127.0.0.1', '2016-04-21 10:19:43');
INSERT INTO `mcc_customer_activity` VALUES ('21', '1', 'register', '{\"customer_id\":\"1\",\"name\":\"13427548928\"}', '127.0.0.1', '2016-04-28 17:05:40');
INSERT INTO `mcc_customer_activity` VALUES ('22', '1', 'register', '{\"customer_id\":\"1\",\"name\":\"13427548928\"}', '127.0.0.1', '2016-05-03 14:55:43');
INSERT INTO `mcc_customer_activity` VALUES ('23', '1', 'register', '{\"customer_id\":\"1\",\"name\":\"13427548928\"}', '127.0.0.1', '2016-05-04 10:22:11');
INSERT INTO `mcc_customer_activity` VALUES ('24', '1', 'address_add', '{\"customer_id\":\"1\",\"name\":\"\\u97e6\\u5e86\\u78ca\"}', '127.0.0.1', '2016-05-04 14:47:30');
INSERT INTO `mcc_customer_activity` VALUES ('25', '1', 'address_add', '{\"customer_id\":\"1\",\"name\":\"\\u97e6\\u5e86\\u78ca\"}', '127.0.0.1', '2016-05-04 14:56:48');
INSERT INTO `mcc_customer_activity` VALUES ('26', '1', 'address_add', '{\"customer_id\":\"1\",\"name\":\"\\u97e6\\u5e86\\u78ca\"}', '127.0.0.1', '2016-05-04 14:59:00');
INSERT INTO `mcc_customer_activity` VALUES ('27', '1', 'address_add', '{\"customer_id\":\"1\",\"name\":\"\\u97e6\\u5e86\\u78ca\"}', '127.0.0.1', '2016-05-04 15:03:01');
INSERT INTO `mcc_customer_activity` VALUES ('28', '1', 'address_add', '{\"customer_id\":\"1\",\"name\":\"\\u97e6\\u5e86\\u78ca\"}', '127.0.0.1', '2016-05-04 15:11:48');
INSERT INTO `mcc_customer_activity` VALUES ('29', '1', 'address_add', '{\"customer_id\":\"1\",\"name\":\"\\u97e6\\u5e86\\u78ca\"}', '127.0.0.1', '2016-05-04 15:14:13');
INSERT INTO `mcc_customer_activity` VALUES ('30', '1', 'address_add', '{\"customer_id\":\"1\",\"name\":\"\\u97e6\\u5e86\\u78ca\"}', '127.0.0.1', '2016-05-04 15:16:24');
INSERT INTO `mcc_customer_activity` VALUES ('31', '1', 'address_add', '{\"customer_id\":\"1\",\"name\":\"\\u97e6\\u5e86\\u78ca\"}', '127.0.0.1', '2016-05-04 15:18:33');
INSERT INTO `mcc_customer_activity` VALUES ('32', '1', 'register', '{\"customer_id\":\"1\",\"name\":\"13427548928\"}', '127.0.0.1', '2016-05-05 10:18:19');
INSERT INTO `mcc_customer_activity` VALUES ('33', '1', 'register', '{\"customer_id\":\"1\",\"name\":\"13427548928\"}', '127.0.0.1', '2016-05-06 10:40:46');
INSERT INTO `mcc_customer_activity` VALUES ('34', '1', 'address_add', '{\"customer_id\":\"1\",\"name\":\"\\u97e6\\u5e86\\u78ca\"}', '127.0.0.1', '2016-05-06 11:38:58');
INSERT INTO `mcc_customer_activity` VALUES ('35', '1', 'address_add', '{\"customer_id\":\"1\",\"name\":\"\\u97e6\\u5e86\\u78ca\"}', '127.0.0.1', '2016-05-06 15:03:39');
INSERT INTO `mcc_customer_activity` VALUES ('36', '1', 'address_add', '{\"customer_id\":\"1\",\"name\":\"\\u97e6\\u5e86\\u78ca\"}', '127.0.0.1', '2016-05-06 15:04:27');
INSERT INTO `mcc_customer_activity` VALUES ('37', '1', 'register', '{\"customer_id\":\"1\",\"name\":\"13427548928\"}', '127.0.0.1', '2016-05-06 16:00:36');
INSERT INTO `mcc_customer_activity` VALUES ('38', '1', 'register', '{\"customer_id\":\"1\",\"name\":\"13427548928\"}', '127.0.0.1', '2016-05-06 16:00:53');
INSERT INTO `mcc_customer_activity` VALUES ('39', '1', 'register', '{\"customer_id\":\"1\",\"name\":\"13427548928\"}', '127.0.0.1', '2016-05-06 16:01:22');
INSERT INTO `mcc_customer_activity` VALUES ('40', '1', 'register', '{\"customer_id\":\"1\",\"name\":\"13427548928\"}', '127.0.0.1', '2016-05-09 10:32:04');
INSERT INTO `mcc_customer_activity` VALUES ('41', '1', 'register', '{\"customer_id\":\"1\",\"name\":\"13427548928\"}', '113.108.164.34', '2016-05-09 19:21:35');
INSERT INTO `mcc_customer_activity` VALUES ('42', '1', 'register', '{\"customer_id\":\"1\",\"name\":\"13427548928\"}', '127.0.0.1', '2016-05-10 12:02:52');
INSERT INTO `mcc_customer_activity` VALUES ('43', '6', 'register', '{\"customer_id\":6,\"name\":\"748019115\"}', '113.108.164.34', '2016-05-10 17:40:21');
INSERT INTO `mcc_customer_activity` VALUES ('44', '6', 'register', '{\"customer_id\":\"6\",\"name\":\"748019115\"}', '113.108.164.34', '2016-05-10 17:43:03');
INSERT INTO `mcc_customer_activity` VALUES ('45', '6', 'register', '{\"customer_id\":\"6\",\"name\":\"748019115\"}', '113.108.164.34', '2016-05-10 17:46:52');
INSERT INTO `mcc_customer_activity` VALUES ('46', '1', 'register', '{\"customer_id\":\"1\",\"name\":\"13427548928\"}', '127.0.0.1', '2016-05-10 17:47:05');
INSERT INTO `mcc_customer_activity` VALUES ('47', '6', 'register', '{\"customer_id\":\"6\",\"name\":\"748019115\"}', '113.108.164.34', '2016-05-10 17:47:12');
INSERT INTO `mcc_customer_activity` VALUES ('48', '6', 'register', '{\"customer_id\":\"6\",\"name\":\"748019115\"}', '113.108.164.34', '2016-05-10 18:35:39');
INSERT INTO `mcc_customer_activity` VALUES ('49', '6', 'register', '{\"customer_id\":\"6\",\"name\":\"748019115\"}', '113.108.164.34', '2016-05-10 18:39:17');
INSERT INTO `mcc_customer_activity` VALUES ('50', '6', 'register', '{\"customer_id\":\"6\",\"name\":\"748019115\"}', '113.108.164.34', '2016-05-10 18:46:29');
INSERT INTO `mcc_customer_activity` VALUES ('51', '6', 'register', '{\"customer_id\":\"6\",\"name\":\"748019115\"}', '113.108.164.34', '2016-05-10 18:47:45');
INSERT INTO `mcc_customer_activity` VALUES ('52', '6', 'register', '{\"customer_id\":\"6\",\"name\":\"\\u4e00\\u751f\\u8db3\\u5370\"}', '113.108.164.34', '2016-05-10 18:51:42');
INSERT INTO `mcc_customer_activity` VALUES ('53', '1', 'register', '{\"customer_id\":\"1\",\"name\":\"13427548928\"}', '127.0.0.1', '2016-05-10 19:39:18');
INSERT INTO `mcc_customer_activity` VALUES ('54', '1', 'register', '{\"customer_id\":\"1\",\"name\":\"13427548928\"}', '127.0.0.1', '2016-05-11 10:38:13');
INSERT INTO `mcc_customer_activity` VALUES ('55', '1', 'register', '{\"customer_id\":\"1\",\"name\":\"13427548928\"}', '127.0.0.1', '2016-05-11 16:16:18');
INSERT INTO `mcc_customer_activity` VALUES ('56', '1', 'register', '{\"customer_id\":\"1\",\"name\":\"13427548928\"}', '113.108.164.34', '2016-05-11 17:55:53');
INSERT INTO `mcc_customer_activity` VALUES ('57', '1', 'register', '{\"customer_id\":\"1\",\"name\":\"13427548928\"}', '113.108.164.34', '2016-05-12 10:42:52');
INSERT INTO `mcc_customer_activity` VALUES ('58', '1', 'register', '{\"customer_id\":\"1\",\"name\":\"13427548928\"}', '127.0.0.1', '2016-05-12 11:02:00');
INSERT INTO `mcc_customer_activity` VALUES ('59', '1', 'register', '{\"customer_id\":\"1\",\"name\":\"13427548928\"}', '113.108.164.34', '2016-05-12 16:30:45');
INSERT INTO `mcc_customer_activity` VALUES ('60', '1', 'register', '{\"customer_id\":\"1\",\"name\":\"13427548928\"}', '127.0.0.1', '2016-05-12 16:59:37');
INSERT INTO `mcc_customer_activity` VALUES ('61', '1', 'register', '{\"customer_id\":\"1\",\"name\":\"13427548928\"}', '113.108.164.34', '2016-05-12 17:36:19');
INSERT INTO `mcc_customer_activity` VALUES ('62', '7', 'register', '{\"customer_id\":7,\"name\":\"futurer\"}', '113.108.164.34', '2016-05-12 19:04:58');
INSERT INTO `mcc_customer_activity` VALUES ('63', '9', 'register', '{\"customer_id\":9,\"name\":\"15895886383\"}', '117.136.45.136', '2016-05-12 23:41:55');
INSERT INTO `mcc_customer_activity` VALUES ('64', '9', 'register', '{\"customer_id\":\"9\",\"name\":\"15895886383\"}', '117.136.45.136', '2016-05-12 23:42:02');
INSERT INTO `mcc_customer_activity` VALUES ('65', '9', 'register', '{\"customer_id\":\"9\",\"name\":\"15895886383\"}', '117.136.45.136', '2016-05-12 23:42:03');
INSERT INTO `mcc_customer_activity` VALUES ('66', '9', 'register', '{\"customer_id\":\"9\",\"name\":\"15895886383\"}', '117.136.45.136', '2016-05-12 23:42:05');
INSERT INTO `mcc_customer_activity` VALUES ('67', '9', 'register', '{\"customer_id\":\"9\",\"name\":\"15895886383\"}', '117.136.45.136', '2016-05-12 23:42:06');
INSERT INTO `mcc_customer_activity` VALUES ('68', '10', 'register', '{\"customer_id\":10,\"name\":\"13987925911\"}', '218.63.117.89', '2016-05-13 08:19:38');
INSERT INTO `mcc_customer_activity` VALUES ('69', '10', 'register', '{\"customer_id\":\"10\",\"name\":\"13987925911\"}', '218.63.117.89', '2016-05-13 08:19:47');
INSERT INTO `mcc_customer_activity` VALUES ('70', '1', 'register', '{\"customer_id\":\"1\",\"name\":\"13427548928\"}', '127.0.0.1', '2016-05-13 10:59:18');
INSERT INTO `mcc_customer_activity` VALUES ('71', '1', 'register', '{\"customer_id\":\"1\",\"name\":\"13427548928\"}', '113.108.164.34', '2016-05-13 11:10:56');
INSERT INTO `mcc_customer_activity` VALUES ('72', '1', 'register', '{\"customer_id\":\"1\",\"name\":\"13427548928\"}', '127.0.0.1', '2016-05-16 10:45:42');
INSERT INTO `mcc_customer_activity` VALUES ('73', '11', 'register', '{\"customer_id\":11,\"name\":\"13983024447\"}', '113.46.46.132', '2016-05-16 10:55:07');
INSERT INTO `mcc_customer_activity` VALUES ('74', '11', 'register', '{\"customer_id\":\"11\",\"name\":\"13983024447\"}', '113.46.46.132', '2016-05-16 10:55:10');
INSERT INTO `mcc_customer_activity` VALUES ('75', '6', 'register', '{\"customer_id\":\"6\",\"name\":\"\\u4e00\\u751f\\u8db3\\u5370\"}', '113.108.164.34', '2016-05-16 11:57:53');
INSERT INTO `mcc_customer_activity` VALUES ('76', '6', 'register', '{\"customer_id\":\"6\",\"name\":\"\\u4e00\\u751f\\u8db3\\u5370\"}', '113.108.164.34', '2016-05-16 11:57:56');
INSERT INTO `mcc_customer_activity` VALUES ('77', '7', 'register', '{\"customer_id\":\"7\",\"name\":\"futurer\"}', '113.108.164.34', '2016-05-16 12:53:50');
INSERT INTO `mcc_customer_activity` VALUES ('78', '12', 'register', '{\"customer_id\":12,\"name\":\"479837267\"}', '113.108.164.34', '2016-05-16 15:07:07');
INSERT INTO `mcc_customer_activity` VALUES ('79', '13', 'register', '{\"customer_id\":13,\"name\":\"\\u4f60\\u5988\\u5988\"}', '14.17.22.34', '2016-05-16 15:27:32');
INSERT INTO `mcc_customer_activity` VALUES ('80', '12', 'register', '{\"customer_id\":\"12\",\"name\":\"Wee\"}', '113.108.164.34', '2016-05-16 15:29:21');
INSERT INTO `mcc_customer_activity` VALUES ('81', '14', 'register', '{\"customer_id\":14,\"name\":\"\\u5c15\\u732a\\u5a03\"}', '113.108.164.34', '2016-05-16 16:42:44');
INSERT INTO `mcc_customer_activity` VALUES ('82', '12', 'address_add', '{\"customer_id\":\"12\",\"name\":\"\"}', '113.108.164.34', '2016-05-16 18:06:21');
INSERT INTO `mcc_customer_activity` VALUES ('83', '1', 'register', '{\"customer_id\":\"1\",\"name\":\"13427548928\"}', '127.0.0.1', '2016-05-17 10:30:45');
INSERT INTO `mcc_customer_activity` VALUES ('84', '7', 'register', '{\"customer_id\":\"7\",\"name\":\"futurer\"}', '113.108.164.34', '2016-05-17 10:42:03');
INSERT INTO `mcc_customer_activity` VALUES ('85', '7', 'address_add', '{\"customer_id\":\"7\",\"name\":\"\"}', '113.108.164.34', '2016-05-17 10:42:57');
INSERT INTO `mcc_customer_activity` VALUES ('86', '15', 'register', '{\"customer_id\":15,\"name\":\"power\"}', '183.130.36.85', '2016-05-17 18:12:55');
INSERT INTO `mcc_customer_activity` VALUES ('87', '16', 'register', '{\"customer_id\":16,\"name\":\"\\u65e5\\u6708\\u5c82\\u51e0\\u662f\\u732a\"}', '113.93.34.118', '2016-05-17 22:05:43');
INSERT INTO `mcc_customer_activity` VALUES ('88', '17', 'register', '{\"customer_id\":17,\"name\":\"\\u6211\"}', '175.19.18.220', '2016-05-17 23:08:06');
INSERT INTO `mcc_customer_activity` VALUES ('89', '1', 'register', '{\"customer_id\":\"1\",\"name\":\"13427548928\"}', '127.0.0.1', '2016-05-18 10:40:22');
INSERT INTO `mcc_customer_activity` VALUES ('90', '18', 'register', '{\"customer_id\":18,\"name\":\"\\u6ca1\\u6709\\u80d6\\u5b50\\u4e0d\\u7231\\u5403\"}', '219.130.217.60', '2016-05-18 13:25:27');
INSERT INTO `mcc_customer_activity` VALUES ('91', '1', 'register', '{\"customer_id\":\"1\",\"name\":\"13427548928\"}', '127.0.0.1', '2016-05-18 15:33:13');
INSERT INTO `mcc_customer_activity` VALUES ('92', '1', 'register', '{\"customer_id\":\"1\",\"name\":\"13427548928\"}', '127.0.0.1', '2016-05-18 17:47:03');
INSERT INTO `mcc_customer_activity` VALUES ('93', '19', 'register', '{\"customer_id\":19,\"name\":\"\\u6a31\\u82b1\\u6a31\\u82b1\\u60f3\\u89c1\\u4f60i\"}', '60.180.195.200', '2016-05-18 18:20:53');
INSERT INTO `mcc_customer_activity` VALUES ('94', '1', 'register', '{\"customer_id\":\"1\",\"name\":\"13427548928\"}', '113.108.164.34', '2016-05-18 20:38:54');
INSERT INTO `mcc_customer_activity` VALUES ('95', '20', 'register', '{\"customer_id\":20,\"name\":\"Gavin\"}', '119.130.71.34', '2016-05-18 22:00:44');
INSERT INTO `mcc_customer_activity` VALUES ('96', '20', 'register', '{\"customer_id\":\"20\",\"name\":\"Gavin\"}', '119.130.71.34', '2016-05-18 22:00:46');
INSERT INTO `mcc_customer_activity` VALUES ('97', '21', 'register', '{\"customer_id\":21,\"name\":\"Gavin.\\u683c\\u6bb7\"}', '119.130.71.34', '2016-05-18 22:04:25');
INSERT INTO `mcc_customer_activity` VALUES ('98', '22', 'register', '{\"customer_id\":22,\"name\":\"Gavin\"}', '119.130.71.34', '2016-05-18 22:05:31');
INSERT INTO `mcc_customer_activity` VALUES ('99', '1', 'register', '{\"customer_id\":\"1\",\"name\":\"13427548928\"}', '127.0.0.1', '2016-05-19 16:40:15');
INSERT INTO `mcc_customer_activity` VALUES ('100', '6', 'register', '{\"customer_id\":\"6\",\"name\":\"\\u4e00\\u751f\\u8db3\\u5370\"}', '113.108.164.34', '2016-05-19 20:55:52');
INSERT INTO `mcc_customer_activity` VALUES ('101', '1', 'register', '{\"customer_id\":\"1\",\"name\":\"13427548928\"}', '127.0.0.1', '2016-05-19 21:01:24');
INSERT INTO `mcc_customer_activity` VALUES ('102', '14', 'register', '{\"customer_id\":\"14\",\"name\":\"\\u5c15\\u732a\\u5a03\"}', '218.88.7.38', '2016-05-19 21:42:15');
INSERT INTO `mcc_customer_activity` VALUES ('103', '20', 'register', '{\"customer_id\":\"20\",\"name\":\"Gavin\"}', '119.130.171.186', '2016-05-19 22:24:28');
INSERT INTO `mcc_customer_activity` VALUES ('104', '1', 'register', '{\"customer_id\":\"1\",\"name\":\"13427548928\"}', '127.0.0.1', '2016-05-20 10:26:15');
INSERT INTO `mcc_customer_activity` VALUES ('105', '1', 'register', '{\"customer_id\":\"1\",\"name\":\"13427548928\"}', '127.0.0.1', '2016-05-20 11:14:42');
INSERT INTO `mcc_customer_activity` VALUES ('106', '12', 'register', '{\"customer_id\":\"12\",\"name\":\"Wee\"}', '113.108.164.34', '2016-05-20 15:44:58');
INSERT INTO `mcc_customer_activity` VALUES ('107', '23', 'register', '{\"customer_id\":23,\"name\":\"\\u7a7a\\u5c71\\u9ce5\\u8a9e\\u706c\"}', '113.248.144.225', '2016-05-20 18:56:40');
INSERT INTO `mcc_customer_activity` VALUES ('108', '23', 'address_add', '{\"customer_id\":\"23\",\"name\":\"\"}', '113.248.144.225', '2016-05-20 19:00:45');
INSERT INTO `mcc_customer_activity` VALUES ('109', '24', 'register', '{\"customer_id\":24,\"name\":\"\\ud83d\\ude0f\"}', '111.78.110.90', '2016-05-20 21:31:56');
INSERT INTO `mcc_customer_activity` VALUES ('110', '24', 'address_add', '{\"customer_id\":\"24\",\"name\":\"\"}', '111.78.110.90', '2016-05-20 21:34:50');
INSERT INTO `mcc_customer_activity` VALUES ('111', '24', 'register', '{\"customer_id\":\"24\",\"name\":\"\\ud83d\\ude0f\"}', '111.78.110.90', '2016-05-20 21:39:21');
INSERT INTO `mcc_customer_activity` VALUES ('112', '24', 'register', '{\"customer_id\":\"24\",\"name\":\"\\ud83d\\ude0f\"}', '111.78.110.90', '2016-05-20 22:09:12');
INSERT INTO `mcc_customer_activity` VALUES ('113', '14', 'register', '{\"customer_id\":\"14\",\"name\":\"\\u5c15\\u732a\\u5a03\"}', '218.88.5.43', '2016-05-22 09:19:15');
INSERT INTO `mcc_customer_activity` VALUES ('114', '1', 'register', '{\"customer_id\":\"1\",\"name\":\"13427548928\"}', '113.108.164.34', '2016-05-23 11:05:40');
INSERT INTO `mcc_customer_activity` VALUES ('115', '14', 'register', '{\"customer_id\":\"14\",\"name\":\"\\u5c15\\u732a\\u5a03\"}', '113.108.164.34', '2016-05-23 11:55:47');
INSERT INTO `mcc_customer_activity` VALUES ('116', '14', 'address_add', '{\"customer_id\":\"14\",\"name\":\"\"}', '113.108.164.34', '2016-05-23 11:56:29');
INSERT INTO `mcc_customer_activity` VALUES ('117', '25', 'register', '{\"customer_id\":25,\"name\":\"\\u5927\\u5954\"}', '113.108.164.34', '2016-05-23 11:59:09');
INSERT INTO `mcc_customer_activity` VALUES ('118', '25', 'register', '{\"customer_id\":\"25\",\"name\":\"\\u5927\\u5954\"}', '113.108.164.34', '2016-05-23 11:59:14');
INSERT INTO `mcc_customer_activity` VALUES ('119', '26', 'register', '{\"customer_id\":26,\"name\":\"deft\\ud83d\\udc51\"}', '221.195.215.48', '2016-05-23 20:58:32');
INSERT INTO `mcc_customer_activity` VALUES ('120', '26', 'address_add', '{\"customer_id\":\"26\",\"name\":\"\"}', '221.195.215.48', '2016-05-23 21:00:08');
INSERT INTO `mcc_customer_activity` VALUES ('121', '26', 'register', '{\"customer_id\":\"26\",\"name\":\"deft\\ud83d\\udc51\"}', '221.195.215.48', '2016-05-24 12:28:27');
INSERT INTO `mcc_customer_activity` VALUES ('122', '25', 'address_add', '{\"customer_id\":\"25\",\"name\":\"\"}', '113.108.164.34', '2016-05-24 16:48:36');
INSERT INTO `mcc_customer_activity` VALUES ('123', '7', 'login', '{\"customer_id\":\"7\",\"name\":\"futurer\"}', '113.108.164.34', '2016-05-24 18:07:27');
INSERT INTO `mcc_customer_activity` VALUES ('124', '7', 'login', '{\"customer_id\":\"7\",\"name\":\"futurer\"}', '113.108.164.34', '2016-05-24 18:13:34');
INSERT INTO `mcc_customer_activity` VALUES ('125', '1', 'login', '{\"customer_id\":\"1\",\"name\":\"13427548928\"}', '113.108.164.34', '2016-05-24 18:17:29');
INSERT INTO `mcc_customer_activity` VALUES ('126', '7', 'login', '{\"customer_id\":\"7\",\"name\":\"futurer\"}', '113.108.164.34', '2016-05-24 18:17:41');
INSERT INTO `mcc_customer_activity` VALUES ('127', '1', 'login', '{\"customer_id\":\"1\",\"name\":\"13427548928\"}', '113.108.164.34', '2016-05-24 18:20:53');
INSERT INTO `mcc_customer_activity` VALUES ('128', '7', 'login', '{\"customer_id\":\"7\",\"name\":\"futurer\"}', '113.108.164.34', '2016-05-24 18:25:15');
INSERT INTO `mcc_customer_activity` VALUES ('129', '27', 'login', '{\"customer_id\":27,\"name\":\"\\u5f20\\u9f99\"}', '113.108.164.34', '2016-05-24 19:06:51');
INSERT INTO `mcc_customer_activity` VALUES ('130', '28', 'login', '{\"customer_id\":28,\"name\":\"D\"}', '116.226.1.130', '2016-05-25 11:20:28');
INSERT INTO `mcc_customer_activity` VALUES ('131', '1', 'login', '{\"customer_id\":\"1\",\"name\":\"13427548928\"}', '113.108.164.34', '2016-05-25 11:38:15');
INSERT INTO `mcc_customer_activity` VALUES ('132', '29', 'login', '{\"customer_id\":29,\"name\":\"sunny\"}', '113.108.164.34', '2016-05-25 11:46:56');
INSERT INTO `mcc_customer_activity` VALUES ('133', '30', 'login', '{\"customer_id\":30,\"name\":\"\\u8fcb\\u63da\\u65ed\"}', '113.108.164.34', '2016-05-25 17:02:49');
INSERT INTO `mcc_customer_activity` VALUES ('134', '7', 'login', '{\"customer_id\":\"7\",\"name\":\"futurer\"}', '113.108.164.34', '2016-05-25 17:13:14');
INSERT INTO `mcc_customer_activity` VALUES ('135', '7', 'address_add', '{\"customer_id\":\"7\",\"name\":\"\"}', '113.108.164.34', '2016-05-25 17:14:19');
INSERT INTO `mcc_customer_activity` VALUES ('136', '30', 'login', '{\"customer_id\":\"30\",\"name\":\"\\u8fcb\\u63da\\u65ed\"}', '113.108.164.34', '2016-05-25 17:15:42');
INSERT INTO `mcc_customer_activity` VALUES ('137', '30', 'address_add', '{\"customer_id\":\"30\",\"name\":\"\"}', '113.108.164.34', '2016-05-25 17:16:31');
INSERT INTO `mcc_customer_activity` VALUES ('138', '31', 'login', '{\"customer_id\":31,\"name\":\"\\u5b88\\u535f\\u4f4f\\u2648\"}', '122.5.151.155', '2016-05-25 20:04:54');
INSERT INTO `mcc_customer_activity` VALUES ('139', '31', 'login', '{\"customer_id\":\"31\",\"name\":\"\\u5b88\\u535f\\u4f4f\\u2648\"}', '122.5.151.155', '2016-05-25 20:13:34');
INSERT INTO `mcc_customer_activity` VALUES ('140', '32', 'login', '{\"customer_id\":32,\"name\":\"\\u53ef\\u601cde\\u574f\\u5b69\\u5b50\"}', '115.229.208.151', '2016-05-25 20:43:56');
INSERT INTO `mcc_customer_activity` VALUES ('141', '33', 'login', '{\"customer_id\":33,\"name\":\"\\u3002The first jungle of the world\"}', '222.42.132.126', '2016-05-25 23:27:43');
INSERT INTO `mcc_customer_activity` VALUES ('142', '33', 'login', '{\"customer_id\":\"33\",\"name\":\"\\u3002The first jungle of the world\"}', '222.42.132.126', '2016-05-25 23:27:59');
INSERT INTO `mcc_customer_activity` VALUES ('143', '33', 'login', '{\"customer_id\":\"33\",\"name\":\"\\u3002The first jungle of the world\"}', '222.42.132.126', '2016-05-25 23:33:29');
INSERT INTO `mcc_customer_activity` VALUES ('144', '34', 'login', '{\"customer_id\":34,\"name\":\"\\u5b59\\u5927\\u7ef4\"}', '1.25.61.158', '2016-05-26 14:07:49');
INSERT INTO `mcc_customer_activity` VALUES ('145', '1', 'login', '{\"customer_id\":\"1\",\"name\":\"13427548928\"}', '113.108.164.34', '2016-05-26 19:33:18');
INSERT INTO `mcc_customer_activity` VALUES ('146', '35', 'login', '{\"customer_id\":35,\"name\":\"\\u98ce\\u4e2d\\u8ffd\\u98ce\"}', '139.205.170.189', '2016-05-27 09:59:11');
INSERT INTO `mcc_customer_activity` VALUES ('147', '36', 'login', '{\"customer_id\":36,\"name\":\"13761181741\"}', '58.247.240.40', '2016-05-27 11:26:31');
INSERT INTO `mcc_customer_activity` VALUES ('148', '37', 'login', '{\"customer_id\":37,\"name\":\" H.H\"}', '58.247.240.40', '2016-05-27 11:26:42');
INSERT INTO `mcc_customer_activity` VALUES ('149', '37', 'address_add', '{\"customer_id\":\"37\",\"name\":\"\"}', '58.247.240.40', '2016-05-27 11:28:41');
INSERT INTO `mcc_customer_activity` VALUES ('150', '38', 'login', '{\"customer_id\":38,\"name\":\"Naive end\"}', '116.25.34.67', '2016-05-27 16:45:38');
INSERT INTO `mcc_customer_activity` VALUES ('151', '38', 'address_add', '{\"customer_id\":\"38\",\"name\":\"\"}', '116.25.34.67', '2016-05-27 16:46:44');
INSERT INTO `mcc_customer_activity` VALUES ('152', '39', 'login', '{\"customer_id\":39,\"name\":\"\\u674e\\u6587\\u5764\"}', '113.108.164.34', '2016-05-27 17:10:54');
INSERT INTO `mcc_customer_activity` VALUES ('153', '40', 'login', '{\"customer_id\":40,\"name\":\"        \\u8f69\\u55b5\\u3002\"}', '113.108.164.34', '2016-05-27 17:14:03');
INSERT INTO `mcc_customer_activity` VALUES ('154', '39', 'address_add', '{\"customer_id\":\"39\",\"name\":\"\"}', '113.108.164.34', '2016-05-27 17:15:11');
INSERT INTO `mcc_customer_activity` VALUES ('155', '40', 'address_add', '{\"customer_id\":\"40\",\"name\":\"\"}', '113.108.164.34', '2016-05-27 17:16:31');
INSERT INTO `mcc_customer_activity` VALUES ('156', '40', 'return_account', '{\"customer_id\":\"40\",\"name\":\"\",\"return_id\":4}', '113.108.164.34', '2016-05-27 17:24:50');
INSERT INTO `mcc_customer_activity` VALUES ('157', '41', 'login', '{\"customer_id\":41,\"name\":\"          .     \"}', '219.157.127.70', '2016-05-28 23:41:49');
INSERT INTO `mcc_customer_activity` VALUES ('158', '42', 'login', '{\"customer_id\":42,\"name\":\"\\u5fae\\u7b11\"}', '171.221.207.17', '2016-05-29 06:38:56');
INSERT INTO `mcc_customer_activity` VALUES ('159', '42', 'address_add', '{\"customer_id\":\"42\",\"name\":\"\"}', '171.221.207.17', '2016-05-29 06:41:57');
INSERT INTO `mcc_customer_activity` VALUES ('160', '43', 'login', '{\"customer_id\":43,\"name\":\"\\u522b\\u8bf4\\u8bdd\\uff0c\\u8dea\\u4e0b\"}', '112.14.88.169', '2016-05-29 08:14:09');
INSERT INTO `mcc_customer_activity` VALUES ('161', '44', 'login', '{\"customer_id\":44,\"name\":\"EDward Gaming\"}', '223.73.160.157', '2016-05-29 11:56:02');
INSERT INTO `mcc_customer_activity` VALUES ('162', '44', 'login', '{\"customer_id\":\"44\",\"name\":\"EDward Gaming\"}', '223.73.160.157', '2016-05-29 13:03:54');
INSERT INTO `mcc_customer_activity` VALUES ('163', '44', 'login', '{\"customer_id\":\"44\",\"name\":\"EDward Gaming\"}', '223.73.160.157', '2016-05-29 13:04:49');
INSERT INTO `mcc_customer_activity` VALUES ('164', '45', 'login', '{\"customer_id\":45,\"name\":\"\\u3053\\u3093\\u306b\\u3061\\u306f\\u5996\\u5b7d\"}', '60.218.251.163', '2016-05-29 13:05:09');
INSERT INTO `mcc_customer_activity` VALUES ('165', '44', 'login', '{\"customer_id\":\"44\",\"name\":\"EDward Gaming\"}', '223.73.160.157', '2016-05-29 13:05:56');
INSERT INTO `mcc_customer_activity` VALUES ('166', '45', 'address_add', '{\"customer_id\":\"45\",\"name\":\"\"}', '60.218.251.163', '2016-05-29 13:07:46');
INSERT INTO `mcc_customer_activity` VALUES ('167', '44', 'address_add', '{\"customer_id\":\"44\",\"name\":\"\"}', '223.73.160.157', '2016-05-29 13:08:17');
INSERT INTO `mcc_customer_activity` VALUES ('168', '46', 'login', '{\"customer_id\":46,\"name\":\"Clearlove\"}', '113.201.21.86', '2016-05-29 15:03:50');
INSERT INTO `mcc_customer_activity` VALUES ('169', '47', 'login', '{\"customer_id\":47,\"name\":\"\\u5de6\\u624b\\u6e29\\u6696\\u4f60\\u53f3\\u624b\"}', '39.190.14.118', '2016-05-30 09:21:10');
INSERT INTO `mcc_customer_activity` VALUES ('170', '47', 'login', '{\"customer_id\":\"47\",\"name\":\"\\u5de6\\u624b\\u6e29\\u6696\\u4f60\\u53f3\\u624b\"}', '39.190.14.118', '2016-05-30 09:22:03');
INSERT INTO `mcc_customer_activity` VALUES ('171', '48', 'login', '{\"customer_id\":48,\"name\":\"paopi\\u5c0f\\u7237\"}', '127.0.0.1', '2016-05-30 14:06:48');
INSERT INTO `mcc_customer_activity` VALUES ('172', '48', 'login', '{\"customer_id\":\"48\",\"name\":\"paopi\\u5c0f\\u7237\"}', '127.0.0.1', '2016-05-30 14:11:32');
INSERT INTO `mcc_customer_activity` VALUES ('173', '49', 'login', '{\"customer_id\":49,\"name\":\"\\u9f99\\u70ab\\u52a0\\u62d0\\u62d0\"}', '127.0.0.1', '2016-05-30 14:50:56');
INSERT INTO `mcc_customer_activity` VALUES ('174', '7', 'login', '{\"customer_id\":\"7\",\"name\":\"futurer\"}', '127.0.0.1', '2016-05-30 15:03:21');
INSERT INTO `mcc_customer_activity` VALUES ('175', '49', 'address_add', '{\"customer_id\":\"49\",\"name\":\"\"}', '127.0.0.1', '2016-05-30 15:08:26');
INSERT INTO `mcc_customer_activity` VALUES ('176', '49', 'login', '{\"customer_id\":\"49\",\"name\":\"\\u9f99\\u70ab\\u52a0\\u62d0\\u62d0\"}', '127.0.0.1', '2016-05-30 15:29:03');
INSERT INTO `mcc_customer_activity` VALUES ('177', '50', 'login', '{\"customer_id\":50,\"name\":\"\\u7ea2\\u8349\\u8393\"}', '127.0.0.1', '2016-05-30 19:53:19');
INSERT INTO `mcc_customer_activity` VALUES ('178', '49', 'login', '{\"customer_id\":\"49\",\"name\":\"\\u9f99\\u70ab\\u52a0\\u62d0\\u62d0\"}', '127.0.0.1', '2016-05-31 10:14:36');
INSERT INTO `mcc_customer_activity` VALUES ('179', '51', 'login', '{\"customer_id\":51,\"name\":\"Hawk\"}', '127.0.0.1', '2016-05-31 15:23:26');
INSERT INTO `mcc_customer_activity` VALUES ('180', '52', 'login', '{\"customer_id\":52,\"name\":\"\\u5e05\\u5e05\\u7684\\u70e6\"}', '127.0.0.1', '2016-05-31 16:07:49');
INSERT INTO `mcc_customer_activity` VALUES ('181', '52', 'address_add', '{\"customer_id\":\"52\",\"name\":\"\\u5e05\\u5e05\\u7684\\u70e6\"}', '127.0.0.1', '2016-05-31 16:12:33');
INSERT INTO `mcc_customer_activity` VALUES ('182', '53', 'login', '{\"customer_id\":53,\"name\":\"QQ\"}', '127.0.0.1', '2016-05-31 16:48:59');
INSERT INTO `mcc_customer_activity` VALUES ('183', '52', 'login', '{\"customer_id\":\"52\",\"name\":\"\\u5e05\\u5e05\\u7684\\u70e6\"}', '127.0.0.1', '2016-05-31 17:07:27');
INSERT INTO `mcc_customer_activity` VALUES ('184', '1', 'login', '{\"customer_id\":\"1\",\"name\":\"13427548928\"}', '127.0.0.1', '2016-05-31 19:09:48');
INSERT INTO `mcc_customer_activity` VALUES ('185', '7', 'login', '{\"customer_id\":\"7\",\"name\":\"futurer\"}', '127.0.0.1', '2016-05-31 19:10:00');
INSERT INTO `mcc_customer_activity` VALUES ('186', '54', 'login', '{\"customer_id\":54,\"name\":\"13551916129\"}', '127.0.0.1', '2016-05-31 19:27:35');
INSERT INTO `mcc_customer_activity` VALUES ('187', '54', 'login', '{\"customer_id\":\"54\",\"name\":\"13551916129\"}', '127.0.0.1', '2016-05-31 19:27:41');
INSERT INTO `mcc_customer_activity` VALUES ('188', '54', 'address_add', '{\"customer_id\":\"54\",\"name\":\"13551916129\"}', '127.0.0.1', '2016-05-31 19:32:09');
INSERT INTO `mcc_customer_activity` VALUES ('189', '55', 'login', '{\"customer_id\":55,\"name\":\"\\u5723\\u5361\\u8bfa\"}', '127.0.0.1', '2016-05-31 19:39:00');
INSERT INTO `mcc_customer_activity` VALUES ('190', '55', 'address_add', '{\"customer_id\":\"55\",\"name\":\"\\u5723\\u5361\\u8bfa\"}', '127.0.0.1', '2016-05-31 19:41:07');
INSERT INTO `mcc_customer_activity` VALUES ('191', '56', 'login', '{\"customer_id\":56,\"name\":\"\\u200e\"}', '127.0.0.1', '2016-05-31 20:05:55');
INSERT INTO `mcc_customer_activity` VALUES ('192', '56', 'login', '{\"customer_id\":\"56\",\"name\":\"\\u200e\"}', '127.0.0.1', '2016-05-31 20:12:15');
INSERT INTO `mcc_customer_activity` VALUES ('193', '56', 'login', '{\"customer_id\":\"56\",\"name\":\"\\u200e\"}', '127.0.0.1', '2016-05-31 20:22:10');
INSERT INTO `mcc_customer_activity` VALUES ('194', '57', 'login', '{\"customer_id\":57,\"name\":\"small Bb\"}', '127.0.0.1', '2016-05-31 23:01:57');
INSERT INTO `mcc_customer_activity` VALUES ('195', '45', 'login', '{\"customer_id\":\"45\",\"name\":\"\\u3053\\u3093\\u306b\\u3061\\u306f\\u5996\\u5b7d\"}', '127.0.0.1', '2016-06-01 05:55:43');
INSERT INTO `mcc_customer_activity` VALUES ('196', '49', 'login', '{\"customer_id\":\"49\",\"name\":\"\\u9f99\\u70ab\\u52a0\\u62d0\\u62d0\"}', '127.0.0.1', '2016-06-01 10:05:16');
INSERT INTO `mcc_customer_activity` VALUES ('197', '58', 'login', '{\"customer_id\":58,\"name\":\"\\ud83d\\udd2f\\ud83d\\udd2f\"}', '127.0.0.1', '2016-06-01 12:40:03');
INSERT INTO `mcc_customer_activity` VALUES ('198', '45', 'login', '{\"customer_id\":\"45\",\"name\":\"\\u3053\\u3093\\u306b\\u3061\\u306f\\u5996\\u5b7d\"}', '127.0.0.1', '2016-06-01 14:26:56');
INSERT INTO `mcc_customer_activity` VALUES ('199', '45', 'login', '{\"customer_id\":\"45\",\"name\":\"\\u3053\\u3093\\u306b\\u3061\\u306f\\u5996\\u5b7d\"}', '127.0.0.1', '2016-06-01 14:27:57');
INSERT INTO `mcc_customer_activity` VALUES ('200', '45', 'login', '{\"customer_id\":\"45\",\"name\":\"\\u3053\\u3093\\u306b\\u3061\\u306f\\u5996\\u5b7d\"}', '127.0.0.1', '2016-06-01 14:35:13');
INSERT INTO `mcc_customer_activity` VALUES ('201', '59', 'login', '{\"customer_id\":59,\"name\":\"37\\u00b0\\u7684\\u5fe7\\u4f24\"}', '127.0.0.1', '2016-06-01 17:43:02');
INSERT INTO `mcc_customer_activity` VALUES ('202', '59', 'address_add', '{\"customer_id\":\"59\",\"name\":\"37\\u00b0\\u7684\\u5fe7\\u4f24\"}', '127.0.0.1', '2016-06-01 17:50:11');
INSERT INTO `mcc_customer_activity` VALUES ('203', '60', 'login', '{\"customer_id\":60,\"name\":\"Zero\"}', '127.0.0.1', '2016-06-01 23:24:35');
INSERT INTO `mcc_customer_activity` VALUES ('204', '60', 'address_add', '{\"customer_id\":\"60\",\"name\":\"Zero\"}', '127.0.0.1', '2016-06-01 23:29:54');
INSERT INTO `mcc_customer_activity` VALUES ('205', '60', 'address_add', '{\"customer_id\":\"60\",\"name\":\"Zero\"}', '127.0.0.1', '2016-06-01 23:30:22');
INSERT INTO `mcc_customer_activity` VALUES ('206', '55', 'login', '{\"customer_id\":\"55\",\"name\":\"\\u5723\\u5361\\u8bfa\"}', '127.0.0.1', '2016-06-02 09:23:16');
INSERT INTO `mcc_customer_activity` VALUES ('207', '61', 'login', '{\"customer_id\":61,\"name\":\"18710946763\"}', '127.0.0.1', '2016-06-02 12:54:49');
INSERT INTO `mcc_customer_activity` VALUES ('208', '61', 'login', '{\"customer_id\":\"61\",\"name\":\"18710946763\"}', '127.0.0.1', '2016-06-02 12:54:55');
INSERT INTO `mcc_customer_activity` VALUES ('209', '49', 'login', '{\"customer_id\":\"49\",\"name\":\"\\u9f99\\u70ab\\u52a0\\u62d0\\u62d0\"}', '127.0.0.1', '2016-06-02 15:27:58');
INSERT INTO `mcc_customer_activity` VALUES ('210', '1', 'login', '{\"customer_id\":\"1\",\"name\":\"13427548928\"}', '127.0.0.1', '2016-06-02 16:51:24');
INSERT INTO `mcc_customer_activity` VALUES ('211', '7', 'login', '{\"customer_id\":\"7\",\"name\":\"futurer\"}', '127.0.0.1', '2016-06-02 16:53:22');
INSERT INTO `mcc_customer_activity` VALUES ('212', '59', 'login', '{\"customer_id\":\"59\",\"name\":\"37\\u00b0\\u7684\\u5fe7\\u4f24\"}', '127.0.0.1', '2016-06-03 01:10:07');
INSERT INTO `mcc_customer_activity` VALUES ('213', '59', 'login', '{\"customer_id\":\"59\",\"name\":\"37\\u00b0\\u7684\\u5fe7\\u4f24\"}', '127.0.0.1', '2016-06-03 17:32:10');
INSERT INTO `mcc_customer_activity` VALUES ('214', '1', 'login', '{\"customer_id\":\"1\",\"name\":\"13427548928\"}', '127.0.0.1', '2016-06-03 18:37:28');
INSERT INTO `mcc_customer_activity` VALUES ('215', '62', 'login', '{\"customer_id\":62,\"name\":\"\\u2606\\u2605\\u6de1\\u7136\\u2606\\u2605\"}', '127.0.0.1', '2016-06-06 12:15:23');
INSERT INTO `mcc_customer_activity` VALUES ('216', '62', 'address_add', '{\"customer_id\":\"62\",\"name\":\"\\u2606\\u2605\\u6de1\\u7136\\u2606\\u2605\"}', '127.0.0.1', '2016-06-06 12:19:15');
INSERT INTO `mcc_customer_activity` VALUES ('217', '52', 'login', '{\"customer_id\":\"52\",\"name\":\"\\u5e05\\u5e05\\u7684\\u70e6\"}', '127.0.0.1', '2016-06-06 13:01:24');
INSERT INTO `mcc_customer_activity` VALUES ('218', '1', 'login', '{\"customer_id\":\"1\",\"name\":\"13427548928\"}', '127.0.0.1', '2016-06-07 14:33:34');
INSERT INTO `mcc_customer_activity` VALUES ('219', '1', 'login', '{\"customer_id\":\"1\",\"name\":\"13427548928\"}', '127.0.0.1', '2016-06-07 16:47:03');
INSERT INTO `mcc_customer_activity` VALUES ('220', '1', 'login', '{\"customer_id\":\"1\",\"name\":\"13427548928\"}', '127.0.0.1', '2016-06-12 11:01:11');
INSERT INTO `mcc_customer_activity` VALUES ('221', '1', 'login', '{\"customer_id\":\"1\",\"name\":\"13427548928\"}', '127.0.0.1', '2016-06-12 11:35:16');
INSERT INTO `mcc_customer_activity` VALUES ('222', '1', 'login', '{\"customer_id\":\"1\",\"name\":\"13427548928\"}', '127.0.0.1', '2016-06-12 11:35:48');
INSERT INTO `mcc_customer_activity` VALUES ('223', '1', 'login', '{\"customer_id\":\"1\",\"name\":\"13427548928\"}', '127.0.0.1', '2016-06-12 11:37:01');
INSERT INTO `mcc_customer_activity` VALUES ('224', '1', 'login', '{\"customer_id\":\"1\",\"name\":\"13427548928\"}', '127.0.0.1', '2016-06-12 11:37:36');
INSERT INTO `mcc_customer_activity` VALUES ('225', '1', 'login', '{\"customer_id\":\"1\",\"name\":\"13427548928\"}', '127.0.0.1', '2016-06-12 11:48:17');
INSERT INTO `mcc_customer_activity` VALUES ('226', '1', 'login', '{\"customer_id\":\"1\",\"name\":\"13427548928\"}', '127.0.0.1', '2016-06-12 11:48:40');
INSERT INTO `mcc_customer_activity` VALUES ('227', '1', 'login', '{\"customer_id\":\"1\",\"name\":\"13427548928\"}', '127.0.0.1', '2016-06-12 14:21:53');
INSERT INTO `mcc_customer_activity` VALUES ('228', '1', 'login', '{\"customer_id\":\"1\",\"name\":\"13427548928\"}', '127.0.0.1', '2016-06-12 14:38:58');
INSERT INTO `mcc_customer_activity` VALUES ('229', '1', 'login', '{\"customer_id\":\"1\",\"name\":\"13427548928\"}', '127.0.0.1', '2016-06-12 17:13:59');
INSERT INTO `mcc_customer_activity` VALUES ('230', '1', 'login', '{\"customer_id\":\"1\",\"name\":\"13427548928\"}', '127.0.0.1', '2016-06-13 14:49:22');
INSERT INTO `mcc_customer_activity` VALUES ('231', '1', 'address_add', '{\"customer_id\":\"1\",\"name\":\"\\u97e6\\u5e86\\u78ca\"}', '127.0.0.1', '2016-06-13 18:19:16');

-- ----------------------------
-- Table structure for mcc_customer_coupon
-- ----------------------------
DROP TABLE IF EXISTS `mcc_customer_coupon`;
CREATE TABLE `mcc_customer_coupon` (
  `customer_coupon_id` int(11) NOT NULL AUTO_INCREMENT,
  `customer_id` int(11) NOT NULL,
  `coupon_id` int(11) NOT NULL,
  `order_id` int(11) NOT NULL DEFAULT '0',
  `coupon_status` tinyint(1) NOT NULL DEFAULT '0' COMMENT '0:未使用；1:已使用(正在使用中); 2：已使用(用户不可退)；',
  `date_added` datetime NOT NULL,
  PRIMARY KEY (`customer_coupon_id`)
) ENGINE=InnoDB AUTO_INCREMENT=2 DEFAULT CHARSET=utf8;

-- ----------------------------
-- Records of mcc_customer_coupon
-- ----------------------------
INSERT INTO `mcc_customer_coupon` VALUES ('1', '1', '6', '0', '0', '2016-04-13 15:11:08');

-- ----------------------------
-- Table structure for mcc_customer_group
-- ----------------------------
DROP TABLE IF EXISTS `mcc_customer_group`;
CREATE TABLE `mcc_customer_group` (
  `customer_group_id` int(11) NOT NULL AUTO_INCREMENT,
  `approval` int(1) NOT NULL,
  `sort_order` int(3) NOT NULL,
  PRIMARY KEY (`customer_group_id`)
) ENGINE=MyISAM AUTO_INCREMENT=4 DEFAULT CHARSET=utf8;

-- ----------------------------
-- Records of mcc_customer_group
-- ----------------------------
INSERT INTO `mcc_customer_group` VALUES ('1', '0', '1');
INSERT INTO `mcc_customer_group` VALUES ('2', '0', '3');
INSERT INTO `mcc_customer_group` VALUES ('3', '0', '2');

-- ----------------------------
-- Table structure for mcc_customer_group_description
-- ----------------------------
DROP TABLE IF EXISTS `mcc_customer_group_description`;
CREATE TABLE `mcc_customer_group_description` (
  `customer_group_id` int(11) NOT NULL,
  `language_id` int(11) NOT NULL,
  `name` varchar(32) NOT NULL,
  `description` text NOT NULL,
  PRIMARY KEY (`customer_group_id`,`language_id`)
) ENGINE=MyISAM DEFAULT CHARSET=utf8;

-- ----------------------------
-- Records of mcc_customer_group_description
-- ----------------------------
INSERT INTO `mcc_customer_group_description` VALUES ('1', '1', '普通', '测试');
INSERT INTO `mcc_customer_group_description` VALUES ('1', '2', 'Default', 'Test');
INSERT INTO `mcc_customer_group_description` VALUES ('1', '3', '普通', '测试');
INSERT INTO `mcc_customer_group_description` VALUES ('2', '3', 'VIP', '');
INSERT INTO `mcc_customer_group_description` VALUES ('2', '2', 'VIP', '');
INSERT INTO `mcc_customer_group_description` VALUES ('2', '1', 'VIP', '');
INSERT INTO `mcc_customer_group_description` VALUES ('3', '3', 'WholeSale', '');
INSERT INTO `mcc_customer_group_description` VALUES ('3', '2', 'WholeSale', '');
INSERT INTO `mcc_customer_group_description` VALUES ('3', '1', 'WholeSale', '');

-- ----------------------------
-- Table structure for mcc_customer_history
-- ----------------------------
DROP TABLE IF EXISTS `mcc_customer_history`;
CREATE TABLE `mcc_customer_history` (
  `customer_history_id` int(11) NOT NULL AUTO_INCREMENT,
  `customer_id` int(11) NOT NULL,
  `comment` text NOT NULL,
  `date_added` datetime NOT NULL,
  PRIMARY KEY (`customer_history_id`)
) ENGINE=MyISAM DEFAULT CHARSET=utf8;

-- ----------------------------
-- Records of mcc_customer_history
-- ----------------------------

-- ----------------------------
-- Table structure for mcc_customer_ip
-- ----------------------------
DROP TABLE IF EXISTS `mcc_customer_ip`;
CREATE TABLE `mcc_customer_ip` (
  `customer_ip_id` int(11) NOT NULL AUTO_INCREMENT,
  `customer_id` int(11) NOT NULL,
  `ip` varchar(40) NOT NULL,
  `date_added` datetime NOT NULL,
  PRIMARY KEY (`customer_ip_id`),
  KEY `ip` (`ip`) USING BTREE
) ENGINE=MyISAM AUTO_INCREMENT=68 DEFAULT CHARSET=utf8;

-- ----------------------------
-- Records of mcc_customer_ip
-- ----------------------------
INSERT INTO `mcc_customer_ip` VALUES ('1', '1', '127.0.0.1', '2016-03-31 16:20:58');
INSERT INTO `mcc_customer_ip` VALUES ('2', '3', '127.0.0.1', '2016-04-13 16:42:18');
INSERT INTO `mcc_customer_ip` VALUES ('3', '4', '127.0.0.1', '2016-04-13 16:43:03');
INSERT INTO `mcc_customer_ip` VALUES ('4', '5', '127.0.0.1', '2016-04-13 16:47:13');
INSERT INTO `mcc_customer_ip` VALUES ('5', '1', '113.108.164.34', '2016-05-09 19:21:35');
INSERT INTO `mcc_customer_ip` VALUES ('6', '6', '113.108.164.34', '2016-05-10 17:40:22');
INSERT INTO `mcc_customer_ip` VALUES ('7', '1', '45.32.53.189', '2016-05-11 18:35:25');
INSERT INTO `mcc_customer_ip` VALUES ('8', '7', '113.108.164.34', '2016-05-12 19:04:59');
INSERT INTO `mcc_customer_ip` VALUES ('9', '9', '117.136.45.136', '2016-05-12 23:42:02');
INSERT INTO `mcc_customer_ip` VALUES ('10', '10', '218.63.117.89', '2016-05-13 08:19:47');
INSERT INTO `mcc_customer_ip` VALUES ('11', '11', '113.46.46.132', '2016-05-16 10:55:10');
INSERT INTO `mcc_customer_ip` VALUES ('12', '12', '113.108.164.34', '2016-05-16 15:07:08');
INSERT INTO `mcc_customer_ip` VALUES ('13', '13', '14.17.22.34', '2016-05-16 15:27:32');
INSERT INTO `mcc_customer_ip` VALUES ('14', '14', '113.108.164.34', '2016-05-16 16:42:45');
INSERT INTO `mcc_customer_ip` VALUES ('15', '15', '183.130.36.85', '2016-05-17 18:12:55');
INSERT INTO `mcc_customer_ip` VALUES ('16', '16', '113.93.34.118', '2016-05-17 22:05:44');
INSERT INTO `mcc_customer_ip` VALUES ('17', '17', '175.19.18.220', '2016-05-17 23:08:07');
INSERT INTO `mcc_customer_ip` VALUES ('18', '18', '219.130.217.60', '2016-05-18 13:25:28');
INSERT INTO `mcc_customer_ip` VALUES ('19', '19', '60.180.195.200', '2016-05-18 18:20:53');
INSERT INTO `mcc_customer_ip` VALUES ('20', '20', '119.130.71.34', '2016-05-18 22:00:46');
INSERT INTO `mcc_customer_ip` VALUES ('21', '21', '119.130.71.34', '2016-05-18 22:04:26');
INSERT INTO `mcc_customer_ip` VALUES ('22', '22', '119.130.71.34', '2016-05-18 22:05:32');
INSERT INTO `mcc_customer_ip` VALUES ('23', '14', '218.88.7.38', '2016-05-19 21:42:16');
INSERT INTO `mcc_customer_ip` VALUES ('24', '20', '119.130.171.186', '2016-05-19 22:24:29');
INSERT INTO `mcc_customer_ip` VALUES ('25', '23', '113.248.144.225', '2016-05-20 18:56:41');
INSERT INTO `mcc_customer_ip` VALUES ('26', '24', '111.78.110.90', '2016-05-20 21:31:57');
INSERT INTO `mcc_customer_ip` VALUES ('27', '14', '218.88.5.43', '2016-05-22 09:19:16');
INSERT INTO `mcc_customer_ip` VALUES ('28', '25', '113.108.164.34', '2016-05-23 11:59:10');
INSERT INTO `mcc_customer_ip` VALUES ('29', '26', '221.195.215.48', '2016-05-23 20:58:33');
INSERT INTO `mcc_customer_ip` VALUES ('30', '27', '113.108.164.34', '2016-05-24 19:06:51');
INSERT INTO `mcc_customer_ip` VALUES ('31', '28', '116.226.1.130', '2016-05-25 11:20:28');
INSERT INTO `mcc_customer_ip` VALUES ('32', '29', '113.108.164.34', '2016-05-25 11:46:56');
INSERT INTO `mcc_customer_ip` VALUES ('33', '30', '113.108.164.34', '2016-05-25 17:02:49');
INSERT INTO `mcc_customer_ip` VALUES ('34', '31', '122.5.151.155', '2016-05-25 20:04:54');
INSERT INTO `mcc_customer_ip` VALUES ('35', '32', '115.229.208.151', '2016-05-25 20:43:57');
INSERT INTO `mcc_customer_ip` VALUES ('36', '33', '222.42.132.126', '2016-05-25 23:27:43');
INSERT INTO `mcc_customer_ip` VALUES ('37', '34', '1.25.61.158', '2016-05-26 14:07:49');
INSERT INTO `mcc_customer_ip` VALUES ('38', '35', '139.205.170.189', '2016-05-27 09:59:11');
INSERT INTO `mcc_customer_ip` VALUES ('39', '36', '58.247.240.40', '2016-05-27 11:26:37');
INSERT INTO `mcc_customer_ip` VALUES ('40', '37', '58.247.240.40', '2016-05-27 11:26:42');
INSERT INTO `mcc_customer_ip` VALUES ('41', '38', '116.25.34.67', '2016-05-27 16:45:38');
INSERT INTO `mcc_customer_ip` VALUES ('42', '39', '113.108.164.34', '2016-05-27 17:10:55');
INSERT INTO `mcc_customer_ip` VALUES ('43', '40', '113.108.164.34', '2016-05-27 17:14:03');
INSERT INTO `mcc_customer_ip` VALUES ('44', '41', '219.157.127.70', '2016-05-28 23:41:49');
INSERT INTO `mcc_customer_ip` VALUES ('45', '42', '171.221.207.17', '2016-05-29 06:38:56');
INSERT INTO `mcc_customer_ip` VALUES ('46', '43', '112.14.88.169', '2016-05-29 08:14:09');
INSERT INTO `mcc_customer_ip` VALUES ('47', '44', '223.73.160.157', '2016-05-29 11:56:02');
INSERT INTO `mcc_customer_ip` VALUES ('48', '45', '60.218.251.163', '2016-05-29 13:05:09');
INSERT INTO `mcc_customer_ip` VALUES ('49', '46', '113.201.21.86', '2016-05-29 15:03:50');
INSERT INTO `mcc_customer_ip` VALUES ('50', '47', '39.190.14.118', '2016-05-30 09:21:10');
INSERT INTO `mcc_customer_ip` VALUES ('51', '48', '127.0.0.1', '2016-05-30 14:06:48');
INSERT INTO `mcc_customer_ip` VALUES ('52', '49', '127.0.0.1', '2016-05-30 14:50:56');
INSERT INTO `mcc_customer_ip` VALUES ('53', '7', '127.0.0.1', '2016-05-30 15:03:21');
INSERT INTO `mcc_customer_ip` VALUES ('54', '50', '127.0.0.1', '2016-05-30 19:53:20');
INSERT INTO `mcc_customer_ip` VALUES ('55', '51', '127.0.0.1', '2016-05-31 15:23:26');
INSERT INTO `mcc_customer_ip` VALUES ('56', '52', '127.0.0.1', '2016-05-31 16:07:49');
INSERT INTO `mcc_customer_ip` VALUES ('57', '53', '127.0.0.1', '2016-05-31 16:48:59');
INSERT INTO `mcc_customer_ip` VALUES ('58', '54', '127.0.0.1', '2016-05-31 19:27:40');
INSERT INTO `mcc_customer_ip` VALUES ('59', '55', '127.0.0.1', '2016-05-31 19:39:00');
INSERT INTO `mcc_customer_ip` VALUES ('60', '56', '127.0.0.1', '2016-05-31 20:05:55');
INSERT INTO `mcc_customer_ip` VALUES ('61', '57', '127.0.0.1', '2016-05-31 23:01:58');
INSERT INTO `mcc_customer_ip` VALUES ('62', '45', '127.0.0.1', '2016-06-01 05:55:43');
INSERT INTO `mcc_customer_ip` VALUES ('63', '58', '127.0.0.1', '2016-06-01 12:40:03');
INSERT INTO `mcc_customer_ip` VALUES ('64', '59', '127.0.0.1', '2016-06-01 17:43:02');
INSERT INTO `mcc_customer_ip` VALUES ('65', '60', '127.0.0.1', '2016-06-01 23:24:35');
INSERT INTO `mcc_customer_ip` VALUES ('66', '61', '127.0.0.1', '2016-06-02 12:54:55');
INSERT INTO `mcc_customer_ip` VALUES ('67', '62', '127.0.0.1', '2016-06-06 12:15:23');

-- ----------------------------
-- Table structure for mcc_customer_login
-- ----------------------------
DROP TABLE IF EXISTS `mcc_customer_login`;
CREATE TABLE `mcc_customer_login` (
  `customer_login_id` int(11) NOT NULL AUTO_INCREMENT,
  `email` varchar(96) NOT NULL,
  `ip` varchar(40) NOT NULL,
  `total` int(4) NOT NULL,
  `date_added` datetime NOT NULL,
  `date_modified` datetime NOT NULL,
  PRIMARY KEY (`customer_login_id`),
  KEY `email` (`email`) USING BTREE,
  KEY `ip` (`ip`) USING BTREE
) ENGINE=MyISAM AUTO_INCREMENT=2 DEFAULT CHARSET=utf8;

-- ----------------------------
-- Records of mcc_customer_login
-- ----------------------------
INSERT INTO `mcc_customer_login` VALUES ('1', 'admin', '127.0.0.1', '1', '2016-04-05 14:54:37', '2016-04-05 14:54:37');

-- ----------------------------
-- Table structure for mcc_customer_new
-- ----------------------------
DROP TABLE IF EXISTS `mcc_customer_new`;
CREATE TABLE `mcc_customer_new` (
  `customer_id` int(11) NOT NULL AUTO_INCREMENT,
  `member_id` int(11) NOT NULL COMMENT 'edg会员id',
  `customer_group_id` int(11) NOT NULL,
  `store_id` int(11) NOT NULL DEFAULT '0',
  `fullname` varchar(32) DEFAULT NULL,
  `email` varchar(96) DEFAULT NULL,
  `telephone` varchar(32) NOT NULL,
  `cart` text,
  `wishlist` text,
  `newsletter` tinyint(1) NOT NULL DEFAULT '0',
  `address_id` int(11) DEFAULT '0',
  `ip` varchar(40) NOT NULL,
  `status` tinyint(1) NOT NULL,
  `approved` tinyint(1) NOT NULL,
  `safe` tinyint(1) NOT NULL,
  `token` varchar(255) NOT NULL,
  `date_added` datetime NOT NULL,
  `date_modified` datetime NOT NULL,
  PRIMARY KEY (`customer_id`),
  UNIQUE KEY `member_id` (`member_id`) USING BTREE
) ENGINE=MyISAM AUTO_INCREMENT=6 DEFAULT CHARSET=utf8;

-- ----------------------------
-- Records of mcc_customer_new
-- ----------------------------

-- ----------------------------
-- Table structure for mcc_customer_online
-- ----------------------------
DROP TABLE IF EXISTS `mcc_customer_online`;
CREATE TABLE `mcc_customer_online` (
  `ip` varchar(40) NOT NULL,
  `customer_id` int(11) NOT NULL,
  `url` text NOT NULL,
  `referer` text NOT NULL,
  `date_added` datetime NOT NULL,
  PRIMARY KEY (`ip`)
) ENGINE=MyISAM DEFAULT CHARSET=utf8;

-- ----------------------------
-- Records of mcc_customer_online
-- ----------------------------

-- ----------------------------
-- Table structure for mcc_customer_reward
-- ----------------------------
DROP TABLE IF EXISTS `mcc_customer_reward`;
CREATE TABLE `mcc_customer_reward` (
  `customer_reward_id` int(11) NOT NULL AUTO_INCREMENT,
  `customer_id` int(11) NOT NULL DEFAULT '0',
  `order_id` int(11) NOT NULL DEFAULT '0',
  `description` text NOT NULL,
  `points` int(8) NOT NULL DEFAULT '0',
  `date_added` datetime NOT NULL,
  PRIMARY KEY (`customer_reward_id`)
) ENGINE=MyISAM DEFAULT CHARSET=utf8;

-- ----------------------------
-- Records of mcc_customer_reward
-- ----------------------------

-- ----------------------------
-- Table structure for mcc_customer_transaction
-- ----------------------------
DROP TABLE IF EXISTS `mcc_customer_transaction`;
CREATE TABLE `mcc_customer_transaction` (
  `customer_transaction_id` int(11) NOT NULL AUTO_INCREMENT,
  `customer_id` int(11) NOT NULL,
  `order_id` int(11) NOT NULL,
  `description` text NOT NULL,
  `amount` decimal(15,4) NOT NULL,
  `date_added` datetime NOT NULL,
  PRIMARY KEY (`customer_transaction_id`)
) ENGINE=MyISAM AUTO_INCREMENT=4 DEFAULT CHARSET=utf8;

-- ----------------------------
-- Records of mcc_customer_transaction
-- ----------------------------
INSERT INTO `mcc_customer_transaction` VALUES ('3', '1', '1', '订单号: #1', '-500.0000', '2016-04-18 18:20:52');

-- ----------------------------
-- Table structure for mcc_customer_wishlist
-- ----------------------------
DROP TABLE IF EXISTS `mcc_customer_wishlist`;
CREATE TABLE `mcc_customer_wishlist` (
  `customer_id` int(11) NOT NULL,
  `product_id` int(11) NOT NULL,
  `date_added` datetime NOT NULL,
  PRIMARY KEY (`customer_id`,`product_id`)
) ENGINE=MyISAM DEFAULT CHARSET=utf8;

-- ----------------------------
-- Records of mcc_customer_wishlist
-- ----------------------------

-- ----------------------------
-- Table structure for mcc_custom_field
-- ----------------------------
DROP TABLE IF EXISTS `mcc_custom_field`;
CREATE TABLE `mcc_custom_field` (
  `custom_field_id` int(11) NOT NULL AUTO_INCREMENT,
  `type` varchar(32) NOT NULL,
  `value` text NOT NULL,
  `validation` varchar(255) NOT NULL,
  `location` varchar(7) NOT NULL,
  `status` tinyint(1) NOT NULL,
  `sort_order` int(3) NOT NULL,
  PRIMARY KEY (`custom_field_id`)
) ENGINE=MyISAM DEFAULT CHARSET=utf8;

-- ----------------------------
-- Records of mcc_custom_field
-- ----------------------------

-- ----------------------------
-- Table structure for mcc_custom_field_customer_group
-- ----------------------------
DROP TABLE IF EXISTS `mcc_custom_field_customer_group`;
CREATE TABLE `mcc_custom_field_customer_group` (
  `custom_field_id` int(11) NOT NULL,
  `customer_group_id` int(11) NOT NULL,
  `required` tinyint(1) NOT NULL,
  PRIMARY KEY (`custom_field_id`,`customer_group_id`)
) ENGINE=MyISAM DEFAULT CHARSET=utf8;

-- ----------------------------
-- Records of mcc_custom_field_customer_group
-- ----------------------------

-- ----------------------------
-- Table structure for mcc_custom_field_description
-- ----------------------------
DROP TABLE IF EXISTS `mcc_custom_field_description`;
CREATE TABLE `mcc_custom_field_description` (
  `custom_field_id` int(11) NOT NULL,
  `language_id` int(11) NOT NULL,
  `name` varchar(128) NOT NULL,
  PRIMARY KEY (`custom_field_id`,`language_id`)
) ENGINE=MyISAM DEFAULT CHARSET=utf8;

-- ----------------------------
-- Records of mcc_custom_field_description
-- ----------------------------

-- ----------------------------
-- Table structure for mcc_custom_field_value
-- ----------------------------
DROP TABLE IF EXISTS `mcc_custom_field_value`;
CREATE TABLE `mcc_custom_field_value` (
  `custom_field_value_id` int(11) NOT NULL AUTO_INCREMENT,
  `custom_field_id` int(11) NOT NULL,
  `sort_order` int(3) NOT NULL,
  PRIMARY KEY (`custom_field_value_id`)
) ENGINE=MyISAM DEFAULT CHARSET=utf8;

-- ----------------------------
-- Records of mcc_custom_field_value
-- ----------------------------

-- ----------------------------
-- Table structure for mcc_custom_field_value_description
-- ----------------------------
DROP TABLE IF EXISTS `mcc_custom_field_value_description`;
CREATE TABLE `mcc_custom_field_value_description` (
  `custom_field_value_id` int(11) NOT NULL,
  `language_id` int(11) NOT NULL,
  `custom_field_id` int(11) NOT NULL,
  `name` varchar(128) NOT NULL,
  PRIMARY KEY (`custom_field_value_id`,`language_id`)
) ENGINE=MyISAM DEFAULT CHARSET=utf8;

-- ----------------------------
-- Records of mcc_custom_field_value_description
-- ----------------------------

-- ----------------------------
-- Table structure for mcc_download
-- ----------------------------
DROP TABLE IF EXISTS `mcc_download`;
CREATE TABLE `mcc_download` (
  `download_id` int(11) NOT NULL AUTO_INCREMENT,
  `filename` varchar(160) NOT NULL,
  `mask` varchar(128) NOT NULL,
  `date_added` datetime NOT NULL,
  PRIMARY KEY (`download_id`)
) ENGINE=MyISAM AUTO_INCREMENT=2 DEFAULT CHARSET=utf8;

-- ----------------------------
-- Records of mcc_download
-- ----------------------------

-- ----------------------------
-- Table structure for mcc_download_description
-- ----------------------------
DROP TABLE IF EXISTS `mcc_download_description`;
CREATE TABLE `mcc_download_description` (
  `download_id` int(11) NOT NULL,
  `language_id` int(11) NOT NULL,
  `name` varchar(64) NOT NULL,
  PRIMARY KEY (`download_id`,`language_id`)
) ENGINE=MyISAM DEFAULT CHARSET=utf8;

-- ----------------------------
-- Records of mcc_download_description
-- ----------------------------

-- ----------------------------
-- Table structure for mcc_event
-- ----------------------------
DROP TABLE IF EXISTS `mcc_event`;
CREATE TABLE `mcc_event` (
  `event_id` int(11) NOT NULL AUTO_INCREMENT,
  `code` varchar(32) NOT NULL,
  `trigger` text NOT NULL,
  `action` text NOT NULL,
  PRIMARY KEY (`event_id`)
) ENGINE=MyISAM AUTO_INCREMENT=5 DEFAULT CHARSET=utf8;

-- ----------------------------
-- Records of mcc_event
-- ----------------------------
INSERT INTO `mcc_event` VALUES ('1', 'voucher', 'post.order.history.add', 'total/voucher/send');
INSERT INTO `mcc_event` VALUES ('4', 'wx_login', 'post.customer.logout', 'module/wx_login/logout');

-- ----------------------------
-- Table structure for mcc_extension
-- ----------------------------
DROP TABLE IF EXISTS `mcc_extension`;
CREATE TABLE `mcc_extension` (
  `extension_id` int(11) NOT NULL AUTO_INCREMENT,
  `type` varchar(32) NOT NULL,
  `code` varchar(32) NOT NULL,
  PRIMARY KEY (`extension_id`)
) ENGINE=MyISAM AUTO_INCREMENT=488 DEFAULT CHARSET=utf8;

-- ----------------------------
-- Records of mcc_extension
-- ----------------------------
INSERT INTO `mcc_extension` VALUES ('1', 'payment', 'cod');
INSERT INTO `mcc_extension` VALUES ('2', 'total', 'shipping');
INSERT INTO `mcc_extension` VALUES ('3', 'total', 'sub_total');
INSERT INTO `mcc_extension` VALUES ('4', 'total', 'tax');
INSERT INTO `mcc_extension` VALUES ('5', 'total', 'total');
INSERT INTO `mcc_extension` VALUES ('6', 'module', 'banner');
INSERT INTO `mcc_extension` VALUES ('7', 'module', 'carousel');
INSERT INTO `mcc_extension` VALUES ('8', 'total', 'credit');
INSERT INTO `mcc_extension` VALUES ('9', 'shipping', 'flat');
INSERT INTO `mcc_extension` VALUES ('457', 'total', 'handling');
INSERT INTO `mcc_extension` VALUES ('11', 'total', 'low_order_fee');
INSERT INTO `mcc_extension` VALUES ('12', 'total', 'coupon');
INSERT INTO `mcc_extension` VALUES ('13', 'module', 'category');
INSERT INTO `mcc_extension` VALUES ('14', 'module', 'account');
INSERT INTO `mcc_extension` VALUES ('15', 'total', 'reward');
INSERT INTO `mcc_extension` VALUES ('16', 'total', 'voucher');
INSERT INTO `mcc_extension` VALUES ('17', 'payment', 'free_checkout');
INSERT INTO `mcc_extension` VALUES ('18', 'module', 'featured');
INSERT INTO `mcc_extension` VALUES ('19', 'module', 'slideshow');
INSERT INTO `mcc_extension` VALUES ('453', 'captcha', 'basic_captcha');
INSERT INTO `mcc_extension` VALUES ('456', 'payment', 'precharge');
INSERT INTO `mcc_extension` VALUES ('468', 'module', 'press_category');
INSERT INTO `mcc_extension` VALUES ('463', 'module', 'blog_category');
INSERT INTO `mcc_extension` VALUES ('464', 'module', 'blog_latest');
INSERT INTO `mcc_extension` VALUES ('465', 'module', 'blog_comment');
INSERT INTO `mcc_extension` VALUES ('466', 'module', 'blog_search');
INSERT INTO `mcc_extension` VALUES ('467', 'payment', 'paydollar');
INSERT INTO `mcc_extension` VALUES ('469', 'module', 'press_latest');
INSERT INTO `mcc_extension` VALUES ('470', 'module', 'faq_category');
INSERT INTO `mcc_extension` VALUES ('471', 'payment', 'wxpay');
INSERT INTO `mcc_extension` VALUES ('20', 'theme', 'theme_default');
INSERT INTO `mcc_extension` VALUES ('473', 'sms', 'chengyu');
INSERT INTO `mcc_extension` VALUES ('477', 'feed', 'google_sitemap');
INSERT INTO `mcc_extension` VALUES ('478', 'payment', 'bank_transfer');
INSERT INTO `mcc_extension` VALUES ('479', 'module', 'wx_login');
INSERT INTO `mcc_extension` VALUES ('480', 'module', 'bestseller');
INSERT INTO `mcc_extension` VALUES ('481', 'module', 'latest');
INSERT INTO `mcc_extension` VALUES ('482', 'payment', 'alipay_direct');
INSERT INTO `mcc_extension` VALUES ('483', 'payment', 'qrcode_wxpay');
INSERT INTO `mcc_extension` VALUES ('484', 'payment', 'upop');
INSERT INTO `mcc_extension` VALUES ('485', 'module', 'filter');
INSERT INTO `mcc_extension` VALUES ('486', 'shipping', 'free');

-- ----------------------------
-- Table structure for mcc_faq
-- ----------------------------
DROP TABLE IF EXISTS `mcc_faq`;
CREATE TABLE `mcc_faq` (
  `faq_id` int(11) NOT NULL AUTO_INCREMENT,
  `image` varchar(255) DEFAULT NULL,
  `sort_order` int(11) NOT NULL DEFAULT '0',
  `status` tinyint(1) NOT NULL DEFAULT '0',
  `date_added` datetime NOT NULL,
  `date_modified` datetime NOT NULL,
  PRIMARY KEY (`faq_id`)
) ENGINE=MyISAM AUTO_INCREMENT=35 DEFAULT CHARSET=utf8;

-- ----------------------------
-- Records of mcc_faq
-- ----------------------------
INSERT INTO `mcc_faq` VALUES ('25', null, '1', '1', '2016-02-19 14:09:56', '2016-03-13 16:40:19');
INSERT INTO `mcc_faq` VALUES ('26', null, '1', '1', '2016-02-19 14:10:24', '2016-02-19 14:40:46');
INSERT INTO `mcc_faq` VALUES ('27', null, '1', '1', '2016-02-19 14:10:56', '2016-02-19 14:40:58');
INSERT INTO `mcc_faq` VALUES ('28', null, '1', '1', '2016-02-25 10:23:07', '1970-01-01 00:00:01');
INSERT INTO `mcc_faq` VALUES ('29', null, '1', '1', '2016-02-25 10:23:28', '1970-01-01 00:00:01');
INSERT INTO `mcc_faq` VALUES ('30', null, '1', '1', '2016-02-25 10:23:49', '1970-01-01 00:00:01');
INSERT INTO `mcc_faq` VALUES ('31', null, '1', '1', '2016-02-25 10:24:07', '1970-01-01 00:00:01');
INSERT INTO `mcc_faq` VALUES ('32', null, '1', '1', '2016-02-25 10:24:25', '1970-01-01 00:00:01');
INSERT INTO `mcc_faq` VALUES ('33', null, '1', '1', '2016-02-25 10:24:41', '1970-01-01 00:00:01');
INSERT INTO `mcc_faq` VALUES ('34', null, '1', '1', '2016-02-25 10:24:57', '1970-01-01 00:00:01');

-- ----------------------------
-- Table structure for mcc_faq_category
-- ----------------------------
DROP TABLE IF EXISTS `mcc_faq_category`;
CREATE TABLE `mcc_faq_category` (
  `faq_category_id` int(11) NOT NULL AUTO_INCREMENT,
  `parent_id` int(11) NOT NULL DEFAULT '0',
  `sort_order` int(3) NOT NULL DEFAULT '0',
  `status` tinyint(1) NOT NULL,
  `date_added` datetime NOT NULL,
  `date_modified` datetime NOT NULL,
  PRIMARY KEY (`faq_category_id`),
  KEY `parent_id` (`parent_id`) USING BTREE
) ENGINE=MyISAM AUTO_INCREMENT=17 DEFAULT CHARSET=utf8;

-- ----------------------------
-- Records of mcc_faq_category
-- ----------------------------
INSERT INTO `mcc_faq_category` VALUES ('13', '0', '1', '1', '2016-02-19 14:01:16', '2016-02-19 14:01:16');
INSERT INTO `mcc_faq_category` VALUES ('14', '0', '2', '1', '2016-02-19 14:01:59', '2016-02-19 14:01:59');
INSERT INTO `mcc_faq_category` VALUES ('15', '13', '1', '1', '2016-02-19 14:02:44', '2016-02-19 14:02:44');
INSERT INTO `mcc_faq_category` VALUES ('16', '13', '2', '1', '2016-02-19 14:03:23', '2016-02-19 16:52:09');

-- ----------------------------
-- Table structure for mcc_faq_category_description
-- ----------------------------
DROP TABLE IF EXISTS `mcc_faq_category_description`;
CREATE TABLE `mcc_faq_category_description` (
  `faq_category_id` int(11) NOT NULL,
  `language_id` int(11) NOT NULL,
  `name` varchar(255) NOT NULL,
  `description` text NOT NULL,
  `meta_title` varchar(255) NOT NULL,
  `meta_description` varchar(255) NOT NULL,
  `meta_keyword` varchar(255) NOT NULL,
  PRIMARY KEY (`faq_category_id`,`language_id`),
  KEY `name` (`name`) USING BTREE
) ENGINE=MyISAM DEFAULT CHARSET=utf8;

-- ----------------------------
-- Records of mcc_faq_category_description
-- ----------------------------
INSERT INTO `mcc_faq_category_description` VALUES ('13', '1', '常见问题分类一', '&lt;p&gt;常见问题分类一&lt;br&gt;&lt;/p&gt;', '常见问题分类一', '常见问题分类一', '常见问题分类一');
INSERT INTO `mcc_faq_category_description` VALUES ('13', '2', '常见问题分类一', '&lt;p&gt;常见问题分类一&lt;br&gt;&lt;/p&gt;', '常见问题分类一', '常见问题分类一', '常见问题分类一');
INSERT INTO `mcc_faq_category_description` VALUES ('13', '3', '常见问题分类一', '&lt;p&gt;常见问题分类一&lt;br&gt;&lt;/p&gt;', '常见问题分类一', '常见问题分类一', '常见问题分类一');
INSERT INTO `mcc_faq_category_description` VALUES ('14', '1', '常见问题分类二', '&lt;p&gt;常见问题分类二&lt;br&gt;&lt;/p&gt;', '常见问题分类二', '常见问题分类二', '常见问题分类二');
INSERT INTO `mcc_faq_category_description` VALUES ('14', '2', '常见问题分类二', '&lt;p&gt;常见问题分类二&lt;br&gt;&lt;/p&gt;', '常见问题分类二', '常见问题分类二', '常见问题分类二');
INSERT INTO `mcc_faq_category_description` VALUES ('14', '3', '常见问题分类二', '&lt;p&gt;常见问题分类二&lt;br&gt;&lt;/p&gt;', '常见问题分类二', '常见问题分类二', '常见问题分类二');
INSERT INTO `mcc_faq_category_description` VALUES ('15', '1', '苹果问题', '&lt;p&gt;苹果问题&lt;br&gt;&lt;/p&gt;', '苹果问题', '苹果问题', '苹果问题');
INSERT INTO `mcc_faq_category_description` VALUES ('15', '2', '苹果问题', '&lt;p&gt;苹果问题&lt;br&gt;&lt;/p&gt;', '苹果问题', '苹果问题', '苹果问题');
INSERT INTO `mcc_faq_category_description` VALUES ('15', '3', '苹果问题', '&lt;p&gt;苹果问题&lt;br&gt;&lt;/p&gt;', '苹果问题', '苹果问题', '苹果问题');
INSERT INTO `mcc_faq_category_description` VALUES ('16', '2', '桔子问题', '&lt;p&gt;桔子问题&lt;br&gt;&lt;/p&gt;', '桔子问题', '桔子问题', '桔子问题');
INSERT INTO `mcc_faq_category_description` VALUES ('16', '3', '桔子问题', '&lt;p&gt;桔子问题&lt;br&gt;&lt;/p&gt;', '桔子问题', '桔子问题', '桔子问题');
INSERT INTO `mcc_faq_category_description` VALUES ('16', '1', '桔子问题', '&lt;p&gt;桔子问题&lt;br&gt;&lt;/p&gt;', '桔子问题', '桔子问题', '桔子问题');

-- ----------------------------
-- Table structure for mcc_faq_category_path
-- ----------------------------
DROP TABLE IF EXISTS `mcc_faq_category_path`;
CREATE TABLE `mcc_faq_category_path` (
  `faq_category_id` int(11) NOT NULL,
  `path_id` int(11) NOT NULL,
  `level` int(11) NOT NULL,
  PRIMARY KEY (`faq_category_id`,`path_id`)
) ENGINE=MyISAM DEFAULT CHARSET=utf8;

-- ----------------------------
-- Records of mcc_faq_category_path
-- ----------------------------
INSERT INTO `mcc_faq_category_path` VALUES ('13', '13', '0');
INSERT INTO `mcc_faq_category_path` VALUES ('14', '14', '0');
INSERT INTO `mcc_faq_category_path` VALUES ('15', '13', '0');
INSERT INTO `mcc_faq_category_path` VALUES ('15', '15', '1');
INSERT INTO `mcc_faq_category_path` VALUES ('16', '13', '0');
INSERT INTO `mcc_faq_category_path` VALUES ('16', '16', '1');

-- ----------------------------
-- Table structure for mcc_faq_category_to_layout
-- ----------------------------
DROP TABLE IF EXISTS `mcc_faq_category_to_layout`;
CREATE TABLE `mcc_faq_category_to_layout` (
  `faq_category_id` int(11) NOT NULL,
  `store_id` int(11) NOT NULL,
  `layout_id` int(11) NOT NULL,
  PRIMARY KEY (`faq_category_id`,`store_id`)
) ENGINE=MyISAM DEFAULT CHARSET=utf8;

-- ----------------------------
-- Records of mcc_faq_category_to_layout
-- ----------------------------
INSERT INTO `mcc_faq_category_to_layout` VALUES ('13', '0', '0');
INSERT INTO `mcc_faq_category_to_layout` VALUES ('14', '0', '0');
INSERT INTO `mcc_faq_category_to_layout` VALUES ('15', '0', '0');
INSERT INTO `mcc_faq_category_to_layout` VALUES ('16', '0', '0');

-- ----------------------------
-- Table structure for mcc_faq_category_to_store
-- ----------------------------
DROP TABLE IF EXISTS `mcc_faq_category_to_store`;
CREATE TABLE `mcc_faq_category_to_store` (
  `faq_category_id` int(11) NOT NULL,
  `store_id` int(11) NOT NULL,
  PRIMARY KEY (`faq_category_id`,`store_id`)
) ENGINE=MyISAM DEFAULT CHARSET=utf8;

-- ----------------------------
-- Records of mcc_faq_category_to_store
-- ----------------------------
INSERT INTO `mcc_faq_category_to_store` VALUES ('13', '0');
INSERT INTO `mcc_faq_category_to_store` VALUES ('14', '0');
INSERT INTO `mcc_faq_category_to_store` VALUES ('15', '0');
INSERT INTO `mcc_faq_category_to_store` VALUES ('16', '0');

-- ----------------------------
-- Table structure for mcc_faq_description
-- ----------------------------
DROP TABLE IF EXISTS `mcc_faq_description`;
CREATE TABLE `mcc_faq_description` (
  `faq_id` int(11) NOT NULL,
  `language_id` int(11) NOT NULL,
  `title` varchar(255) NOT NULL,
  `answer` text NOT NULL,
  PRIMARY KEY (`faq_id`,`language_id`),
  KEY `name` (`title`) USING BTREE
) ENGINE=MyISAM DEFAULT CHARSET=utf8;

-- ----------------------------
-- Records of mcc_faq_description
-- ----------------------------
INSERT INTO `mcc_faq_description` VALUES ('26', '3', '问题2', '&lt;p&gt;问题2&lt;br&gt;&lt;/p&gt;');
INSERT INTO `mcc_faq_description` VALUES ('26', '2', '问题2', '&lt;p&gt;问题2&lt;br&gt;&lt;/p&gt;');
INSERT INTO `mcc_faq_description` VALUES ('26', '1', '问题2', '&lt;p&gt;问题2&lt;br&gt;&lt;/p&gt;');
INSERT INTO `mcc_faq_description` VALUES ('27', '3', '问题3', '&lt;p&gt;问题3&lt;br&gt;&lt;/p&gt;');
INSERT INTO `mcc_faq_description` VALUES ('27', '2', '问题3', '&lt;p&gt;问题3&lt;br&gt;&lt;/p&gt;');
INSERT INTO `mcc_faq_description` VALUES ('27', '1', '问题3', '&lt;p&gt;问题3&lt;br&gt;&lt;/p&gt;');
INSERT INTO `mcc_faq_description` VALUES ('25', '1', 'MyCnCart系统可以商用吗？', '&lt;p&gt;是的，完全可以！!！&lt;br&gt;&lt;br&gt;mycncart系统遵循GPL3协议，您可以用它来用作商业网站，并且免费使用。&lt;br&gt;&lt;br&gt;你所需要遵循的就是：如果您做了二次开发并且将其销售，则您必须保持所做的二次开发也是开源的，不能做任何加密。&lt;br&gt;&lt;br&gt;mycncart系统本身可以被免费使用，但不能包装起来后被销售。&lt;br&gt;&lt;br&gt;您可以将【技术支持 MyCnCart】移除， 但希望您能够做一捐款， 如此MyCnCart的开发者才能够投入更多的时间精力为大家提供更好的版本服务。&lt;br&gt;&lt;br&gt;请使用支付宝捐款至支付宝账户：tonyspace2010@gmail.com&amp;nbsp; 姓名： 杨兆锋&lt;br&gt;&lt;br&gt;&lt;br&gt;&lt;/p&gt;&lt;p&gt;&lt;br&gt;&lt;/p&gt;');
INSERT INTO `mcc_faq_description` VALUES ('28', '1', '问题4', '&lt;p&gt;问题4&lt;br&gt;&lt;/p&gt;');
INSERT INTO `mcc_faq_description` VALUES ('28', '2', '问题4', '&lt;p&gt;问题4&lt;br&gt;&lt;/p&gt;');
INSERT INTO `mcc_faq_description` VALUES ('28', '3', '问题4', '&lt;p&gt;问题4&lt;br&gt;&lt;/p&gt;');
INSERT INTO `mcc_faq_description` VALUES ('29', '1', '问题5', '&lt;p&gt;问题5&lt;br&gt;&lt;/p&gt;');
INSERT INTO `mcc_faq_description` VALUES ('29', '2', '问题5', '&lt;p&gt;问题5&lt;br&gt;&lt;/p&gt;');
INSERT INTO `mcc_faq_description` VALUES ('29', '3', '问题5', '&lt;p&gt;问题5&lt;br&gt;&lt;/p&gt;');
INSERT INTO `mcc_faq_description` VALUES ('30', '1', '问题6', '&lt;p&gt;问题6&lt;br&gt;&lt;/p&gt;');
INSERT INTO `mcc_faq_description` VALUES ('30', '2', '问题6', '&lt;p&gt;问题6&lt;br&gt;&lt;/p&gt;');
INSERT INTO `mcc_faq_description` VALUES ('30', '3', '问题6', '&lt;p&gt;问题6&lt;br&gt;&lt;/p&gt;');
INSERT INTO `mcc_faq_description` VALUES ('31', '1', '问题7', '&lt;p&gt;问题7&lt;br&gt;&lt;/p&gt;');
INSERT INTO `mcc_faq_description` VALUES ('31', '2', '问题7', '&lt;p&gt;问题7&lt;br&gt;&lt;/p&gt;');
INSERT INTO `mcc_faq_description` VALUES ('31', '3', '问题7', '&lt;p&gt;问题7&lt;br&gt;&lt;/p&gt;');
INSERT INTO `mcc_faq_description` VALUES ('32', '1', '问题8', '&lt;p&gt;问题8&lt;br&gt;&lt;/p&gt;');
INSERT INTO `mcc_faq_description` VALUES ('32', '2', '问题8', '&lt;p&gt;问题8&lt;br&gt;&lt;/p&gt;');
INSERT INTO `mcc_faq_description` VALUES ('32', '3', '问题8', '&lt;p&gt;问题8&lt;br&gt;&lt;/p&gt;');
INSERT INTO `mcc_faq_description` VALUES ('33', '1', '问题9', '&lt;p&gt;问题9&lt;br&gt;&lt;/p&gt;');
INSERT INTO `mcc_faq_description` VALUES ('33', '2', '问题9', '&lt;p&gt;问题9&lt;br&gt;&lt;/p&gt;');
INSERT INTO `mcc_faq_description` VALUES ('33', '3', '问题9', '&lt;p&gt;问题9&lt;br&gt;&lt;/p&gt;');
INSERT INTO `mcc_faq_description` VALUES ('34', '1', '问题10', '&lt;p&gt;问题10&lt;br&gt;&lt;/p&gt;');
INSERT INTO `mcc_faq_description` VALUES ('34', '2', '问题10', '&lt;p&gt;问题10&lt;br&gt;&lt;/p&gt;');
INSERT INTO `mcc_faq_description` VALUES ('34', '3', '问题10', '&lt;p&gt;问题10&lt;br&gt;&lt;/p&gt;');
INSERT INTO `mcc_faq_description` VALUES ('25', '2', 'MyCnCart系统可以商用吗？', '&lt;p&gt;是的，完全可以！!！&lt;br&gt;&lt;br&gt;mycncart系统遵循GPL3协议，您可以用它来用作商业网站，并且免费使用。&lt;br&gt;&lt;br&gt;你所需要遵循的就是：如果您做了二次开发并且将其销售，则您必须保持所做的二次开发也是开源的，不能做任何加密。&lt;br&gt;&lt;br&gt;mycncart系统本身可以被免费使用，但不能包装起来后被销售。&lt;br&gt;&lt;br&gt;您可以将【技术支持 MyCnCart】移除， 但希望您能够做一捐款， 如此MyCnCart的开发者才能够投入更多的时间精力为大家提供更好的版本服务。&lt;br&gt;&lt;br&gt;请使用支付宝捐款至支付宝账户：tonyspace2010@gmail.com&amp;nbsp; 姓名： 杨兆锋&lt;br&gt;&lt;br&gt;&lt;br&gt;&lt;/p&gt;&lt;p&gt;&lt;br&gt;&lt;/p&gt;');
INSERT INTO `mcc_faq_description` VALUES ('25', '3', 'MyCnCart系统可以商用吗？', '&lt;p&gt;是的，完全可以！!！&lt;br&gt;&lt;br&gt;mycncart系统遵循GPL3协议，您可以用它来用作商业网站，并且免费使用。&lt;br&gt;&lt;br&gt;你所需要遵循的就是：如果您做了二次开发并且将其销售，则您必须保持所做的二次开发也是开源的，不能做任何加密。&lt;br&gt;&lt;br&gt;mycncart系统本身可以被免费使用，但不能包装起来后被销售。&lt;br&gt;&lt;br&gt;您可以将【技术支持 MyCnCart】移除， 但希望您能够做一捐款， 如此MyCnCart的开发者才能够投入更多的时间精力为大家提供更好的版本服务。&lt;br&gt;&lt;br&gt;请使用支付宝捐款至支付宝账户：tonyspace2010@gmail.com&amp;nbsp; 姓名： 杨兆锋&lt;br&gt;&lt;br&gt;&lt;br&gt;&lt;/p&gt;&lt;p&gt;&lt;br&gt;&lt;/p&gt;');

-- ----------------------------
-- Table structure for mcc_faq_product
-- ----------------------------
DROP TABLE IF EXISTS `mcc_faq_product`;
CREATE TABLE `mcc_faq_product` (
  `faq_id` int(11) NOT NULL,
  `related_id` int(11) NOT NULL,
  UNIQUE KEY `faq_id` (`faq_id`,`related_id`) USING BTREE
) ENGINE=MyISAM DEFAULT CHARSET=utf8;

-- ----------------------------
-- Records of mcc_faq_product
-- ----------------------------
INSERT INTO `mcc_faq_product` VALUES ('25', '28');
INSERT INTO `mcc_faq_product` VALUES ('25', '41');
INSERT INTO `mcc_faq_product` VALUES ('25', '42');
INSERT INTO `mcc_faq_product` VALUES ('25', '47');
INSERT INTO `mcc_faq_product` VALUES ('26', '41');
INSERT INTO `mcc_faq_product` VALUES ('26', '48');
INSERT INTO `mcc_faq_product` VALUES ('27', '28');
INSERT INTO `mcc_faq_product` VALUES ('27', '48');

-- ----------------------------
-- Table structure for mcc_faq_to_faq_category
-- ----------------------------
DROP TABLE IF EXISTS `mcc_faq_to_faq_category`;
CREATE TABLE `mcc_faq_to_faq_category` (
  `faq_id` int(11) NOT NULL,
  `faq_category_id` int(11) NOT NULL,
  PRIMARY KEY (`faq_id`,`faq_category_id`),
  KEY `faq_category_id` (`faq_category_id`) USING BTREE
) ENGINE=MyISAM DEFAULT CHARSET=utf8;

-- ----------------------------
-- Records of mcc_faq_to_faq_category
-- ----------------------------
INSERT INTO `mcc_faq_to_faq_category` VALUES ('25', '13');
INSERT INTO `mcc_faq_to_faq_category` VALUES ('25', '15');
INSERT INTO `mcc_faq_to_faq_category` VALUES ('26', '13');
INSERT INTO `mcc_faq_to_faq_category` VALUES ('26', '16');
INSERT INTO `mcc_faq_to_faq_category` VALUES ('27', '14');
INSERT INTO `mcc_faq_to_faq_category` VALUES ('28', '16');
INSERT INTO `mcc_faq_to_faq_category` VALUES ('29', '16');
INSERT INTO `mcc_faq_to_faq_category` VALUES ('30', '16');
INSERT INTO `mcc_faq_to_faq_category` VALUES ('31', '16');
INSERT INTO `mcc_faq_to_faq_category` VALUES ('32', '16');
INSERT INTO `mcc_faq_to_faq_category` VALUES ('33', '16');
INSERT INTO `mcc_faq_to_faq_category` VALUES ('34', '16');

-- ----------------------------
-- Table structure for mcc_faq_to_layout
-- ----------------------------
DROP TABLE IF EXISTS `mcc_faq_to_layout`;
CREATE TABLE `mcc_faq_to_layout` (
  `faq_id` int(11) NOT NULL,
  `store_id` int(11) NOT NULL,
  `layout_id` int(11) NOT NULL,
  PRIMARY KEY (`faq_id`,`store_id`)
) ENGINE=MyISAM DEFAULT CHARSET=utf8;

-- ----------------------------
-- Records of mcc_faq_to_layout
-- ----------------------------
INSERT INTO `mcc_faq_to_layout` VALUES ('25', '0', '0');
INSERT INTO `mcc_faq_to_layout` VALUES ('26', '0', '0');
INSERT INTO `mcc_faq_to_layout` VALUES ('27', '0', '0');
INSERT INTO `mcc_faq_to_layout` VALUES ('28', '0', '0');
INSERT INTO `mcc_faq_to_layout` VALUES ('29', '0', '0');
INSERT INTO `mcc_faq_to_layout` VALUES ('30', '0', '0');
INSERT INTO `mcc_faq_to_layout` VALUES ('31', '0', '0');
INSERT INTO `mcc_faq_to_layout` VALUES ('32', '0', '0');
INSERT INTO `mcc_faq_to_layout` VALUES ('33', '0', '0');
INSERT INTO `mcc_faq_to_layout` VALUES ('34', '0', '0');

-- ----------------------------
-- Table structure for mcc_faq_to_store
-- ----------------------------
DROP TABLE IF EXISTS `mcc_faq_to_store`;
CREATE TABLE `mcc_faq_to_store` (
  `faq_id` int(11) NOT NULL,
  `store_id` int(11) NOT NULL DEFAULT '0',
  PRIMARY KEY (`faq_id`,`store_id`)
) ENGINE=MyISAM DEFAULT CHARSET=utf8;

-- ----------------------------
-- Records of mcc_faq_to_store
-- ----------------------------
INSERT INTO `mcc_faq_to_store` VALUES ('25', '0');
INSERT INTO `mcc_faq_to_store` VALUES ('26', '0');
INSERT INTO `mcc_faq_to_store` VALUES ('27', '0');
INSERT INTO `mcc_faq_to_store` VALUES ('28', '0');
INSERT INTO `mcc_faq_to_store` VALUES ('29', '0');
INSERT INTO `mcc_faq_to_store` VALUES ('30', '0');
INSERT INTO `mcc_faq_to_store` VALUES ('31', '0');
INSERT INTO `mcc_faq_to_store` VALUES ('32', '0');
INSERT INTO `mcc_faq_to_store` VALUES ('33', '0');
INSERT INTO `mcc_faq_to_store` VALUES ('34', '0');

-- ----------------------------
-- Table structure for mcc_filter
-- ----------------------------
DROP TABLE IF EXISTS `mcc_filter`;
CREATE TABLE `mcc_filter` (
  `filter_id` int(11) NOT NULL AUTO_INCREMENT,
  `filter_group_id` int(11) NOT NULL,
  `sort_order` int(3) NOT NULL,
  PRIMARY KEY (`filter_id`)
) ENGINE=MyISAM AUTO_INCREMENT=13 DEFAULT CHARSET=utf8;

-- ----------------------------
-- Records of mcc_filter
-- ----------------------------
INSERT INTO `mcc_filter` VALUES ('2', '1', '1');
INSERT INTO `mcc_filter` VALUES ('1', '1', '0');
INSERT INTO `mcc_filter` VALUES ('12', '3', '0');
INSERT INTO `mcc_filter` VALUES ('11', '3', '0');
INSERT INTO `mcc_filter` VALUES ('10', '3', '0');
INSERT INTO `mcc_filter` VALUES ('9', '3', '1');
INSERT INTO `mcc_filter` VALUES ('8', '3', '0');

-- ----------------------------
-- Table structure for mcc_filter_description
-- ----------------------------
DROP TABLE IF EXISTS `mcc_filter_description`;
CREATE TABLE `mcc_filter_description` (
  `filter_id` int(11) NOT NULL,
  `language_id` int(11) NOT NULL,
  `filter_group_id` int(11) NOT NULL,
  `name` varchar(64) NOT NULL,
  PRIMARY KEY (`filter_id`,`language_id`)
) ENGINE=MyISAM DEFAULT CHARSET=utf8;

-- ----------------------------
-- Records of mcc_filter_description
-- ----------------------------
INSERT INTO `mcc_filter_description` VALUES ('2', '3', '1', 'GIRLS');
INSERT INTO `mcc_filter_description` VALUES ('2', '2', '1', 'GIRLS');
INSERT INTO `mcc_filter_description` VALUES ('2', '1', '1', 'GIRLS');
INSERT INTO `mcc_filter_description` VALUES ('1', '3', '1', 'BOYS');
INSERT INTO `mcc_filter_description` VALUES ('1', '2', '1', 'BOYS');
INSERT INTO `mcc_filter_description` VALUES ('1', '1', '1', 'BOYS');
INSERT INTO `mcc_filter_description` VALUES ('12', '3', '3', 'XXL');
INSERT INTO `mcc_filter_description` VALUES ('12', '2', '3', 'XXL');
INSERT INTO `mcc_filter_description` VALUES ('12', '1', '3', 'XXL');
INSERT INTO `mcc_filter_description` VALUES ('11', '3', '3', 'XL');
INSERT INTO `mcc_filter_description` VALUES ('11', '2', '3', 'XL');
INSERT INTO `mcc_filter_description` VALUES ('11', '1', '3', 'XL');
INSERT INTO `mcc_filter_description` VALUES ('10', '3', '3', 'L');
INSERT INTO `mcc_filter_description` VALUES ('10', '2', '3', 'L');
INSERT INTO `mcc_filter_description` VALUES ('10', '1', '3', 'L');
INSERT INTO `mcc_filter_description` VALUES ('9', '3', '3', 'M');
INSERT INTO `mcc_filter_description` VALUES ('9', '2', '3', 'M');
INSERT INTO `mcc_filter_description` VALUES ('9', '1', '3', 'M');
INSERT INTO `mcc_filter_description` VALUES ('8', '3', '3', 'S');
INSERT INTO `mcc_filter_description` VALUES ('8', '2', '3', 'S');
INSERT INTO `mcc_filter_description` VALUES ('8', '1', '3', 'S');

-- ----------------------------
-- Table structure for mcc_filter_group
-- ----------------------------
DROP TABLE IF EXISTS `mcc_filter_group`;
CREATE TABLE `mcc_filter_group` (
  `filter_group_id` int(11) NOT NULL AUTO_INCREMENT,
  `sort_order` int(3) NOT NULL,
  PRIMARY KEY (`filter_group_id`)
) ENGINE=MyISAM AUTO_INCREMENT=4 DEFAULT CHARSET=utf8;

-- ----------------------------
-- Records of mcc_filter_group
-- ----------------------------
INSERT INTO `mcc_filter_group` VALUES ('1', '0');
INSERT INTO `mcc_filter_group` VALUES ('3', '0');

-- ----------------------------
-- Table structure for mcc_filter_group_description
-- ----------------------------
DROP TABLE IF EXISTS `mcc_filter_group_description`;
CREATE TABLE `mcc_filter_group_description` (
  `filter_group_id` int(11) NOT NULL,
  `language_id` int(11) NOT NULL,
  `name` varchar(64) NOT NULL,
  PRIMARY KEY (`filter_group_id`,`language_id`)
) ENGINE=MyISAM DEFAULT CHARSET=utf8;

-- ----------------------------
-- Records of mcc_filter_group_description
-- ----------------------------
INSERT INTO `mcc_filter_group_description` VALUES ('1', '3', '性别');
INSERT INTO `mcc_filter_group_description` VALUES ('1', '2', 'gender');
INSERT INTO `mcc_filter_group_description` VALUES ('1', '1', '性别');
INSERT INTO `mcc_filter_group_description` VALUES ('3', '3', '尺码');
INSERT INTO `mcc_filter_group_description` VALUES ('3', '2', 'SIZE');
INSERT INTO `mcc_filter_group_description` VALUES ('3', '1', '尺码');

-- ----------------------------
-- Table structure for mcc_geo_zone
-- ----------------------------
DROP TABLE IF EXISTS `mcc_geo_zone`;
CREATE TABLE `mcc_geo_zone` (
  `geo_zone_id` int(11) NOT NULL AUTO_INCREMENT,
  `name` varchar(32) NOT NULL,
  `description` varchar(255) NOT NULL,
  `date_modified` datetime NOT NULL,
  `date_added` datetime NOT NULL,
  PRIMARY KEY (`geo_zone_id`)
) ENGINE=MyISAM AUTO_INCREMENT=6 DEFAULT CHARSET=utf8;

-- ----------------------------
-- Records of mcc_geo_zone
-- ----------------------------
INSERT INTO `mcc_geo_zone` VALUES ('3', '中国普通地区', '中国普通地区', '2015-04-01 22:23:18', '2009-01-06 23:26:25');
INSERT INTO `mcc_geo_zone` VALUES ('4', '中国偏远地区配送', '中国偏远地区配送', '2015-04-01 22:11:53', '2009-06-23 01:14:53');
INSERT INTO `mcc_geo_zone` VALUES ('5', '中国特别地区', '中国特别地区', '1970-01-01 00:00:01', '2015-04-01 22:24:09');

-- ----------------------------
-- Table structure for mcc_information
-- ----------------------------
DROP TABLE IF EXISTS `mcc_information`;
CREATE TABLE `mcc_information` (
  `information_id` int(11) NOT NULL AUTO_INCREMENT,
  `bottom` int(1) NOT NULL DEFAULT '0',
  `sort_order` int(3) NOT NULL DEFAULT '0',
  `status` tinyint(1) NOT NULL DEFAULT '1',
  PRIMARY KEY (`information_id`)
) ENGINE=MyISAM AUTO_INCREMENT=7 DEFAULT CHARSET=utf8;

-- ----------------------------
-- Records of mcc_information
-- ----------------------------
INSERT INTO `mcc_information` VALUES ('3', '1', '3', '1');
INSERT INTO `mcc_information` VALUES ('4', '1', '1', '1');
INSERT INTO `mcc_information` VALUES ('5', '1', '4', '1');
INSERT INTO `mcc_information` VALUES ('6', '1', '2', '1');

-- ----------------------------
-- Table structure for mcc_information_description
-- ----------------------------
DROP TABLE IF EXISTS `mcc_information_description`;
CREATE TABLE `mcc_information_description` (
  `information_id` int(11) NOT NULL,
  `language_id` int(11) NOT NULL,
  `title` varchar(64) NOT NULL,
  `description` text NOT NULL,
  `meta_title` varchar(255) NOT NULL,
  `meta_description` varchar(255) NOT NULL,
  `meta_keyword` varchar(255) NOT NULL,
  PRIMARY KEY (`information_id`,`language_id`)
) ENGINE=MyISAM DEFAULT CHARSET=utf8;

-- ----------------------------
-- Records of mcc_information_description
-- ----------------------------
INSERT INTO `mcc_information_description` VALUES ('6', '2', 'Delivery Information', '&lt;p&gt;\r\n	Delivery Information&lt;/p&gt;\r\n', 'Delivery Information', '', '');
INSERT INTO `mcc_information_description` VALUES ('4', '2', 'About Us', '&lt;p&gt;\r\n	About Us&lt;/p&gt;\r\n', 'About Us', '', '');
INSERT INTO `mcc_information_description` VALUES ('3', '2', 'Privacy Policy', '&lt;p&gt;\r\n	Privacy Policy&lt;/p&gt;\r\n', 'Privacy Policy', '', '');
INSERT INTO `mcc_information_description` VALUES ('5', '2', 'Terms &amp; Conditions', 'Terms &amp;amp; Conditions', 'Terms &amp; Conditions', '', '');
INSERT INTO `mcc_information_description` VALUES ('4', '1', '关于我们', '&lt;p&gt;\r\n	About Us&lt;/p&gt;\r\n', '关于我们', '', '');
INSERT INTO `mcc_information_description` VALUES ('3', '1', '隐私政策', '&lt;p&gt;\r\n	隐私政策&lt;/p&gt;\r\n', '隐私政策', '', '');
INSERT INTO `mcc_information_description` VALUES ('6', '1', '物流配送', '&lt;p&gt;\r\n	物流配送&lt;/p&gt;\r\n', '物流配送', '', '');
INSERT INTO `mcc_information_description` VALUES ('5', '1', '使用条款', '&lt;p&gt;使用条款&lt;br&gt;&lt;/p&gt;', '使用条款', '', '');
INSERT INTO `mcc_information_description` VALUES ('6', '3', '物流配送', '&lt;p&gt;\r\n	物流配送&lt;/p&gt;\r\n', '物流配送', '', '');
INSERT INTO `mcc_information_description` VALUES ('5', '3', '使用條款', '&lt;p&gt;\r\n	使用條款&lt;/p&gt;\r\n', '使用條款', '', '');
INSERT INTO `mcc_information_description` VALUES ('3', '3', '隱私政策', '&lt;p&gt;\r\n	隱私政策&lt;/p&gt;\r\n', '隱私政策', '', '');
INSERT INTO `mcc_information_description` VALUES ('4', '3', '关于我们', '&lt;p&gt;\r\n	关于我们&lt;/p&gt;\r\n', '关于我们', '', '');

-- ----------------------------
-- Table structure for mcc_information_to_layout
-- ----------------------------
DROP TABLE IF EXISTS `mcc_information_to_layout`;
CREATE TABLE `mcc_information_to_layout` (
  `information_id` int(11) NOT NULL,
  `store_id` int(11) NOT NULL,
  `layout_id` int(11) NOT NULL,
  PRIMARY KEY (`information_id`,`store_id`)
) ENGINE=MyISAM DEFAULT CHARSET=utf8;

-- ----------------------------
-- Records of mcc_information_to_layout
-- ----------------------------
INSERT INTO `mcc_information_to_layout` VALUES ('4', '0', '0');
INSERT INTO `mcc_information_to_layout` VALUES ('5', '0', '0');
INSERT INTO `mcc_information_to_layout` VALUES ('3', '0', '0');
INSERT INTO `mcc_information_to_layout` VALUES ('6', '0', '0');

-- ----------------------------
-- Table structure for mcc_information_to_store
-- ----------------------------
DROP TABLE IF EXISTS `mcc_information_to_store`;
CREATE TABLE `mcc_information_to_store` (
  `information_id` int(11) NOT NULL,
  `store_id` int(11) NOT NULL,
  PRIMARY KEY (`information_id`,`store_id`)
) ENGINE=MyISAM DEFAULT CHARSET=utf8;

-- ----------------------------
-- Records of mcc_information_to_store
-- ----------------------------
INSERT INTO `mcc_information_to_store` VALUES ('3', '0');
INSERT INTO `mcc_information_to_store` VALUES ('4', '0');
INSERT INTO `mcc_information_to_store` VALUES ('5', '0');
INSERT INTO `mcc_information_to_store` VALUES ('6', '0');

-- ----------------------------
-- Table structure for mcc_language
-- ----------------------------
DROP TABLE IF EXISTS `mcc_language`;
CREATE TABLE `mcc_language` (
  `language_id` int(11) NOT NULL AUTO_INCREMENT,
  `name` varchar(32) NOT NULL,
  `code` varchar(5) NOT NULL,
  `locale` varchar(255) NOT NULL,
  `image` varchar(64) NOT NULL,
  `directory` varchar(32) NOT NULL,
  `sort_order` int(3) NOT NULL DEFAULT '0',
  `status` tinyint(1) NOT NULL,
  PRIMARY KEY (`language_id`),
  KEY `name` (`name`) USING BTREE
) ENGINE=MyISAM AUTO_INCREMENT=4 DEFAULT CHARSET=utf8;

-- ----------------------------
-- Records of mcc_language
-- ----------------------------
INSERT INTO `mcc_language` VALUES ('1', '简体中文', 'zh-CN', 'zh_CN', 'cn.png', 'zh-CN', '1', '1');

-- ----------------------------
-- Table structure for mcc_layout
-- ----------------------------
DROP TABLE IF EXISTS `mcc_layout`;
CREATE TABLE `mcc_layout` (
  `layout_id` int(11) NOT NULL AUTO_INCREMENT,
  `name` varchar(64) NOT NULL,
  PRIMARY KEY (`layout_id`)
) ENGINE=MyISAM AUTO_INCREMENT=27 DEFAULT CHARSET=utf8;

-- ----------------------------
-- Records of mcc_layout
-- ----------------------------
INSERT INTO `mcc_layout` VALUES ('1', '首页');
INSERT INTO `mcc_layout` VALUES ('2', '商品');
INSERT INTO `mcc_layout` VALUES ('3', '分类');
INSERT INTO `mcc_layout` VALUES ('4', '默认');
INSERT INTO `mcc_layout` VALUES ('5', '品牌/制造商');
INSERT INTO `mcc_layout` VALUES ('6', '会员');
INSERT INTO `mcc_layout` VALUES ('7', '结账');
INSERT INTO `mcc_layout` VALUES ('8', '联系');
INSERT INTO `mcc_layout` VALUES ('9', '网站地图');
INSERT INTO `mcc_layout` VALUES ('10', '加盟');
INSERT INTO `mcc_layout` VALUES ('11', '信息文章');
INSERT INTO `mcc_layout` VALUES ('12', '比较');
INSERT INTO `mcc_layout` VALUES ('13', '检索');
INSERT INTO `mcc_layout` VALUES ('14', '百度地图');
INSERT INTO `mcc_layout` VALUES ('15', '注册');
INSERT INTO `mcc_layout` VALUES ('16', '博客总列表');
INSERT INTO `mcc_layout` VALUES ('17', '博客分类');
INSERT INTO `mcc_layout` VALUES ('18', '博客详情');
INSERT INTO `mcc_layout` VALUES ('20', '新闻详情');
INSERT INTO `mcc_layout` VALUES ('21', '新闻列表');
INSERT INTO `mcc_layout` VALUES ('22', '新闻分类');
INSERT INTO `mcc_layout` VALUES ('23', '常见问题与解答(FAQs)');
INSERT INTO `mcc_layout` VALUES ('24', '最新商品');
INSERT INTO `mcc_layout` VALUES ('26', '热卖商品');

-- ----------------------------
-- Table structure for mcc_layout_module
-- ----------------------------
DROP TABLE IF EXISTS `mcc_layout_module`;
CREATE TABLE `mcc_layout_module` (
  `layout_module_id` int(11) NOT NULL AUTO_INCREMENT,
  `layout_id` int(11) NOT NULL,
  `code` varchar(64) NOT NULL,
  `position` varchar(14) NOT NULL,
  `sort_order` int(3) NOT NULL,
  PRIMARY KEY (`layout_module_id`)
) ENGINE=MyISAM AUTO_INCREMENT=171 DEFAULT CHARSET=utf8;

-- ----------------------------
-- Records of mcc_layout_module
-- ----------------------------
INSERT INTO `mcc_layout_module` VALUES ('86', '10', 'affiliate', 'column_right', '1');
INSERT INTO `mcc_layout_module` VALUES ('74', '6', 'account', 'column_right', '1');
INSERT INTO `mcc_layout_module` VALUES ('149', '1', 'bestseller.35', 'content_top', '3');
INSERT INTO `mcc_layout_module` VALUES ('148', '1', 'slideshow.27', 'content_top', '1');
INSERT INTO `mcc_layout_module` VALUES ('169', '3', 'banner.30', 'content_bottom', '2');
INSERT INTO `mcc_layout_module` VALUES ('84', '5', 'account', 'column_left', '2');
INSERT INTO `mcc_layout_module` VALUES ('124', '16', 'blog_comment.33', 'column_right', '1');
INSERT INTO `mcc_layout_module` VALUES ('117', '17', 'blog_comment.33', 'column_right', '1');
INSERT INTO `mcc_layout_module` VALUES ('116', '17', 'blog_category', 'column_left', '1');
INSERT INTO `mcc_layout_module` VALUES ('138', '18', 'blog_category', 'column_left', '2');
INSERT INTO `mcc_layout_module` VALUES ('123', '16', 'blog_latest.32', 'column_left', '2');
INSERT INTO `mcc_layout_module` VALUES ('115', '17', 'blog_latest.32', 'column_left', '2');
INSERT INTO `mcc_layout_module` VALUES ('122', '16', 'blog_category', 'column_left', '1');
INSERT INTO `mcc_layout_module` VALUES ('118', '17', 'blog_search', 'column_left', '0');
INSERT INTO `mcc_layout_module` VALUES ('137', '18', 'blog_search', 'column_left', '1');
INSERT INTO `mcc_layout_module` VALUES ('125', '16', 'blog_search', 'column_left', '0');
INSERT INTO `mcc_layout_module` VALUES ('134', '21', 'press_category', 'column_left', '1');
INSERT INTO `mcc_layout_module` VALUES ('140', '22', 'press_category', 'column_left', '1');
INSERT INTO `mcc_layout_module` VALUES ('135', '21', 'press_latest', 'column_left', '2');
INSERT INTO `mcc_layout_module` VALUES ('136', '23', 'faq_category', 'column_left', '1');
INSERT INTO `mcc_layout_module` VALUES ('139', '18', 'blog_latest.32', 'column_left', '3');
INSERT INTO `mcc_layout_module` VALUES ('144', '20', 'press_category', 'column_left', '1');
INSERT INTO `mcc_layout_module` VALUES ('170', '3', 'filter', 'content_top', '0');
INSERT INTO `mcc_layout_module` VALUES ('158', '1', 'latest.37', 'content_top', '2');
INSERT INTO `mcc_layout_module` VALUES ('160', '26', 'bestseller.35', 'content_top', '3');
INSERT INTO `mcc_layout_module` VALUES ('150', '1', 'carousel.29', 'content_top', '3');
INSERT INTO `mcc_layout_module` VALUES ('168', '3', 'category', 'column_left', '1');

-- ----------------------------
-- Table structure for mcc_layout_route
-- ----------------------------
DROP TABLE IF EXISTS `mcc_layout_route`;
CREATE TABLE `mcc_layout_route` (
  `layout_route_id` int(11) NOT NULL AUTO_INCREMENT,
  `layout_id` int(11) NOT NULL,
  `store_id` int(11) NOT NULL,
  `route` varchar(255) NOT NULL,
  PRIMARY KEY (`layout_route_id`)
) ENGINE=MyISAM AUTO_INCREMENT=115 DEFAULT CHARSET=utf8;

-- ----------------------------
-- Records of mcc_layout_route
-- ----------------------------
INSERT INTO `mcc_layout_route` VALUES ('54', '6', '0', 'account/%');
INSERT INTO `mcc_layout_route` VALUES ('71', '10', '0', 'affiliate/%');
INSERT INTO `mcc_layout_route` VALUES ('114', '3', '0', 'category/category');
INSERT INTO `mcc_layout_route` VALUES ('108', '1', '0', 'common/home');
INSERT INTO `mcc_layout_route` VALUES ('65', '2', '0', 'product/product');
INSERT INTO `mcc_layout_route` VALUES ('62', '11', '0', 'information/information');
INSERT INTO `mcc_layout_route` VALUES ('57', '7', '0', 'checkout/%');
INSERT INTO `mcc_layout_route` VALUES ('59', '8', '0', 'information/contact');
INSERT INTO `mcc_layout_route` VALUES ('67', '9', '0', 'information/sitemap');
INSERT INTO `mcc_layout_route` VALUES ('68', '4', '0', '');
INSERT INTO `mcc_layout_route` VALUES ('64', '5', '0', 'product/manufacturer');
INSERT INTO `mcc_layout_route` VALUES ('58', '12', '0', 'product/compare');
INSERT INTO `mcc_layout_route` VALUES ('66', '13', '0', 'product/search');
INSERT INTO `mcc_layout_route` VALUES ('70', '14', '0', 'information/baidu_map');
INSERT INTO `mcc_layout_route` VALUES ('72', '15', '0', 'account/login');
INSERT INTO `mcc_layout_route` VALUES ('88', '16', '0', 'blog/all');
INSERT INTO `mcc_layout_route` VALUES ('86', '17', '0', 'blog/category');
INSERT INTO `mcc_layout_route` VALUES ('101', '18', '0', 'blog/blog');
INSERT INTO `mcc_layout_route` VALUES ('107', '20', '0', 'press/press');
INSERT INTO `mcc_layout_route` VALUES ('97', '21', '0', 'press/all');
INSERT INTO `mcc_layout_route` VALUES ('103', '22', '0', 'press/category');
INSERT INTO `mcc_layout_route` VALUES ('99', '23', '0', 'faq/%');

-- ----------------------------
-- Table structure for mcc_length_class
-- ----------------------------
DROP TABLE IF EXISTS `mcc_length_class`;
CREATE TABLE `mcc_length_class` (
  `length_class_id` int(11) NOT NULL AUTO_INCREMENT,
  `value` decimal(15,8) NOT NULL,
  PRIMARY KEY (`length_class_id`)
) ENGINE=MyISAM AUTO_INCREMENT=4 DEFAULT CHARSET=utf8;

-- ----------------------------
-- Records of mcc_length_class
-- ----------------------------
INSERT INTO `mcc_length_class` VALUES ('1', '1.00000000');
INSERT INTO `mcc_length_class` VALUES ('2', '10.00000000');
INSERT INTO `mcc_length_class` VALUES ('3', '0.39370000');

-- ----------------------------
-- Table structure for mcc_length_class_description
-- ----------------------------
DROP TABLE IF EXISTS `mcc_length_class_description`;
CREATE TABLE `mcc_length_class_description` (
  `length_class_id` int(11) NOT NULL,
  `language_id` int(11) NOT NULL,
  `title` varchar(32) NOT NULL,
  `unit` varchar(4) NOT NULL,
  PRIMARY KEY (`length_class_id`,`language_id`)
) ENGINE=MyISAM DEFAULT CHARSET=utf8;

-- ----------------------------
-- Records of mcc_length_class_description
-- ----------------------------
INSERT INTO `mcc_length_class_description` VALUES ('3', '3', '英寸', 'in');
INSERT INTO `mcc_length_class_description` VALUES ('1', '2', 'Centimeter', 'cm');
INSERT INTO `mcc_length_class_description` VALUES ('2', '2', 'Millimeter', 'mm');
INSERT INTO `mcc_length_class_description` VALUES ('3', '2', 'Inch', 'in');
INSERT INTO `mcc_length_class_description` VALUES ('1', '1', '厘米', 'cm');
INSERT INTO `mcc_length_class_description` VALUES ('2', '1', '毫米', 'mm');
INSERT INTO `mcc_length_class_description` VALUES ('3', '1', '英寸', 'in');
INSERT INTO `mcc_length_class_description` VALUES ('1', '3', '厘米', 'cm');
INSERT INTO `mcc_length_class_description` VALUES ('2', '3', '毫米', 'mm');

-- ----------------------------
-- Table structure for mcc_location
-- ----------------------------
DROP TABLE IF EXISTS `mcc_location`;
CREATE TABLE `mcc_location` (
  `location_id` int(11) NOT NULL AUTO_INCREMENT,
  `name` varchar(32) NOT NULL,
  `address` text NOT NULL,
  `telephone` varchar(32) NOT NULL,
  `fax` varchar(32) NOT NULL,
  `geocode` varchar(32) NOT NULL,
  `image` varchar(255) DEFAULT NULL,
  `open` text NOT NULL,
  `comment` text NOT NULL,
  PRIMARY KEY (`location_id`),
  KEY `name` (`name`) USING BTREE
) ENGINE=MyISAM DEFAULT CHARSET=utf8;

-- ----------------------------
-- Records of mcc_location
-- ----------------------------

-- ----------------------------
-- Table structure for mcc_manufacturer
-- ----------------------------
DROP TABLE IF EXISTS `mcc_manufacturer`;
CREATE TABLE `mcc_manufacturer` (
  `manufacturer_id` int(11) NOT NULL AUTO_INCREMENT,
  `name` varchar(64) NOT NULL,
  `image` varchar(255) DEFAULT NULL,
  `sort_order` int(3) NOT NULL,
  PRIMARY KEY (`manufacturer_id`)
) ENGINE=MyISAM AUTO_INCREMENT=11 DEFAULT CHARSET=utf8;

-- ----------------------------
-- Records of mcc_manufacturer
-- ----------------------------
INSERT INTO `mcc_manufacturer` VALUES ('5', 'HTC', 'catalog/demo/htc_logo.jpg', '0');
INSERT INTO `mcc_manufacturer` VALUES ('6', 'Palm', 'catalog/demo/palm_logo.jpg', '0');
INSERT INTO `mcc_manufacturer` VALUES ('7', 'Hewlett-Packard', 'catalog/demo/hp_logo.jpg', '0');
INSERT INTO `mcc_manufacturer` VALUES ('8', 'Apple', 'catalog/demo/apple_logo.jpg', '0');
INSERT INTO `mcc_manufacturer` VALUES ('9', 'Canon', 'catalog/demo/canon_logo.jpg', '0');
INSERT INTO `mcc_manufacturer` VALUES ('10', 'Sony', 'catalog/demo/sony_logo.jpg', '0');

-- ----------------------------
-- Table structure for mcc_manufacturer_to_store
-- ----------------------------
DROP TABLE IF EXISTS `mcc_manufacturer_to_store`;
CREATE TABLE `mcc_manufacturer_to_store` (
  `manufacturer_id` int(11) NOT NULL,
  `store_id` int(11) NOT NULL,
  PRIMARY KEY (`manufacturer_id`,`store_id`)
) ENGINE=MyISAM DEFAULT CHARSET=utf8;

-- ----------------------------
-- Records of mcc_manufacturer_to_store
-- ----------------------------
INSERT INTO `mcc_manufacturer_to_store` VALUES ('5', '0');
INSERT INTO `mcc_manufacturer_to_store` VALUES ('6', '0');
INSERT INTO `mcc_manufacturer_to_store` VALUES ('7', '0');
INSERT INTO `mcc_manufacturer_to_store` VALUES ('8', '0');
INSERT INTO `mcc_manufacturer_to_store` VALUES ('9', '0');
INSERT INTO `mcc_manufacturer_to_store` VALUES ('10', '0');

-- ----------------------------
-- Table structure for mcc_marketing
-- ----------------------------
DROP TABLE IF EXISTS `mcc_marketing`;
CREATE TABLE `mcc_marketing` (
  `marketing_id` int(11) NOT NULL AUTO_INCREMENT,
  `name` varchar(32) NOT NULL,
  `description` text NOT NULL,
  `code` varchar(64) NOT NULL,
  `clicks` int(5) NOT NULL DEFAULT '0',
  `date_added` datetime NOT NULL,
  PRIMARY KEY (`marketing_id`)
) ENGINE=MyISAM DEFAULT CHARSET=utf8;

-- ----------------------------
-- Records of mcc_marketing
-- ----------------------------

-- ----------------------------
-- Table structure for mcc_modification
-- ----------------------------
DROP TABLE IF EXISTS `mcc_modification`;
CREATE TABLE `mcc_modification` (
  `modification_id` int(11) NOT NULL AUTO_INCREMENT,
  `name` varchar(64) NOT NULL,
  `code` varchar(64) NOT NULL,
  `author` varchar(64) NOT NULL,
  `version` varchar(32) NOT NULL,
  `link` varchar(255) NOT NULL,
  `xml` mediumtext NOT NULL,
  `status` tinyint(1) NOT NULL,
  `date_added` datetime NOT NULL,
  PRIMARY KEY (`modification_id`)
) ENGINE=MyISAM AUTO_INCREMENT=3 DEFAULT CHARSET=utf8;

-- ----------------------------
-- Records of mcc_modification
-- ----------------------------
INSERT INTO `mcc_modification` VALUES ('2', 'Remove common/home', 'QWRCH', 'Quality Works', '1.0.0', 'https://www.qualityworks.eu/', '<modification>\r\n	<name>Remove common/home</name>\r\n	<version>1.0.0</version>\r\n	<link>https://www.qualityworks.eu/</link>\r\n	<author>Quality Works</author>\r\n	<code>QWRCH</code>\r\n	<file path=\"catalog/controller/common/seo_url.php\"> \r\n	  <operation>\r\n        <search><![CDATA[} elseif ($key == \'path\') {]]></search>\r\n        <add position=\"before\"><![CDATA[				} elseif ($data[\'route\'] == \'common/home\') {\r\n					$url .= \'/\'; \r\n					\r\n					unset($data[$key]);]]></add>\r\n	  </operation> \r\n    </file>\r\n</modification>', '1', '2016-04-05 15:19:14');

-- ----------------------------
-- Table structure for mcc_module
-- ----------------------------
DROP TABLE IF EXISTS `mcc_module`;
CREATE TABLE `mcc_module` (
  `module_id` int(11) NOT NULL AUTO_INCREMENT,
  `name` varchar(64) NOT NULL,
  `code` varchar(32) NOT NULL,
  `setting` text NOT NULL,
  PRIMARY KEY (`module_id`)
) ENGINE=MyISAM AUTO_INCREMENT=39 DEFAULT CHARSET=utf8;

-- ----------------------------
-- Records of mcc_module
-- ----------------------------
INSERT INTO `mcc_module` VALUES ('30', '分类', 'banner', '{\"name\":\"分类\",\"banner_id\":\"6\",\"width\":\"182\",\"height\":\"182\",\"status\":\"1\"}');
INSERT INTO `mcc_module` VALUES ('29', '首页', 'carousel', '{\"name\":\"\\u9996\\u9875\",\"banner_id\":\"6\",\"width\":\"130\",\"height\":\"100\",\"status\":\"0\"}');
INSERT INTO `mcc_module` VALUES ('28', '首页', 'featured', '{\"name\":\"首页\",\"product\":[\"43\",\"40\",\"42\",\"30\"],\"limit\":\"4\",\"width\":\"200\",\"height\":\"200\",\"status\":\"1\"}');
INSERT INTO `mcc_module` VALUES ('27', '首页', 'slideshow', '{\"name\":\"首页\",\"banner_id\":\"7\",\"width\":\"1140\",\"height\":\"380\",\"status\":\"1\"}');
INSERT INTO `mcc_module` VALUES ('31', '广告 1', 'banner', '{\"name\":\"广告 1\",\"banner_id\":\"6\",\"width\":\"182\",\"height\":\"182\",\"status\":\"1\"}');
INSERT INTO `mcc_module` VALUES ('32', '最新博客', 'blog_latest', '{\"name\":\"\\u6700\\u65b0\\u535a\\u5ba2\",\"limit\":\"5\",\"width\":\"200\",\"height\":\"100\",\"status\":\"1\"}');
INSERT INTO `mcc_module` VALUES ('33', '博客最新评论', 'blog_comment', '{\"name\":\"\\u535a\\u5ba2\\u6700\\u65b0\\u8bc4\\u8bba\",\"limit\":\"3\",\"width\":\"50\",\"height\":\"50\",\"status\":\"1\"}');
INSERT INTO `mcc_module` VALUES ('35', '首页', 'bestseller', '{\"name\":\"\\u9996\\u9875\",\"limit\":\"8\",\"width\":\"200\",\"height\":\"200\",\"status\":\"1\"}');
INSERT INTO `mcc_module` VALUES ('37', '首页', 'latest', '{\"name\":\"\\u9996\\u9875\",\"limit\":\"8\",\"width\":\"200\",\"height\":\"200\",\"status\":\"1\"}');

-- ----------------------------
-- Table structure for mcc_option
-- ----------------------------
DROP TABLE IF EXISTS `mcc_option`;
CREATE TABLE `mcc_option` (
  `option_id` int(11) NOT NULL AUTO_INCREMENT,
  `type` varchar(32) NOT NULL,
  `sort_order` int(3) NOT NULL,
  PRIMARY KEY (`option_id`)
) ENGINE=MyISAM AUTO_INCREMENT=14 DEFAULT CHARSET=utf8;

-- ----------------------------
-- Records of mcc_option
-- ----------------------------
INSERT INTO `mcc_option` VALUES ('5', 'image', '2');
INSERT INTO `mcc_option` VALUES ('13', 'radio', '0');
INSERT INTO `mcc_option` VALUES ('11', 'radio', '1');
INSERT INTO `mcc_option` VALUES ('12', 'date', '11');

-- ----------------------------
-- Table structure for mcc_option_description
-- ----------------------------
DROP TABLE IF EXISTS `mcc_option_description`;
CREATE TABLE `mcc_option_description` (
  `option_id` int(11) NOT NULL,
  `language_id` int(11) NOT NULL,
  `name` varchar(128) NOT NULL,
  PRIMARY KEY (`option_id`,`language_id`)
) ENGINE=MyISAM DEFAULT CHARSET=utf8;

-- ----------------------------
-- Records of mcc_option_description
-- ----------------------------
INSERT INTO `mcc_option_description` VALUES ('13', '1', '性别');
INSERT INTO `mcc_option_description` VALUES ('11', '1', '尺码');
INSERT INTO `mcc_option_description` VALUES ('11', '2', 'Size');
INSERT INTO `mcc_option_description` VALUES ('11', '3', '尺码');
INSERT INTO `mcc_option_description` VALUES ('12', '1', '配送日期');
INSERT INTO `mcc_option_description` VALUES ('5', '1', '颜色');
INSERT INTO `mcc_option_description` VALUES ('5', '2', 'Color');
INSERT INTO `mcc_option_description` VALUES ('5', '3', '颜色');
INSERT INTO `mcc_option_description` VALUES ('13', '2', 'gender');
INSERT INTO `mcc_option_description` VALUES ('13', '3', '性别');
INSERT INTO `mcc_option_description` VALUES ('12', '2', 'Delivery Date');
INSERT INTO `mcc_option_description` VALUES ('12', '3', '配送日期');

-- ----------------------------
-- Table structure for mcc_option_value
-- ----------------------------
DROP TABLE IF EXISTS `mcc_option_value`;
CREATE TABLE `mcc_option_value` (
  `option_value_id` int(11) NOT NULL AUTO_INCREMENT,
  `option_id` int(11) NOT NULL,
  `image` varchar(255) NOT NULL,
  `sort_order` int(3) NOT NULL,
  PRIMARY KEY (`option_value_id`)
) ENGINE=MyISAM AUTO_INCREMENT=53 DEFAULT CHARSET=utf8;

-- ----------------------------
-- Records of mcc_option_value
-- ----------------------------
INSERT INTO `mcc_option_value` VALUES ('48', '11', '', '3');
INSERT INTO `mcc_option_value` VALUES ('47', '11', '', '2');
INSERT INTO `mcc_option_value` VALUES ('46', '11', '', '1');
INSERT INTO `mcc_option_value` VALUES ('49', '11', '', '0');
INSERT INTO `mcc_option_value` VALUES ('50', '11', '', '0');
INSERT INTO `mcc_option_value` VALUES ('51', '13', '', '0');
INSERT INTO `mcc_option_value` VALUES ('52', '13', '', '0');

-- ----------------------------
-- Table structure for mcc_option_value_description
-- ----------------------------
DROP TABLE IF EXISTS `mcc_option_value_description`;
CREATE TABLE `mcc_option_value_description` (
  `option_value_id` int(11) NOT NULL,
  `language_id` int(11) NOT NULL,
  `option_id` int(11) NOT NULL,
  `name` varchar(128) NOT NULL,
  PRIMARY KEY (`option_value_id`,`language_id`)
) ENGINE=MyISAM DEFAULT CHARSET=utf8;

-- ----------------------------
-- Records of mcc_option_value_description
-- ----------------------------
INSERT INTO `mcc_option_value_description` VALUES ('48', '3', '11', 'L码');
INSERT INTO `mcc_option_value_description` VALUES ('48', '2', '11', 'Large');
INSERT INTO `mcc_option_value_description` VALUES ('48', '1', '11', 'L码');
INSERT INTO `mcc_option_value_description` VALUES ('47', '2', '11', 'Medium');
INSERT INTO `mcc_option_value_description` VALUES ('47', '3', '11', 'M码');
INSERT INTO `mcc_option_value_description` VALUES ('52', '3', '13', '女');
INSERT INTO `mcc_option_value_description` VALUES ('52', '2', '13', 'female');
INSERT INTO `mcc_option_value_description` VALUES ('52', '1', '13', '女');
INSERT INTO `mcc_option_value_description` VALUES ('51', '3', '13', '男');
INSERT INTO `mcc_option_value_description` VALUES ('51', '2', '13', 'man');
INSERT INTO `mcc_option_value_description` VALUES ('51', '1', '13', '男');
INSERT INTO `mcc_option_value_description` VALUES ('47', '1', '11', 'M码');
INSERT INTO `mcc_option_value_description` VALUES ('46', '3', '11', 'S码');
INSERT INTO `mcc_option_value_description` VALUES ('46', '2', '11', 'S');
INSERT INTO `mcc_option_value_description` VALUES ('46', '1', '11', 'S码');
INSERT INTO `mcc_option_value_description` VALUES ('49', '3', '11', 'XL码');
INSERT INTO `mcc_option_value_description` VALUES ('49', '2', '11', 'XL');
INSERT INTO `mcc_option_value_description` VALUES ('49', '1', '11', 'XL码');
INSERT INTO `mcc_option_value_description` VALUES ('50', '3', '11', 'XXL码');
INSERT INTO `mcc_option_value_description` VALUES ('50', '2', '11', 'XXL');
INSERT INTO `mcc_option_value_description` VALUES ('50', '1', '11', 'XXL码');

-- ----------------------------
-- Table structure for mcc_order
-- ----------------------------
DROP TABLE IF EXISTS `mcc_order`;
CREATE TABLE `mcc_order` (
  `order_id` int(11) NOT NULL AUTO_INCREMENT,
  `order_no` varchar(26) NOT NULL,
  `invoice_no` int(11) NOT NULL DEFAULT '0',
  `invoice` varchar(255) DEFAULT NULL,
  `invoice_prefix` varchar(26) NOT NULL,
  `store_id` int(11) NOT NULL DEFAULT '0',
  `store_name` varchar(64) NOT NULL,
  `store_url` varchar(255) NOT NULL,
  `customer_id` int(11) NOT NULL DEFAULT '0',
  `customer_group_id` int(11) NOT NULL DEFAULT '0',
  `fullname` varchar(32) NOT NULL,
  `email` varchar(96) NOT NULL,
  `telephone` varchar(32) NOT NULL,
  `fax` varchar(32) NOT NULL,
  `custom_field` text NOT NULL,
  `payment_fullname` varchar(32) NOT NULL,
  `payment_company` varchar(40) NOT NULL,
  `payment_address` varchar(128) NOT NULL,
  `payment_city` varchar(128) NOT NULL,
  `payment_postcode` varchar(10) NOT NULL,
  `payment_country` varchar(128) NOT NULL,
  `payment_country_id` int(11) NOT NULL,
  `payment_zone` varchar(128) NOT NULL,
  `payment_zone_id` int(11) NOT NULL,
  `payment_address_format` text NOT NULL,
  `payment_custom_field` text NOT NULL,
  `payment_method` varchar(128) NOT NULL,
  `payment_code` varchar(128) NOT NULL,
  `shipping_fullname` varchar(32) NOT NULL,
  `shipping_company` varchar(40) NOT NULL,
  `shipping_address` varchar(128) NOT NULL,
  `shipping_city` varchar(128) NOT NULL,
  `shipping_postcode` varchar(10) NOT NULL,
  `shipping_country` varchar(128) NOT NULL,
  `shipping_country_id` int(11) NOT NULL,
  `shipping_zone` varchar(128) NOT NULL,
  `shipping_zone_id` int(11) NOT NULL,
  `shipping_region_id` int(11) NOT NULL,
  `shipping_region` varchar(128) NOT NULL,
  `shipping_address_format` text NOT NULL,
  `shipping_custom_field` text NOT NULL,
  `shipping_method` varchar(128) NOT NULL,
  `shipping_code` varchar(128) NOT NULL,
  `shipping_sn` varchar(128) DEFAULT NULL COMMENT '物流单号',
  `shipping_telephone` varchar(32) NOT NULL,
  `comment` text NOT NULL,
  `total` decimal(15,4) NOT NULL DEFAULT '0.0000',
  `order_status_id` int(11) NOT NULL DEFAULT '0',
  `affiliate_id` int(11) NOT NULL,
  `commission` decimal(15,4) NOT NULL,
  `marketing_id` int(11) NOT NULL,
  `tracking` varchar(64) NOT NULL,
  `language_id` int(11) NOT NULL,
  `currency_id` int(11) NOT NULL,
  `currency_code` varchar(3) NOT NULL,
  `currency_value` decimal(15,8) NOT NULL DEFAULT '1.00000000',
  `ip` varchar(40) NOT NULL,
  `forwarded_ip` varchar(40) NOT NULL,
  `user_agent` varchar(255) NOT NULL,
  `accept_language` varchar(255) NOT NULL,
  `date_added` datetime NOT NULL,
  `date_modified` datetime NOT NULL,
  PRIMARY KEY (`order_id`)
) ENGINE=MyISAM AUTO_INCREMENT=129 DEFAULT CHARSET=utf8;

-- ----------------------------
-- Records of mcc_order
-- ----------------------------
INSERT INTO `mcc_order` VALUES ('1', '', '0', null, 'INV-2013-00', '0', 'EDG商城', 'http://edgshop.test/', '1', '1', '韦庆磊', '527482068@qq.com', '13427548928', '', '', '韦庆磊', '', '天河区海珠区赤岗北路6号', '广州', '510000', 'China(中国)', '44', '广东省', '689', '', '[]', '货到付款', 'cod', '', '', '', '', '', '', '0', '', '0', '0', '', '', '[]', '', '', null, '', '', '1.0000', '2', '0', '0.0000', '0', '', '1', '4', 'CNY', '1.00000000', '127.0.0.1', '', 'Mozilla/5.0 (Windows NT 6.1; WOW64) AppleWebKit/537.36 (KHTML, like Gecko) Chrome/49.0.2623.75 Safari/537.36', 'zh-CN,zh;q=0.8', '2016-04-18 18:19:14', '2016-04-18 18:20:52');
INSERT INTO `mcc_order` VALUES ('2', '', '0', null, 'INV-2013-00', '0', 'EDG商城', 'http://edgshop.test/', '1', '1', '韦庆磊', '527482068@qq.com', '13427548928', '', '', '韦庆磊', '', '天河区海珠区赤岗北路6号', '广州', '510000', 'China(中国)', '44', '广东省', '689', '', '[]', '微信扫码支付', 'qrcode_wxpay', '韦庆磊', '', '天河区海珠区赤岗北路6号', '广州', '510000', 'China(中国)', '44', '广东省', '689', '0', '', '', '[]', '固定运费率', 'flat.flat', null, '13427548928', '', '122.0000', '1', '0', '0.0000', '0', '', '1', '4', 'CNY', '1.00000000', '127.0.0.1', '', 'Mozilla/5.0 (Windows NT 6.1; WOW64) AppleWebKit/537.36 (KHTML, like Gecko) Chrome/49.0.2623.75 Safari/537.36', 'zh-CN,zh;q=0.8', '2016-04-18 18:31:56', '2016-04-18 18:31:56');
INSERT INTO `mcc_order` VALUES ('3', '', '0', null, 'INV-2013-00', '0', 'EDG商城', 'http://edgshop.test/', '1', '1', '韦庆磊', '527482068@qq.com', '13427548928', '', '', '韦庆磊', '', '天河区海珠区赤岗北路6号', '广州', '510000', 'China(中国)', '44', '广东省', '689', '', '[]', '微信扫码支付', 'qrcode_wxpay', '韦庆磊', '', '天河区海珠区赤岗北路6号', '广州', '510000', 'China(中国)', '44', '广东省', '689', '0', '', '', '[]', '固定运费率', 'flat.flat', null, '13427548928', '', '122.0000', '1', '0', '0.0000', '0', '', '1', '4', 'CNY', '1.00000000', '127.0.0.1', '', 'Mozilla/5.0 (Windows NT 6.1; WOW64) AppleWebKit/537.36 (KHTML, like Gecko) Chrome/49.0.2623.75 Safari/537.36', 'zh-CN,zh;q=0.8', '2016-04-18 18:46:56', '2016-04-18 18:46:56');
INSERT INTO `mcc_order` VALUES ('4', '', '0', null, 'INV-2013-00', '0', 'EDG商城', 'http://www.edgshop.test/', '1', '1', '韦庆磊', '527482068@qq.com', '13427548928', '', '', '韦庆磊', '', '天河区海珠区赤岗北路6号', '广州', '510000', 'China(中国)', '44', '广东省', '689', '', '[]', '微信扫码支付', 'qrcode_wxpay', '韦庆磊', '', '天河区海珠区赤岗北路6号', '广州', '510000', 'China(中国)', '44', '广东省', '689', '0', '', '', '[]', '固定运费率', 'flat.flat', null, '13427548928', '', '1119.9880', '1', '0', '0.0000', '0', '', '1', '4', 'CNY', '1.00000000', '127.0.0.1', '', 'Mozilla/5.0 (Windows NT 6.1; WOW64) AppleWebKit/537.36 (KHTML, like Gecko) Chrome/49.0.2623.75 Safari/537.36', 'zh-CN,zh;q=0.8', '2016-05-03 16:53:18', '2016-05-03 16:53:18');
INSERT INTO `mcc_order` VALUES ('5', '', '0', '', 'INV-1000', '0', 'EDG商城', 'http://www.edgshop.test/', '1', '1', '韦庆磊', '', '13427548928', '', '', '韦庆磊', '', '鼓楼区赤岗北路6号222222', '福州市', '350102', 'China(中国)', '44', '福建省', '687', '', '', '', '', '韦庆磊', '', '赤岗北路6号222222', '福州市', '350102', 'China(中国)', '44', '福建省', '687', '0', '', '', '', '', '', null, '021-20203034', '', '280.0000', '1', '0', '0.0000', '0', '', '1', '4', 'CNY', '1.00000000', '127.0.0.1', '', 'Mozilla/5.0 (Windows NT 6.1; WOW64) AppleWebKit/537.36 (KHTML, like Gecko) Chrome/49.0.2623.75 Safari/537.36', 'zh-CN,zh;q=0.8', '2016-05-05 14:45:46', '2016-05-05 14:45:46');
INSERT INTO `mcc_order` VALUES ('6', '', '0', '', 'INV-1000', '0', 'EDG商城', 'http://www.edgshop.test/', '1', '1', '韦庆磊', '', '13427548928', '', '', '韦庆磊', '', '鼓楼区赤岗北路6号222222', '福州市', '350102', 'China(中国)', '44', '福建省', '687', '', '', '', '', '韦庆磊', '', '赤岗北路6号222222', '福州市', '350102', 'China(中国)', '44', '福建省', '687', '0', '', '', '', '', '', null, '021-20203034', '', '280.0000', '1', '0', '0.0000', '0', '', '1', '4', 'CNY', '1.00000000', '127.0.0.1', '', 'Mozilla/5.0 (Windows NT 6.1; WOW64) AppleWebKit/537.36 (KHTML, like Gecko) Chrome/49.0.2623.75 Safari/537.36', 'zh-CN,zh;q=0.8', '2016-05-05 14:45:55', '2016-05-05 14:45:55');
INSERT INTO `mcc_order` VALUES ('7', '', '0', '', 'INV-1000', '0', 'EDG商城', 'http://www.edgshop.test/', '1', '1', '韦庆磊', '', '13427548928', '', '\"\"', '韦庆磊', '', '鼓楼区赤岗北路6号222222', '福州市', '350102', 'China(中国)', '44', '福建省', '687', '', '[]', '', '', '韦庆磊', '', '赤岗北路6号222222', '福州市', '350102', 'China(中国)', '44', '福建省', '687', '0', '', '', '[]', '', '', null, '021-20203034', '', '280.0000', '1', '0', '0.0000', '0', '', '1', '4', 'CNY', '1.00000000', '127.0.0.1', '', 'Mozilla/5.0 (Windows NT 6.1; WOW64) AppleWebKit/537.36 (KHTML, like Gecko) Chrome/49.0.2623.75 Safari/537.36', 'zh-CN,zh;q=0.8', '2016-05-05 14:55:51', '2016-05-05 14:55:51');
INSERT INTO `mcc_order` VALUES ('8', '', '0', '', 'INV-1000', '0', 'EDG商城', 'http://www.edgshop.test/', '1', '1', '韦庆磊', '', '13427548928', '', '\"\"', '韦庆磊', '', '鼓楼区赤岗北路6号222222', '福州市', '350102', 'China(中国)', '44', '福建省', '687', '', '[]', '', '', '韦庆磊', '', '赤岗北路6号222222', '福州市', '350102', 'China(中国)', '44', '福建省', '687', '0', '', '', '[]', '', '', null, '021-20203034', '', '280.0000', '1', '0', '0.0000', '0', '', '1', '4', 'CNY', '1.00000000', '127.0.0.1', '', 'Mozilla/5.0 (Windows NT 6.1; WOW64) AppleWebKit/537.36 (KHTML, like Gecko) Chrome/49.0.2623.75 Safari/537.36', 'zh-CN,zh;q=0.8', '2016-05-05 15:00:10', '2016-05-05 15:00:10');
INSERT INTO `mcc_order` VALUES ('9', '', '0', '', 'INV-1000', '0', 'EDG商城', 'http://www.edgshop.test/', '1', '1', '韦庆磊', '', '13427548928', '', '\"\"', '韦庆磊', '', '鼓楼区赤岗北路6号222222', '福州市', '350102', 'China(中国)', '44', '福建省', '687', '', '[]', '', '', '韦庆磊', '', '赤岗北路6号222222', '福州市', '350102', 'China(中国)', '44', '福建省', '687', '0', '', '', '[]', '', '', null, '021-20203034', '', '280.0000', '1', '0', '0.0000', '0', '', '1', '4', 'CNY', '1.00000000', '127.0.0.1', '', 'Mozilla/5.0 (Windows NT 6.1; WOW64) AppleWebKit/537.36 (KHTML, like Gecko) Chrome/49.0.2623.75 Safari/537.36', 'zh-CN,zh;q=0.8', '2016-05-05 15:00:42', '2016-05-05 15:00:42');
INSERT INTO `mcc_order` VALUES ('10', '', '0', '', 'INV-1000', '0', 'EDG商城', 'http://www.edgshop.test/', '1', '1', '韦庆磊', '', '13427548928', '', '\"\"', '韦庆磊', '', '鼓楼区赤岗北路6号222222', '福州市', '350102', 'China(中国)', '44', '福建省', '687', '', '[]', '', '', '韦庆磊', '', '赤岗北路6号222222', '福州市', '350102', 'China(中国)', '44', '福建省', '687', '0', '', '', '[]', '', '', null, '021-20203034', '', '280.0000', '1', '0', '0.0000', '0', '', '1', '4', 'CNY', '1.00000000', '127.0.0.1', '', 'Mozilla/5.0 (Windows NT 6.1; WOW64) AppleWebKit/537.36 (KHTML, like Gecko) Chrome/49.0.2623.75 Safari/537.36', 'zh-CN,zh;q=0.8', '2016-05-05 15:05:37', '2016-05-05 15:05:37');
INSERT INTO `mcc_order` VALUES ('11', '', '0', '', 'INV-1000', '0', 'EDG商城', 'http://www.edgshop.test/', '1', '1', '韦庆磊', '', '13427548928', '', '\"\"', '韦庆磊', '', '鼓楼区赤岗北路6号222222', '福州市', '350102', 'China(中国)', '44', '福建省', '687', '', '[]', '', '', '韦庆磊', '', '赤岗北路6号222222', '福州市', '350102', 'China(中国)', '44', '福建省', '687', '0', '', '', '[]', '', '', null, '021-20203034', '', '280.0000', '1', '0', '0.0000', '0', '', '1', '4', 'CNY', '1.00000000', '127.0.0.1', '', 'Mozilla/5.0 (Windows NT 6.1; WOW64) AppleWebKit/537.36 (KHTML, like Gecko) Chrome/49.0.2623.75 Safari/537.36', 'zh-CN,zh;q=0.8', '2016-05-05 15:06:55', '2016-05-05 15:06:55');
INSERT INTO `mcc_order` VALUES ('12', '', '0', '', 'INV-1000', '0', 'EDG商城', 'http://www.edgshop.test/', '1', '1', '韦庆磊', '', '13427548928', '', '\"\"', '韦庆磊', '', '鼓楼区赤岗北路6号222222', '福州市', '350102', 'China(中国)', '44', '福建省', '687', '', '[]', '', '', '韦庆磊', '', '赤岗北路6号222222', '福州市', '350102', 'China(中国)', '44', '福建省', '687', '0', '', '', '[]', '', '', null, '021-20203034', '', '280.0000', '1', '0', '0.0000', '0', '', '1', '4', 'CNY', '1.00000000', '127.0.0.1', '', 'Mozilla/5.0 (Windows NT 6.1; WOW64) AppleWebKit/537.36 (KHTML, like Gecko) Chrome/49.0.2623.75 Safari/537.36', 'zh-CN,zh;q=0.8', '2016-05-05 15:17:38', '2016-05-05 15:17:38');
INSERT INTO `mcc_order` VALUES ('13', '', '0', '', 'INV-1000', '0', 'EDG商城', 'http://www.edgshop.test/', '1', '1', '韦庆磊', '', '13427548928', '', '\"\"', '韦庆磊', '', '鼓楼区赤岗北路6号222222', '福州市', '350102', 'China(中国)', '44', '福建省', '687', '', '[]', '', '', '韦庆磊', '', '赤岗北路6号222222', '福州市', '350102', 'China(中国)', '44', '福建省', '687', '0', '', '', '[]', '', '', null, '021-20203034', '', '280.0000', '1', '0', '0.0000', '0', '', '1', '4', 'CNY', '1.00000000', '127.0.0.1', '', 'Mozilla/5.0 (Windows NT 6.1; WOW64) AppleWebKit/537.36 (KHTML, like Gecko) Chrome/49.0.2623.75 Safari/537.36', 'zh-CN,zh;q=0.8', '2016-05-05 15:18:34', '2016-05-05 15:18:34');
INSERT INTO `mcc_order` VALUES ('14', '', '0', '', 'INV-1000', '0', 'EDG商城', 'http://www.edgshop.test/', '1', '1', '韦庆磊', '', '13427548928', '', '\"\"', '韦庆磊', '', '鼓楼区赤岗北路6号222222', '福州市', '350102', 'China(中国)', '44', '福建省', '687', '', '[]', '', '', '韦庆磊', '', '赤岗北路6号222222', '福州市', '350102', 'China(中国)', '44', '福建省', '687', '0', '', '', '[]', '', '', null, '021-20203034', '', '280.0000', '1', '0', '0.0000', '0', '', '1', '4', 'CNY', '1.00000000', '127.0.0.1', '', 'Mozilla/5.0 (Windows NT 6.1; WOW64) AppleWebKit/537.36 (KHTML, like Gecko) Chrome/49.0.2623.75 Safari/537.36', 'zh-CN,zh;q=0.8', '2016-05-05 15:19:18', '2016-05-05 15:19:18');
INSERT INTO `mcc_order` VALUES ('15', '', '0', '', 'INV-1000', '0', 'EDG商城', 'http://www.edgshop.test/', '1', '1', '韦庆磊', '', '13427548928', '', '\"\"', '韦庆磊', '', '鼓楼区赤岗北路6号222222', '福州市', '350102', 'China(中国)', '44', '福建省', '687', '', '[]', '', '', '韦庆磊', '', '赤岗北路6号222222', '福州市', '350102', 'China(中国)', '44', '福建省', '687', '0', '', '', '[]', '', '', null, '021-20203034', '', '280.0000', '1', '0', '0.0000', '0', '', '1', '4', 'CNY', '1.00000000', '127.0.0.1', '', 'Mozilla/5.0 (Windows NT 6.1; WOW64) AppleWebKit/537.36 (KHTML, like Gecko) Chrome/49.0.2623.75 Safari/537.36', 'zh-CN,zh;q=0.8', '2016-05-05 15:20:13', '2016-05-05 15:20:13');
INSERT INTO `mcc_order` VALUES ('16', '', '0', '', 'INV-1000', '0', 'EDG商城', 'http://www.edgshop.test/', '1', '1', '韦庆磊', '', '13427548928', '', '\"\"', '韦庆磊', '', '鼓楼区赤岗北路6号222222', '福州市', '350102', 'China(中国)', '44', '福建省', '687', '', '[]', '', '', '韦庆磊', '', '赤岗北路6号222222', '福州市', '350102', 'China(中国)', '44', '福建省', '687', '0', '', '', '[]', '', '', null, '021-20203034', '', '280.0000', '1', '0', '0.0000', '0', '', '1', '4', 'CNY', '1.00000000', '127.0.0.1', '', 'Mozilla/5.0 (Windows NT 6.1; WOW64) AppleWebKit/537.36 (KHTML, like Gecko) Chrome/49.0.2623.75 Safari/537.36', 'zh-CN,zh;q=0.8', '2016-05-05 15:22:09', '2016-05-05 15:22:09');
INSERT INTO `mcc_order` VALUES ('17', '160505161392191', '0', '', 'INV-1000', '0', 'EDG商城', 'http://www.edgshop.test/', '1', '1', '韦庆磊', '', '13427548928', '', '\"\"', '韦庆磊', '', '鼓楼区赤岗北路6号222222', '福州市', '350102', 'China(中国)', '44', '福建省', '687', '', '[]', '', '', '韦庆磊', '', '赤岗北路6号222222', '福州市', '350102', 'China(中国)', '44', '福建省', '687', '0', '', '', '[]', '', '', null, '021-20203034', '', '280.0000', '1', '0', '0.0000', '0', '', '1', '4', 'CNY', '1.00000000', '127.0.0.1', '', 'Mozilla/5.0 (Windows NT 6.1; WOW64) AppleWebKit/537.36 (KHTML, like Gecko) Chrome/49.0.2623.75 Safari/537.36', 'zh-CN,zh;q=0.8', '2016-05-05 16:21:24', '2016-05-05 16:21:24');
INSERT INTO `mcc_order` VALUES ('18', '160505161486214', '0', '', 'INV-1000', '0', 'EDG商城', 'http://www.edgshop.test/', '1', '0', '韦庆磊', '', '13427548928', '', '\"\"', '韦庆磊', '', '鼓楼区赤岗北路6号222222', '福州市', '350102', 'China(中国)', '44', '福建省', '687', '', '[]', '', '', '韦庆磊', '', '赤岗北路6号222222', '福州市', '350102', 'China(中国)', '44', '福建省', '687', '0', '', '', '[]', '', '', null, '', '', '0.0000', '1', '0', '0.0000', '0', '', '1', '4', 'CNY', '1.00000000', '127.0.0.1', '', 'Mozilla/5.0 (Windows NT 6.1; WOW64) AppleWebKit/537.36 (KHTML, like Gecko) Chrome/49.0.2623.75 Safari/537.36', 'zh-CN,zh;q=0.8', '2016-05-05 16:39:53', '2016-05-05 16:39:53');
INSERT INTO `mcc_order` VALUES ('19', '160505161594869', '0', '', 'INV-1000', '0', 'EDG商城', 'http://www.edgshop.test/', '1', '0', '韦庆磊', '', '13427548928', '', '\"\"', '韦庆磊', '', '鼓楼区赤岗北路6号222222', '福州市', '350102', 'China(中国)', '44', '福建省', '687', '', '[]', '', '', '韦庆磊', '', '赤岗北路6号222222', '福州市', '350102', 'China(中国)', '44', '福建省', '687', '0', '', '', '[]', '', '', null, '', '', '0.0000', '1', '0', '0.0000', '0', '', '1', '4', 'CNY', '1.00000000', '127.0.0.1', '', 'Mozilla/5.0 (Windows NT 6.1; WOW64) AppleWebKit/537.36 (KHTML, like Gecko) Chrome/49.0.2623.75 Safari/537.36', 'zh-CN,zh;q=0.8', '2016-05-05 16:40:09', '2016-05-05 16:40:09');
INSERT INTO `mcc_order` VALUES ('20', '160505161614413', '0', '', 'INV-1000', '0', 'EDG商城', 'http://www.edgshop.test/', '1', '0', '韦庆磊', '', '13427548928', '', '\"\"', '韦庆磊', '', '鼓楼区赤岗北路6号222222', '福州市', '350102', 'China(中国)', '44', '福建省', '687', '', '[]', '', '', '韦庆磊', '', '赤岗北路6号222222', '福州市', '350102', 'China(中国)', '44', '福建省', '687', '0', '', '', '[]', '', '', null, '', '', '280.0000', '1', '0', '0.0000', '0', '', '1', '4', 'CNY', '1.00000000', '127.0.0.1', '', 'Mozilla/5.0 (Windows NT 6.1; WOW64) AppleWebKit/537.36 (KHTML, like Gecko) Chrome/49.0.2623.75 Safari/537.36', 'zh-CN,zh;q=0.8', '2016-05-05 16:43:31', '2016-05-05 16:43:31');
INSERT INTO `mcc_order` VALUES ('21', '16050914191232', '0', '', 'INV-1000', '0', 'EDG商城', 'http://www.edgshop.test/', '1', '1', '韦庆磊', '', '13427548928', '', '\"\"', '新人', '', '朝阳区天坛公寓292号1102', '市辖区', '110105', '', '0', '北京市', '685', '', '[]', '', '', '新人', '', '天坛公寓292号1102', '市辖区', '110105', '', '0', '北京市', '685', '5', '朝阳区', '', '[]', '', '', null, '13859596756', '', '280.0000', '1', '0', '0.0000', '0', '', '1', '4', 'CNY', '1.00000000', '127.0.0.1', '', 'Mozilla/5.0 (Windows NT 6.1; WOW64) AppleWebKit/537.36 (KHTML, like Gecko) Chrome/49.0.2623.75 Safari/537.36', 'zh-CN,zh;q=0.8', '2016-05-09 14:41:11', '2016-05-09 14:41:11');
INSERT INTO `mcc_order` VALUES ('22', '16050914267043', '0', '', 'INV-1000', '0', 'EDG商城', 'http://www.edgshop.test/', '1', '1', '韦庆磊', '', '13427548928', '', '\"\"', '新人', '', '朝阳区天坛公寓292号1102', '市辖区', '110105', '', '0', '北京市', '685', '', '[]', '', '', '新人', '', '天坛公寓292号1102', '市辖区', '110105', '', '0', '北京市', '685', '5', '朝阳区', '', '[]', '', '', null, '13859596756', '', '280.0000', '1', '0', '0.0000', '0', '', '1', '4', 'CNY', '1.00000000', '127.0.0.1', '', 'Mozilla/5.0 (Windows NT 6.1; WOW64) AppleWebKit/537.36 (KHTML, like Gecko) Chrome/49.0.2623.75 Safari/537.36', 'zh-CN,zh;q=0.8', '2016-05-09 14:41:53', '2016-05-09 14:41:53');
INSERT INTO `mcc_order` VALUES ('23', '16050914361520', '0', '', 'INV-1000', '0', 'EDG商城', 'http://www.edgshop.test/', '1', '1', '韦庆磊', '', '13427548928', '', '\"\"', '新人', '', '朝阳区天坛公寓292号1102', '市辖区', '110105', '', '0', '北京市', '685', '', '[]', '', '', '新人', '', '天坛公寓292号1102', '市辖区', '110105', '', '0', '北京市', '685', '5', '朝阳区', '', '[]', '', '', null, '13859596756', '', '280.0000', '1', '0', '0.0000', '0', '', '1', '4', 'CNY', '1.00000000', '127.0.0.1', '', 'Mozilla/5.0 (Windows NT 6.1; WOW64) AppleWebKit/537.36 (KHTML, like Gecko) Chrome/49.0.2623.75 Safari/537.36', 'zh-CN,zh;q=0.8', '2016-05-09 14:48:33', '2016-05-09 14:48:33');
INSERT INTO `mcc_order` VALUES ('24', '16051015150124', '0', '', 'INV-1000', '0', 'EDG商城', 'http://edgcart.test/', '1', '1', '韦庆磊', '', '13427548928', '', '\"\"', '新人', '', '朝阳区天坛公寓292号1102', '市辖区', '110105', '', '0', '北京市', '685', '', '[]', '', '', '新人', '', '天坛公寓292号1102', '市辖区', '110105', '', '0', '北京市', '685', '5', '朝阳区', '', '[]', '', '', null, '13859596756', '', '280.0000', '1', '0', '0.0000', '0', '', '1', '4', 'CNY', '1.00000000', '127.0.0.1', '', 'Mozilla/5.0 (Windows NT 6.1; WOW64) AppleWebKit/537.36 (KHTML, like Gecko) Chrome/49.0.2623.75 Safari/537.36', 'zh-CN,zh;q=0.8', '2016-05-10 15:01:00', '2016-05-10 15:01:00');
INSERT INTO `mcc_order` VALUES ('25', '16051015239855', '0', '', 'INV-1000', '0', 'EDG商城', 'http://edgcart.test/', '1', '1', '韦庆磊', '', '13427548928', '', '\"\"', '新人', '', '朝阳区天坛公寓292号1102', '市辖区', '110105', '', '0', '北京市', '685', '', '[]', '', '', '新人', '', '天坛公寓292号1102', '市辖区', '110105', '', '0', '北京市', '685', '5', '朝阳区', '', '[]', '', '', null, '13859596756', '', '270.0000', '1', '0', '0.0000', '0', '', '1', '4', 'CNY', '1.00000000', '127.0.0.1', '', 'Mozilla/5.0 (Windows NT 6.1; WOW64) AppleWebKit/537.36 (KHTML, like Gecko) Chrome/49.0.2623.75 Safari/537.36', 'zh-CN,zh;q=0.8', '2016-05-10 15:02:04', '2016-05-10 15:02:04');
INSERT INTO `mcc_order` VALUES ('26', '16051015349701', '0', '', 'INV-1000', '0', 'EDG商城', 'http://edgcart.test/', '1', '1', '韦庆磊', '', '13427548928', '', '\"\"', '新人', '', '朝阳区天坛公寓292号1102', '市辖区', '110105', '', '0', '北京市', '685', '', '[]', '', '', '新人', '', '天坛公寓292号1102', '市辖区', '110105', '', '0', '北京市', '685', '5', '朝阳区', '', '[]', '', '', null, '13859596756', '', '270.0000', '1', '0', '0.0000', '0', '', '1', '4', 'CNY', '1.00000000', '127.0.0.1', '', 'Mozilla/5.0 (Windows NT 6.1; WOW64) AppleWebKit/537.36 (KHTML, like Gecko) Chrome/49.0.2623.75 Safari/537.36', 'zh-CN,zh;q=0.8', '2016-05-10 15:03:30', '2016-05-10 15:03:30');
INSERT INTO `mcc_order` VALUES ('27', '16051015497813', '0', '', 'INV-1000', '0', 'EDG商城', 'http://edgcart.test/', '1', '1', '韦庆磊', '', '13427548928', '', '\"\"', '新人', '', '朝阳区天坛公寓292号1102', '市辖区', '110105', '', '0', '北京市', '685', '', '[]', '', '', '新人', '', '天坛公寓292号1102', '市辖区', '110105', '', '0', '北京市', '685', '5', '朝阳区', '', '[]', '', '', null, '13859596756', '', '270.0000', '1', '0', '0.0000', '0', '', '1', '4', 'CNY', '1.00000000', '127.0.0.1', '', 'Mozilla/5.0 (Windows NT 6.1; WOW64) AppleWebKit/537.36 (KHTML, like Gecko) Chrome/49.0.2623.75 Safari/537.36', 'zh-CN,zh;q=0.8', '2016-05-10 15:04:23', '2016-05-10 15:04:23');
INSERT INTO `mcc_order` VALUES ('28', '16051015569977', '0', '', 'INV-1000', '0', 'EDG商城', 'http://edgcart.test/', '1', '1', '韦庆磊', '', '13427548928', '', '\"\"', '新人', '', '朝阳区天坛公寓292号1102', '市辖区', '110105', '', '0', '北京市', '685', '', '[]', '', '', '新人', '', '天坛公寓292号1102', '市辖区', '110105', '', '0', '北京市', '685', '5', '朝阳区', '', '[]', '', '', null, '13859596756', '', '270.0000', '1', '0', '0.0000', '0', '', '1', '4', 'CNY', '1.00000000', '127.0.0.1', '', 'Mozilla/5.0 (Windows NT 6.1; WOW64) AppleWebKit/537.36 (KHTML, like Gecko) Chrome/49.0.2623.75 Safari/537.36', 'zh-CN,zh;q=0.8', '2016-05-10 15:05:04', '2016-05-10 15:05:04');
INSERT INTO `mcc_order` VALUES ('29', '16051015694380', '0', '', 'INV-1000', '0', 'EDG商城', 'http://edgcart.test/', '1', '1', '韦庆磊', '', '13427548928', '', '\"\"', '新人', '', '朝阳区天坛公寓292号1102', '市辖区', '110105', '', '0', '北京市', '685', '', '[]', '', '', '新人', '', '天坛公寓292号1102', '市辖区', '110105', '', '0', '北京市', '685', '5', '朝阳区', '', '[]', '', '', null, '13859596756', '', '270.0000', '1', '0', '0.0000', '0', '', '1', '4', 'CNY', '1.00000000', '127.0.0.1', '', 'Mozilla/5.0 (Windows NT 6.1; WOW64) AppleWebKit/537.36 (KHTML, like Gecko) Chrome/49.0.2623.75 Safari/537.36', 'zh-CN,zh;q=0.8', '2016-05-10 15:07:40', '2016-05-10 15:07:40');
INSERT INTO `mcc_order` VALUES ('30', '16051015725551', '0', '', 'INV-1000', '0', 'EDG商城', 'http://edgcart.test/', '1', '1', '韦庆磊', '', '13427548928', '', '\"\"', '新人', '', '朝阳区天坛公寓292号1102', '市辖区', '110105', '', '0', '北京市', '685', '', '[]', '', '', '新人', '', '天坛公寓292号1102', '市辖区', '110105', '', '0', '北京市', '685', '5', '朝阳区', '', '[]', '', '', null, '13859596756', '', '270.0000', '1', '0', '0.0000', '0', '', '1', '4', 'CNY', '1.00000000', '127.0.0.1', '', 'Mozilla/5.0 (Windows NT 6.1; WOW64) AppleWebKit/537.36 (KHTML, like Gecko) Chrome/49.0.2623.75 Safari/537.36', 'zh-CN,zh;q=0.8', '2016-05-10 15:08:16', '2016-05-10 15:08:16');
INSERT INTO `mcc_order` VALUES ('31', '16051015830247', '0', '', 'INV-1000', '0', 'EDG商城', 'http://edgcart.test/', '1', '1', '韦庆磊', '', '13427548928', '', '\"\"', '新人', '', '朝阳区天坛公寓292号1102', '市辖区', '110105', '', '0', '北京市', '685', '', '[]', '', '', '新人', '', '天坛公寓292号1102', '市辖区', '110105', '', '0', '北京市', '685', '5', '朝阳区', '', '[]', '', '', null, '13859596756', '', '270.0000', '1', '0', '0.0000', '0', '', '1', '4', 'CNY', '1.00000000', '127.0.0.1', '', 'Mozilla/5.0 (Windows NT 6.1; WOW64) AppleWebKit/537.36 (KHTML, like Gecko) Chrome/49.0.2623.75 Safari/537.36', 'zh-CN,zh;q=0.8', '2016-05-10 15:16:11', '2016-05-10 15:16:11');
INSERT INTO `mcc_order` VALUES ('32', '16051015981067', '0', '', 'INV-1000', '0', 'EDG商城', 'http://edgcart.test/', '1', '1', '韦庆磊', '', '13427548928', '', '\"\"', '新人', '', '朝阳区天坛公寓292号1102', '市辖区', '110105', '', '0', '北京市', '685', '', '[]', '', '', '新人', '', '天坛公寓292号1102', '市辖区', '110105', '', '0', '北京市', '685', '5', '朝阳区', '', '[]', '', '', null, '13859596756', '', '270.0000', '1', '0', '0.0000', '0', '', '1', '4', 'CNY', '1.00000000', '127.0.0.1', '', 'Mozilla/5.0 (Windows NT 6.1; WOW64) AppleWebKit/537.36 (KHTML, like Gecko) Chrome/49.0.2623.75 Safari/537.36', 'zh-CN,zh;q=0.8', '2016-05-10 15:21:08', '2016-05-10 15:21:08');
INSERT INTO `mcc_order` VALUES ('33', '160510191096517', '0', '', 'INV-1000', '0', 'EDG商城', 'http://edgcart.test/', '1', '1', '韦庆磊', '', '13427548928', '', '\"\"', '新人', '', '朝阳区天坛公寓292号1102', '市辖区', '110105', '', '0', '北京市', '685', '', '[]', '', '', '新人', '', '天坛公寓292号1102', '市辖区', '110105', '', '0', '北京市', '685', '5', '朝阳区', '', '[]', '', '', null, '13859596756', '', '270.0000', '1', '0', '0.0000', '0', '', '1', '4', 'CNY', '1.00000000', '127.0.0.1', '', 'Mozilla/5.0 (Windows NT 6.1; WOW64) AppleWebKit/537.36 (KHTML, like Gecko) Chrome/49.0.2623.75 Safari/537.36', 'zh-CN,zh;q=0.8', '2016-05-10 19:43:52', '2016-05-10 19:43:52');
INSERT INTO `mcc_order` VALUES ('34', '16051110133475', '0', '', 'INV-1000', '0', 'EDG商城', 'http://edgcart.test/', '1', '1', '韦庆磊', '', '13427548928', '', '\"\"', '新人', '', '朝阳区天坛公寓292号1102', '市辖区', '110105', '', '0', '北京市', '685', '', '[]', '', '', '新人', '', '天坛公寓292号1102', '市辖区', '110105', '', '0', '北京市', '685', '5', '朝阳区', '', '[]', '', '', null, '13859596756', '', '270.0000', '1', '0', '0.0000', '0', '', '1', '4', 'CNY', '1.00000000', '127.0.0.1', '', 'Mozilla/5.0 (Windows NT 6.1; WOW64) AppleWebKit/537.36 (KHTML, like Gecko) Chrome/49.0.2623.75 Safari/537.36', 'zh-CN,zh;q=0.8', '2016-05-11 10:41:04', '2016-05-11 10:41:04');
INSERT INTO `mcc_order` VALUES ('35', '16051116287214', '0', '', 'INV-1000', '0', 'EDG商城', 'http://edgcart.test/', '1', '1', '韦庆磊', '', '13427548928', '', '\"\"', '新人', '', '朝阳区天坛公寓292号1102', '市辖区', '110105', '', '0', '北京市', '685', '', '[]', '', '', '新人', '', '天坛公寓292号1102', '市辖区', '110105', '', '0', '北京市', '685', '5', '朝阳区', '', '[]', '', '', null, '13859596756', '', '956.0000', '1', '0', '0.0000', '0', '', '1', '4', 'CNY', '1.00000000', '127.0.0.1', '', 'Mozilla/5.0 (Windows NT 6.1; WOW64) AppleWebKit/537.36 (KHTML, like Gecko) Chrome/49.0.2623.75 Safari/537.36', 'zh-CN,zh;q=0.8', '2016-05-11 16:24:16', '2016-05-11 16:24:16');
INSERT INTO `mcc_order` VALUES ('36', '16051116332648', '0', '', 'INV-1000', '0', 'EDG商城', 'http://edgcart.test/', '1', '1', '韦庆磊', '', '13427548928', '', '\"\"', '新人', '', '朝阳区天坛公寓292号1102', '市辖区', '110105', '', '0', '北京市', '685', '', '[]', '', '', '新人', '', '天坛公寓292号1102', '市辖区', '110105', '', '0', '北京市', '685', '5', '朝阳区', '', '[]', '', '', null, '13859596756', '', '956.0000', '1', '0', '0.0000', '0', '', '1', '4', 'CNY', '1.00000000', '127.0.0.1', '', 'Mozilla/5.0 (Windows NT 6.1; WOW64) AppleWebKit/537.36 (KHTML, like Gecko) Chrome/49.0.2623.75 Safari/537.36', 'zh-CN,zh;q=0.8', '2016-05-11 16:26:05', '2016-05-11 16:26:05');
INSERT INTO `mcc_order` VALUES ('37', '16051116474135', '0', '', 'INV-1000', '0', 'EDG商城', 'http://edgcart.test/', '1', '1', '韦庆磊', '', '13427548928', '', '\"\"', '新人', '', '朝阳区天坛公寓292号1102', '市辖区', '110105', '', '0', '北京市', '685', '', '[]', '', '', '新人', '', '天坛公寓292号1102', '市辖区', '110105', '', '0', '北京市', '685', '5', '朝阳区', '', '[]', '', '', null, '13859596756', '', '956.0000', '1', '0', '0.0000', '0', '', '1', '4', 'CNY', '1.00000000', '127.0.0.1', '', 'Mozilla/5.0 (Windows NT 6.1; WOW64) AppleWebKit/537.36 (KHTML, like Gecko) Chrome/49.0.2623.75 Safari/537.36', 'zh-CN,zh;q=0.8', '2016-05-11 16:27:02', '2016-05-11 16:27:02');
INSERT INTO `mcc_order` VALUES ('38', '16051116561075', '0', '', 'INV-1000', '0', 'EDG商城', 'http://edgcart.test/', '1', '1', '韦庆磊', '', '13427548928', '', '\"\"', '新人', '', '朝阳区天坛公寓292号1102', '市辖区', '110105', '', '0', '北京市', '685', '', '[]', '', '', '新人', '', '天坛公寓292号1102', '市辖区', '110105', '', '0', '北京市', '685', '5', '朝阳区', '', '[]', '', '', null, '13859596756', '', '0.0000', '1', '0', '0.0000', '0', '', '1', '4', 'CNY', '1.00000000', '127.0.0.1', '', 'Mozilla/5.0 (Windows NT 6.1; WOW64) AppleWebKit/537.36 (KHTML, like Gecko) Chrome/49.0.2623.75 Safari/537.36', 'zh-CN,zh;q=0.8', '2016-05-11 16:27:14', '2016-05-11 16:27:14');
INSERT INTO `mcc_order` VALUES ('39', '16051116625504', '0', '', 'INV-1000', '0', 'EDG商城', 'http://edgcart.test/', '1', '1', '韦庆磊', '', '13427548928', '', '\"\"', '新人', '', '朝阳区天坛公寓292号1102', '市辖区', '110105', '', '0', '北京市', '685', '', '[]', '', '', '新人', '', '天坛公寓292号1102', '市辖区', '110105', '', '0', '北京市', '685', '5', '朝阳区', '', '[]', '', '', null, '13859596756', '', '956.0000', '1', '0', '0.0000', '0', '', '1', '4', 'CNY', '1.00000000', '127.0.0.1', '', 'Mozilla/5.0 (Windows NT 6.1; WOW64) AppleWebKit/537.36 (KHTML, like Gecko) Chrome/49.0.2623.75 Safari/537.36', 'zh-CN,zh;q=0.8', '2016-05-11 16:27:49', '2016-05-11 16:27:49');
INSERT INTO `mcc_order` VALUES ('40', '16051116716860', '0', '', 'INV-1000', '0', 'EDG商城', 'http://edgcart.test/', '1', '1', '韦庆磊', '', '13427548928', '', '\"\"', '新人', '', '朝阳区天坛公寓292号1102', '市辖区', '110105', '', '0', '北京市', '685', '', '[]', '', '', '新人', '', '天坛公寓292号1102', '市辖区', '110105', '', '0', '北京市', '685', '5', '朝阳区', '', '[]', '', '', null, '13859596756', '', '956.0000', '1', '0', '0.0000', '0', '', '1', '4', 'CNY', '1.00000000', '127.0.0.1', '', 'Mozilla/5.0 (Windows NT 6.1; WOW64) AppleWebKit/537.36 (KHTML, like Gecko) Chrome/49.0.2623.75 Safari/537.36', 'zh-CN,zh;q=0.8', '2016-05-11 16:28:53', '2016-05-11 16:28:53');
INSERT INTO `mcc_order` VALUES ('41', '16051117881334', '0', '', 'INV-1000', '0', 'EDG商城', 'http://edgcart.test/', '1', '1', '韦庆磊', '', '13427548928', '', '\"\"', '新人', '', '朝阳区天坛公寓292号1102', '市辖区', '110105', '', '0', '北京市', '685', '', '[]', '', '', '新人', '', '天坛公寓292号1102', '市辖区', '110105', '', '0', '北京市', '685', '5', '朝阳区', '', '[]', '', '', null, '13859596756', '', '956.0000', '1', '0', '0.0000', '0', '', '1', '4', 'CNY', '1.00000000', '127.0.0.1', '', 'Mozilla/5.0 (Windows NT 6.1; WOW64) AppleWebKit/537.36 (KHTML, like Gecko) Chrome/49.0.2623.75 Safari/537.36', 'zh-CN,zh;q=0.8', '2016-05-11 17:34:00', '2016-05-11 17:34:00');
INSERT INTO `mcc_order` VALUES ('42', '16051110986092', '0', '', 'INV-1000', '0', 'EDG商城', 'http://edgteam.cn/', '1', '1', '韦庆磊', '', '13427548928', '', '\"\"', '新人', '', '朝阳区天坛公寓292号1102', '市辖区', '110105', '', '0', '北京市', '685', '', '[]', '', '', '新人', '', '天坛公寓292号1102', '市辖区', '110105', '', '0', '北京市', '685', '5', '朝阳区', '', '[]', '', '', null, '13859596756', '', '956.0000', '1', '0', '0.0000', '0', '', '1', '4', 'CNY', '1.00000000', '45.32.53.189', '113.108.164.34', 'Mozilla/5.0 (Windows NT 6.1; WOW64) AppleWebKit/537.36 (KHTML, like Gecko) Chrome/49.0.2623.75 Safari/537.36', 'zh-CN,zh;q=0.8', '2016-05-11 18:35:52', '2016-05-11 18:35:52');
INSERT INTO `mcc_order` VALUES ('43', '160511101061802', '0', '', 'INV-1000', '0', 'EDG商城', 'http://edgteam.cn/', '1', '1', '韦庆磊', '', '13427548928', '', '\"\"', '新人', '', '朝阳区天坛公寓292号1102', '市辖区', '110105', '', '0', '北京市', '685', '', '[]', '', '', '新人', '', '天坛公寓292号1102', '市辖区', '110105', '', '0', '北京市', '685', '5', '朝阳区', '', '[]', '', '', null, '13859596756', '', '956.0000', '1', '0', '0.0000', '0', '', '1', '4', 'CNY', '1.00000000', '45.32.53.189', '113.108.164.34', 'Mozilla/5.0 (Windows NT 6.1; WOW64) AppleWebKit/537.36 (KHTML, like Gecko) Chrome/49.0.2623.75 Safari/537.36', 'zh-CN,zh;q=0.8', '2016-05-11 18:36:53', '2016-05-11 18:36:53');
INSERT INTO `mcc_order` VALUES ('44', '160511111134058', '0', '', 'INV-1000', '0', 'EDG商城', 'http://edgteam.cn/', '1', '1', '韦庆磊', '', '13427548928', '', '\"\"', '新人', '', '朝阳区天坛公寓292号1102', '市辖区', '110105', '', '0', '北京市', '685', '', '[]', '', '', '新人', '', '天坛公寓292号1102', '市辖区', '110105', '', '0', '北京市', '685', '5', '朝阳区', '', '[]', '', '', null, '13859596756', '', '956.0000', '1', '0', '0.0000', '0', '', '1', '4', 'CNY', '1.00000000', '113.108.164.34', '', 'Mozilla/5.0 (Windows NT 6.1; WOW64) AppleWebKit/537.36 (KHTML, like Gecko) Chrome/49.0.2623.75 Safari/537.36', 'zh-CN,zh;q=0.8', '2016-05-11 19:19:13', '2016-05-11 19:19:13');
INSERT INTO `mcc_order` VALUES ('45', '160511191251212', '0', '', 'INV-1000', '0', 'EDG商城', 'http://edgcart.test/', '1', '1', '韦庆磊', '', '13427548928', '', '\"\"', '新人', '', '朝阳区天坛公寓292号1102', '市辖区', '110105', '', '0', '北京市', '685', '', '[]', '', '', '新人', '', '天坛公寓292号1102', '市辖区', '110105', '', '0', '北京市', '685', '5', '朝阳区', '', '[]', '', '', null, '13859596756', '', '956.0000', '1', '0', '0.0000', '0', '', '1', '4', 'CNY', '1.00000000', '127.0.0.1', '', 'Mozilla/5.0 (Windows NT 6.1; WOW64) AppleWebKit/537.36 (KHTML, like Gecko) Chrome/49.0.2623.75 Safari/537.36', 'zh-CN,zh;q=0.8', '2016-05-11 19:27:26', '2016-05-11 19:27:26');
INSERT INTO `mcc_order` VALUES ('46', '160511111396494', '0', '', 'INV-1000', '0', 'EDG商城', 'http://edgteam.cn/', '1', '1', '韦庆磊', '', '13427548928', '', '\"\"', '新人', '', '朝阳区天坛公寓292号1102', '市辖区', '110105', '', '0', '北京市', '685', '', '[]', '', '', '新人', '', '天坛公寓292号1102', '市辖区', '110105', '', '0', '北京市', '685', '5', '朝阳区', '', '[]', '', '', null, '13859596756', '', '956.0000', '1', '0', '0.0000', '0', '', '1', '4', 'CNY', '1.00000000', '113.108.164.34', '', 'Mozilla/5.0 (Windows NT 6.1; WOW64) AppleWebKit/537.36 (KHTML, like Gecko) Chrome/49.0.2623.75 Safari/537.36', 'zh-CN,zh;q=0.8', '2016-05-11 19:35:47', '2016-05-11 19:35:47');
INSERT INTO `mcc_order` VALUES ('47', '160511121433162', '0', '', 'INV-1000', '0', 'EDG商城', 'http://edgteam.cn/', '1', '1', '韦庆磊', '', '13427548928', '', '\"\"', '新人', '', '朝阳区天坛公寓292号1102', '市辖区', '110105', '', '0', '北京市', '685', '', '[]', '', '', '新人', '', '天坛公寓292号1102', '市辖区', '110105', '', '0', '北京市', '685', '5', '朝阳区', '', '[]', '', '', null, '13859596756', '', '956.0000', '1', '0', '0.0000', '0', '', '1', '4', 'CNY', '1.00000000', '113.108.164.34', '', 'Mozilla/5.0 (Windows NT 6.1; WOW64) AppleWebKit/537.36 (KHTML, like Gecko) Chrome/49.0.2623.75 Safari/537.36', 'zh-CN,zh;q=0.8', '2016-05-11 20:02:58', '2016-05-11 20:02:58');
INSERT INTO `mcc_order` VALUES ('48', '16051202124038', '0', '', 'INV-1000', '0', 'EDG商城', 'http://edgteam.cn/', '1', '1', '韦庆磊', '', '13427548928', '', '\"\"', '新人', '', '朝阳区天坛公寓292号1102', '市辖区', '110105', '', '0', '北京市', '685', '', '[]', '', '', '新人', '', '天坛公寓292号1102', '市辖区', '110105', '', '0', '北京市', '685', '5', '朝阳区', '', '[]', '', '', null, '13859596756', '', '956.0000', '5', '0', '0.0000', '0', '', '1', '4', 'CNY', '1.00000000', '113.108.164.34', '', 'Mozilla/5.0 (Windows NT 6.1; WOW64) AppleWebKit/537.36 (KHTML, like Gecko) Chrome/49.0.2623.75 Safari/537.36', 'zh-CN,zh;q=0.8', '2016-05-12 10:43:20', '2016-05-12 10:43:49');
INSERT INTO `mcc_order` VALUES ('49', '16051202239420', '0', '', 'INV-1000', '0', 'EDG商城', 'http://edgteam.cn/', '1', '1', '韦庆磊', '', '13427548928', '', '\"\"', '新人', '', '朝阳区天坛公寓292号1102', '市辖区', '110105', '', '0', '北京市', '685', '', '[]', '', '', '新人', '', '天坛公寓292号1102', '市辖区', '110105', '', '0', '北京市', '685', '5', '朝阳区', '', '[]', '', '', null, '13859596756', '', '956.0000', '1', '0', '0.0000', '0', '', '1', '4', 'CNY', '1.00000000', '113.108.164.34', '', 'Mozilla/5.0 (Windows NT 6.1; WOW64) AppleWebKit/537.36 (KHTML, like Gecko) Chrome/49.0.2623.75 Safari/537.36', 'zh-CN,zh;q=0.8', '2016-05-12 10:43:23', '2016-05-12 10:43:23');
INSERT INTO `mcc_order` VALUES ('50', '16051211332999', '0', '', 'INV-1000', '0', 'EDG商城', 'http://edgcart.test/', '1', '1', '韦庆磊', '', '13427548928', '', '\"\"', '新人', '', '朝阳区天坛公寓292号1102', '市辖区', '110105', '', '0', '北京市', '685', '', '[]', '', '', '新人', '', '天坛公寓292号1102', '市辖区', '110105', '', '0', '北京市', '685', '5', '朝阳区', '', '[]', '', '', null, '13859596756', '', '956.0000', '1', '0', '0.0000', '0', '', '1', '4', 'CNY', '1.00000000', '127.0.0.1', '', 'Mozilla/5.0 (Windows NT 6.1; WOW64) AppleWebKit/537.36 (KHTML, like Gecko) Chrome/49.0.2623.75 Safari/537.36', 'zh-CN,zh;q=0.8', '2016-05-12 11:02:18', '2016-05-12 11:02:18');
INSERT INTO `mcc_order` VALUES ('51', '16051208466389', '0', '', 'INV-1000', '0', 'EDG商城', 'http://www.edgteam.cn/', '1', '1', '韦庆磊', '', '13427548928', '', '\"\"', '新人', '', '朝阳区天坛公寓292号1102', '市辖区', '110105', '', '0', '北京市', '685', '', '[]', '', '', '新人', '', '天坛公寓292号1102', '市辖区', '110105', '', '0', '北京市', '685', '5', '朝阳区', '', '[]', '', '', null, '13859596756', '', '956.0000', '5', '0', '0.0000', '0', '', '1', '4', 'CNY', '1.00000000', '113.108.164.34', '', 'Mozilla/5.0 (Windows NT 6.1; WOW64) AppleWebKit/537.36 (KHTML, like Gecko) Chrome/49.0.2623.75 Safari/537.36', 'zh-CN,zh;q=0.8', '2016-05-12 16:31:13', '2016-05-12 16:39:50');
INSERT INTO `mcc_order` VALUES ('52', '16051208549237', '0', '', 'INV-1000', '0', 'EDG商城', 'http://www.edgteam.cn/', '1', '1', '韦庆磊', '', '13427548928', '', '\"\"', '新人', '', '朝阳区天坛公寓292号1102', '市辖区', '110105', '', '0', '北京市', '685', '', '[]', '', '', '新人', '', '天坛公寓292号1102', '市辖区', '110105', '', '0', '北京市', '685', '5', '朝阳区', '', '[]', '', '', null, '13859596756', '', '956.0000', '5', '0', '0.0000', '0', '', '1', '4', 'CNY', '1.00000000', '113.108.164.34', '', 'Mozilla/5.0 (Windows NT 6.1; WOW64) AppleWebKit/537.36 (KHTML, like Gecko) Chrome/49.0.2623.75 Safari/537.36', 'zh-CN,zh;q=0.8', '2016-05-12 16:53:41', '2016-05-12 16:54:21');
INSERT INTO `mcc_order` VALUES ('53', '16051208687292', '0', '', 'INV-1000', '0', 'EDG商城', 'http://www.edgteam.cn/', '1', '1', '韦庆磊', '', '13427548928', '', '\"\"', '新人', '', '朝阳区天坛公寓292号1102', '市辖区', '110105', '', '0', '北京市', '685', '', '[]', '', '', '新人', '', '天坛公寓292号1102', '市辖区', '110105', '', '0', '北京市', '685', '5', '朝阳区', '', '[]', '', '', null, '13859596756', '', '956.0000', '5', '0', '0.0000', '0', '', '1', '4', 'CNY', '1.00000000', '113.108.164.34', '', 'Mozilla/5.0 (Windows NT 6.1; WOW64) AppleWebKit/537.36 (KHTML, like Gecko) Chrome/49.0.2623.75 Safari/537.36', 'zh-CN,zh;q=0.8', '2016-05-12 16:56:48', '2016-05-12 17:06:51');
INSERT INTO `mcc_order` VALUES ('54', '16051217744052', '0', '', 'INV-1000', '0', 'EDG商城', 'http://edgcart.test/', '1', '1', '韦庆磊', '', '13427548928', '', '\"\"', '新人', '', '朝阳区天坛公寓292号1102', '市辖区', '110105', '', '0', '北京市', '685', '', '[]', '', '', '新人', '', '天坛公寓292号1102', '市辖区', '110105', '', '0', '北京市', '685', '5', '朝阳区', '', '[]', '', '', null, '13859596756', '', '89.0000', '1', '0', '0.0000', '0', '', '1', '4', 'CNY', '1.00000000', '127.0.0.1', '', 'Mozilla/5.0 (Windows NT 6.1; WOW64) AppleWebKit/537.36 (KHTML, like Gecko) Chrome/49.0.2623.75 Safari/537.36', 'zh-CN,zh;q=0.8', '2016-05-12 17:11:23', '2016-05-12 17:11:23');
INSERT INTO `mcc_order` VALUES ('55', '16051217868400', '0', '', 'INV-1000', '0', 'EDG商城', 'http://edgcart.test/', '1', '1', '韦庆磊', '', '13427548928', '', '\"\"', '新人', '', '朝阳区天坛公寓292号1102', '市辖区', '110105', '', '0', '北京市', '685', '', '[]', '', '', '新人', '', '天坛公寓292号1102', '市辖区', '110105', '', '0', '北京市', '685', '5', '朝阳区', '', '[]', '', '', null, '13859596756', '', '89.0000', '1', '0', '0.0000', '0', '', '1', '4', 'CNY', '1.00000000', '127.0.0.1', '', 'Mozilla/5.0 (Windows NT 6.1; WOW64) AppleWebKit/537.36 (KHTML, like Gecko) Chrome/49.0.2623.75 Safari/537.36', 'zh-CN,zh;q=0.8', '2016-05-12 17:11:39', '2016-05-12 17:11:39');
INSERT INTO `mcc_order` VALUES ('56', '16051217932225', '0', '', 'INV-1000', '0', 'EDG商城', 'http://edgcart.test/', '1', '1', '韦庆磊', '', '13427548928', '', '\"\"', '新人', '', '朝阳区天坛公寓292号1102', '市辖区', '110105', '', '0', '北京市', '685', '', '[]', '', '', '新人', '', '天坛公寓292号1102', '市辖区', '110105', '', '0', '北京市', '685', '5', '朝阳区', '', '[]', '', '', null, '13859596756', '', '89.0000', '1', '0', '0.0000', '0', '', '1', '4', 'CNY', '1.00000000', '127.0.0.1', '', 'Mozilla/5.0 (Windows NT 6.1; WOW64) AppleWebKit/537.36 (KHTML, like Gecko) Chrome/49.0.2623.75 Safari/537.36', 'zh-CN,zh;q=0.8', '2016-05-12 17:12:29', '2016-05-12 17:12:29');
INSERT INTO `mcc_order` VALUES ('57', '160512171038462', '0', '', 'INV-1000', '0', 'EDG商城', 'http://edgcart.test/', '1', '1', '韦庆磊', '', '13427548928', '', '\"\"', '新人', '', '朝阳区天坛公寓292号1102', '市辖区', '110105', '', '0', '北京市', '685', '', '[]', '', '', '新人', '', '天坛公寓292号1102', '市辖区', '110105', '', '0', '北京市', '685', '5', '朝阳区', '', '[]', '', '', null, '13859596756', '', '89.0000', '1', '0', '0.0000', '0', '', '1', '4', 'CNY', '1.00000000', '127.0.0.1', '', 'Mozilla/5.0 (Windows NT 6.1; WOW64) AppleWebKit/537.36 (KHTML, like Gecko) Chrome/49.0.2623.75 Safari/537.36', 'zh-CN,zh;q=0.8', '2016-05-12 17:14:20', '2016-05-12 17:14:20');
INSERT INTO `mcc_order` VALUES ('58', '160512171110458', '0', '', 'INV-1000', '0', 'EDG商城', 'http://edgcart.test/', '1', '1', '韦庆磊', '', '13427548928', '', '\"\"', '新人', '', '朝阳区天坛公寓292号1102', '市辖区', '110105', '', '0', '北京市', '685', '', '[]', '', '', '新人', '', '天坛公寓292号1102', '市辖区', '110105', '', '0', '北京市', '685', '5', '朝阳区', '', '[]', '', '', null, '13859596756', '', '89.0000', '5', '0', '0.0000', '0', '', '1', '4', 'CNY', '1.00000000', '127.0.0.1', '', 'Mozilla/5.0 (Windows NT 6.1; WOW64) AppleWebKit/537.36 (KHTML, like Gecko) Chrome/49.0.2623.75 Safari/537.36', 'zh-CN,zh;q=0.8', '2016-05-12 17:15:21', '2016-05-12 17:17:03');
INSERT INTO `mcc_order` VALUES ('59', '16051303147920', '0', '', 'INV-1000', '0', 'EDG商城', 'http://www.edgteam.cn/', '1', '1', '韦庆磊', '', '13427548928', '', '\"\"', '新人', '', '朝阳区天坛公寓292号1102', '市辖区', '110105', '', '0', '北京市', '685', '', '[]', '', '', '新人', '', '天坛公寓292号1102', '市辖区', '110105', '', '0', '北京市', '685', '5', '朝阳区', '', '[]', '', '', null, '13859596756', '', '806.0000', '7', '0', '0.0000', '0', '', '1', '4', 'CNY', '1.00000000', '113.108.164.34', '', 'Mozilla/5.0 (Windows NT 6.1; WOW64) AppleWebKit/537.36 (KHTML, like Gecko) Chrome/49.0.2623.75 Safari/537.36', 'zh-CN,zh;q=0.8', '2016-05-13 11:15:05', '2016-05-13 11:15:05');
INSERT INTO `mcc_order` VALUES ('60', '16051303266224', '0', '', 'INV-1000', '0', 'EDG商城', 'http://www.edgteam.cn/', '1', '1', '韦庆磊', '', '13427548928', '', '\"\"', '新人', '', '朝阳区天坛公寓292号1102', '市辖区', '110105', '', '0', '北京市', '685', '', '[]', '', '', '新人', '', '天坛公寓292号1102', '市辖区', '110105', '', '0', '北京市', '685', '5', '朝阳区', '', '[]', '', '', null, '13859596756', '', '806.0000', '7', '0', '0.0000', '0', '', '1', '4', 'CNY', '1.00000000', '113.108.164.34', '', 'Mozilla/5.0 (Windows NT 6.1; WOW64) AppleWebKit/537.36 (KHTML, like Gecko) Chrome/49.0.2623.75 Safari/537.36', 'zh-CN,zh;q=0.8', '2016-05-13 11:15:15', '2016-05-13 11:15:15');
INSERT INTO `mcc_order` VALUES ('61', '16051315342192', '0', '', 'INV-1000', '0', 'EDG商城', 'http://edgcart.test/', '1', '1', '韦庆磊', '', '13427548928', '', '\"\"', '新人', '', '朝阳区天坛公寓292号1102', '市辖区', '110105', '', '0', '北京市', '685', '', '[]', '', '', '新人', '', '天坛公寓292号1102', '市辖区', '110105', '', '0', '北京市', '685', '5', '朝阳区', '', '[]', '', '', null, '13859596756', '', '895.0000', '7', '0', '0.0000', '0', '', '1', '4', 'CNY', '1.00000000', '127.0.0.1', '', 'Mozilla/5.0 (Windows NT 6.1; WOW64) AppleWebKit/537.36 (KHTML, like Gecko) Chrome/49.0.2623.75 Safari/537.36', 'zh-CN,zh;q=0.8', '2016-05-13 15:29:13', '2016-05-13 15:29:13');
INSERT INTO `mcc_order` VALUES ('62', '16051315411831', '0', '', 'INV-1000', '0', 'EDG商城', 'http://edgcart.test/', '1', '1', '韦庆磊', '', '13427548928', '', '\"\"', '新人', '', '朝阳区天坛公寓292号1102', '市辖区', '110105', '', '0', '北京市', '685', '', '[]', '', '', '新人', '', '天坛公寓292号1102', '市辖区', '110105', '', '0', '北京市', '685', '5', '朝阳区', '', '[]', '', '', null, '13859596756', '', '1223.0000', '7', '0', '0.0000', '0', '', '1', '4', 'CNY', '1.00000000', '127.0.0.1', '', 'Mozilla/5.0 (Windows NT 6.1; WOW64) AppleWebKit/537.36 (KHTML, like Gecko) Chrome/49.0.2623.75 Safari/537.36', 'zh-CN,zh;q=0.8', '2016-05-13 15:59:47', '2016-05-13 15:59:47');
INSERT INTO `mcc_order` VALUES ('63', '16051610192946', '0', '', 'INV-1000', '0', 'EDG商城', 'http://edgcart.test/', '1', '1', '韦庆磊', '', '13427548928', '', '\"\"', '黄石', '', '天河区海珠区赤岗北路6号613', '广州市', '440106', 'China(中国)', '44', '广东省', '689', '', '[]', '', '', '黄石', '', '海珠区赤岗北路6号613', '广州市', '440106', 'China(中国)', '44', '广东省', '689', '2137', '天河区', '', '[]', '', '', null, '13427567980', '', '1223.0000', '7', '0', '0.0000', '0', '', '1', '4', 'CNY', '1.00000000', '127.0.0.1', '', 'Mozilla/5.0 (Windows NT 6.1; WOW64) AppleWebKit/537.36 (KHTML, like Gecko) Chrome/49.0.2623.75 Safari/537.36', 'zh-CN,zh;q=0.8', '2016-05-16 10:46:58', '2016-05-16 10:46:58');
INSERT INTO `mcc_order` VALUES ('64', '16051616293419', '0', '', 'INV-1000', '0', 'EDG商城', 'http://edgcart.test/', '1', '1', '韦庆磊', '', '13427548928', '', '\"\"', '黄石', '', '天河区海珠区赤岗北路6号613', '广州市', '440106', 'China(中国)', '44', '广东省', '689', '', '[]', '', '', '黄石', '', '海珠区赤岗北路6号613', '广州市', '440106', 'China(中国)', '44', '广东省', '689', '2137', '天河区', '', '[]', '', '', null, '13427567980', '', '506.0000', '7', '0', '0.0000', '0', '', '1', '4', 'CNY', '1.00000000', '127.0.0.1', '', 'Mozilla/5.0 (Windows NT 6.1; WOW64) AppleWebKit/537.36 (KHTML, like Gecko) Chrome/49.0.2623.75 Safari/537.36', 'zh-CN,zh;q=0.8', '2016-05-16 16:35:01', '2016-05-16 16:35:01');
INSERT INTO `mcc_order` VALUES ('65', '16051610358306', '0', '', 'INV-1000', '0', 'EDG商城', 'http://www.edgteam.cn/', '12', '1', '', '', '479837267', '', '\"\"', '韦庆磊', '', '天河区天河区海珠区赤岗北路6号', '广州市', '440106', 'China(中国)', '44', '广东省', '689', '', '[]', '', '', '韦庆磊', '', '天河区海珠区赤岗北路6号', '广州市', '440106', 'China(中国)', '44', '广东省', '689', '2137', '天河区', '', '[]', '', '', null, '13427548928', '', '99.0000', '7', '0', '0.0000', '0', '', '1', '4', 'CNY', '1.00000000', '113.108.164.34', '', 'Mozilla/5.0 (Windows NT 6.1; WOW64) AppleWebKit/537.36 (KHTML, like Gecko) Chrome/49.0.2623.75 Safari/537.36', 'zh-CN,zh;q=0.8', '2016-05-16 18:06:27', '2016-05-16 18:06:27');
INSERT INTO `mcc_order` VALUES ('66', '16051611457182', '0', '', 'INV-1000', '0', 'EDG商城', 'http://www.edgteam.cn/', '12', '1', '', '', '479837267', '', '\"\"', '韦庆磊', '', '天河区天河区海珠区赤岗北路6号', '广州市', '440106', 'China(中国)', '44', '广东省', '689', '', '[]', '支付宝', 'alipay_direct', '韦庆磊', '', '天河区海珠区赤岗北路6号', '广州市', '440106', 'China(中国)', '44', '广东省', '689', '2137', '天河区', '', '[]', '', '', null, '13427548928', '', '99.0000', '17', '0', '0.0000', '0', '', '1', '4', 'CNY', '1.00000000', '113.108.164.34', '', 'Mozilla/5.0 (Windows NT 6.1; WOW64) AppleWebKit/537.36 (KHTML, like Gecko) Chrome/49.0.2623.75 Safari/537.36', 'zh-CN,zh;q=0.8', '2016-05-16 19:13:23', '2016-05-17 19:44:47');
INSERT INTO `mcc_order` VALUES ('67', '16051619530519', '0', '', 'INV-1000', '0', 'EDG商城', 'http://edgcart.test/', '1', '1', '韦庆磊', '', '13427548928', '', '\"\"', '黄石', '', '天河区海珠区赤岗北路6号613', '广州市', '440106', 'China(中国)', '44', '广东省', '689', '', '[]', '', '', '黄石', '', '海珠区赤岗北路6号613', '广州市', '440106', 'China(中国)', '44', '广东省', '689', '2137', '天河区', '', '[]', '', '', null, '13427567980', '', '506.0000', '7', '0', '0.0000', '0', '', '1', '4', 'CNY', '1.00000000', '127.0.0.1', '', 'Mozilla/5.0 (Windows NT 6.1; WOW64) AppleWebKit/537.36 (KHTML, like Gecko) Chrome/49.0.2623.75 Safari/537.36', 'zh-CN,zh;q=0.8', '2016-05-16 19:14:16', '2016-05-16 19:14:16');
INSERT INTO `mcc_order` VALUES ('68', '16051611694754', '0', '', 'INV-1000', '0', 'EDG商城', 'http://www.edgteam.cn/', '12', '1', '', '', '479837267', '', '\"\"', '韦庆磊', '', '天河区天河区海珠区赤岗北路6号', '广州市', '440106', 'China(中国)', '44', '广东省', '689', '', '[]', '', '', '韦庆磊', '', '天河区海珠区赤岗北路6号', '广州市', '440106', 'China(中国)', '44', '广东省', '689', '2137', '天河区', '', '[]', '', '', null, '13427548928', '', '99.0000', '7', '0', '0.0000', '0', '', '1', '4', 'CNY', '1.00000000', '113.108.164.34', '', 'Mozilla/5.0 (Windows NT 6.1; WOW64) AppleWebKit/537.36 (KHTML, like Gecko) Chrome/49.0.2623.75 Safari/537.36', 'zh-CN,zh;q=0.8', '2016-05-16 19:38:07', '2016-05-16 19:38:07');
INSERT INTO `mcc_order` VALUES ('69', '16051619716297', '0', '', 'INV-1000', '0', 'EDG商城', 'http://edgcart.test/', '1', '1', '韦庆磊', '', '13427548928', '', '\"\"', '黄石', '', '天河区海珠区赤岗北路6号613', '广州市', '440106', 'China(中国)', '44', '广东省', '689', '', '[]', '', '', '黄石', '', '海珠区赤岗北路6号613', '广州市', '440106', 'China(中国)', '44', '广东省', '689', '2137', '天河区', '', '[]', '', '', null, '13427567980', '', '506.0000', '7', '0', '0.0000', '0', '', '1', '4', 'CNY', '1.00000000', '127.0.0.1', '', 'Mozilla/5.0 (Windows NT 6.1; WOW64) AppleWebKit/537.36 (KHTML, like Gecko) Chrome/49.0.2623.75 Safari/537.36', 'zh-CN,zh;q=0.8', '2016-05-16 19:38:51', '2016-05-16 19:38:51');
INSERT INTO `mcc_order` VALUES ('70', '16051710189016', '0', '', 'INV-1000', '0', 'EDG商城', 'http://edgcart.test/', '1', '1', '韦庆磊', '', '13427548928', '', '\"\"', '黄石', '', '天河区海珠区赤岗北路6号613', '广州市', '440106', 'China(中国)', '44', '广东省', '689', '', '[]', '', '', '黄石', '', '海珠区赤岗北路6号613', '广州市', '440106', 'China(中国)', '44', '广东省', '689', '2137', '天河区', '', '[]', '', '', null, '13427567980', '', '506.0000', '7', '0', '0.0000', '0', '', '1', '4', 'CNY', '1.00000000', '127.0.0.1', '', 'Mozilla/5.0 (Windows NT 6.1; WOW64) AppleWebKit/537.36 (KHTML, like Gecko) Chrome/49.0.2623.75 Safari/537.36', 'zh-CN,zh;q=0.8', '2016-05-17 10:31:22', '2016-05-17 10:31:22');
INSERT INTO `mcc_order` VALUES ('71', '16051702212646', '0', '', 'INV-1000', '0', 'EDG商城', 'http://www.edgteam.cn/', '7', '1', '', '', '280530763', '', '\"\"', '韦庆磊', '', '天河区天河区海珠区赤岗北路6号', '广州市', '440106', 'China(中国)', '44', '广东省', '689', '', '[]', '支付宝', 'alipay_direct', '韦庆磊', '', '天河区海珠区赤岗北路6号', '广州市', '440106', 'China(中国)', '44', '广东省', '689', '2137', '天河区', '', '[]', '', '', null, '13427548928', '', '799.0000', '17', '0', '0.0000', '0', '', '1', '4', 'CNY', '1.00000000', '113.108.164.34', '', 'Mozilla/5.0 (Windows NT 6.1; WOW64) AppleWebKit/537.36 (KHTML, like Gecko) Chrome/49.0.2623.75 Safari/537.36', 'zh-CN,zh;q=0.8', '2016-05-17 10:43:02', '2016-05-17 20:07:10');
INSERT INTO `mcc_order` VALUES ('72', '16051704377168', '0', '', 'INV-1000', '0', 'EDG商城', 'http://www.edgteam.cn/', '7', '1', '', '', '280530763', '', '\"\"', '韦庆磊', '', '天河区天河区海珠区赤岗北路6号', '广州市', '440106', 'China(中国)', '44', '广东省', '689', '', '[]', '', '', '韦庆磊', '', '天河区海珠区赤岗北路6号', '广州市', '440106', 'China(中国)', '44', '广东省', '689', '2137', '天河区', '', '[]', '', '', null, '13427548928', '', '799.0000', '7', '0', '0.0000', '0', '', '1', '4', 'CNY', '1.00000000', '113.108.164.34', '', 'Mozilla/5.0 (Windows NT 6.1; WOW64) AppleWebKit/537.36 (KHTML, like Gecko) Chrome/49.0.2623.75 Safari/537.36', 'zh-CN,zh;q=0.8', '2016-05-17 12:02:45', '2016-05-17 12:02:45');
INSERT INTO `mcc_order` VALUES ('73', '16051706419506', '0', '', 'INV-1000', '0', 'EDG商城', 'http://www.edgteam.cn/', '7', '1', '', '', '280530763', '', '\"\"', '韦庆磊', '', '天河区天河区海珠区赤岗北路6号', '广州市', '440106', 'China(中国)', '44', '广东省', '689', '', '[]', '', '', '韦庆磊', '', '天河区海珠区赤岗北路6号', '广州市', '440106', 'China(中国)', '44', '广东省', '689', '2137', '天河区', '', '[]', '', '', null, '13427548928', '', '799.0000', '7', '0', '0.0000', '0', '', '1', '4', 'CNY', '1.00000000', '113.108.164.34', '', 'Mozilla/5.0 (Windows NT 6.1; WOW64) AppleWebKit/537.36 (KHTML, like Gecko) Chrome/49.0.2623.75 Safari/537.36', 'zh-CN,zh;q=0.8', '2016-05-17 14:27:30', '2016-05-17 14:27:30');
INSERT INTO `mcc_order` VALUES ('74', '16051706589738', '0', '', 'INV-1000', '0', 'EDG商城', 'http://www.edgteam.cn/', '7', '1', '', '', '280530763', '', '\"\"', '韦庆磊', '', '天河区天河区海珠区赤岗北路6号', '广州市', '440106', 'China(中国)', '44', '广东省', '689', '', '[]', '支付宝', 'alipay_direct', '韦庆磊', '', '天河区海珠区赤岗北路6号', '广州市', '440106', 'China(中国)', '44', '广东省', '689', '2137', '天河区', '', '[]', '', '', null, '13427548928', '', '799.0000', '17', '0', '0.0000', '0', '', '1', '4', 'CNY', '1.00000000', '113.108.164.34', '', 'Mozilla/5.0 (Windows NT 6.1; WOW64) AppleWebKit/537.36 (KHTML, like Gecko) Chrome/49.0.2623.75 Safari/537.36', 'zh-CN,zh;q=0.8', '2016-05-17 14:43:32', '2016-05-17 18:08:10');
INSERT INTO `mcc_order` VALUES ('75', '16051707668708', '0', '', 'INV-1000', '0', 'EDG商城', 'http://www.edgteam.cn/', '7', '1', '', '', '280530763', '', '\"\"', '韦庆磊', '', '天河区天河区海珠区赤岗北路6号', '广州市', '440106', 'China(中国)', '44', '广东省', '689', '', '[]', '支付宝', 'alipay_direct', '韦庆磊', '', '天河区海珠区赤岗北路6号', '广州市', '440106', 'China(中国)', '44', '广东省', '689', '2137', '天河区', '', '[]', '', '', null, '13427548928', '', '799.0000', '17', '0', '0.0000', '0', '', '1', '4', 'CNY', '1.00000000', '113.108.164.34', '', 'Mozilla/5.0 (Windows NT 6.1; WOW64) AppleWebKit/537.36 (KHTML, like Gecko) Chrome/49.0.2623.75 Safari/537.36', 'zh-CN,zh;q=0.8', '2016-05-17 15:39:54', '2016-05-17 17:04:47');
INSERT INTO `mcc_order` VALUES ('76', '16051715790167', '0', '', 'INV-1000', '0', 'EDG商城', 'http://edgcart.test/', '1', '1', '韦庆磊', '', '13427548928', '', '\"\"', '黄石', '', '天河区海珠区赤岗北路6号613', '广州市', '440106', 'China(中国)', '44', '广东省', '689', '', '[]', '', '', '黄石', '', '海珠区赤岗北路6号613', '广州市', '440106', 'China(中国)', '44', '广东省', '689', '2137', '天河区', '', '[]', '', '', null, '13427567980', '', '506.0000', '7', '0', '0.0000', '0', '', '1', '4', 'CNY', '1.00000000', '127.0.0.1', '', 'Mozilla/5.0 (Windows NT 6.1; WOW64) AppleWebKit/537.36 (KHTML, like Gecko) Chrome/49.0.2623.75 Safari/537.36', 'zh-CN,zh;q=0.8', '2016-05-17 15:48:28', '2016-05-17 15:48:28');
INSERT INTO `mcc_order` VALUES ('77', '16051708816515', '0', '无定居公司', 'INV-1000', '0', 'EDG商城', 'http://www.edgteam.cn/', '7', '1', '', '', '280530763', '', '\"\"', '韦庆磊', '', '天河区天河区海珠区赤岗北路6号', '广州市', '440106', 'China(中国)', '44', '广东省', '689', '', '[]', '支付宝', 'alipay_direct', '韦庆磊', '', '天河区海珠区赤岗北路6号', '广州市', '440106', 'China(中国)', '44', '广东省', '689', '2137', '天河区', '', '[]', '', '', null, '13427548928', '', '799.0000', '17', '0', '0.0000', '0', '', '1', '4', 'CNY', '1.00000000', '113.108.164.34', '', 'Mozilla/5.0 (Windows NT 6.1; WOW64) AppleWebKit/537.36 (KHTML, like Gecko) Chrome/49.0.2623.75 Safari/537.36', 'zh-CN,zh;q=0.8', '2016-05-17 16:03:22', '2016-05-17 16:22:26');
INSERT INTO `mcc_order` VALUES ('78', '16051716924471', '0', '', 'INV-1000', '0', 'EDG商城', 'http://edgcart.test/', '1', '1', '韦庆磊', '', '13427548928', '', '\"\"', '黄石', '', '天河区海珠区赤岗北路6号613', '广州市', '440106', 'China(中国)', '44', '广东省', '689', '', '[]', '', '', '黄石', '', '海珠区赤岗北路6号613', '广州市', '440106', 'China(中国)', '44', '广东省', '689', '2137', '天河区', '', '[]', '', '', null, '13427567980', '', '506.0000', '7', '0', '0.0000', '0', '', '1', '4', 'CNY', '1.00000000', '127.0.0.1', '', 'Mozilla/5.0 (Windows NT 6.1; WOW64) AppleWebKit/537.36 (KHTML, like Gecko) Chrome/49.0.2623.75 Safari/537.36', 'zh-CN,zh;q=0.8', '2016-05-17 16:27:38', '2016-05-17 16:27:38');
INSERT INTO `mcc_order` VALUES ('79', '160517081033120', '0', '', 'INV-1000', '0', 'EDG商城', 'http://www.edgteam.cn/', '7', '1', '', '', '280530763', '', '\"\"', '韦庆磊', '', '天河区天河区海珠区赤岗北路6号', '广州市', '440106', 'China(中国)', '44', '广东省', '689', '', '[]', '支付宝', 'alipay_direct', '韦庆磊', '', '天河区海珠区赤岗北路6号', '广州市', '440106', 'China(中国)', '44', '广东省', '689', '2137', '天河区', '', '[]', '', '', null, '13427548928', '', '239.0000', '17', '0', '0.0000', '0', '', '1', '4', 'CNY', '1.00000000', '113.108.164.34', '', 'Mozilla/5.0 (Windows NT 6.1; WOW64) AppleWebKit/537.36 (KHTML, like Gecko) Chrome/49.0.2623.75 Safari/537.36', 'zh-CN,zh;q=0.8', '2016-05-17 16:40:50', '2016-05-17 16:45:48');
INSERT INTO `mcc_order` VALUES ('80', '160517081173044', '0', '', 'INV-1000', '0', 'EDG商城', 'http://www.edgteam.cn/', '7', '1', '', '', '280530763', '', '\"\"', '韦庆磊', '', '天河区天河区海珠区赤岗北路6号', '广州市', '440106', 'China(中国)', '44', '广东省', '689', '', '[]', '支付宝', 'alipay_direct', '韦庆磊', '', '天河区海珠区赤岗北路6号', '广州市', '440106', 'China(中国)', '44', '广东省', '689', '2137', '天河区', '', '[]', '', '', null, '13427548928', '', '239.0000', '17', '0', '0.0000', '0', '', '1', '4', 'CNY', '1.00000000', '113.108.164.34', '', 'Mozilla/5.0 (Windows NT 6.1; WOW64) AppleWebKit/537.36 (KHTML, like Gecko) Chrome/49.0.2623.75 Safari/537.36', 'zh-CN,zh;q=0.8', '2016-05-17 16:48:25', '2016-05-17 16:48:46');
INSERT INTO `mcc_order` VALUES ('81', '160517161260416', '0', '', 'INV-1000', '0', 'EDG商城', 'http://edgcart.test/', '1', '1', '韦庆磊', '', '13427548928', '', '\"\"', '黄石', '', '天河区海珠区赤岗北路6号613', '广州市', '440106', 'China(中国)', '44', '广东省', '689', '', '[]', '支付宝', 'alipay_direct', '黄石', '', '海珠区赤岗北路6号613', '广州市', '440106', 'China(中国)', '44', '广东省', '689', '2137', '天河区', '', '[]', '', '', null, '13427567980', '', '506.0000', '17', '0', '0.0000', '0', '', '1', '4', 'CNY', '1.00000000', '127.0.0.1', '', 'Mozilla/5.0 (Windows NT 6.1; WOW64) AppleWebKit/537.36 (KHTML, like Gecko) Chrome/49.0.2623.75 Safari/537.36', 'zh-CN,zh;q=0.8', '2016-05-17 16:56:39', '2016-05-17 16:57:29');
INSERT INTO `mcc_order` VALUES ('82', '16051815186148', '0', '', 'INV-1000', '0', 'EDG商城', 'http://edgcart.test/', '1', '1', '韦庆磊', '', '13427548928', '', '\"\"', '黄石', '', '天河区海珠区赤岗北路6号613', '广州市', '440106', 'China(中国)', '44', '广东省', '689', '', '[]', '支付宝', 'alipay_direct', '黄石', '', '海珠区赤岗北路6号613', '广州市', '440106', 'China(中国)', '44', '广东省', '689', '2137', '天河区', '', '[]', '', '', null, '13427567980', '', '417.0000', '17', '0', '0.0000', '0', '', '1', '4', 'CNY', '1.00000000', '127.0.0.1', '', 'Mozilla/5.0 (Windows NT 6.1; WOW64) AppleWebKit/537.36 (KHTML, like Gecko) Chrome/49.0.2623.75 Safari/537.36', 'zh-CN,zh;q=0.8', '2016-05-18 15:00:41', '2016-05-18 15:01:40');
INSERT INTO `mcc_order` VALUES ('83', '16051815291024', '1', '', 'INV-1000', '0', 'EDG商城', 'http://edgcart.test/', '1', '1', '韦庆磊', '', '13427548928', '', '\"\"', '黄石', '', '天河区海珠区赤岗北路6号613', '广州市', '440106', 'China(中国)', '44', '广东省', '689', '', '[]', '支付宝', 'alipay_direct', '黄石', '', '海珠区赤岗北路6号613', '广州市', '440106', 'China(中国)', '44', '广东省', '689', '2137', '天河区', '', '[]', '', '', null, '13427567980', '', '417.0000', '5', '0', '0.0000', '0', '', '1', '4', 'CNY', '1.00000000', '127.0.0.1', '', 'Mozilla/5.0 (Windows NT 6.1; WOW64) AppleWebKit/537.36 (KHTML, like Gecko) Chrome/49.0.2623.75 Safari/537.36', 'zh-CN,zh;q=0.8', '2016-05-18 15:16:59', '2016-05-18 15:23:35');
INSERT INTO `mcc_order` VALUES ('84', '16051815335458', '0', '', 'INV-1000', '0', 'EDG商城', 'http://edgcart.test/', '1', '1', '韦庆磊', '', '13427548928', '', '\"\"', '黄石', '', '天河区海珠区赤岗北路6号613', '广州市', '440106', 'China(中国)', '44', '广东省', '689', '', '[]', '', '', '黄石', '', '海珠区赤岗北路6号613', '广州市', '440106', 'China(中国)', '44', '广东省', '689', '2137', '天河区', '', '[]', '', '', null, '13427567980', '', '417.0000', '7', '0', '0.0000', '0', '', '1', '4', 'CNY', '1.00000000', '127.0.0.1', '', 'Mozilla/5.0 (Windows NT 6.1; WOW64) AppleWebKit/537.36 (KHTML, like Gecko) Chrome/49.0.2623.75 Safari/537.36', 'zh-CN,zh;q=0.8', '2016-05-18 15:53:07', '2016-05-18 15:53:07');
INSERT INTO `mcc_order` VALUES ('85', '16051820489552', '0', '', 'INV-1000', '0', 'EDG商城', 'http://edgcart.test/', '1', '1', '韦庆磊', '', '13427548928', '', '\"\"', '黄石', '', '天河区海珠区赤岗北路6号613', '广州市', '440106', 'China(中国)', '44', '广东省', '689', '', '[]', '', '', '黄石', '', '海珠区赤岗北路6号613', '广州市', '', 'China(中国)', '44', '', '689', '2137', '天河区', '', '[]', '固定运费率', 'flat.flat', null, '13427567980', '', '251.0000', '7', '0', '0.0000', '0', '', '1', '4', 'CNY', '1.00000000', '127.0.0.1', '', 'Mozilla/5.0 (Windows NT 6.1; WOW64) AppleWebKit/537.36 (KHTML, like Gecko) Chrome/49.0.2623.75 Safari/537.36', 'zh-CN,zh;q=0.8', '2016-05-18 20:18:44', '2016-05-18 20:18:44');
INSERT INTO `mcc_order` VALUES ('86', '16051820569449', '0', '', 'INV-1000', '0', 'EDG商城', 'http://edgcart.test/', '1', '1', '韦庆磊', '', '13427548928', '', '\"\"', '黄石', '', '天河区海珠区赤岗北路6号613', '广州市', '440106', 'China(中国)', '44', '广东省', '689', '', '[]', '', '', '黄石', '', '海珠区赤岗北路6号613', '广州市', '440106', 'China(中国)', '44', '', '689', '2137', '天河区', '', '[]', '固定运费率', 'flat.flat', null, '13427567980', '', '251.0000', '7', '0', '0.0000', '0', '', '1', '4', 'CNY', '1.00000000', '127.0.0.1', '', 'Mozilla/5.0 (Windows NT 6.1; WOW64) AppleWebKit/537.36 (KHTML, like Gecko) Chrome/49.0.2623.75 Safari/537.36', 'zh-CN,zh;q=0.8', '2016-05-18 20:19:59', '2016-05-18 20:19:59');
INSERT INTO `mcc_order` VALUES ('87', '16051820636900', '0', '', 'INV-1000', '0', 'EDG商城', 'http://edgcart.test/', '1', '1', '韦庆磊', '', '13427548928', '', '\"\"', '黄石', '', '天河区海珠区赤岗北路6号613', '广州市', '440106', 'China(中国)', '44', '广东省', '689', '', '[]', '', '', '黄石', '', '海珠区赤岗北路6号613', '广州市', '440106', 'China(中国)', '44', '广东省', '689', '2137', '天河区', '', '[]', '固定运费率', 'flat.flat', null, '13427567980', '', '251.0000', '7', '0', '0.0000', '0', '', '1', '4', 'CNY', '1.00000000', '127.0.0.1', '', 'Mozilla/5.0 (Windows NT 6.1; WOW64) AppleWebKit/537.36 (KHTML, like Gecko) Chrome/49.0.2623.75 Safari/537.36', 'zh-CN,zh;q=0.8', '2016-05-18 20:20:32', '2016-05-18 20:20:32');
INSERT INTO `mcc_order` VALUES ('88', '16051820725696', '0', '', 'INV-1000', '0', 'EDG商城', 'http://edgcart.test/', '1', '1', '韦庆磊', '', '13427548928', '', '\"\"', '黄石', '', '天河区海珠区赤岗北路6号613', '广州市', '440106', 'China(中国)', '44', '广东省', '689', '', '[]', '', '', '黄石', '', '海珠区赤岗北路6号613', '广州市', '440106', 'China(中国)', '44', '广东省', '689', '2137', '天河区', '', '[]', '固定运费率', 'flat.flat', null, '13427567980', '', '251.0000', '7', '0', '0.0000', '0', '', '1', '4', 'CNY', '1.00000000', '127.0.0.1', '', 'Mozilla/5.0 (Windows NT 6.1; WOW64) AppleWebKit/537.36 (KHTML, like Gecko) Chrome/49.0.2623.75 Safari/537.36', 'zh-CN,zh;q=0.8', '2016-05-18 20:20:49', '2016-05-18 20:20:49');
INSERT INTO `mcc_order` VALUES ('89', '16051812834696', '0', '', 'INV-1000', '0', 'EDG商城', 'http://www.edgteam.cn/', '1', '1', '韦庆磊', '', '13427548928', '', '\"\"', '黄石', '', '天河区海珠区赤岗北路6号613', '广州市', '440106', 'China(中国)', '44', '广东省', '689', '', '[]', '', '', '黄石', '', '海珠区赤岗北路6号613', '广州市', '440106', 'China(中国)', '44', '广东省', '689', '2137', '天河区', '', '[]', '固定运费率', 'flat.flat', null, '13427567980', '', '190.0000', '7', '0', '0.0000', '0', '', '1', '4', 'CNY', '1.00000000', '113.108.164.34', '', 'Mozilla/5.0 (Windows NT 6.1; WOW64) AppleWebKit/537.36 (KHTML, like Gecko) Chrome/49.0.2623.75 Safari/537.36', 'zh-CN,zh;q=0.8', '2016-05-18 20:42:09', '2016-05-18 20:42:09');
INSERT INTO `mcc_order` VALUES ('90', '16052010183948', '0', '', 'INV-1000', '0', 'EDG商城', 'http://edgcart.test/', '1', '1', '韦庆磊', '', '13427548928', '', '\"\"', '黄石', '', '天河区海珠区赤岗北路6号613', '广州市', '440106', 'China(中国)', '44', '广东省', '689', '', '[]', '', '', '黄石', '', '海珠区赤岗北路6号613', '广州市', '440106', 'China(中国)', '44', '广东省', '689', '2137', '天河区', '', '[]', '固定运费率', 'flat.flat', null, '13427567980', '', '101.0000', '7', '0', '0.0000', '0', '', '1', '4', 'CNY', '1.00000000', '127.0.0.1', '', 'Mozilla/5.0 (Windows NT 6.1; WOW64) AppleWebKit/537.36 (KHTML, like Gecko) Chrome/49.0.2623.75 Safari/537.36', 'zh-CN,zh;q=0.8', '2016-05-20 10:29:35', '2016-05-20 10:29:35');
INSERT INTO `mcc_order` VALUES ('91', '16052015299747', '0', '', 'INV-1000', '0', 'EDG商城', 'http://edgcart.test/', '1', '1', '韦庆磊', '', '13427548928', '', '\"\"', '黄石', '', '天河区海珠区赤岗北路6号613', '广州市', '440106', 'China(中国)', '44', '广东省', '689', '', '[]', '支付宝', 'alipay_direct', '黄石', '', '海珠区赤岗北路6号613', '广州市', '440106', 'China(中国)', '44', '广东省', '689', '2137', '天河区', '', '[]', '固定运费率', 'flat.flat', null, '13427567980', '', '101.0000', '17', '0', '0.0000', '0', '', '1', '4', 'CNY', '1.00000000', '127.0.0.1', '', 'Mozilla/5.0 (Windows NT 6.1; WOW64) AppleWebKit/537.36 (KHTML, like Gecko) Chrome/49.0.2623.75 Safari/537.36', 'zh-CN,zh;q=0.8', '2016-05-20 15:37:01', '2016-05-20 15:37:41');
INSERT INTO `mcc_order` VALUES ('92', '16052011329548', '0', '', 'INV-1000', '0', 'EDG商城', 'http://www.edgteam.cn/', '12', '1', '', '', '479837267', '', '\"\"', '韦庆磊', '', '天河区天河区海珠区赤岗北路6号', '广州市', '440106', 'China(中国)', '44', '广东省', '689', '', '[]', '微信扫码支付', 'qrcode_wxpay', '韦庆磊', '', '天河区海珠区赤岗北路6号', '广州市', '440106', 'China(中国)', '44', '广东省', '689', '2137', '天河区', '', '[]', '免运费', 'free.free', null, '13427548928', '', '178.0000', '17', '0', '0.0000', '0', '', '1', '4', 'CNY', '1.00000000', '113.108.164.34', '', 'Mozilla/5.0 (Windows NT 6.1; WOW64) AppleWebKit/537.36 (KHTML, like Gecko) Chrome/49.0.2623.75 Safari/537.36', 'zh-CN,zh;q=0.8', '2016-05-20 19:43:52', '2016-05-20 19:44:42');
INSERT INTO `mcc_order` VALUES ('93', '16052013428272', '0', '', 'INV-1000', '0', 'EDG商城', 'http://www.edgteam.cn/', '24', '1', '', '', '426737267', '', '\"\"', '连硕', '', '红谷滩新区南昌航空大学前湖校区', '南昌市', '', 'China(中国)', '44', '江西省', '701', '', '[]', '微信扫码支付', 'qrcode_wxpay', '连硕', '', '红谷滩新区南昌航空大学前湖校区', '南昌市', '', 'China(中国)', '44', '江西省', '701', '0', '', '', '[]', '固定运费率', 'flat.flat', null, '18634853686', '', '101.0000', '17', '0', '0.0000', '0', '', '1', '4', 'CNY', '1.00000000', '111.78.110.90', '', 'Mozilla/5.0 (Windows NT 10.0; WOW64; Trident/7.0; rv:11.0) like Gecko', 'zh-CN', '2016-05-20 21:34:58', '2016-05-20 21:36:56');
INSERT INTO `mcc_order` VALUES ('94', '16052303189853', '0', '', 'INV-1000', '0', 'EDG商城', 'http://www.edgteam.cn/', '1', '1', '韦庆磊', '', '13427548928', '', '\"\"', '黄石', '', '天河区海珠区赤岗北路6号613', '广州市', '440106', 'China(中国)', '44', '广东省', '689', '', '[]', '微信扫码支付', 'qrcode_wxpay', '黄石', '', '海珠区赤岗北路6号613', '广州市', '440106', 'China(中国)', '44', '广东省', '689', '2137', '天河区', '', '[]', '免运费', 'free.free', null, '13427567980', '', '318.0000', '17', '0', '0.0000', '0', '', '1', '4', 'CNY', '1.00000000', '113.108.164.34', '', 'Mozilla/5.0 (Windows NT 6.1; WOW64) AppleWebKit/537.36 (KHTML, like Gecko) Chrome/49.0.2623.75 Safari/537.36', 'zh-CN,zh;q=0.8', '2016-05-23 11:07:24', '2016-05-23 11:09:00');
INSERT INTO `mcc_order` VALUES ('95', '16052303262201', '0', '', 'INV-1000', '0', 'EDG商城', 'http://www.edgteam.cn/', '14', '1', '', '', '8108038', '', '\"\"', '张龙', '', '海珠区赤岗北路瑞福大厦', '广州市', '440105', 'China(中国)', '44', '广东省', '689', '', '[]', '', '', '张龙', '', '赤岗北路瑞福大厦', '广州市', '440105', 'China(中国)', '44', '广东省', '689', '2136', '海珠区', '', '[]', '固定运费率', 'flat.flat', null, '18929566151', '', '12.0000', '0', '0', '0.0000', '0', '', '1', '4', 'CNY', '1.00000000', '113.108.164.34', '', 'Mozilla/5.0 (Windows NT 6.1; WOW64) AppleWebKit/537.36 (KHTML, like Gecko) Chrome/42.0.2311.154 Safari/537.36 LBBROWSER', 'zh-CN,zh;q=0.8', '2016-05-23 11:56:38', '2016-05-23 11:56:38');
INSERT INTO `mcc_order` VALUES ('96', '16052306325291', '0', '', 'INV-1000', '0', 'EDG商城', 'http://www.edgteam.cn/', '1', '1', '韦庆磊', '', '13427548928', '', '\"\"', '黄石', '', '天河区海珠区赤岗北路6号613', '广州市', '440106', 'China(中国)', '44', '广东省', '689', '', '[]', '', '', '黄石', '', '海珠区赤岗北路6号613', '广州市', '440106', 'China(中国)', '44', '广东省', '689', '2137', '天河区', '', '[]', '固定运费率', 'flat.flat', null, '13427567980', '', '101.0000', '7', '0', '0.0000', '0', '', '1', '4', 'CNY', '1.00000000', '113.108.164.34', '', 'Mozilla/5.0 (Windows NT 6.1; WOW64) AppleWebKit/537.36 (KHTML, like Gecko) Chrome/49.0.2623.75 Safari/537.36', 'zh-CN,zh;q=0.8', '2016-05-23 14:24:28', '2016-05-23 14:24:28');
INSERT INTO `mcc_order` VALUES ('97', '16052313465115', '0', '', 'INV-1000', '0', 'EDG商城', 'http://www.edgteam.cn/', '26', '1', '', '', '798435249', '', '\"\"', '刘同海', '', '黄骅市黄骅市官庄乡王吉庄村205号', '沧州市', '130983', 'China(中国)', '44', '河北省', '693', '', '[]', '', '', '刘同海', '', '黄骅市官庄乡王吉庄村205号', '沧州市', '130983', 'China(中国)', '44', '河北省', '693', '206', '黄骅市', '', '[]', '固定运费率', 'flat.flat', null, '15613715676', '', '12.0000', '0', '0', '0.0000', '0', '', '1', '4', 'CNY', '1.00000000', '221.195.215.48', '', 'Mozilla/5.0 (Windows NT 6.1; WOW64) AppleWebKit/537.36 (KHTML, like Gecko) Chrome/47.0.2526.108 Safari/537.36 2345Explorer/7.0.0.12288', 'zh-CN,zh;q=0.8', '2016-05-23 21:00:22', '2016-05-23 21:00:22');
INSERT INTO `mcc_order` VALUES ('98', '16052313559257', '0', '', 'INV-1000', '0', 'EDG商城', 'http://www.edgteam.cn/', '26', '1', '', '', '798435249', '', '\"\"', '刘同海', '', '黄骅市黄骅市官庄乡王吉庄村205号', '沧州市', '130983', 'China(中国)', '44', '河北省', '693', '', '[]', '', '', '刘同海', '', '黄骅市官庄乡王吉庄村205号', '沧州市', '130983', 'China(中国)', '44', '河北省', '693', '206', '黄骅市', '', '[]', '固定运费率', 'flat.flat', null, '15613715676', '', '12.0000', '0', '0', '0.0000', '0', '', '1', '4', 'CNY', '1.00000000', '221.195.215.48', '', 'Mozilla/5.0 (Windows NT 6.1; WOW64) AppleWebKit/537.36 (KHTML, like Gecko) Chrome/47.0.2526.108 Safari/537.36 2345Explorer/7.0.0.12288', 'zh-CN,zh;q=0.8', '2016-05-23 21:09:32', '2016-05-23 21:09:32');
INSERT INTO `mcc_order` VALUES ('99', '16052404167314', '0', '', 'INV-1000', '0', 'EDG商城', 'http://www.edgteam.cn/', '26', '1', '', '', '798435249', '', '\"\"', '刘同海', '', '黄骅市黄骅市官庄乡王吉庄村205号', '沧州市', '130983', 'China(中国)', '44', '河北省', '693', '', '[]', '微信扫码支付', 'qrcode_wxpay', '刘同海', '', '黄骅市官庄乡王吉庄村205号', '沧州市', '130983', 'China(中国)', '44', '河北省', '693', '206', '黄骅市', '', '[]', '固定运费率', 'flat.flat', null, '15613715676', '', '12.0000', '17', '0', '0.0000', '0', '', '1', '4', 'CNY', '1.00000000', '221.195.215.48', '', 'Mozilla/5.0 (Windows NT 6.1; WOW64) AppleWebKit/537.36 (KHTML, like Gecko) Chrome/47.0.2526.108 Safari/537.36 2345Explorer/7.0.0.12288', 'zh-CN,zh;q=0.8', '2016-05-24 12:29:54', '2016-05-24 12:31:02');
INSERT INTO `mcc_order` VALUES ('100', '16052404283258', '0', '', 'INV-1000', '0', 'EDG商城', 'http://www.edgteam.cn/', '26', '1', '', '', '798435249', '', '\"\"', '刘同海', '', '黄骅市黄骅市官庄乡王吉庄村205号', '沧州市', '130983', 'China(中国)', '44', '河北省', '693', '', '[]', '', '', '刘同海', '', '黄骅市官庄乡王吉庄村205号', '沧州市', '130983', 'China(中国)', '44', '河北省', '693', '206', '黄骅市', '', '[]', '固定运费率', 'flat.flat', null, '15613715676', '', '12.0000', '0', '0', '0.0000', '0', '', '1', '4', 'CNY', '1.00000000', '221.195.215.48', '', 'Mozilla/5.0 (Windows NT 6.1; WOW64) AppleWebKit/537.36 (KHTML, like Gecko) Chrome/47.0.2526.108 Safari/537.36 2345Explorer/7.0.0.12288', 'zh-CN,zh;q=0.8', '2016-05-24 12:34:08', '2016-05-24 12:34:08');
INSERT INTO `mcc_order` VALUES ('101', '16052408324634', '0', '', 'INV-1000', '0', 'EDG商城', 'http://www.edgteam.cn/', '25', '1', '', '', '18929566151', '', '\"\"', '张龙', '', '海珠区赤岗北路瑞福大厦', '广州市', '440105', 'China(中国)', '44', '广东省', '689', '', '[]', '', '', '张龙', '', '赤岗北路瑞福大厦', '广州市', '440105', 'China(中国)', '44', '广东省', '689', '2136', '海珠区', '', '[]', '固定运费率', 'flat.flat', null, '18929566151', '', '12.0000', '7', '0', '0.0000', '0', '', '1', '4', 'CNY', '1.00000000', '113.108.164.34', '', 'Mozilla/4.0 (compatible; MSIE 7.0; Windows NT 6.1; WOW64; Trident/7.0; SLCC2; .NET CLR 2.0.50727; .NET CLR 3.5.30729; .NET CLR 3.0.30729; .NET4.0C; .NET4.0E; InfoPath.3; GWX:DOWNLOADED; LBBROWSER)', 'zh-CN', '2016-05-24 16:48:43', '2016-05-24 16:48:43');
INSERT INTO `mcc_order` VALUES ('102', '16052703143426', '0', '', 'INV-1000', '0', 'EDG商城', 'http://www.edgteam.cn/', '37', '1', '', '', '182722579', '', '\"\"', '黄海', '', '普陀区曹杨路303弄16号103室', '市辖区', '310107', 'China(中国)', '44', '上海市', '708', '', '[]', '支付宝', 'alipay_direct', '黄海', '', '曹杨路303弄16号103室', '市辖区', '310107', 'China(中国)', '44', '上海市', '708', '866', '普陀区', '', '[]', '固定运费率', 'flat.flat', null, '13761181741', '', '12.0000', '17', '0', '0.0000', '0', '', '1', '4', 'CNY', '1.00000000', '58.247.240.40', '', 'Mozilla/5.0 (Windows NT 6.1) AppleWebKit/537.36 (KHTML, like Gecko) Chrome/45.0.2454.101 Safari/537.36', 'zh-CN,zh;q=0.8', '2016-05-27 11:29:52', '2016-05-27 11:30:39');
INSERT INTO `mcc_order` VALUES ('103', '16052708225158', '0', '', 'INV-1000', '0', 'EDG商城', 'http://www.edgteam.cn/', '38', '1', '', '', '709906280', '', '\"\"', '苏先生', '', '龙岗区丹竹头荔枝花园B11栋', '深圳市', '440307', 'China(中国)', '44', '广东省', '689', '', '[]', '', '', '苏先生', '', '丹竹头荔枝花园B11栋', '深圳市', '440307', 'China(中国)', '44', '广东省', '689', '2164', '龙岗区', '', '[]', '固定运费率', 'flat.flat', null, '15919995716', '', '12.0000', '7', '0', '0.0000', '0', '', '1', '4', 'CNY', '1.00000000', '116.25.34.67', '', 'Mozilla/5.0 (Windows NT 6.3; WOW64) AppleWebKit/537.36 (KHTML, like Gecko) Chrome/40.0.2214.115 Safari/537.36', 'zh-CN,zh;q=0.8', '2016-05-27 16:46:58', '2016-05-27 16:46:58');
INSERT INTO `mcc_order` VALUES ('104', '16052709380494', '0', '', 'INV-1000', '0', 'EDG商城', 'http://www.edgteam.cn/', '39', '1', '', '', '30726499', '', '\"\"', '李文坤', '', '海珠区广东省广州市海珠区赤岗北路瑞福大厦6楼', '广州市', '440105', 'China(中国)', '44', '广东省', '689', '', '[]', '支付宝', 'alipay_direct', '李文坤', '', '广东省广州市海珠区赤岗北路瑞福大厦6楼', '广州市', '440105', 'China(中国)', '44', '广东省', '689', '2136', '海珠区', '', '[]', '固定运费率', 'flat.flat', null, '13250508186', '', '12.0000', '17', '0', '0.0000', '0', '', '1', '4', 'CNY', '1.00000000', '113.108.164.34', '', 'Mozilla/5.0 (Windows NT 6.1; WOW64) AppleWebKit/537.36 (KHTML, like Gecko) Chrome/49.0.2623.75 Safari/537.36', 'zh-CN,zh;q=0.8', '2016-05-27 17:15:29', '2016-05-27 17:16:16');
INSERT INTO `mcc_order` VALUES ('105', '16052709492193', '0', '广州市咕吱网络科技有限公司', 'INV-1000', '0', 'EDG商城', 'http://www.edgteam.cn/', '40', '1', '', '', '773940070', '', '\"\"', '戴思敏', '', '海珠区赤岗北路瑞福大厦613', '广州市', '440105', 'China(中国)', '44', '广东省', '689', '', '[]', '支付宝', 'alipay_direct', '戴思敏', '', '赤岗北路瑞福大厦613', '广州市', '440105', 'China(中国)', '44', '广东省', '689', '2136', '海珠区', '', '[]', '固定运费率', 'flat.flat', null, '15622334285', '', '12.0000', '17', '0', '0.0000', '0', '', '1', '4', 'CNY', '1.00000000', '113.108.164.34', '', 'Mozilla/5.0 (Windows NT 6.1; WOW64) AppleWebKit/537.36 (KHTML, like Gecko) Chrome/46.0.2490.86 Safari/537.36', 'zh-CN,zh;q=0.8', '2016-05-27 17:17:44', '2016-05-27 17:18:36');
INSERT INTO `mcc_order` VALUES ('106', '16052822150781', '0', '', 'INV-1000', '0', 'EDG商城', 'http://www.edgteam.cn/', '42', '1', '', '', '187451542', '', '\"\"', '侯杰', '', '郫县中信大道绿地三期12栋1单元', '成都市', '510124', 'China(中国)', '44', '四川省', '710', '', '[]', '', '', '侯杰', '', '中信大道绿地三期12栋1单元', '成都市', '510124', 'China(中国)', '44', '四川省', '710', '2517', '郫县', '', '[]', '固定运费率', 'flat.flat', null, '17828080197', '', '101.0000', '0', '0', '0.0000', '0', '', '1', '4', 'CNY', '1.00000000', '171.221.207.17', '', 'Mozilla/5.0 (Windows NT 6.1; WOW64) AppleWebKit/537.36 (KHTML, like Gecko) Chrome/45.0.2454.101 Safari/537.36', 'zh-CN,zh;q=0.8', '2016-05-29 06:42:39', '2016-05-29 06:42:39');
INSERT INTO `mcc_order` VALUES ('107', '16052905270926', '0', '', 'INV-1000', '0', 'EDG商城', 'http://www.edgteam.cn/', '44', '1', '', '', '396594633', '', '\"\"', '吕舻渝', '', '东源县东源县霸王花君临苑', '河源市', '441625', 'China(中国)', '44', '广东省', '689', '', '[]', '', '', '吕舻渝', '', '东源县霸王花君临苑', '河源市', '441625', 'China(中国)', '44', '广东省', '689', '2254', '东源县', '', '[]', '免运费', 'free.free', null, '18923685055', '', '178.0000', '0', '0', '0.0000', '0', '', '1', '4', 'CNY', '1.00000000', '223.73.160.157', '', 'Mozilla/5.0 (Windows NT 6.1) AppleWebKit/537.36 (KHTML, like Gecko) Chrome/45.0.2454.101 Safari/537.36', 'zh-CN,zh;q=0.8', '2016-05-29 13:08:27', '2016-05-29 13:08:27');
INSERT INTO `mcc_order` VALUES ('108', '16052905376579', '0', '', 'INV-1000', '0', 'EDG商城', 'http://www.edgteam.cn/', '45', '1', '', '', '326635614', '', '\"\"', '夏进', '', '友谊县盛世嘉园 二号楼 一单元', '双鸭山市', '230522', 'China(中国)', '44', '黑龙江省', '694', '', '[]', '支付宝', 'alipay_direct', '夏进', '', '盛世嘉园 二号楼 一单元', '双鸭山市', '230522', 'China(中国)', '44', '黑龙江省', '694', '773', '友谊县', '', '[]', '固定运费率', 'flat.flat', null, '15184698840', '', '101.0000', '17', '0', '0.0000', '0', '', '1', '4', 'CNY', '1.00000000', '60.218.251.163', '', 'Mozilla/5.0 (Windows NT 6.1; WOW64) AppleWebKit/537.36 (KHTML, like Gecko) Chrome/47.0.2526.80 Safari/537.36 Core/1.47.277.400 QQBrowser/9.4.7658.400', 'zh-CN,zh;q=0.8', '2016-05-29 13:08:57', '2016-05-29 13:09:34');
INSERT INTO `mcc_order` VALUES ('109', '16053007138607', '0', '', 'INV-1000', '0', 'EDG商城', 'http://www.edgteam.cn/', '49', '1', '', '', '673359989', '', '\"\"', '冯强', '', '船山区明月路99号（遂宁移动公司）', '遂宁市', '510903', 'China(中国)', '44', '四川省', '710', '', '[]', '支付宝', 'alipay_direct', '冯强', '', '明月路99号（遂宁移动公司）', '遂宁市', '510903', 'China(中国)', '44', '四川省', '710', '2579', '船山区', '', '[]', '免运费', 'free.free', null, '15228677728', '', '178.0000', '17', '0', '0.0000', '0', '', '1', '4', 'CNY', '1.00000000', '127.0.0.1', '183.221.39.76', 'Mozilla/5.0 (Windows NT 6.1; WOW64) AppleWebKit/537.36 (KHTML, like Gecko) Chrome/38.0.2125.122 Safari/537.36 SE 2.X MetaSr 1.0', 'zh-CN,zh;q=0.8', '2016-05-30 15:30:43', '2016-05-30 15:31:35');
INSERT INTO `mcc_order` VALUES ('110', '16053116149015', '0', '', 'INV-1000', '0', 'EDG商城', 'http://www.edgteam.cn/', '52', '1', '', '', '38222577', '', '\"\"', '吴凡', '', '涪城区元兴西街2号西南财经大学天府学院', '绵阳市', '510703', 'China(中国)', '44', '四川省', '710', '', '[]', '微信扫码支付', 'qrcode_wxpay', '吴凡', '', '元兴西街2号西南财经大学天府学院', '绵阳市', '510703', 'China(中国)', '44', '四川省', '710', '2559', '涪城区', '', '[]', '固定运费率', 'flat.flat', null, '18681675062', '', '101.0000', '17', '0', '0.0000', '0', '', '1', '4', 'CNY', '1.00000000', '127.0.0.1', '220.166.50.62', 'Mozilla/5.0 (Windows NT 6.1; WOW64) AppleWebKit/537.36 (KHTML, like Gecko) Chrome/47.0.2526.108 Safari/537.36 2345Explorer/7.1.0.12633', 'zh-CN,zh;q=0.8', '2016-05-31 16:12:59', '2016-05-31 16:16:48');
INSERT INTO `mcc_order` VALUES ('111', '16053119290073', '0', '', 'INV-1000', '0', 'EDG商城', 'http://www.edgteam.cn/', '7', '1', '', '', '280530763', '', '\"\"', '韦庆磊', '', '天河区天河区海珠区赤岗北路6号', '广州市', '440106', 'China(中国)', '44', '广东省', '689', '', '[]', '', '', '韦庆磊', '', '天河区海珠区赤岗北路6号', '广州市', '440106', 'China(中国)', '44', '广东省', '689', '2137', '天河区', '', '[]', '免运费', 'free.free', null, '13427548928', '', '478.0000', '7', '0', '0.0000', '0', '', '1', '4', 'CNY', '1.00000000', '127.0.0.1', '113.108.164.34', 'Mozilla/5.0 (Windows NT 6.1; WOW64) AppleWebKit/537.36 (KHTML, like Gecko) Chrome/49.0.2623.75 Safari/537.36', 'zh-CN,zh;q=0.8', '2016-05-31 19:11:34', '2016-05-31 19:11:34');
INSERT INTO `mcc_order` VALUES ('112', '16053119373517', '0', '', 'INV-1000', '0', 'EDG商城', 'http://www.edgteam.cn/', '55', '1', '', '', '629446304', '', '\"\"', '程巍', '', '霍山县衡山镇大地花园西侧徽商银行', '六安市', '341525', 'China(中国)', '44', '安徽省', '684', '', '[]', '微信扫码支付', 'qrcode_wxpay', '程巍', '', '衡山镇大地花园西侧徽商银行', '六安市', '341525', 'China(中国)', '44', '安徽省', '684', '1235', '霍山县', '', '[]', '固定运费率', 'flat.flat', null, '18697627857', '', '101.0000', '17', '0', '0.0000', '0', '', '1', '4', 'CNY', '1.00000000', '127.0.0.1', '112.26.235.86', 'Mozilla/5.0 (Windows NT 6.1) AppleWebKit/537.36 (KHTML, like Gecko) Chrome/47.0.2526.108 Safari/537.36 2345Explorer/7.1.0.12633', 'zh-CN,zh;q=0.8', '2016-05-31 19:41:14', '2016-05-31 19:41:36');
INSERT INTO `mcc_order` VALUES ('113', '16060117121156', '0', '', 'INV-1000', '0', 'EDG商城', 'http://www.edgteam.cn/', '59', '1', '', '', '426427715', '', '\"\"', '沙奥', '', '青山湖区南昌理工学校 英雄校区', '南昌市', '360111', 'China(中国)', '44', '江西省', '701', '', '[]', '支付宝', 'alipay_direct', '沙奥', '', '南昌理工学校 英雄校区', '南昌市', '360111', 'China(中国)', '44', '江西省', '701', '1368', '青山湖区', '', '[]', '免运费', 'free.free', null, '18720950568', '', '178.0000', '17', '0', '0.0000', '0', '', '1', '4', 'CNY', '1.00000000', '127.0.0.1', '39.169.193.227', 'Mozilla/5.0 (Windows NT 6.1; WOW64) AppleWebKit/537.36 (KHTML, like Gecko) Chrome/45.0.2454.101 Safari/537.36', 'zh-CN,zh;q=0.8', '2016-06-01 17:51:45', '2016-06-01 17:52:37');
INSERT INTO `mcc_order` VALUES ('114', '16060123273622', '0', '', 'INV-1000', '0', 'EDG商城', 'http://www.edgteam.cn/', '60', '1', '', '', '768865196', '', '\"\"', '尚勇', '', '二七区人和路5号院4号楼1单元（二七区委家属院）', '郑州市', '410103', 'China(中国)', '44', '河南省', '695', '', '[]', '', '', '尚勇', '', '人和路5号院4号楼1单元（二七区委家属院）', '郑州市', '410103', 'China(中国)', '44', '河南省', '695', '1660', '二七区', '', '[]', '免运费', 'free.free', null, '18538031450', '', '267.0000', '0', '0', '0.0000', '0', '', '1', '4', 'CNY', '1.00000000', '127.0.0.1', '220.178.225.84', 'Mozilla/5.0 (Windows NT 6.1) AppleWebKit/537.36 (KHTML, like Gecko) Chrome/47.0.2526.80 Safari/537.36 Core/1.47.163.400 QQBrowser/9.3.7080.400', 'zh-CN,zh;q=0.8', '2016-06-01 23:31:27', '2016-06-01 23:31:27');
INSERT INTO `mcc_order` VALUES ('115', '16060123387931', '0', '', 'INV-1000', '0', 'EDG商城', 'http://www.edgteam.cn/', '60', '1', '', '', '768865196', '', '\"\"', '尚勇', '', '二七区人和路5号院4号楼1单元（二七区委家属院）', '郑州市', '410103', 'China(中国)', '44', '河南省', '695', '', '[]', '', '', '尚勇', '', '人和路5号院4号楼1单元（二七区委家属院）', '郑州市', '410103', 'China(中国)', '44', '河南省', '695', '1660', '二七区', '', '[]', '免运费', 'free.free', null, '18538031450', '', '267.0000', '0', '0', '0.0000', '0', '', '1', '4', 'CNY', '1.00000000', '127.0.0.1', '61.147.101.17', 'Mozilla/5.0 (Windows NT 6.1) AppleWebKit/537.36 (KHTML, like Gecko) Chrome/47.0.2526.80 Safari/537.36 Core/1.47.163.400 QQBrowser/9.3.7080.400', 'zh-CN,zh;q=0.8', '2016-06-01 23:34:17', '2016-06-01 23:34:17');
INSERT INTO `mcc_order` VALUES ('116', '16060216122457', '0', '', 'INV-1000', '0', 'EDG商城', 'http://www.edgteam.cn/', '7', '1', '', '', '280530763', '', '\"\"', '韦庆磊', '', '天河区天河区海珠区赤岗北路6号', '广州市', '440106', 'China(中国)', '44', '广东省', '689', '', '[]', '', 'upop', '韦庆磊', '', '天河区海珠区赤岗北路6号', '广州市', '440106', 'China(中国)', '44', '广东省', '689', '2137', '天河区', '', '[]', '固定运费率', 'flat.flat', null, '13427548928', '', '101.0000', '17', '0', '0.0000', '0', '', '1', '4', 'CNY', '1.00000000', '127.0.0.1', '113.108.164.34', 'Mozilla/5.0 (Windows NT 6.1; WOW64) AppleWebKit/537.36 (KHTML, like Gecko) Chrome/49.0.2623.75 Safari/537.36', 'zh-CN,zh;q=0.8', '2016-06-02 16:54:29', '2016-06-02 17:10:11');
INSERT INTO `mcc_order` VALUES ('117', '16060217234270', '0', '', 'INV-1000', '0', 'EDG商城', 'http://www.edgteam.cn/', '7', '1', '', '', '280530763', '', '\"\"', '韦庆磊', '', '天河区天河区海珠区赤岗北路6号', '广州市', '440106', 'China(中国)', '44', '广东省', '689', '', '[]', '', '', '韦庆磊', '', '天河区海珠区赤岗北路6号', '广州市', '440106', 'China(中国)', '44', '广东省', '689', '2137', '天河区', '', '[]', '固定运费率', 'flat.flat', null, '13427548928', '', '101.0000', '0', '0', '0.0000', '0', '', '1', '4', 'CNY', '1.00000000', '127.0.0.1', '113.108.164.34', 'Mozilla/5.0 (Windows NT 6.1; WOW64) AppleWebKit/537.36 (KHTML, like Gecko) Chrome/49.0.2623.75 Safari/537.36', 'zh-CN,zh;q=0.8', '2016-06-02 17:16:31', '2016-06-02 17:16:31');
INSERT INTO `mcc_order` VALUES ('118', '16060612185436', '0', '', 'INV-1000', '0', 'EDG商城', 'http://www.edgteam.cn/', '62', '1', '☆★淡然☆★', '', '754288678', '', '\"\"', '汤群欢', '', '韶山市银田镇青石村渡槽组', '湘潭市', '430382', 'China(中国)', '44', '湖南省', '698', '', '[]', '微信扫码支付', 'qrcode_wxpay', '汤群欢', '', '银田镇青石村渡槽组', '湘潭市', '430382', 'China(中国)', '44', '湖南省', '698', '2010', '韶山市', '', '[]', '固定运费率', 'flat.flat', null, '13873202132', '', '101.0000', '17', '0', '0.0000', '0', '', '1', '4', 'CNY', '1.00000000', '127.0.0.1', '223.156.154.43', 'Mozilla/5.0 (Windows NT 5.1) AppleWebKit/537.36 (KHTML, like Gecko) Chrome/42.0.2311.154 Safari/537.36 LBBROWSER', 'zh-CN,zh;q=0.8', '2016-06-06 12:19:22', '2016-06-06 12:19:55');
INSERT INTO `mcc_order` VALUES ('119', '16060612286160', '0', '', 'INV-1000', '0', 'EDG商城', 'http://www.edgteam.cn/', '62', '1', '☆★淡然☆★', '', '754288678', '', '\"\"', '汤群欢', '', '韶山市银田镇青石村渡槽组', '湘潭市', '430382', 'China(中国)', '44', '湖南省', '698', '', '[]', '', '', '汤群欢', '', '银田镇青石村渡槽组', '湘潭市', '430382', 'China(中国)', '44', '湖南省', '698', '2010', '韶山市', '', '[]', '免运费', 'free.free', null, '13873202132', '', '478.0000', '0', '0', '0.0000', '0', '', '1', '4', 'CNY', '1.00000000', '127.0.0.1', '223.156.154.43', 'Mozilla/5.0 (Windows NT 5.1) AppleWebKit/537.36 (KHTML, like Gecko) Chrome/42.0.2311.154 Safari/537.36 LBBROWSER', 'zh-CN,zh;q=0.8', '2016-06-06 12:26:11', '2016-06-06 12:26:11');
INSERT INTO `mcc_order` VALUES ('120', '16060612355725', '0', '', 'INV-1000', '0', 'EDG商城', 'http://www.edgteam.cn/', '62', '1', '☆★淡然☆★', '', '754288678', '', '\"\"', '汤群欢', '', '韶山市银田镇青石村渡槽组', '湘潭市', '430382', 'China(中国)', '44', '湖南省', '698', '', '[]', '微信扫码支付', 'qrcode_wxpay', '汤群欢', '', '银田镇青石村渡槽组', '湘潭市', '430382', 'China(中国)', '44', '湖南省', '698', '2010', '韶山市', '', '[]', '免运费', 'free.free', null, '13873202132', '', '239.0000', '17', '0', '0.0000', '0', '', '1', '4', 'CNY', '1.00000000', '127.0.0.1', '223.156.154.43', 'Mozilla/5.0 (Windows NT 5.1) AppleWebKit/537.36 (KHTML, like Gecko) Chrome/42.0.2311.154 Safari/537.36 LBBROWSER', 'zh-CN,zh;q=0.8', '2016-06-06 12:27:37', '2016-06-06 12:27:57');
INSERT INTO `mcc_order` VALUES ('121', '16060714170021', '0', '', 'INV-1000', '0', 'EDG商城', 'http://edgcart.test/', '1', '1', '韦庆磊', '', '13427548928', '', '\"\"', '韦庆磊', '', '鼓楼区赤岗北路6号222222', '福州市', '350102', 'China(中国)', '44', '福建省', '687', '', '[]', '', '', '韦庆磊', '', '赤岗北路6号222222', '福州市', '350102', 'China(中国)', '44', '福建省', '687', '1260', '鼓楼区', '', '[]', '固定运费率', 'flat.flat', null, '021-20203034', '', '101.0000', '7', '0', '0.0000', '0', '', '1', '4', 'CNY', '1.00000000', '127.0.0.1', '', 'Mozilla/5.0 (Windows NT 6.1; WOW64) AppleWebKit/537.36 (KHTML, like Gecko) Chrome/49.0.2623.75 Safari/537.36', 'zh-CN,zh;q=0.8', '2016-06-07 14:34:26', '2016-06-07 14:34:26');
INSERT INTO `mcc_order` VALUES ('122', '16061317117915', '0', '', 'INV-1000', '0', 'EDG商城', 'http://edgcart.test/', '1', '1', '韦庆磊', '', '13427548928', '', '\"\"', '韦庆磊', '', '鼓楼区赤岗北路6号222222', '福州市', '350102', 'China(中国)', '44', '福建省', '687', '', '[]', '支付宝', 'alipay_direct', '韦庆磊', '', '赤岗北路6号222222', '福州市', '350102', 'China(中国)', '44', '福建省', '687', '1260', '鼓楼区', '', '[]', '固定运费率', 'flat.flat', null, '021-20203034', '', '101.0000', '17', '0', '0.0000', '0', '', '1', '4', 'CNY', '1.00000000', '127.0.0.1', '', 'Mozilla/5.0 (Windows NT 6.1; WOW64) AppleWebKit/537.36 (KHTML, like Gecko) Chrome/49.0.2623.75 Safari/537.36', 'zh-CN,zh;q=0.8', '2016-06-13 17:58:41', '2016-06-13 17:59:33');
INSERT INTO `mcc_order` VALUES ('123', '16061318279238', '0', '', 'INV-1000', '0', 'EDG商城', 'http://edgcart.test/', '1', '1', '韦庆磊', '', '13427548928', '', '\"\"', '韦庆磊', '', '鼓楼区赤岗北路6号222222', '福州市', '350102', 'China(中国)', '44', '福建省', '687', '', '[]', '支付宝', 'alipay_direct', '韦庆磊', '', '赤岗北路6号222222', '福州市', '350102', 'China(中国)', '44', '福建省', '687', '1260', '鼓楼区', '', '[]', '免运费', 'free.free', null, '021-20203034', '', '239.0000', '17', '0', '0.0000', '0', '', '1', '4', 'CNY', '1.00000000', '127.0.0.1', '', 'Mozilla/5.0 (Windows NT 6.1; WOW64) AppleWebKit/537.36 (KHTML, like Gecko) Chrome/49.0.2623.75 Safari/537.36', 'zh-CN,zh;q=0.8', '2016-06-13 18:06:08', '2016-06-13 18:06:37');
INSERT INTO `mcc_order` VALUES ('124', '16061318333461', '0', '', 'INV-1000', '0', 'EDG商城', 'http://edgcart.test/', '1', '1', '韦庆磊', '', '13427548928', '', '\"\"', '韦庆磊', '', '鼓楼区赤岗北路6号222222', '福州市', '350102', 'China(中国)', '44', '福建省', '687', '', '[]', '支付宝', 'alipay_direct', '韦庆磊', '', '赤岗北路6号222222', '福州市', '350102', 'China(中国)', '44', '福建省', '687', '1260', '鼓楼区', '', '[]', '免运费', 'free.free', null, '021-20203034', '', '478.0000', '17', '0', '0.0000', '0', '', '1', '4', 'CNY', '1.00000000', '127.0.0.1', '', 'Mozilla/5.0 (Windows NT 6.1; WOW64) AppleWebKit/537.36 (KHTML, like Gecko) Chrome/49.0.2623.75 Safari/537.36', 'zh-CN,zh;q=0.8', '2016-06-13 18:08:54', '2016-06-13 18:09:28');
INSERT INTO `mcc_order` VALUES ('125', '16061318426399', '0', '', 'INV-1000', '0', 'EDG商城', 'http://edgcart.test/', '1', '1', '韦庆磊', '', '13427548928', '', '\"\"', '韦庆磊', '', '鼓楼区赤岗北路6号222222', '福州市', '350102', 'China(中国)', '44', '福建省', '687', '', '[]', '', '', '韦庆磊', '', '赤岗北路6号222222', '福州市', '350102', 'China(中国)', '44', '福建省', '687', '1260', '鼓楼区', '', '[]', '免运费', 'free.free', null, '021-20203034', '', '1673.0000', '0', '0', '0.0000', '0', '', '1', '4', 'CNY', '1.00000000', '127.0.0.1', '', 'Mozilla/5.0 (Windows NT 6.1; WOW64) AppleWebKit/537.36 (KHTML, like Gecko) Chrome/49.0.2623.75 Safari/537.36', 'zh-CN,zh;q=0.8', '2016-06-13 18:12:54', '2016-06-13 18:12:54');
INSERT INTO `mcc_order` VALUES ('126', '16061318597006', '0', '', 'INV-1000', '0', 'EDG商城', 'http://edgcart.test/', '1', '1', '韦庆磊', '', '13427548928', '', '\"\"', '韦庆磊', '', '鼓楼区赤岗北路6号222222', '福州市', '350102', 'China(中国)', '44', '福建省', '687', '', '[]', '', '', '韦庆磊', '', '赤岗北路6号222222', '福州市', '350102', 'China(中国)', '44', '福建省', '687', '1260', '鼓楼区', '', '[]', '免运费', 'free.free', null, '021-20203034', '', '1673.0000', '0', '0', '0.0000', '0', '', '1', '4', 'CNY', '1.00000000', '127.0.0.1', '', 'Mozilla/5.0 (Windows NT 6.1; WOW64) AppleWebKit/537.36 (KHTML, like Gecko) Chrome/49.0.2623.75 Safari/537.36', 'zh-CN,zh;q=0.8', '2016-06-13 18:17:44', '2016-06-13 18:17:44');
INSERT INTO `mcc_order` VALUES ('127', '16061318680177', '0', '', 'INV-1000', '0', 'EDG商城', 'http://edgcart.test/', '1', '1', '韦庆磊', '', '13427548928', '', '\"\"', '测试', '', '天河区花城大道85号1102室', '广州市', '440106', 'China(中国)', '44', '广东省', '689', '', '[]', '', '', '测试', '', '花城大道85号1102室', '广州市', '440106', 'China(中国)', '44', '广东省', '689', '2137', '天河区', '', '[]', '免运费', 'free.free', null, '13888889999', '', '1673.0000', '0', '0', '0.0000', '0', '', '1', '4', 'CNY', '1.00000000', '127.0.0.1', '', 'Mozilla/5.0 (Windows NT 6.1; WOW64) AppleWebKit/537.36 (KHTML, like Gecko) Chrome/49.0.2623.75 Safari/537.36', 'zh-CN,zh;q=0.8', '2016-06-13 18:19:41', '2016-06-13 18:19:41');
INSERT INTO `mcc_order` VALUES ('128', '16061318755362', '0', '', 'INV-1000', '0', 'EDG商城', 'http://edgcart.test/', '1', '1', '韦庆磊', '', '13427548928', '', '\"\"', '测试', '', '天河区花城大道85号1102室', '广州市', '440106', 'China(中国)', '44', '广东省', '689', '', '[]', '支付宝', 'alipay_direct', '测试', '', '花城大道85号1102室', '广州市', '440106', 'China(中国)', '44', '广东省', '689', '2137', '天河区', '', '[]', '免运费', 'free.free', null, '13888889999', '', '1673.0000', '17', '0', '0.0000', '0', '', '1', '4', 'CNY', '1.00000000', '127.0.0.1', '', 'Mozilla/5.0 (Windows NT 6.1; WOW64) AppleWebKit/537.36 (KHTML, like Gecko) Chrome/49.0.2623.75 Safari/537.36', 'zh-CN,zh;q=0.8', '2016-06-13 18:27:07', '2016-06-13 18:27:38');

-- ----------------------------
-- Table structure for mcc_order_custom_field
-- ----------------------------
DROP TABLE IF EXISTS `mcc_order_custom_field`;
CREATE TABLE `mcc_order_custom_field` (
  `order_custom_field_id` int(11) NOT NULL AUTO_INCREMENT,
  `order_id` int(11) NOT NULL,
  `custom_field_id` int(11) NOT NULL,
  `custom_field_value_id` int(11) NOT NULL,
  `name` varchar(255) NOT NULL,
  `value` text NOT NULL,
  `type` varchar(32) NOT NULL,
  `location` varchar(16) NOT NULL,
  PRIMARY KEY (`order_custom_field_id`)
) ENGINE=MyISAM DEFAULT CHARSET=utf8;

-- ----------------------------
-- Records of mcc_order_custom_field
-- ----------------------------

-- ----------------------------
-- Table structure for mcc_order_history
-- ----------------------------
DROP TABLE IF EXISTS `mcc_order_history`;
CREATE TABLE `mcc_order_history` (
  `order_history_id` int(11) NOT NULL AUTO_INCREMENT,
  `order_id` int(11) NOT NULL,
  `order_status_id` int(11) NOT NULL,
  `notify` tinyint(1) NOT NULL DEFAULT '0',
  `comment` text NOT NULL,
  `date_added` datetime NOT NULL,
  PRIMARY KEY (`order_history_id`)
) ENGINE=MyISAM AUTO_INCREMENT=44 DEFAULT CHARSET=utf8;

-- ----------------------------
-- Records of mcc_order_history
-- ----------------------------
INSERT INTO `mcc_order_history` VALUES ('1', '1', '2', '0', '', '2016-04-18 18:20:52');
INSERT INTO `mcc_order_history` VALUES ('2', '48', '5', '1', '', '2016-05-12 10:43:49');
INSERT INTO `mcc_order_history` VALUES ('3', '51', '5', '1', '', '2016-05-12 16:39:50');
INSERT INTO `mcc_order_history` VALUES ('4', '52', '5', '1', '', '2016-05-12 16:54:21');
INSERT INTO `mcc_order_history` VALUES ('5', '53', '5', '1', '', '2016-05-12 16:57:34');
INSERT INTO `mcc_order_history` VALUES ('6', '53', '5', '1', '', '2016-05-12 17:03:37');
INSERT INTO `mcc_order_history` VALUES ('7', '53', '5', '1', '', '2016-05-12 17:04:48');
INSERT INTO `mcc_order_history` VALUES ('8', '53', '5', '1', '', '2016-05-12 17:06:20');
INSERT INTO `mcc_order_history` VALUES ('9', '53', '5', '1', '', '2016-05-12 17:06:38');
INSERT INTO `mcc_order_history` VALUES ('10', '53', '5', '1', '', '2016-05-12 17:06:51');
INSERT INTO `mcc_order_history` VALUES ('11', '58', '5', '1', '', '2016-05-12 17:17:03');
INSERT INTO `mcc_order_history` VALUES ('12', '77', '17', '1', '', '2016-05-17 16:22:26');
INSERT INTO `mcc_order_history` VALUES ('13', '79', '17', '1', '', '2016-05-17 16:45:48');
INSERT INTO `mcc_order_history` VALUES ('14', '80', '17', '1', '', '2016-05-17 16:48:46');
INSERT INTO `mcc_order_history` VALUES ('15', '81', '17', '1', '', '2016-05-17 16:57:29');
INSERT INTO `mcc_order_history` VALUES ('16', '75', '17', '1', '', '2016-05-17 17:04:47');
INSERT INTO `mcc_order_history` VALUES ('17', '74', '17', '1', '', '2016-05-17 18:08:11');
INSERT INTO `mcc_order_history` VALUES ('18', '66', '17', '1', '', '2016-05-17 19:44:47');
INSERT INTO `mcc_order_history` VALUES ('19', '71', '17', '1', '', '2016-05-17 20:07:10');
INSERT INTO `mcc_order_history` VALUES ('20', '82', '17', '1', '', '2016-05-18 15:01:40');
INSERT INTO `mcc_order_history` VALUES ('21', '83', '17', '1', '', '2016-05-18 15:17:39');
INSERT INTO `mcc_order_history` VALUES ('22', '83', '3', '0', '', '2016-05-18 15:23:17');
INSERT INTO `mcc_order_history` VALUES ('23', '83', '5', '0', '', '2016-05-18 15:23:35');
INSERT INTO `mcc_order_history` VALUES ('24', '91', '17', '1', '', '2016-05-20 15:37:41');
INSERT INTO `mcc_order_history` VALUES ('25', '92', '17', '1', '', '2016-05-20 19:44:42');
INSERT INTO `mcc_order_history` VALUES ('26', '93', '17', '1', '', '2016-05-20 21:36:56');
INSERT INTO `mcc_order_history` VALUES ('27', '94', '17', '1', '', '2016-05-23 11:09:00');
INSERT INTO `mcc_order_history` VALUES ('28', '99', '17', '1', '', '2016-05-24 12:31:02');
INSERT INTO `mcc_order_history` VALUES ('29', '102', '17', '1', '', '2016-05-27 11:30:39');
INSERT INTO `mcc_order_history` VALUES ('30', '104', '17', '1', '', '2016-05-27 17:16:16');
INSERT INTO `mcc_order_history` VALUES ('31', '105', '17', '1', '', '2016-05-27 17:18:36');
INSERT INTO `mcc_order_history` VALUES ('32', '108', '17', '1', '', '2016-05-29 13:09:34');
INSERT INTO `mcc_order_history` VALUES ('33', '109', '17', '1', '', '2016-05-30 15:31:35');
INSERT INTO `mcc_order_history` VALUES ('34', '110', '17', '1', '', '2016-05-31 16:16:48');
INSERT INTO `mcc_order_history` VALUES ('35', '112', '17', '1', '', '2016-05-31 19:41:36');
INSERT INTO `mcc_order_history` VALUES ('36', '113', '17', '1', '', '2016-06-01 17:52:37');
INSERT INTO `mcc_order_history` VALUES ('37', '116', '17', '1', '', '2016-06-02 17:10:11');
INSERT INTO `mcc_order_history` VALUES ('38', '118', '17', '1', '', '2016-06-06 12:19:55');
INSERT INTO `mcc_order_history` VALUES ('39', '120', '17', '1', '', '2016-06-06 12:27:57');
INSERT INTO `mcc_order_history` VALUES ('40', '122', '17', '1', '', '2016-06-13 17:59:33');
INSERT INTO `mcc_order_history` VALUES ('41', '123', '17', '1', '', '2016-06-13 18:06:37');
INSERT INTO `mcc_order_history` VALUES ('42', '124', '17', '1', '', '2016-06-13 18:09:28');
INSERT INTO `mcc_order_history` VALUES ('43', '128', '17', '1', '', '2016-06-13 18:27:38');

-- ----------------------------
-- Table structure for mcc_order_option
-- ----------------------------
DROP TABLE IF EXISTS `mcc_order_option`;
CREATE TABLE `mcc_order_option` (
  `order_option_id` int(11) NOT NULL AUTO_INCREMENT,
  `order_id` int(11) NOT NULL,
  `order_product_id` int(11) NOT NULL,
  `product_option_id` int(11) NOT NULL,
  `product_option_value_id` int(11) NOT NULL DEFAULT '0',
  `name` varchar(255) NOT NULL,
  `value` text NOT NULL,
  `type` varchar(32) NOT NULL,
  PRIMARY KEY (`order_option_id`)
) ENGINE=MyISAM AUTO_INCREMENT=179 DEFAULT CHARSET=utf8;

-- ----------------------------
-- Records of mcc_order_option
-- ----------------------------
INSERT INTO `mcc_order_option` VALUES ('1', '2', '2', '226', '12', '下拉列表', '红色', 'select');
INSERT INTO `mcc_order_option` VALUES ('2', '3', '3', '226', '12', '下拉列表', '红色', 'select');
INSERT INTO `mcc_order_option` VALUES ('3', '4', '6', '232', '35', '尺码', 'L码', 'radio');
INSERT INTO `mcc_order_option` VALUES ('4', '4', '6', '231', '34', '颜色', '白色', 'image');
INSERT INTO `mcc_order_option` VALUES ('5', '4', '7', '232', '37', '尺码', 'S码', 'radio');
INSERT INTO `mcc_order_option` VALUES ('6', '4', '7', '231', '33', '颜色', '银色', 'image');
INSERT INTO `mcc_order_option` VALUES ('7', '7', '13', '232', '38', '尺码', 'XL码', 'radio');
INSERT INTO `mcc_order_option` VALUES ('8', '7', '13', '231', '34', '颜色', '白色', 'image');
INSERT INTO `mcc_order_option` VALUES ('9', '8', '15', '232', '38', '尺码', 'XL码', 'radio');
INSERT INTO `mcc_order_option` VALUES ('10', '8', '15', '231', '34', '颜色', '白色', 'image');
INSERT INTO `mcc_order_option` VALUES ('11', '9', '17', '232', '38', '尺码', 'XL码', 'radio');
INSERT INTO `mcc_order_option` VALUES ('12', '9', '17', '231', '34', '颜色', '白色', 'image');
INSERT INTO `mcc_order_option` VALUES ('13', '10', '19', '232', '38', '尺码', 'XL码', 'radio');
INSERT INTO `mcc_order_option` VALUES ('14', '10', '19', '231', '34', '颜色', '白色', 'image');
INSERT INTO `mcc_order_option` VALUES ('15', '11', '21', '232', '38', '尺码', 'XL码', 'radio');
INSERT INTO `mcc_order_option` VALUES ('16', '11', '21', '231', '34', '颜色', '白色', 'image');
INSERT INTO `mcc_order_option` VALUES ('17', '12', '23', '232', '38', '尺码', 'XL码', 'radio');
INSERT INTO `mcc_order_option` VALUES ('18', '12', '23', '231', '34', '颜色', '白色', 'image');
INSERT INTO `mcc_order_option` VALUES ('19', '13', '25', '232', '38', '尺码', 'XL码', 'radio');
INSERT INTO `mcc_order_option` VALUES ('20', '13', '25', '231', '34', '颜色', '白色', 'image');
INSERT INTO `mcc_order_option` VALUES ('21', '14', '27', '232', '38', '尺码', 'XL码', 'radio');
INSERT INTO `mcc_order_option` VALUES ('22', '14', '27', '231', '34', '颜色', '白色', 'image');
INSERT INTO `mcc_order_option` VALUES ('23', '15', '29', '232', '38', '尺码', 'XL码', 'radio');
INSERT INTO `mcc_order_option` VALUES ('24', '15', '29', '231', '34', '颜色', '白色', 'image');
INSERT INTO `mcc_order_option` VALUES ('25', '16', '31', '232', '38', '尺码', 'XL码', 'radio');
INSERT INTO `mcc_order_option` VALUES ('26', '16', '31', '231', '34', '颜色', '白色', 'image');
INSERT INTO `mcc_order_option` VALUES ('27', '17', '32', '232', '38', '尺码', 'XL码', 'radio');
INSERT INTO `mcc_order_option` VALUES ('28', '17', '32', '231', '34', '颜色', '白色', 'image');
INSERT INTO `mcc_order_option` VALUES ('29', '18', '34', '232', '38', '尺码', 'XL码', 'radio');
INSERT INTO `mcc_order_option` VALUES ('30', '18', '34', '231', '34', '颜色', '白色', 'image');
INSERT INTO `mcc_order_option` VALUES ('31', '19', '36', '232', '38', '尺码', 'XL码', 'radio');
INSERT INTO `mcc_order_option` VALUES ('32', '19', '36', '231', '34', '颜色', '白色', 'image');
INSERT INTO `mcc_order_option` VALUES ('33', '20', '38', '232', '38', '尺码', 'XL码', 'radio');
INSERT INTO `mcc_order_option` VALUES ('34', '20', '38', '231', '34', '颜色', '白色', 'image');
INSERT INTO `mcc_order_option` VALUES ('35', '21', '39', '232', '38', '尺码', 'XL码', 'radio');
INSERT INTO `mcc_order_option` VALUES ('36', '21', '39', '231', '34', '颜色', '白色', 'image');
INSERT INTO `mcc_order_option` VALUES ('37', '22', '40', '232', '38', '尺码', 'XL码', 'radio');
INSERT INTO `mcc_order_option` VALUES ('38', '22', '40', '231', '34', '颜色', '白色', 'image');
INSERT INTO `mcc_order_option` VALUES ('39', '23', '42', '232', '38', '尺码', 'XL码', 'radio');
INSERT INTO `mcc_order_option` VALUES ('40', '23', '42', '231', '34', '颜色', '白色', 'image');
INSERT INTO `mcc_order_option` VALUES ('41', '24', '44', '232', '38', '尺码', 'XL码', 'radio');
INSERT INTO `mcc_order_option` VALUES ('42', '24', '44', '231', '34', '颜色', '白色', 'image');
INSERT INTO `mcc_order_option` VALUES ('43', '25', '46', '232', '38', '尺码', 'XL码', 'radio');
INSERT INTO `mcc_order_option` VALUES ('44', '25', '46', '231', '34', '颜色', '白色', 'image');
INSERT INTO `mcc_order_option` VALUES ('45', '26', '48', '232', '38', '尺码', 'XL码', 'radio');
INSERT INTO `mcc_order_option` VALUES ('46', '26', '48', '231', '34', '颜色', '白色', 'image');
INSERT INTO `mcc_order_option` VALUES ('47', '27', '50', '232', '38', '尺码', 'XL码', 'radio');
INSERT INTO `mcc_order_option` VALUES ('48', '27', '50', '231', '34', '颜色', '白色', 'image');
INSERT INTO `mcc_order_option` VALUES ('49', '28', '52', '232', '38', '尺码', 'XL码', 'radio');
INSERT INTO `mcc_order_option` VALUES ('50', '28', '52', '231', '34', '颜色', '白色', 'image');
INSERT INTO `mcc_order_option` VALUES ('51', '29', '54', '232', '38', '尺码', 'XL码', 'radio');
INSERT INTO `mcc_order_option` VALUES ('52', '29', '54', '231', '34', '颜色', '白色', 'image');
INSERT INTO `mcc_order_option` VALUES ('53', '30', '56', '232', '38', '尺码', 'XL码', 'radio');
INSERT INTO `mcc_order_option` VALUES ('54', '30', '56', '231', '34', '颜色', '白色', 'image');
INSERT INTO `mcc_order_option` VALUES ('55', '31', '58', '232', '38', '尺码', 'XL码', 'radio');
INSERT INTO `mcc_order_option` VALUES ('56', '31', '58', '231', '34', '颜色', '白色', 'image');
INSERT INTO `mcc_order_option` VALUES ('57', '32', '60', '232', '38', '尺码', 'XL码', 'radio');
INSERT INTO `mcc_order_option` VALUES ('58', '32', '60', '231', '34', '颜色', '白色', 'image');
INSERT INTO `mcc_order_option` VALUES ('59', '33', '62', '232', '38', '尺码', 'XL码', 'radio');
INSERT INTO `mcc_order_option` VALUES ('60', '33', '62', '231', '34', '颜色', '白色', 'image');
INSERT INTO `mcc_order_option` VALUES ('61', '34', '64', '232', '38', '尺码', 'XL码', 'radio');
INSERT INTO `mcc_order_option` VALUES ('62', '34', '64', '231', '34', '颜色', '白色', 'image');
INSERT INTO `mcc_order_option` VALUES ('63', '59', '90', '235', '44', '尺码', 'XL码', 'radio');
INSERT INTO `mcc_order_option` VALUES ('64', '59', '90', '236', '47', '颜色', '黑色', 'image');
INSERT INTO `mcc_order_option` VALUES ('65', '59', '91', '235', '43', '尺码', 'M码', 'radio');
INSERT INTO `mcc_order_option` VALUES ('66', '59', '91', '236', '47', '颜色', '黑色', 'image');
INSERT INTO `mcc_order_option` VALUES ('67', '59', '92', '235', '45', '尺码', 'XXL码', 'radio');
INSERT INTO `mcc_order_option` VALUES ('68', '59', '92', '236', '48', '颜色', '灰色', 'image');
INSERT INTO `mcc_order_option` VALUES ('69', '60', '94', '235', '44', '尺码', 'XL码', 'radio');
INSERT INTO `mcc_order_option` VALUES ('70', '60', '94', '236', '47', '颜色', '黑色', 'image');
INSERT INTO `mcc_order_option` VALUES ('71', '60', '95', '235', '43', '尺码', 'M码', 'radio');
INSERT INTO `mcc_order_option` VALUES ('72', '60', '95', '236', '47', '颜色', '黑色', 'image');
INSERT INTO `mcc_order_option` VALUES ('73', '60', '96', '235', '45', '尺码', 'XXL码', 'radio');
INSERT INTO `mcc_order_option` VALUES ('74', '60', '96', '236', '48', '颜色', '灰色', 'image');
INSERT INTO `mcc_order_option` VALUES ('75', '61', '97', '235', '44', '尺码', 'XL码', 'radio');
INSERT INTO `mcc_order_option` VALUES ('76', '61', '97', '236', '47', '颜色', '黑色', 'image');
INSERT INTO `mcc_order_option` VALUES ('77', '62', '99', '235', '43', '尺码', 'M码', 'radio');
INSERT INTO `mcc_order_option` VALUES ('78', '62', '99', '236', '47', '颜色', '黑色', 'image');
INSERT INTO `mcc_order_option` VALUES ('79', '63', '101', '235', '44', '尺码', 'XL码', 'radio');
INSERT INTO `mcc_order_option` VALUES ('80', '63', '101', '236', '47', '颜色', '黑色', 'image');
INSERT INTO `mcc_order_option` VALUES ('81', '63', '102', '235', '43', '尺码', 'M码', 'radio');
INSERT INTO `mcc_order_option` VALUES ('82', '63', '102', '236', '47', '颜色', '黑色', 'image');
INSERT INTO `mcc_order_option` VALUES ('83', '64', '103', '235', '45', '尺码', 'XXL码', 'radio');
INSERT INTO `mcc_order_option` VALUES ('84', '64', '103', '236', '48', '颜色', '灰色', 'image');
INSERT INTO `mcc_order_option` VALUES ('85', '67', '107', '235', '45', '尺码', 'XXL码', 'radio');
INSERT INTO `mcc_order_option` VALUES ('86', '67', '107', '236', '48', '颜色', '灰色', 'image');
INSERT INTO `mcc_order_option` VALUES ('87', '70', '111', '235', '45', '尺码', 'XXL码', 'radio');
INSERT INTO `mcc_order_option` VALUES ('88', '70', '111', '236', '48', '颜色', '灰色', 'image');
INSERT INTO `mcc_order_option` VALUES ('89', '76', '118', '235', '45', '尺码', 'XXL码', 'radio');
INSERT INTO `mcc_order_option` VALUES ('90', '76', '118', '236', '48', '颜色', '灰色', 'image');
INSERT INTO `mcc_order_option` VALUES ('91', '79', '121', '235', '46', '尺码', 'S码', 'radio');
INSERT INTO `mcc_order_option` VALUES ('92', '79', '121', '236', '48', '颜色', '灰色', 'image');
INSERT INTO `mcc_order_option` VALUES ('93', '80', '122', '235', '46', '尺码', 'S码', 'radio');
INSERT INTO `mcc_order_option` VALUES ('94', '80', '122', '236', '48', '颜色', '灰色', 'image');
INSERT INTO `mcc_order_option` VALUES ('95', '82', '124', '235', '45', '尺码', 'XXL码', 'radio');
INSERT INTO `mcc_order_option` VALUES ('96', '82', '124', '236', '48', '颜色', '灰色', 'image');
INSERT INTO `mcc_order_option` VALUES ('97', '83', '125', '235', '44', '尺码', 'XL码', 'radio');
INSERT INTO `mcc_order_option` VALUES ('98', '83', '125', '236', '47', '颜色', '黑色', 'image');
INSERT INTO `mcc_order_option` VALUES ('99', '84', '126', '235', '44', '尺码', 'XL码', 'radio');
INSERT INTO `mcc_order_option` VALUES ('100', '84', '126', '236', '47', '颜色', '黑色', 'image');
INSERT INTO `mcc_order_option` VALUES ('101', '85', '127', '235', '44', '尺码', 'XL码', 'radio');
INSERT INTO `mcc_order_option` VALUES ('102', '85', '127', '236', '47', '颜色', '黑色', 'image');
INSERT INTO `mcc_order_option` VALUES ('103', '86', '128', '235', '44', '尺码', 'XL码', 'radio');
INSERT INTO `mcc_order_option` VALUES ('104', '86', '128', '236', '47', '颜色', '黑色', 'image');
INSERT INTO `mcc_order_option` VALUES ('105', '87', '129', '235', '44', '尺码', 'XL码', 'radio');
INSERT INTO `mcc_order_option` VALUES ('106', '87', '129', '236', '47', '颜色', '黑色', 'image');
INSERT INTO `mcc_order_option` VALUES ('107', '88', '130', '235', '44', '尺码', 'XL码', 'radio');
INSERT INTO `mcc_order_option` VALUES ('108', '88', '130', '236', '47', '颜色', '黑色', 'image');
INSERT INTO `mcc_order_option` VALUES ('109', '91', '133', '240', '64', '尺码', 'L码', 'radio');
INSERT INTO `mcc_order_option` VALUES ('110', '92', '134', '238', '56', '尺码', 'S码', 'radio');
INSERT INTO `mcc_order_option` VALUES ('111', '92', '134', '237', '52', '颜色', '蓝', 'image');
INSERT INTO `mcc_order_option` VALUES ('112', '93', '135', '238', '55', '尺码', 'M码', 'radio');
INSERT INTO `mcc_order_option` VALUES ('113', '93', '135', '237', '49', '颜色', '黑', 'image');
INSERT INTO `mcc_order_option` VALUES ('114', '94', '136', '239', '59', '尺码', 'L码', 'radio');
INSERT INTO `mcc_order_option` VALUES ('115', '95', '137', '242', '78', '尺码', 'XXL码', 'radio');
INSERT INTO `mcc_order_option` VALUES ('116', '96', '138', '238', '54', '尺码', 'L码', 'radio');
INSERT INTO `mcc_order_option` VALUES ('117', '96', '138', '237', '50', '颜色', '红', 'image');
INSERT INTO `mcc_order_option` VALUES ('118', '97', '139', '242', '78', '尺码', 'XXL码', 'radio');
INSERT INTO `mcc_order_option` VALUES ('119', '98', '140', '242', '78', '尺码', 'XXL码', 'radio');
INSERT INTO `mcc_order_option` VALUES ('120', '98', '141', '235', '45', '尺码', 'XXL码', 'radio');
INSERT INTO `mcc_order_option` VALUES ('121', '99', '142', '242', '78', '尺码', 'XXL码', 'radio');
INSERT INTO `mcc_order_option` VALUES ('122', '99', '143', '235', '44', '尺码', 'XL码', 'radio');
INSERT INTO `mcc_order_option` VALUES ('123', '100', '144', '242', '78', '尺码', 'XXL码', 'radio');
INSERT INTO `mcc_order_option` VALUES ('124', '101', '145', '242', '78', '尺码', 'XXL码', 'radio');
INSERT INTO `mcc_order_option` VALUES ('125', '102', '146', '238', '58', '尺码', 'XXL码', 'radio');
INSERT INTO `mcc_order_option` VALUES ('126', '102', '146', '237', '51', '颜色', '灰', 'image');
INSERT INTO `mcc_order_option` VALUES ('127', '102', '147', '238', '58', '尺码', 'XXL码', 'radio');
INSERT INTO `mcc_order_option` VALUES ('128', '102', '147', '237', '49', '颜色', '黑', 'image');
INSERT INTO `mcc_order_option` VALUES ('129', '103', '148', '242', '77', '尺码', 'XL码', 'radio');
INSERT INTO `mcc_order_option` VALUES ('130', '104', '149', '242', '78', '尺码', 'XXL码', 'radio');
INSERT INTO `mcc_order_option` VALUES ('131', '105', '151', '235', '46', '尺码', 'S码', 'radio');
INSERT INTO `mcc_order_option` VALUES ('132', '106', '152', '238', '54', '尺码', 'L码', 'radio');
INSERT INTO `mcc_order_option` VALUES ('133', '106', '152', '237', '53', '颜色', '白', 'image');
INSERT INTO `mcc_order_option` VALUES ('134', '107', '153', '238', '55', '尺码', 'M码', 'radio');
INSERT INTO `mcc_order_option` VALUES ('135', '107', '153', '237', '53', '颜色', '白', 'image');
INSERT INTO `mcc_order_option` VALUES ('136', '107', '154', '238', '55', '尺码', 'M码', 'radio');
INSERT INTO `mcc_order_option` VALUES ('137', '107', '154', '237', '49', '颜色', '黑', 'image');
INSERT INTO `mcc_order_option` VALUES ('138', '108', '155', '238', '57', '尺码', 'XL码', 'radio');
INSERT INTO `mcc_order_option` VALUES ('139', '108', '155', '237', '49', '颜色', '黑', 'image');
INSERT INTO `mcc_order_option` VALUES ('140', '109', '156', '238', '55', '尺码', 'M码', 'radio');
INSERT INTO `mcc_order_option` VALUES ('141', '109', '156', '237', '53', '颜色', '白', 'image');
INSERT INTO `mcc_order_option` VALUES ('142', '109', '157', '238', '55', '尺码', 'M码', 'radio');
INSERT INTO `mcc_order_option` VALUES ('143', '109', '157', '237', '49', '颜色', '黑', 'image');
INSERT INTO `mcc_order_option` VALUES ('144', '110', '158', '238', '54', '尺码', 'L码', 'radio');
INSERT INTO `mcc_order_option` VALUES ('145', '110', '158', '237', '53', '颜色', '白', 'image');
INSERT INTO `mcc_order_option` VALUES ('146', '111', '159', '235', '46', '尺码', 'S码', 'radio');
INSERT INTO `mcc_order_option` VALUES ('147', '112', '160', '238', '55', '尺码', 'M码', 'radio');
INSERT INTO `mcc_order_option` VALUES ('148', '112', '160', '237', '53', '颜色', '白', 'image');
INSERT INTO `mcc_order_option` VALUES ('149', '113', '161', '238', '55', '尺码', 'M码', 'radio');
INSERT INTO `mcc_order_option` VALUES ('150', '113', '161', '237', '50', '颜色', '红', 'image');
INSERT INTO `mcc_order_option` VALUES ('151', '113', '162', '238', '55', '尺码', 'M码', 'radio');
INSERT INTO `mcc_order_option` VALUES ('152', '113', '162', '237', '53', '颜色', '白', 'image');
INSERT INTO `mcc_order_option` VALUES ('153', '114', '163', '238', '54', '尺码', 'L码', 'radio');
INSERT INTO `mcc_order_option` VALUES ('154', '114', '163', '237', '49', '颜色', '黑', 'image');
INSERT INTO `mcc_order_option` VALUES ('155', '114', '164', '238', '55', '尺码', 'M码', 'radio');
INSERT INTO `mcc_order_option` VALUES ('156', '114', '164', '237', '53', '颜色', '白', 'image');
INSERT INTO `mcc_order_option` VALUES ('157', '115', '165', '238', '54', '尺码', 'L码', 'radio');
INSERT INTO `mcc_order_option` VALUES ('158', '115', '165', '237', '49', '颜色', '黑', 'image');
INSERT INTO `mcc_order_option` VALUES ('159', '115', '166', '238', '55', '尺码', 'M码', 'radio');
INSERT INTO `mcc_order_option` VALUES ('160', '115', '166', '237', '53', '颜色', '白', 'image');
INSERT INTO `mcc_order_option` VALUES ('161', '116', '167', '238', '55', '尺码', 'M码', 'radio');
INSERT INTO `mcc_order_option` VALUES ('162', '116', '167', '237', '50', '颜色', '红', 'image');
INSERT INTO `mcc_order_option` VALUES ('163', '117', '168', '238', '55', '尺码', 'M码', 'radio');
INSERT INTO `mcc_order_option` VALUES ('164', '117', '168', '237', '50', '颜色', '红', 'image');
INSERT INTO `mcc_order_option` VALUES ('165', '118', '169', '238', '58', '尺码', 'XXL码', 'radio');
INSERT INTO `mcc_order_option` VALUES ('166', '118', '169', '237', '49', '颜色', '黑', 'image');
INSERT INTO `mcc_order_option` VALUES ('167', '119', '170', '235', '45', '尺码', 'XXL码', 'radio');
INSERT INTO `mcc_order_option` VALUES ('168', '120', '171', '235', '45', '尺码', 'XXL码', 'radio');
INSERT INTO `mcc_order_option` VALUES ('169', '121', '172', '238', '54', '尺码', 'L码', 'radio');
INSERT INTO `mcc_order_option` VALUES ('170', '121', '172', '237', '50', '颜色', '红', 'image');
INSERT INTO `mcc_order_option` VALUES ('171', '122', '173', '238', '54', '尺码', 'L码', 'radio');
INSERT INTO `mcc_order_option` VALUES ('172', '122', '173', '237', '50', '颜色', '红', 'image');
INSERT INTO `mcc_order_option` VALUES ('173', '123', '174', '235', '44', '尺码', 'XL码', 'radio');
INSERT INTO `mcc_order_option` VALUES ('174', '124', '175', '235', '46', '尺码', 'S码', 'radio');
INSERT INTO `mcc_order_option` VALUES ('175', '125', '176', '235', '44', '尺码', 'XL码', 'radio');
INSERT INTO `mcc_order_option` VALUES ('176', '126', '177', '235', '44', '尺码', 'XL码', 'radio');
INSERT INTO `mcc_order_option` VALUES ('177', '127', '178', '235', '44', '尺码', 'XL码', 'radio');
INSERT INTO `mcc_order_option` VALUES ('178', '128', '179', '235', '44', '尺码', 'XL码', 'radio');

-- ----------------------------
-- Table structure for mcc_order_payment
-- ----------------------------
DROP TABLE IF EXISTS `mcc_order_payment`;
CREATE TABLE `mcc_order_payment` (
  `order_payment_id` int(11) NOT NULL AUTO_INCREMENT,
  `order_id` int(11) NOT NULL,
  `order_no` varchar(64) NOT NULL,
  `payment_method` varchar(64) NOT NULL,
  `payment_code` varchar(64) NOT NULL,
  `out_trade_no` varchar(255) NOT NULL,
  `total_fee` decimal(10,2) NOT NULL,
  `date_added` datetime NOT NULL,
  PRIMARY KEY (`order_payment_id`)
) ENGINE=InnoDB AUTO_INCREMENT=5 DEFAULT CHARSET=utf8;

-- ----------------------------
-- Records of mcc_order_payment
-- ----------------------------
INSERT INTO `mcc_order_payment` VALUES ('1', '0', '0', '', '', '', '0.00', '2016-06-13 17:59:33');
INSERT INTO `mcc_order_payment` VALUES ('2', '123', '2147483647', '支付宝', '支付宝', '2016061321001004960250513678', '0.01', '2016-06-13 18:06:37');
INSERT INTO `mcc_order_payment` VALUES ('3', '124', '16061318333461', '支付宝', '支付宝', '2016061321001004960249672141', '0.01', '2016-06-13 18:09:28');
INSERT INTO `mcc_order_payment` VALUES ('4', '128', '16061318755362', '支付宝', 'alipay_direct', '2016061321001004960249673260', '0.01', '2016-06-13 18:27:38');

-- ----------------------------
-- Table structure for mcc_order_product
-- ----------------------------
DROP TABLE IF EXISTS `mcc_order_product`;
CREATE TABLE `mcc_order_product` (
  `order_product_id` int(11) NOT NULL AUTO_INCREMENT,
  `order_id` int(11) NOT NULL,
  `customer_id` int(11) NOT NULL,
  `product_id` int(11) NOT NULL,
  `cart_id` int(11) NOT NULL,
  `sku_id` int(11) NOT NULL,
  `name` varchar(255) NOT NULL,
  `model` varchar(64) NOT NULL,
  `quantity` int(4) NOT NULL,
  `price` decimal(15,4) NOT NULL DEFAULT '0.0000',
  `total` decimal(15,4) NOT NULL DEFAULT '0.0000',
  `tax` decimal(15,4) NOT NULL DEFAULT '0.0000',
  `reward` int(8) NOT NULL,
  `review_id` int(11) NOT NULL COMMENT '是否已评论',
  PRIMARY KEY (`order_product_id`)
) ENGINE=MyISAM AUTO_INCREMENT=180 DEFAULT CHARSET=utf8;

-- ----------------------------
-- Records of mcc_order_product
-- ----------------------------
INSERT INTO `mcc_order_product` VALUES ('1', '1', '1', '43', '0', '0', 'MacBook', 'Product 16', '1', '1.0000', '1.0000', '0.0000', '600', '0');
INSERT INTO `mcc_order_product` VALUES ('2', '2', '1', '30', '0', '0', '佳能EOS-5D', 'Product 3', '1', '100.0000', '100.0000', '22.0000', '200', '0');
INSERT INTO `mcc_order_product` VALUES ('3', '3', '1', '30', '0', '0', '佳能EOS-5D', 'Product 3', '1', '100.0000', '100.0000', '22.0000', '200', '0');
INSERT INTO `mcc_order_product` VALUES ('4', '4', '1', '30', '0', '0', '佳能EOS-5D', 'Product 3', '1', '100.0000', '100.0000', '22.0000', '200', '0');
INSERT INTO `mcc_order_product` VALUES ('5', '4', '1', '29', '0', '0', 'Palm Treo Pro', 'Product 2', '1', '279.9900', '279.9900', '57.9980', '0', '0');
INSERT INTO `mcc_order_product` VALUES ('6', '4', '1', '42', '0', '0', 'Apple Cinema 30&quot;', 'Product 15', '2', '90.0000', '180.0000', '20.0000', '200', '0');
INSERT INTO `mcc_order_product` VALUES ('7', '4', '1', '42', '0', '0', 'Apple Cinema 30&quot;', 'Product 15', '4', '90.0000', '360.0000', '20.0000', '400', '0');
INSERT INTO `mcc_order_product` VALUES ('8', '5', '1', '28', '0', '51', 'HTC Touch HD', 'Product 1', '2', '100.0000', '100.0000', '0.0000', '400', '0');
INSERT INTO `mcc_order_product` VALUES ('9', '5', '1', '28', '0', '51', 'HTC Touch HD', 'Product 1', '2', '100.0000', '100.0000', '0.0000', '400', '0');
INSERT INTO `mcc_order_product` VALUES ('10', '6', '1', '28', '0', '51', 'HTC Touch HD', 'Product 1', '2', '100.0000', '100.0000', '0.0000', '400', '0');
INSERT INTO `mcc_order_product` VALUES ('11', '6', '1', '28', '0', '51', 'HTC Touch HD', 'Product 1', '2', '100.0000', '100.0000', '0.0000', '400', '0');
INSERT INTO `mcc_order_product` VALUES ('12', '7', '1', '28', '0', '51', 'HTC Touch HD', 'Product 1', '2', '100.0000', '100.0000', '0.0000', '400', '0');
INSERT INTO `mcc_order_product` VALUES ('13', '7', '1', '42', '0', '47', 'Apple Cinema 30&quot;', 'Product 15', '3', '90.0000', '180.0000', '0.0000', '200', '0');
INSERT INTO `mcc_order_product` VALUES ('14', '8', '1', '28', '0', '51', 'HTC Touch HD', 'Product 1', '2', '100.0000', '100.0000', '0.0000', '400', '0');
INSERT INTO `mcc_order_product` VALUES ('15', '8', '1', '42', '0', '47', 'Apple Cinema 30&quot;', 'Product 15', '3', '90.0000', '180.0000', '0.0000', '200', '0');
INSERT INTO `mcc_order_product` VALUES ('16', '9', '1', '28', '0', '51', 'HTC Touch HD', 'Product 1', '2', '100.0000', '100.0000', '0.0000', '400', '0');
INSERT INTO `mcc_order_product` VALUES ('17', '9', '1', '42', '0', '47', 'Apple Cinema 30&quot;', 'Product 15', '3', '90.0000', '180.0000', '0.0000', '200', '0');
INSERT INTO `mcc_order_product` VALUES ('18', '10', '1', '28', '0', '51', 'HTC Touch HD', 'Product 1', '2', '100.0000', '100.0000', '0.0000', '400', '0');
INSERT INTO `mcc_order_product` VALUES ('19', '10', '1', '42', '0', '47', 'Apple Cinema 30&quot;', 'Product 15', '3', '90.0000', '180.0000', '0.0000', '200', '0');
INSERT INTO `mcc_order_product` VALUES ('20', '11', '1', '28', '0', '51', 'HTC Touch HD', 'Product 1', '2', '100.0000', '100.0000', '0.0000', '400', '0');
INSERT INTO `mcc_order_product` VALUES ('21', '11', '1', '42', '0', '47', 'Apple Cinema 30&quot;', 'Product 15', '3', '90.0000', '180.0000', '0.0000', '200', '0');
INSERT INTO `mcc_order_product` VALUES ('22', '12', '1', '28', '0', '51', 'HTC Touch HD', 'Product 1', '2', '100.0000', '100.0000', '0.0000', '400', '0');
INSERT INTO `mcc_order_product` VALUES ('23', '12', '1', '42', '0', '47', 'Apple Cinema 30&quot;', 'Product 15', '3', '90.0000', '180.0000', '0.0000', '200', '0');
INSERT INTO `mcc_order_product` VALUES ('24', '13', '1', '28', '0', '51', 'HTC Touch HD', 'Product 1', '2', '100.0000', '100.0000', '0.0000', '400', '0');
INSERT INTO `mcc_order_product` VALUES ('25', '13', '1', '42', '0', '47', 'Apple Cinema 30&quot;', 'Product 15', '3', '90.0000', '180.0000', '0.0000', '200', '0');
INSERT INTO `mcc_order_product` VALUES ('26', '14', '1', '28', '0', '51', 'HTC Touch HD', 'Product 1', '2', '100.0000', '100.0000', '0.0000', '400', '0');
INSERT INTO `mcc_order_product` VALUES ('27', '14', '1', '42', '0', '47', 'Apple Cinema 30&quot;', 'Product 15', '3', '90.0000', '180.0000', '0.0000', '200', '0');
INSERT INTO `mcc_order_product` VALUES ('28', '15', '1', '28', '0', '51', 'HTC Touch HD', 'Product 1', '2', '100.0000', '100.0000', '0.0000', '400', '0');
INSERT INTO `mcc_order_product` VALUES ('29', '15', '1', '42', '0', '47', 'Apple Cinema 30&quot;', 'Product 15', '3', '90.0000', '180.0000', '0.0000', '200', '0');
INSERT INTO `mcc_order_product` VALUES ('30', '16', '1', '28', '0', '51', 'HTC Touch HD', 'Product 1', '2', '100.0000', '100.0000', '0.0000', '400', '0');
INSERT INTO `mcc_order_product` VALUES ('31', '16', '1', '42', '0', '47', 'Apple Cinema 30&quot;', 'Product 15', '4', '90.0000', '180.0000', '0.0000', '200', '0');
INSERT INTO `mcc_order_product` VALUES ('32', '17', '1', '42', '0', '47', 'Apple Cinema 30&quot;', 'Product 15', '2', '90.0000', '180.0000', '0.0000', '200', '0');
INSERT INTO `mcc_order_product` VALUES ('33', '18', '1', '28', '0', '0', 'HTC Touch HD', 'Product 1', '1', '100.0000', '100.0000', '0.0000', '400', '0');
INSERT INTO `mcc_order_product` VALUES ('34', '18', '1', '42', '0', '0', 'Apple Cinema 30&quot;', 'Product 15', '2', '90.0000', '180.0000', '0.0000', '200', '0');
INSERT INTO `mcc_order_product` VALUES ('35', '19', '1', '28', '0', '0', 'HTC Touch HD', 'Product 1', '1', '100.0000', '100.0000', '0.0000', '400', '0');
INSERT INTO `mcc_order_product` VALUES ('36', '19', '1', '42', '0', '0', 'Apple Cinema 30&quot;', 'Product 15', '2', '90.0000', '180.0000', '0.0000', '200', '0');
INSERT INTO `mcc_order_product` VALUES ('37', '20', '1', '28', '0', '0', 'HTC Touch HD', 'Product 1', '1', '100.0000', '100.0000', '0.0000', '400', '0');
INSERT INTO `mcc_order_product` VALUES ('38', '20', '1', '42', '0', '0', 'Apple Cinema 30&quot;', 'Product 15', '2', '90.0000', '180.0000', '0.0000', '200', '0');
INSERT INTO `mcc_order_product` VALUES ('39', '21', '1', '42', '0', '47', 'Apple Cinema 30&quot;', 'Product 15', '3', '90.0000', '180.0000', '0.0000', '200', '0');
INSERT INTO `mcc_order_product` VALUES ('40', '22', '1', '42', '0', '47', 'Apple Cinema 30&quot;', 'Product 15', '3', '90.0000', '180.0000', '0.0000', '200', '0');
INSERT INTO `mcc_order_product` VALUES ('41', '23', '1', '28', '0', '51', 'HTC Touch HD', 'Product 1', '1', '100.0000', '100.0000', '0.0000', '400', '0');
INSERT INTO `mcc_order_product` VALUES ('42', '23', '1', '42', '0', '47', 'Apple Cinema 30&quot;', 'Product 15', '2', '90.0000', '180.0000', '0.0000', '200', '0');
INSERT INTO `mcc_order_product` VALUES ('43', '24', '1', '28', '0', '51', 'HTC Touch HD', 'Product 1', '1', '100.0000', '100.0000', '0.0000', '400', '23');
INSERT INTO `mcc_order_product` VALUES ('44', '24', '1', '42', '0', '47', 'Apple Cinema 30&quot;', 'Product 15', '2', '90.0000', '180.0000', '0.0000', '200', '0');
INSERT INTO `mcc_order_product` VALUES ('45', '25', '1', '28', '0', '51', 'HTC Touch HD', 'Product 1', '1', '100.0000', '100.0000', '0.0000', '400', '0');
INSERT INTO `mcc_order_product` VALUES ('46', '25', '1', '42', '0', '47', 'Apple Cinema 30&quot;', 'Product 15', '2', '90.0000', '180.0000', '0.0000', '200', '0');
INSERT INTO `mcc_order_product` VALUES ('47', '26', '1', '28', '0', '51', 'HTC Touch HD', 'Product 1', '1', '100.0000', '100.0000', '0.0000', '400', '0');
INSERT INTO `mcc_order_product` VALUES ('48', '26', '1', '42', '0', '47', 'Apple Cinema 30&quot;', 'Product 15', '2', '90.0000', '180.0000', '0.0000', '200', '0');
INSERT INTO `mcc_order_product` VALUES ('49', '27', '1', '28', '0', '51', 'HTC Touch HD', 'Product 1', '1', '100.0000', '100.0000', '0.0000', '400', '0');
INSERT INTO `mcc_order_product` VALUES ('50', '27', '1', '42', '0', '47', 'Apple Cinema 30&quot;', 'Product 15', '2', '90.0000', '180.0000', '0.0000', '200', '0');
INSERT INTO `mcc_order_product` VALUES ('51', '28', '1', '28', '0', '51', 'HTC Touch HD', 'Product 1', '1', '100.0000', '100.0000', '0.0000', '400', '0');
INSERT INTO `mcc_order_product` VALUES ('52', '28', '1', '42', '0', '47', 'Apple Cinema 30&quot;', 'Product 15', '2', '90.0000', '180.0000', '0.0000', '200', '0');
INSERT INTO `mcc_order_product` VALUES ('53', '29', '1', '28', '0', '51', 'HTC Touch HD', 'Product 1', '1', '100.0000', '100.0000', '0.0000', '400', '0');
INSERT INTO `mcc_order_product` VALUES ('54', '29', '1', '42', '0', '47', 'Apple Cinema 30&quot;', 'Product 15', '2', '90.0000', '180.0000', '0.0000', '200', '0');
INSERT INTO `mcc_order_product` VALUES ('55', '30', '1', '28', '0', '51', 'HTC Touch HD', 'Product 1', '1', '100.0000', '100.0000', '0.0000', '400', '0');
INSERT INTO `mcc_order_product` VALUES ('56', '30', '1', '42', '0', '47', 'Apple Cinema 30&quot;', 'Product 15', '2', '90.0000', '180.0000', '0.0000', '200', '0');
INSERT INTO `mcc_order_product` VALUES ('57', '31', '1', '28', '0', '51', 'HTC Touch HD', 'Product 1', '1', '100.0000', '100.0000', '0.0000', '400', '25');
INSERT INTO `mcc_order_product` VALUES ('58', '31', '1', '42', '0', '47', 'Apple Cinema 30&quot;', 'Product 15', '2', '90.0000', '180.0000', '0.0000', '200', '0');
INSERT INTO `mcc_order_product` VALUES ('59', '32', '1', '28', '0', '51', 'HTC Touch HD', 'Product 1', '1', '100.0000', '100.0000', '0.0000', '400', '0');
INSERT INTO `mcc_order_product` VALUES ('60', '32', '1', '42', '0', '47', 'Apple Cinema 30&quot;', 'Product 15', '2', '90.0000', '180.0000', '0.0000', '200', '0');
INSERT INTO `mcc_order_product` VALUES ('61', '33', '1', '28', '0', '51', 'HTC Touch HD', 'Product 1', '2', '100.0000', '100.0000', '0.0000', '400', '0');
INSERT INTO `mcc_order_product` VALUES ('62', '33', '1', '42', '0', '47', 'Apple Cinema 30&quot;', 'Product 15', '2', '90.0000', '180.0000', '0.0000', '200', '0');
INSERT INTO `mcc_order_product` VALUES ('63', '34', '1', '28', '0', '51', 'HTC Touch HD', 'Product 1', '1', '100.0000', '100.0000', '0.0000', '400', '0');
INSERT INTO `mcc_order_product` VALUES ('64', '34', '1', '42', '0', '47', 'Apple Cinema 30&quot;', 'Product 15', '2', '90.0000', '180.0000', '0.0000', '200', '0');
INSERT INTO `mcc_order_product` VALUES ('65', '35', '1', '57', '0', '76', 'EDG休闲短裤', '通用', '4', '239.0000', '956.0000', '0.0000', '0', '0');
INSERT INTO `mcc_order_product` VALUES ('66', '36', '1', '57', '33', '76', 'EDG休闲短裤', '通用', '4', '239.0000', '956.0000', '0.0000', '0', '0');
INSERT INTO `mcc_order_product` VALUES ('67', '37', '1', '57', '33', '76', 'EDG休闲短裤', '通用', '4', '239.0000', '956.0000', '0.0000', '0', '0');
INSERT INTO `mcc_order_product` VALUES ('68', '38', '1', '57', '33', '76', 'EDG休闲短裤', '通用', '4', '239.0000', '956.0000', '0.0000', '0', '0');
INSERT INTO `mcc_order_product` VALUES ('69', '39', '1', '57', '33', '76', 'EDG休闲短裤', '通用', '4', '239.0000', '956.0000', '0.0000', '0', '0');
INSERT INTO `mcc_order_product` VALUES ('70', '40', '1', '57', '33', '76', 'EDG休闲短裤', '通用', '4', '239.0000', '956.0000', '0.0000', '0', '0');
INSERT INTO `mcc_order_product` VALUES ('71', '41', '1', '57', '33', '76', 'EDG休闲短裤', '通用', '4', '239.0000', '956.0000', '0.0000', '0', '0');
INSERT INTO `mcc_order_product` VALUES ('72', '42', '1', '57', '33', '76', 'EDG休闲短裤', '通用', '2', '239.0000', '956.0000', '0.0000', '0', '0');
INSERT INTO `mcc_order_product` VALUES ('73', '43', '1', '57', '33', '76', 'EDG休闲短裤', '通用', '2', '239.0000', '956.0000', '0.0000', '0', '0');
INSERT INTO `mcc_order_product` VALUES ('74', '44', '1', '57', '33', '76', 'EDG休闲短裤', '通用', '2', '239.0000', '956.0000', '0.0000', '0', '0');
INSERT INTO `mcc_order_product` VALUES ('75', '45', '1', '57', '33', '76', 'EDG休闲短裤', '通用', '4', '239.0000', '956.0000', '0.0000', '0', '0');
INSERT INTO `mcc_order_product` VALUES ('76', '46', '1', '57', '33', '76', 'EDG休闲短裤', '通用', '4', '239.0000', '956.0000', '0.0000', '0', '0');
INSERT INTO `mcc_order_product` VALUES ('77', '47', '1', '57', '33', '76', 'EDG休闲短裤', '通用', '4', '239.0000', '956.0000', '0.0000', '0', '0');
INSERT INTO `mcc_order_product` VALUES ('78', '48', '1', '57', '33', '76', 'EDG休闲短裤', '通用', '4', '239.0000', '956.0000', '0.0000', '0', '0');
INSERT INTO `mcc_order_product` VALUES ('79', '49', '1', '57', '33', '76', 'EDG休闲短裤', '通用', '4', '239.0000', '956.0000', '0.0000', '0', '0');
INSERT INTO `mcc_order_product` VALUES ('80', '50', '1', '57', '33', '76', 'EDG休闲短裤', '通用', '4', '239.0000', '956.0000', '0.0000', '0', '0');
INSERT INTO `mcc_order_product` VALUES ('81', '51', '1', '57', '33', '76', 'EDG休闲短裤', '通用', '4', '239.0000', '956.0000', '0.0000', '0', '0');
INSERT INTO `mcc_order_product` VALUES ('82', '52', '1', '57', '33', '76', 'EDG休闲短裤', '通用', '4', '239.0000', '956.0000', '0.0000', '0', '0');
INSERT INTO `mcc_order_product` VALUES ('83', '53', '1', '57', '33', '76', 'EDG休闲短裤', '通用', '4', '239.0000', '956.0000', '0.0000', '0', '0');
INSERT INTO `mcc_order_product` VALUES ('84', '54', '1', '58', '37', '90', 'EDG短袖T恤 炫彩梦 灰色', '通款', '1', '89.0000', '89.0000', '0.0000', '0', '0');
INSERT INTO `mcc_order_product` VALUES ('85', '55', '1', '58', '37', '90', 'EDG短袖T恤 炫彩梦 灰色', '通款', '1', '89.0000', '89.0000', '0.0000', '0', '0');
INSERT INTO `mcc_order_product` VALUES ('86', '56', '1', '58', '37', '90', 'EDG短袖T恤 炫彩梦 灰色', '通款', '1', '89.0000', '89.0000', '0.0000', '0', '0');
INSERT INTO `mcc_order_product` VALUES ('87', '57', '1', '58', '37', '90', 'EDG短袖T恤 炫彩梦 灰色', '通款', '1', '89.0000', '89.0000', '0.0000', '0', '0');
INSERT INTO `mcc_order_product` VALUES ('88', '58', '1', '58', '37', '90', 'EDG短袖T恤 炫彩梦 灰色', '通款', '1', '89.0000', '89.0000', '0.0000', '0', '22');
INSERT INTO `mcc_order_product` VALUES ('89', '59', '1', '58', '37', '90', 'EDG短袖T恤 炫彩梦 灰色', '通款', '1', '89.0000', '89.0000', '0.0000', '0', '0');
INSERT INTO `mcc_order_product` VALUES ('90', '59', '1', '57', '40', '104', 'EDG休闲短裤', '通用', '1', '239.0000', '239.0000', '0.0000', '0', '0');
INSERT INTO `mcc_order_product` VALUES ('91', '59', '1', '57', '41', '103', 'EDG休闲短裤', '通用', '1', '239.0000', '239.0000', '0.0000', '0', '0');
INSERT INTO `mcc_order_product` VALUES ('92', '59', '1', '57', '42', '96', 'EDG休闲短裤', '通用', '1', '239.0000', '239.0000', '0.0000', '0', '0');
INSERT INTO `mcc_order_product` VALUES ('93', '60', '1', '58', '37', '90', 'EDG短袖T恤 炫彩梦 灰色', '通款', '1', '89.0000', '89.0000', '0.0000', '0', '0');
INSERT INTO `mcc_order_product` VALUES ('94', '60', '1', '57', '40', '104', 'EDG休闲短裤', '通用', '1', '239.0000', '239.0000', '0.0000', '0', '0');
INSERT INTO `mcc_order_product` VALUES ('95', '60', '1', '57', '41', '103', 'EDG休闲短裤', '通用', '1', '239.0000', '239.0000', '0.0000', '0', '0');
INSERT INTO `mcc_order_product` VALUES ('96', '60', '1', '57', '42', '96', 'EDG休闲短裤', '通用', '1', '239.0000', '239.0000', '0.0000', '0', '0');
INSERT INTO `mcc_order_product` VALUES ('97', '61', '1', '57', '45', '104', 'EDG休闲短裤', '通用', '1', '239.0000', '239.0000', '0.0000', '0', '0');
INSERT INTO `mcc_order_product` VALUES ('98', '61', '1', '58', '44', '90', 'EDG短袖T恤 炫彩梦 灰色', '通款', '2', '89.0000', '178.0000', '0.0000', '0', '0');
INSERT INTO `mcc_order_product` VALUES ('99', '62', '1', '57', '46', '103', 'EDG休闲短裤', '通用', '1', '239.0000', '239.0000', '0.0000', '0', '0');
INSERT INTO `mcc_order_product` VALUES ('100', '62', '1', '58', '44', '90', 'EDG短袖T恤 炫彩梦 灰色', '通款', '3', '89.0000', '267.0000', '0.0000', '0', '0');
INSERT INTO `mcc_order_product` VALUES ('101', '63', '1', '57', '45', '104', 'EDG休闲短裤', '通用', '1', '239.0000', '478.0000', '0.0000', '0', '0');
INSERT INTO `mcc_order_product` VALUES ('102', '63', '1', '57', '46', '103', 'EDG休闲短裤', '通用', '1', '239.0000', '239.0000', '0.0000', '0', '0');
INSERT INTO `mcc_order_product` VALUES ('103', '64', '1', '57', '47', '96', 'EDG休闲短裤', '通用', '1', '239.0000', '239.0000', '0.0000', '0', '0');
INSERT INTO `mcc_order_product` VALUES ('104', '64', '1', '58', '44', '90', 'EDG短袖T恤 炫彩梦 灰色', '通款', '3', '89.0000', '267.0000', '0.0000', '0', '0');
INSERT INTO `mcc_order_product` VALUES ('105', '65', '0', '62', '48', '88', 'EDG官方队服 短袖T恤 S5赛季战衣', '通款', '1', '99.0000', '99.0000', '0.0000', '0', '0');
INSERT INTO `mcc_order_product` VALUES ('106', '66', '0', '62', '48', '88', 'EDG官方队服 短袖T恤 S5赛季战衣', '通款', '1', '99.0000', '99.0000', '0.0000', '0', '0');
INSERT INTO `mcc_order_product` VALUES ('107', '67', '1', '57', '47', '96', 'EDG休闲短裤', '通用', '1', '239.0000', '239.0000', '0.0000', '0', '0');
INSERT INTO `mcc_order_product` VALUES ('108', '67', '1', '58', '44', '90', 'EDG短袖T恤 炫彩梦 灰色', '通款', '3', '89.0000', '267.0000', '0.0000', '0', '0');
INSERT INTO `mcc_order_product` VALUES ('109', '68', '0', '62', '48', '88', 'EDG官方队服 短袖T恤 S5赛季战衣', '通款', '1', '99.0000', '99.0000', '0.0000', '0', '0');
INSERT INTO `mcc_order_product` VALUES ('110', '69', '1', '58', '44', '90', 'EDG短袖T恤 炫彩梦 灰色', '通款', '3', '89.0000', '267.0000', '0.0000', '0', '0');
INSERT INTO `mcc_order_product` VALUES ('111', '70', '1', '57', '47', '96', 'EDG休闲短裤', '通用', '1', '239.0000', '239.0000', '0.0000', '0', '0');
INSERT INTO `mcc_order_product` VALUES ('112', '70', '1', '58', '44', '90', 'EDG短袖T恤 炫彩梦 灰色', '通款', '3', '89.0000', '267.0000', '0.0000', '0', '0');
INSERT INTO `mcc_order_product` VALUES ('113', '71', '0', '63', '49', '89', 'EDG官方队服 长袖外套 S5赛季战衣 ', '通款', '1', '799.0000', '799.0000', '0.0000', '0', '0');
INSERT INTO `mcc_order_product` VALUES ('114', '72', '0', '63', '49', '89', 'EDG官方队服 长袖外套 S5赛季战衣 ', '通款', '1', '799.0000', '799.0000', '0.0000', '0', '0');
INSERT INTO `mcc_order_product` VALUES ('115', '73', '0', '63', '49', '89', 'EDG官方队服 长袖外套 S5赛季战衣 ', '通款', '1', '799.0000', '799.0000', '0.0000', '0', '0');
INSERT INTO `mcc_order_product` VALUES ('116', '74', '0', '63', '49', '89', 'EDG官方队服 长袖外套 S5赛季战衣 ', '通款', '1', '799.0000', '799.0000', '0.0000', '0', '0');
INSERT INTO `mcc_order_product` VALUES ('117', '75', '0', '63', '49', '89', 'EDG官方队服 长袖外套 S5赛季战衣 ', '通款', '1', '799.0000', '799.0000', '0.0000', '0', '0');
INSERT INTO `mcc_order_product` VALUES ('118', '76', '1', '57', '47', '96', 'EDG休闲短裤', '通用', '1', '239.0000', '239.0000', '0.0000', '0', '0');
INSERT INTO `mcc_order_product` VALUES ('119', '77', '0', '63', '49', '89', 'EDG官方队服 长袖外套 S5赛季战衣 ', '通款', '1', '799.0000', '799.0000', '0.0000', '0', '0');
INSERT INTO `mcc_order_product` VALUES ('120', '78', '1', '58', '44', '90', 'EDG短袖T恤 炫彩梦 灰色', '通款', '2', '89.0000', '267.0000', '0.0000', '0', '0');
INSERT INTO `mcc_order_product` VALUES ('121', '79', '7', '57', '51', '95', 'EDG休闲短裤', '通用', '1', '239.0000', '239.0000', '0.0000', '0', '0');
INSERT INTO `mcc_order_product` VALUES ('122', '80', '7', '57', '51', '95', 'EDG休闲短裤', '通用', '1', '239.0000', '239.0000', '0.0000', '0', '0');
INSERT INTO `mcc_order_product` VALUES ('123', '81', '1', '58', '44', '90', 'EDG短袖T恤 炫彩梦 灰色', '通款', '2', '89.0000', '267.0000', '0.0000', '0', '0');
INSERT INTO `mcc_order_product` VALUES ('124', '82', '1', '57', '47', '96', 'EDG休闲短裤', '通用', '1', '239.0000', '239.0000', '0.0000', '0', '0');
INSERT INTO `mcc_order_product` VALUES ('125', '83', '1', '57', '61', '104', 'EDG休闲短裤', '通用', '1', '239.0000', '239.0000', '0.0000', '0', '26');
INSERT INTO `mcc_order_product` VALUES ('126', '84', '1', '57', '62', '104', 'EDG休闲短裤', '通用', '1', '239.0000', '239.0000', '0.0000', '0', '0');
INSERT INTO `mcc_order_product` VALUES ('127', '85', '1', '57', '62', '104', 'EDG休闲短裤', '通用', '1', '239.0000', '239.0000', '0.0000', '0', '0');
INSERT INTO `mcc_order_product` VALUES ('128', '86', '1', '57', '62', '104', 'EDG休闲短裤', '通用', '1', '239.0000', '239.0000', '0.0000', '0', '0');
INSERT INTO `mcc_order_product` VALUES ('129', '87', '1', '57', '62', '104', 'EDG休闲短裤', '通用', '1', '239.0000', '239.0000', '0.0000', '0', '0');
INSERT INTO `mcc_order_product` VALUES ('130', '88', '1', '57', '62', '104', 'EDG休闲短裤', '通用', '1', '239.0000', '239.0000', '0.0000', '0', '0');
INSERT INTO `mcc_order_product` VALUES ('131', '89', '1', '58', '58', '90', 'EDG短袖T恤 炫彩梦 灰色', '通款', '2', '89.0000', '178.0000', '0.0000', '0', '0');
INSERT INTO `mcc_order_product` VALUES ('132', '90', '1', '60', '70', '192', 'EDG马克杯 经典对标', '通款', '1', '89.0000', '89.0000', '0.0000', '0', '0');
INSERT INTO `mcc_order_product` VALUES ('133', '91', '1', '66', '78', '170', 'EDG 短袖T恤 三位一体', '通用', '1', '89.0000', '89.0000', '0.0000', '0', '0');
INSERT INTO `mcc_order_product` VALUES ('134', '92', '12', '58', '80', '131', 'EDG短袖T恤 炫彩梦', '通款', '2', '89.0000', '178.0000', '0.0000', '0', '0');
INSERT INTO `mcc_order_product` VALUES ('135', '93', '24', '58', '89', '140', 'EDG短袖T恤 炫彩梦', '通款', '1', '89.0000', '89.0000', '0.0000', '0', '0');
INSERT INTO `mcc_order_product` VALUES ('136', '94', '1', '65', '71', '150', 'EDG官方MSI冠军纪念版T恤', '通款', '2', '159.0000', '318.0000', '0.0000', '0', '0');
INSERT INTO `mcc_order_product` VALUES ('137', '95', '14', '62', '69', '169', 'EDG官方队服 短袖T恤 S5赛季战衣', '通款', '1', '0.0000', '0.0000', '0.0000', '0', '0');
INSERT INTO `mcc_order_product` VALUES ('138', '96', '1', '58', '95', '124', 'EDG短袖T恤 炫彩梦', '通款', '1', '89.0000', '89.0000', '0.0000', '0', '0');
INSERT INTO `mcc_order_product` VALUES ('139', '97', '26', '62', '101', '169', 'EDG官方队服 短袖T恤 S5赛季战衣', '通款', '1', '0.0000', '0.0000', '0.0000', '0', '0');
INSERT INTO `mcc_order_product` VALUES ('140', '98', '26', '62', '101', '169', 'EDG官方队服 短袖T恤 S5赛季战衣', '通款', '10', '0.0000', '0.0000', '0.0000', '0', '0');
INSERT INTO `mcc_order_product` VALUES ('141', '98', '26', '57', '102', '180', 'EDG休闲短裤', '通用', '10', '0.0000', '0.0000', '0.0000', '0', '0');
INSERT INTO `mcc_order_product` VALUES ('142', '99', '26', '62', '101', '169', 'EDG官方队服 短袖T恤 S5赛季战衣', '通款', '3', '0.0000', '0.0000', '0.0000', '0', '0');
INSERT INTO `mcc_order_product` VALUES ('143', '99', '26', '57', '103', '122', 'EDG休闲短裤', '通用', '3', '0.0000', '0.0000', '0.0000', '0', '0');
INSERT INTO `mcc_order_product` VALUES ('144', '100', '26', '62', '105', '169', 'EDG官方队服 短袖T恤 S5赛季战衣', '通款', '4', '0.0000', '0.0000', '0.0000', '0', '0');
INSERT INTO `mcc_order_product` VALUES ('145', '101', '25', '62', '107', '169', 'EDG官方队服 短袖T恤 S5赛季战衣', '通款', '1', '0.0000', '0.0000', '0.0000', '0', '0');
INSERT INTO `mcc_order_product` VALUES ('146', '102', '37', '58', '124', '138', 'EDG短袖T恤 炫彩梦', '通款', '1', '0.0000', '0.0000', '0.0000', '0', '0');
INSERT INTO `mcc_order_product` VALUES ('147', '102', '37', '58', '125', '143', 'EDG短袖T恤 炫彩梦', '通款', '1', '0.0000', '0.0000', '0.0000', '0', '0');
INSERT INTO `mcc_order_product` VALUES ('148', '103', '38', '62', '129', '166', 'EDG官方队服 短袖T恤 S5赛季战衣', '通款', '1', '0.0000', '0.0000', '0.0000', '0', '0');
INSERT INTO `mcc_order_product` VALUES ('149', '104', '39', '62', '130', '169', 'EDG官方队服 短袖T恤 S5赛季战衣', '通款', '999', '0.0000', '0.0000', '0.0000', '0', '0');
INSERT INTO `mcc_order_product` VALUES ('150', '105', '40', '61', '133', '193', 'EDG棒球帽 经典对标', '通款', '10', '0.0000', '0.0000', '0.0000', '0', '0');
INSERT INTO `mcc_order_product` VALUES ('151', '105', '40', '57', '134', '179', 'EDG休闲短裤', '通用', '1', '0.0000', '0.0000', '0.0000', '0', '0');
INSERT INTO `mcc_order_product` VALUES ('152', '106', '42', '58', '141', '144', 'EDG短袖T恤 炫彩梦', '通款', '1', '89.0000', '89.0000', '0.0000', '0', '0');
INSERT INTO `mcc_order_product` VALUES ('153', '107', '44', '58', '145', '145', 'EDG短袖T恤 炫彩梦', '通款', '1', '89.0000', '89.0000', '0.0000', '0', '0');
INSERT INTO `mcc_order_product` VALUES ('154', '107', '44', '58', '147', '140', 'EDG短袖T恤 炫彩梦', '通款', '1', '89.0000', '89.0000', '0.0000', '0', '0');
INSERT INTO `mcc_order_product` VALUES ('155', '108', '45', '58', '149', '142', 'EDG短袖T恤 炫彩梦', '通款', '1', '89.0000', '89.0000', '0.0000', '0', '0');
INSERT INTO `mcc_order_product` VALUES ('156', '109', '49', '58', '164', '145', 'EDG短袖T恤 炫彩梦', '通款', '1', '89.0000', '89.0000', '0.0000', '0', '0');
INSERT INTO `mcc_order_product` VALUES ('157', '109', '49', '58', '165', '140', 'EDG短袖T恤 炫彩梦', '通款', '1', '89.0000', '89.0000', '0.0000', '0', '0');
INSERT INTO `mcc_order_product` VALUES ('158', '110', '52', '58', '174', '144', 'EDG短袖T恤 炫彩梦', '通款', '1', '89.0000', '89.0000', '0.0000', '0', '0');
INSERT INTO `mcc_order_product` VALUES ('159', '111', '7', '57', '51', '95', 'EDG休闲短裤', '通用', '1', '239.0000', '478.0000', '0.0000', '0', '0');
INSERT INTO `mcc_order_product` VALUES ('160', '112', '55', '58', '183', '145', 'EDG短袖T恤 炫彩梦', '通款', '1', '89.0000', '89.0000', '0.0000', '0', '0');
INSERT INTO `mcc_order_product` VALUES ('161', '113', '59', '58', '190', '125', 'EDG短袖T恤 炫彩梦', '通款', '1', '89.0000', '89.0000', '0.0000', '0', '0');
INSERT INTO `mcc_order_product` VALUES ('162', '113', '59', '58', '191', '145', 'EDG短袖T恤 炫彩梦', '通款', '1', '89.0000', '89.0000', '0.0000', '0', '0');
INSERT INTO `mcc_order_product` VALUES ('163', '114', '60', '58', '197', '139', 'EDG短袖T恤 炫彩梦', '通款', '1', '89.0000', '89.0000', '0.0000', '0', '0');
INSERT INTO `mcc_order_product` VALUES ('164', '114', '60', '58', '198', '145', 'EDG短袖T恤 炫彩梦', '通款', '1', '89.0000', '178.0000', '0.0000', '0', '0');
INSERT INTO `mcc_order_product` VALUES ('165', '115', '60', '58', '197', '139', 'EDG短袖T恤 炫彩梦', '通款', '1', '89.0000', '89.0000', '0.0000', '0', '0');
INSERT INTO `mcc_order_product` VALUES ('166', '115', '60', '58', '198', '145', 'EDG短袖T恤 炫彩梦', '通款', '1', '89.0000', '178.0000', '0.0000', '0', '0');
INSERT INTO `mcc_order_product` VALUES ('167', '116', '7', '58', '199', '125', 'EDG短袖T恤 炫彩梦', '通款', '1', '89.0000', '89.0000', '0.0000', '0', '0');
INSERT INTO `mcc_order_product` VALUES ('168', '117', '7', '58', '200', '125', 'EDG短袖T恤 炫彩梦', '通款', '1', '89.0000', '89.0000', '0.0000', '0', '0');
INSERT INTO `mcc_order_product` VALUES ('169', '118', '62', '58', '210', '143', 'EDG短袖T恤 炫彩梦', '通款', '1', '89.0000', '89.0000', '0.0000', '0', '0');
INSERT INTO `mcc_order_product` VALUES ('170', '119', '62', '57', '211', '180', 'EDG休闲短裤', '通用', '1', '239.0000', '478.0000', '0.0000', '0', '0');
INSERT INTO `mcc_order_product` VALUES ('171', '120', '62', '57', '212', '180', 'EDG休闲短裤', '通用', '1', '239.0000', '239.0000', '0.0000', '0', '0');
INSERT INTO `mcc_order_product` VALUES ('172', '121', '1', '58', '95', '124', 'EDG短袖T恤 炫彩梦', '通款', '1', '89.0000', '89.0000', '0.0000', '0', '0');
INSERT INTO `mcc_order_product` VALUES ('173', '122', '1', '58', '95', '124', 'EDG短袖T恤 炫彩梦', '通款', '1', '89.0000', '89.0000', '0.0000', '0', '0');
INSERT INTO `mcc_order_product` VALUES ('174', '123', '1', '57', '86', '104', 'EDG休闲短裤', '通用', '1', '239.0000', '239.0000', '0.0000', '0', '0');
INSERT INTO `mcc_order_product` VALUES ('175', '124', '1', '57', '79', '179', 'EDG休闲短裤', '通用', '2', '239.0000', '478.0000', '0.0000', '0', '0');
INSERT INTO `mcc_order_product` VALUES ('176', '125', '1', '57', '77', '122', 'EDG休闲短裤', '通用', '1', '239.0000', '1673.0000', '0.0000', '0', '0');
INSERT INTO `mcc_order_product` VALUES ('177', '126', '1', '57', '77', '122', 'EDG休闲短裤', '通用', '2', '239.0000', '1673.0000', '0.0000', '0', '0');
INSERT INTO `mcc_order_product` VALUES ('178', '127', '1', '57', '77', '122', 'EDG休闲短裤', '通用', '2', '239.0000', '1673.0000', '0.0000', '0', '0');
INSERT INTO `mcc_order_product` VALUES ('179', '128', '1', '57', '77', '122', 'EDG休闲短裤', '通用', '2', '239.0000', '1673.0000', '0.0000', '0', '0');

-- ----------------------------
-- Table structure for mcc_order_recurring
-- ----------------------------
DROP TABLE IF EXISTS `mcc_order_recurring`;
CREATE TABLE `mcc_order_recurring` (
  `order_recurring_id` int(11) NOT NULL AUTO_INCREMENT,
  `order_id` int(11) NOT NULL,
  `reference` varchar(255) NOT NULL,
  `product_id` int(11) NOT NULL,
  `product_name` varchar(255) NOT NULL,
  `product_quantity` int(11) NOT NULL,
  `recurring_id` int(11) NOT NULL,
  `recurring_name` varchar(255) NOT NULL,
  `recurring_description` varchar(255) NOT NULL,
  `recurring_frequency` varchar(25) NOT NULL,
  `recurring_cycle` smallint(6) NOT NULL,
  `recurring_duration` smallint(6) NOT NULL,
  `recurring_price` decimal(10,4) NOT NULL,
  `trial` tinyint(1) NOT NULL,
  `trial_frequency` varchar(25) NOT NULL,
  `trial_cycle` smallint(6) NOT NULL,
  `trial_duration` smallint(6) NOT NULL,
  `trial_price` decimal(10,4) NOT NULL,
  `status` tinyint(4) NOT NULL,
  `date_added` datetime NOT NULL,
  PRIMARY KEY (`order_recurring_id`)
) ENGINE=MyISAM DEFAULT CHARSET=utf8;

-- ----------------------------
-- Records of mcc_order_recurring
-- ----------------------------

-- ----------------------------
-- Table structure for mcc_order_recurring_transaction
-- ----------------------------
DROP TABLE IF EXISTS `mcc_order_recurring_transaction`;
CREATE TABLE `mcc_order_recurring_transaction` (
  `order_recurring_transaction_id` int(11) NOT NULL AUTO_INCREMENT,
  `order_recurring_id` int(11) NOT NULL,
  `reference` varchar(255) NOT NULL,
  `type` varchar(255) NOT NULL,
  `amount` decimal(10,4) NOT NULL,
  `date_added` datetime NOT NULL,
  PRIMARY KEY (`order_recurring_transaction_id`)
) ENGINE=MyISAM DEFAULT CHARSET=utf8;

-- ----------------------------
-- Records of mcc_order_recurring_transaction
-- ----------------------------

-- ----------------------------
-- Table structure for mcc_order_status
-- ----------------------------
DROP TABLE IF EXISTS `mcc_order_status`;
CREATE TABLE `mcc_order_status` (
  `order_status_id` int(11) NOT NULL AUTO_INCREMENT,
  `language_id` int(11) NOT NULL,
  `name` varchar(32) NOT NULL,
  PRIMARY KEY (`order_status_id`,`language_id`)
) ENGINE=MyISAM AUTO_INCREMENT=18 DEFAULT CHARSET=utf8;

-- ----------------------------
-- Records of mcc_order_status
-- ----------------------------
INSERT INTO `mcc_order_status` VALUES ('2', '3', '处理中');
INSERT INTO `mcc_order_status` VALUES ('7', '3', '已取消');
INSERT INTO `mcc_order_status` VALUES ('10', '3', '失败');
INSERT INTO `mcc_order_status` VALUES ('11', '3', '已退款');
INSERT INTO `mcc_order_status` VALUES ('3', '3', '已配送');
INSERT INTO `mcc_order_status` VALUES ('16', '3', '无效');
INSERT INTO `mcc_order_status` VALUES ('15', '3', '已处理');
INSERT INTO `mcc_order_status` VALUES ('14', '3', '失效');
INSERT INTO `mcc_order_status` VALUES ('8', '3', '已拒绝');
INSERT INTO `mcc_order_status` VALUES ('1', '1', '末支付');
INSERT INTO `mcc_order_status` VALUES ('2', '2', 'Processing');
INSERT INTO `mcc_order_status` VALUES ('3', '2', 'Shipped');
INSERT INTO `mcc_order_status` VALUES ('7', '2', 'Canceled');
INSERT INTO `mcc_order_status` VALUES ('5', '2', 'Complete');
INSERT INTO `mcc_order_status` VALUES ('8', '2', 'Denied');
INSERT INTO `mcc_order_status` VALUES ('9', '2', 'Canceled Reversal');
INSERT INTO `mcc_order_status` VALUES ('10', '2', 'Failed');
INSERT INTO `mcc_order_status` VALUES ('11', '2', 'Refunded');
INSERT INTO `mcc_order_status` VALUES ('13', '2', 'Chargeback');
INSERT INTO `mcc_order_status` VALUES ('16', '2', 'Voided');
INSERT INTO `mcc_order_status` VALUES ('15', '2', 'Processed');
INSERT INTO `mcc_order_status` VALUES ('14', '2', 'Expired');
INSERT INTO `mcc_order_status` VALUES ('2', '1', '处理中');
INSERT INTO `mcc_order_status` VALUES ('3', '1', '已配送');
INSERT INTO `mcc_order_status` VALUES ('7', '1', '已取消');
INSERT INTO `mcc_order_status` VALUES ('5', '1', '已收货');
INSERT INTO `mcc_order_status` VALUES ('8', '1', '已拒绝');
INSERT INTO `mcc_order_status` VALUES ('9', '1', '撤销取消');
INSERT INTO `mcc_order_status` VALUES ('10', '1', '失败');
INSERT INTO `mcc_order_status` VALUES ('11', '1', '已退款');
INSERT INTO `mcc_order_status` VALUES ('13', '1', '拒付');
INSERT INTO `mcc_order_status` VALUES ('16', '1', '无效');
INSERT INTO `mcc_order_status` VALUES ('15', '1', '已处理');
INSERT INTO `mcc_order_status` VALUES ('14', '1', '失效');
INSERT INTO `mcc_order_status` VALUES ('9', '3', '撤销取消');
INSERT INTO `mcc_order_status` VALUES ('13', '3', '拒付');
INSERT INTO `mcc_order_status` VALUES ('5', '3', '完成');
INSERT INTO `mcc_order_status` VALUES ('17', '1', '买家已付款');

-- ----------------------------
-- Table structure for mcc_order_total
-- ----------------------------
DROP TABLE IF EXISTS `mcc_order_total`;
CREATE TABLE `mcc_order_total` (
  `order_total_id` int(10) NOT NULL AUTO_INCREMENT,
  `order_id` int(11) NOT NULL,
  `code` varchar(32) NOT NULL,
  `title` varchar(255) NOT NULL,
  `value` decimal(15,4) NOT NULL DEFAULT '0.0000',
  `sort_order` int(3) NOT NULL,
  PRIMARY KEY (`order_total_id`),
  KEY `order_id` (`order_id`) USING BTREE
) ENGINE=MyISAM AUTO_INCREMENT=347 DEFAULT CHARSET=utf8;

-- ----------------------------
-- Records of mcc_order_total
-- ----------------------------
INSERT INTO `mcc_order_total` VALUES ('1', '1', 'sub_total', '小计', '707.0000', '1');
INSERT INTO `mcc_order_total` VALUES ('2', '1', 'shipping', '固定运费率', '0.0000', '3');
INSERT INTO `mcc_order_total` VALUES ('3', '1', 'tax', '增值税 (20%)', '141.4000', '5');
INSERT INTO `mcc_order_total` VALUES ('4', '1', 'tax', '生态税(-2.00)', '14.0000', '5');
INSERT INTO `mcc_order_total` VALUES ('5', '1', 'credit', '账户余额', '-500.0000', '7');
INSERT INTO `mcc_order_total` VALUES ('6', '1', 'total', '总计', '362.4000', '9');
INSERT INTO `mcc_order_total` VALUES ('7', '2', 'sub_total', '小计', '707.0000', '1');
INSERT INTO `mcc_order_total` VALUES ('8', '2', 'shipping', '固定运费率', '0.0000', '3');
INSERT INTO `mcc_order_total` VALUES ('9', '2', 'tax', '增值税 (20%)', '141.4000', '5');
INSERT INTO `mcc_order_total` VALUES ('10', '2', 'tax', '生态税(-2.00)', '14.0000', '5');
INSERT INTO `mcc_order_total` VALUES ('11', '2', 'credit', '账户余额', '-500.0000', '7');
INSERT INTO `mcc_order_total` VALUES ('12', '2', 'total', '总计', '362.4000', '9');
INSERT INTO `mcc_order_total` VALUES ('13', '3', 'sub_total', '小计', '1.0000', '1');
INSERT INTO `mcc_order_total` VALUES ('14', '3', 'total', '总计', '1.0000', '9');
INSERT INTO `mcc_order_total` VALUES ('15', '4', 'sub_total', '小计', '1.0000', '1');
INSERT INTO `mcc_order_total` VALUES ('16', '4', 'total', '总计', '1.0000', '9');
INSERT INTO `mcc_order_total` VALUES ('17', '5', 'sub_total', '小计', '1.0000', '1');
INSERT INTO `mcc_order_total` VALUES ('18', '5', 'total', '总计', '1.0000', '9');
INSERT INTO `mcc_order_total` VALUES ('19', '6', 'sub_total', '小计', '101.0000', '1');
INSERT INTO `mcc_order_total` VALUES ('20', '6', 'shipping', '固定运费率', '0.0000', '3');
INSERT INTO `mcc_order_total` VALUES ('21', '6', 'tax', '增值税 (20%)', '20.2000', '5');
INSERT INTO `mcc_order_total` VALUES ('22', '6', 'tax', '生态税(-2.00)', '2.0000', '5');
INSERT INTO `mcc_order_total` VALUES ('23', '6', 'total', '总计', '123.2000', '9');
INSERT INTO `mcc_order_total` VALUES ('24', '7', 'sub_total', '小计', '101.0000', '1');
INSERT INTO `mcc_order_total` VALUES ('25', '7', 'shipping', '固定运费率', '0.0000', '3');
INSERT INTO `mcc_order_total` VALUES ('26', '7', 'tax', '增值税 (20%)', '20.2000', '5');
INSERT INTO `mcc_order_total` VALUES ('27', '7', 'tax', '生态税(-2.00)', '2.0000', '5');
INSERT INTO `mcc_order_total` VALUES ('28', '7', 'total', '总计', '123.2000', '9');
INSERT INTO `mcc_order_total` VALUES ('29', '8', 'sub_total', '小计', '202.0000', '1');
INSERT INTO `mcc_order_total` VALUES ('30', '8', 'shipping', '固定运费率', '0.0000', '3');
INSERT INTO `mcc_order_total` VALUES ('31', '8', 'tax', '增值税 (20%)', '40.4000', '5');
INSERT INTO `mcc_order_total` VALUES ('32', '8', 'tax', '生态税(-2.00)', '4.0000', '5');
INSERT INTO `mcc_order_total` VALUES ('33', '8', 'total', '总计', '246.4000', '9');
INSERT INTO `mcc_order_total` VALUES ('34', '1', 'sub_total', '小计', '1.0000', '1');
INSERT INTO `mcc_order_total` VALUES ('35', '1', 'total', '总计', '1.0000', '9');
INSERT INTO `mcc_order_total` VALUES ('36', '2', 'sub_total', '小计', '100.0000', '1');
INSERT INTO `mcc_order_total` VALUES ('37', '2', 'shipping', '固定运费率', '0.0000', '3');
INSERT INTO `mcc_order_total` VALUES ('38', '2', 'tax', '增值税 (20%)', '20.0000', '5');
INSERT INTO `mcc_order_total` VALUES ('39', '2', 'tax', '生态税(-2.00)', '2.0000', '5');
INSERT INTO `mcc_order_total` VALUES ('40', '2', 'total', '总计', '122.0000', '9');
INSERT INTO `mcc_order_total` VALUES ('41', '3', 'sub_total', '小计', '100.0000', '1');
INSERT INTO `mcc_order_total` VALUES ('42', '3', 'shipping', '固定运费率', '0.0000', '3');
INSERT INTO `mcc_order_total` VALUES ('43', '3', 'tax', '增值税 (20%)', '20.0000', '5');
INSERT INTO `mcc_order_total` VALUES ('44', '3', 'tax', '生态税(-2.00)', '2.0000', '5');
INSERT INTO `mcc_order_total` VALUES ('45', '3', 'total', '总计', '122.0000', '9');
INSERT INTO `mcc_order_total` VALUES ('46', '4', 'sub_total', '小计', '919.9900', '1');
INSERT INTO `mcc_order_total` VALUES ('47', '4', 'shipping', '固定运费率', '0.0000', '3');
INSERT INTO `mcc_order_total` VALUES ('48', '4', 'tax', '增值税 (20%)', '183.9980', '5');
INSERT INTO `mcc_order_total` VALUES ('49', '4', 'tax', '生态税(-2.00)', '16.0000', '5');
INSERT INTO `mcc_order_total` VALUES ('50', '4', 'total', '总计', '1119.9880', '9');
INSERT INTO `mcc_order_total` VALUES ('51', '5', 'sub_total', '小计', '280.0000', '1');
INSERT INTO `mcc_order_total` VALUES ('52', '5', 'total', '总计', '280.0000', '9');
INSERT INTO `mcc_order_total` VALUES ('53', '6', 'sub_total', '小计', '280.0000', '1');
INSERT INTO `mcc_order_total` VALUES ('54', '6', 'total', '总计', '280.0000', '9');
INSERT INTO `mcc_order_total` VALUES ('55', '7', 'sub_total', '小计', '280.0000', '1');
INSERT INTO `mcc_order_total` VALUES ('56', '7', 'total', '总计', '280.0000', '9');
INSERT INTO `mcc_order_total` VALUES ('57', '8', 'sub_total', '小计', '280.0000', '1');
INSERT INTO `mcc_order_total` VALUES ('58', '8', 'total', '总计', '280.0000', '9');
INSERT INTO `mcc_order_total` VALUES ('59', '9', 'sub_total', '小计', '280.0000', '1');
INSERT INTO `mcc_order_total` VALUES ('60', '9', 'total', '总计', '280.0000', '9');
INSERT INTO `mcc_order_total` VALUES ('61', '10', 'sub_total', '小计', '280.0000', '1');
INSERT INTO `mcc_order_total` VALUES ('62', '10', 'total', '总计', '280.0000', '9');
INSERT INTO `mcc_order_total` VALUES ('63', '11', 'sub_total', '小计', '280.0000', '1');
INSERT INTO `mcc_order_total` VALUES ('64', '11', 'total', '总计', '280.0000', '9');
INSERT INTO `mcc_order_total` VALUES ('65', '12', 'sub_total', '小计', '280.0000', '1');
INSERT INTO `mcc_order_total` VALUES ('66', '12', 'total', '总计', '280.0000', '9');
INSERT INTO `mcc_order_total` VALUES ('67', '13', 'sub_total', '小计', '280.0000', '1');
INSERT INTO `mcc_order_total` VALUES ('68', '13', 'total', '总计', '280.0000', '9');
INSERT INTO `mcc_order_total` VALUES ('69', '14', 'sub_total', '小计', '280.0000', '1');
INSERT INTO `mcc_order_total` VALUES ('70', '14', 'total', '总计', '280.0000', '9');
INSERT INTO `mcc_order_total` VALUES ('71', '15', 'sub_total', '小计', '280.0000', '1');
INSERT INTO `mcc_order_total` VALUES ('72', '15', 'total', '总计', '280.0000', '9');
INSERT INTO `mcc_order_total` VALUES ('73', '16', 'sub_total', '小计', '280.0000', '1');
INSERT INTO `mcc_order_total` VALUES ('74', '16', 'total', '总计', '280.0000', '9');
INSERT INTO `mcc_order_total` VALUES ('75', '17', 'sub_total', '小计', '280.0000', '1');
INSERT INTO `mcc_order_total` VALUES ('76', '17', 'total', '总计', '280.0000', '9');
INSERT INTO `mcc_order_total` VALUES ('77', '20', 'sub_total', '小计', '280.0000', '1');
INSERT INTO `mcc_order_total` VALUES ('78', '20', 'total', '总计', '280.0000', '9');
INSERT INTO `mcc_order_total` VALUES ('79', '21', 'sub_total', '小计', '280.0000', '1');
INSERT INTO `mcc_order_total` VALUES ('80', '21', 'total', '总计', '280.0000', '9');
INSERT INTO `mcc_order_total` VALUES ('81', '22', 'sub_total', '小计', '280.0000', '1');
INSERT INTO `mcc_order_total` VALUES ('82', '22', 'total', '总计', '280.0000', '9');
INSERT INTO `mcc_order_total` VALUES ('83', '23', 'sub_total', '小计', '280.0000', '1');
INSERT INTO `mcc_order_total` VALUES ('84', '23', 'total', '总计', '280.0000', '9');
INSERT INTO `mcc_order_total` VALUES ('85', '24', 'sub_total', '小计', '280.0000', '1');
INSERT INTO `mcc_order_total` VALUES ('86', '24', 'total', '总计', '280.0000', '9');
INSERT INTO `mcc_order_total` VALUES ('87', '25', 'sub_total', '小计', '280.0000', '1');
INSERT INTO `mcc_order_total` VALUES ('88', '25', 'coupon', '折扣券 (10元折扣券)', '-10.0000', '4');
INSERT INTO `mcc_order_total` VALUES ('89', '25', 'total', '总计', '270.0000', '9');
INSERT INTO `mcc_order_total` VALUES ('90', '26', 'sub_total', '小计', '280.0000', '1');
INSERT INTO `mcc_order_total` VALUES ('91', '26', 'coupon', '折扣券 (10元折扣券)', '-10.0000', '4');
INSERT INTO `mcc_order_total` VALUES ('92', '26', 'total', '总计', '270.0000', '9');
INSERT INTO `mcc_order_total` VALUES ('93', '27', 'sub_total', '小计', '280.0000', '1');
INSERT INTO `mcc_order_total` VALUES ('94', '27', 'coupon', '折扣券 (10元折扣券)', '-10.0000', '4');
INSERT INTO `mcc_order_total` VALUES ('95', '27', 'total', '总计', '270.0000', '9');
INSERT INTO `mcc_order_total` VALUES ('96', '28', 'sub_total', '小计', '280.0000', '1');
INSERT INTO `mcc_order_total` VALUES ('97', '28', 'coupon', '折扣券 (10元折扣券)', '-10.0000', '4');
INSERT INTO `mcc_order_total` VALUES ('98', '28', 'total', '总计', '270.0000', '9');
INSERT INTO `mcc_order_total` VALUES ('99', '29', 'sub_total', '小计', '280.0000', '1');
INSERT INTO `mcc_order_total` VALUES ('100', '29', 'coupon', '折扣券 (10元折扣券)', '-10.0000', '4');
INSERT INTO `mcc_order_total` VALUES ('101', '29', 'total', '总计', '270.0000', '9');
INSERT INTO `mcc_order_total` VALUES ('102', '30', 'sub_total', '小计', '280.0000', '1');
INSERT INTO `mcc_order_total` VALUES ('103', '30', 'coupon', '折扣券 (10元折扣券)', '-10.0000', '4');
INSERT INTO `mcc_order_total` VALUES ('104', '30', 'total', '总计', '270.0000', '9');
INSERT INTO `mcc_order_total` VALUES ('105', '31', 'sub_total', '小计', '280.0000', '1');
INSERT INTO `mcc_order_total` VALUES ('106', '31', 'coupon', '折扣券 (10元折扣券)', '-10.0000', '4');
INSERT INTO `mcc_order_total` VALUES ('107', '31', 'total', '总计', '270.0000', '9');
INSERT INTO `mcc_order_total` VALUES ('108', '32', 'sub_total', '小计', '280.0000', '1');
INSERT INTO `mcc_order_total` VALUES ('109', '32', 'coupon', '折扣券 (10元折扣券)', '-10.0000', '4');
INSERT INTO `mcc_order_total` VALUES ('110', '32', 'total', '总计', '270.0000', '9');
INSERT INTO `mcc_order_total` VALUES ('111', '33', 'sub_total', '小计', '280.0000', '1');
INSERT INTO `mcc_order_total` VALUES ('112', '33', 'coupon', '折扣券 (10元折扣券)', '-10.0000', '4');
INSERT INTO `mcc_order_total` VALUES ('113', '33', 'total', '总计', '270.0000', '9');
INSERT INTO `mcc_order_total` VALUES ('114', '34', 'sub_total', '小计', '280.0000', '1');
INSERT INTO `mcc_order_total` VALUES ('115', '34', 'coupon', '折扣券 (10元折扣券)', '-10.0000', '4');
INSERT INTO `mcc_order_total` VALUES ('116', '34', 'total', '总计', '270.0000', '9');
INSERT INTO `mcc_order_total` VALUES ('117', '35', 'sub_total', '小计', '956.0000', '1');
INSERT INTO `mcc_order_total` VALUES ('118', '35', 'total', '总计', '956.0000', '9');
INSERT INTO `mcc_order_total` VALUES ('119', '36', 'sub_total', '小计', '956.0000', '1');
INSERT INTO `mcc_order_total` VALUES ('120', '36', 'total', '总计', '956.0000', '9');
INSERT INTO `mcc_order_total` VALUES ('121', '37', 'sub_total', '小计', '956.0000', '1');
INSERT INTO `mcc_order_total` VALUES ('122', '37', 'total', '总计', '956.0000', '9');
INSERT INTO `mcc_order_total` VALUES ('123', '39', 'sub_total', '小计', '956.0000', '1');
INSERT INTO `mcc_order_total` VALUES ('124', '39', 'total', '总计', '956.0000', '9');
INSERT INTO `mcc_order_total` VALUES ('125', '40', 'sub_total', '小计', '956.0000', '1');
INSERT INTO `mcc_order_total` VALUES ('126', '40', 'total', '总计', '956.0000', '9');
INSERT INTO `mcc_order_total` VALUES ('127', '41', 'sub_total', '小计', '956.0000', '1');
INSERT INTO `mcc_order_total` VALUES ('128', '41', 'total', '总计', '956.0000', '9');
INSERT INTO `mcc_order_total` VALUES ('129', '42', 'sub_total', '小计', '956.0000', '1');
INSERT INTO `mcc_order_total` VALUES ('130', '42', 'total', '总计', '956.0000', '9');
INSERT INTO `mcc_order_total` VALUES ('131', '43', 'sub_total', '小计', '956.0000', '1');
INSERT INTO `mcc_order_total` VALUES ('132', '43', 'total', '总计', '956.0000', '9');
INSERT INTO `mcc_order_total` VALUES ('133', '44', 'sub_total', '小计', '956.0000', '1');
INSERT INTO `mcc_order_total` VALUES ('134', '44', 'total', '总计', '956.0000', '9');
INSERT INTO `mcc_order_total` VALUES ('135', '45', 'sub_total', '小计', '956.0000', '1');
INSERT INTO `mcc_order_total` VALUES ('136', '45', 'total', '总计', '956.0000', '9');
INSERT INTO `mcc_order_total` VALUES ('137', '46', 'sub_total', '小计', '956.0000', '1');
INSERT INTO `mcc_order_total` VALUES ('138', '46', 'total', '总计', '956.0000', '9');
INSERT INTO `mcc_order_total` VALUES ('139', '47', 'sub_total', '小计', '956.0000', '1');
INSERT INTO `mcc_order_total` VALUES ('140', '47', 'total', '总计', '956.0000', '9');
INSERT INTO `mcc_order_total` VALUES ('141', '48', 'sub_total', '小计', '956.0000', '1');
INSERT INTO `mcc_order_total` VALUES ('142', '48', 'total', '总计', '956.0000', '9');
INSERT INTO `mcc_order_total` VALUES ('143', '49', 'sub_total', '小计', '956.0000', '1');
INSERT INTO `mcc_order_total` VALUES ('144', '49', 'total', '总计', '956.0000', '9');
INSERT INTO `mcc_order_total` VALUES ('145', '50', 'sub_total', '小计', '956.0000', '1');
INSERT INTO `mcc_order_total` VALUES ('146', '50', 'total', '总计', '956.0000', '9');
INSERT INTO `mcc_order_total` VALUES ('147', '51', 'sub_total', '小计', '956.0000', '1');
INSERT INTO `mcc_order_total` VALUES ('148', '51', 'total', '总计', '956.0000', '9');
INSERT INTO `mcc_order_total` VALUES ('149', '52', 'sub_total', '小计', '956.0000', '1');
INSERT INTO `mcc_order_total` VALUES ('150', '52', 'total', '总计', '956.0000', '9');
INSERT INTO `mcc_order_total` VALUES ('151', '53', 'sub_total', '小计', '956.0000', '1');
INSERT INTO `mcc_order_total` VALUES ('152', '53', 'total', '总计', '956.0000', '9');
INSERT INTO `mcc_order_total` VALUES ('153', '54', 'sub_total', '小计', '89.0000', '1');
INSERT INTO `mcc_order_total` VALUES ('154', '54', 'total', '总计', '89.0000', '9');
INSERT INTO `mcc_order_total` VALUES ('155', '55', 'sub_total', '小计', '89.0000', '1');
INSERT INTO `mcc_order_total` VALUES ('156', '55', 'total', '总计', '89.0000', '9');
INSERT INTO `mcc_order_total` VALUES ('157', '56', 'sub_total', '小计', '89.0000', '1');
INSERT INTO `mcc_order_total` VALUES ('158', '56', 'total', '总计', '89.0000', '9');
INSERT INTO `mcc_order_total` VALUES ('159', '57', 'sub_total', '小计', '89.0000', '1');
INSERT INTO `mcc_order_total` VALUES ('160', '57', 'total', '总计', '89.0000', '9');
INSERT INTO `mcc_order_total` VALUES ('161', '58', 'sub_total', '小计', '89.0000', '1');
INSERT INTO `mcc_order_total` VALUES ('162', '58', 'total', '总计', '89.0000', '9');
INSERT INTO `mcc_order_total` VALUES ('163', '59', 'sub_total', '小计', '806.0000', '1');
INSERT INTO `mcc_order_total` VALUES ('164', '59', 'total', '总计', '806.0000', '9');
INSERT INTO `mcc_order_total` VALUES ('165', '60', 'sub_total', '小计', '806.0000', '1');
INSERT INTO `mcc_order_total` VALUES ('166', '60', 'total', '总计', '806.0000', '9');
INSERT INTO `mcc_order_total` VALUES ('167', '61', 'sub_total', '小计', '895.0000', '1');
INSERT INTO `mcc_order_total` VALUES ('168', '61', 'total', '总计', '895.0000', '9');
INSERT INTO `mcc_order_total` VALUES ('169', '62', 'sub_total', '小计', '1223.0000', '1');
INSERT INTO `mcc_order_total` VALUES ('170', '62', 'total', '总计', '1223.0000', '9');
INSERT INTO `mcc_order_total` VALUES ('171', '63', 'sub_total', '小计', '1223.0000', '1');
INSERT INTO `mcc_order_total` VALUES ('172', '63', 'total', '总计', '1223.0000', '9');
INSERT INTO `mcc_order_total` VALUES ('173', '64', 'sub_total', '小计', '506.0000', '1');
INSERT INTO `mcc_order_total` VALUES ('174', '64', 'total', '总计', '506.0000', '9');
INSERT INTO `mcc_order_total` VALUES ('175', '65', 'sub_total', '小计', '99.0000', '1');
INSERT INTO `mcc_order_total` VALUES ('176', '65', 'total', '总计', '99.0000', '9');
INSERT INTO `mcc_order_total` VALUES ('177', '66', 'sub_total', '小计', '99.0000', '1');
INSERT INTO `mcc_order_total` VALUES ('178', '66', 'total', '总计', '99.0000', '9');
INSERT INTO `mcc_order_total` VALUES ('179', '67', 'sub_total', '小计', '506.0000', '1');
INSERT INTO `mcc_order_total` VALUES ('180', '67', 'total', '总计', '506.0000', '9');
INSERT INTO `mcc_order_total` VALUES ('181', '68', 'sub_total', '小计', '99.0000', '1');
INSERT INTO `mcc_order_total` VALUES ('182', '68', 'total', '总计', '99.0000', '9');
INSERT INTO `mcc_order_total` VALUES ('183', '69', 'sub_total', '小计', '506.0000', '1');
INSERT INTO `mcc_order_total` VALUES ('184', '69', 'total', '总计', '506.0000', '9');
INSERT INTO `mcc_order_total` VALUES ('185', '70', 'sub_total', '小计', '506.0000', '1');
INSERT INTO `mcc_order_total` VALUES ('186', '70', 'total', '总计', '506.0000', '9');
INSERT INTO `mcc_order_total` VALUES ('187', '71', 'sub_total', '小计', '799.0000', '1');
INSERT INTO `mcc_order_total` VALUES ('188', '71', 'total', '总计', '799.0000', '9');
INSERT INTO `mcc_order_total` VALUES ('189', '72', 'sub_total', '小计', '799.0000', '1');
INSERT INTO `mcc_order_total` VALUES ('190', '72', 'total', '总计', '799.0000', '9');
INSERT INTO `mcc_order_total` VALUES ('191', '73', 'sub_total', '小计', '799.0000', '1');
INSERT INTO `mcc_order_total` VALUES ('192', '73', 'total', '总计', '799.0000', '9');
INSERT INTO `mcc_order_total` VALUES ('193', '74', 'sub_total', '小计', '799.0000', '1');
INSERT INTO `mcc_order_total` VALUES ('194', '74', 'total', '总计', '799.0000', '9');
INSERT INTO `mcc_order_total` VALUES ('195', '75', 'sub_total', '小计', '799.0000', '1');
INSERT INTO `mcc_order_total` VALUES ('196', '75', 'total', '总计', '799.0000', '9');
INSERT INTO `mcc_order_total` VALUES ('197', '76', 'sub_total', '小计', '506.0000', '1');
INSERT INTO `mcc_order_total` VALUES ('198', '76', 'total', '总计', '506.0000', '9');
INSERT INTO `mcc_order_total` VALUES ('199', '77', 'sub_total', '小计', '799.0000', '1');
INSERT INTO `mcc_order_total` VALUES ('200', '77', 'total', '总计', '799.0000', '9');
INSERT INTO `mcc_order_total` VALUES ('201', '78', 'sub_total', '小计', '506.0000', '1');
INSERT INTO `mcc_order_total` VALUES ('202', '78', 'total', '总计', '506.0000', '9');
INSERT INTO `mcc_order_total` VALUES ('203', '79', 'sub_total', '小计', '239.0000', '1');
INSERT INTO `mcc_order_total` VALUES ('204', '79', 'total', '总计', '239.0000', '9');
INSERT INTO `mcc_order_total` VALUES ('205', '80', 'sub_total', '小计', '239.0000', '1');
INSERT INTO `mcc_order_total` VALUES ('206', '80', 'total', '总计', '239.0000', '9');
INSERT INTO `mcc_order_total` VALUES ('207', '81', 'sub_total', '小计', '506.0000', '1');
INSERT INTO `mcc_order_total` VALUES ('208', '81', 'total', '总计', '506.0000', '9');
INSERT INTO `mcc_order_total` VALUES ('209', '82', 'sub_total', '小计', '417.0000', '1');
INSERT INTO `mcc_order_total` VALUES ('210', '82', 'total', '总计', '417.0000', '9');
INSERT INTO `mcc_order_total` VALUES ('211', '83', 'sub_total', '小计', '417.0000', '1');
INSERT INTO `mcc_order_total` VALUES ('212', '83', 'total', '总计', '417.0000', '9');
INSERT INTO `mcc_order_total` VALUES ('213', '84', 'sub_total', '小计', '417.0000', '1');
INSERT INTO `mcc_order_total` VALUES ('214', '84', 'total', '总计', '417.0000', '9');
INSERT INTO `mcc_order_total` VALUES ('215', '85', 'sub_total', '小计', '239.0000', '1');
INSERT INTO `mcc_order_total` VALUES ('216', '85', 'shipping', '固定运费率', '12.0000', '3');
INSERT INTO `mcc_order_total` VALUES ('217', '85', 'total', '总计', '251.0000', '9');
INSERT INTO `mcc_order_total` VALUES ('218', '86', 'sub_total', '小计', '239.0000', '1');
INSERT INTO `mcc_order_total` VALUES ('219', '86', 'shipping', '固定运费率', '12.0000', '3');
INSERT INTO `mcc_order_total` VALUES ('220', '86', 'total', '总计', '251.0000', '9');
INSERT INTO `mcc_order_total` VALUES ('221', '87', 'sub_total', '小计', '239.0000', '1');
INSERT INTO `mcc_order_total` VALUES ('222', '87', 'shipping', '固定运费率', '12.0000', '3');
INSERT INTO `mcc_order_total` VALUES ('223', '87', 'total', '总计', '251.0000', '9');
INSERT INTO `mcc_order_total` VALUES ('224', '88', 'sub_total', '小计', '239.0000', '1');
INSERT INTO `mcc_order_total` VALUES ('225', '88', 'shipping', '固定运费率', '12.0000', '3');
INSERT INTO `mcc_order_total` VALUES ('226', '88', 'total', '总计', '251.0000', '9');
INSERT INTO `mcc_order_total` VALUES ('227', '89', 'sub_total', '小计', '178.0000', '1');
INSERT INTO `mcc_order_total` VALUES ('228', '89', 'shipping', '固定运费率', '12.0000', '3');
INSERT INTO `mcc_order_total` VALUES ('229', '89', 'total', '总计', '190.0000', '9');
INSERT INTO `mcc_order_total` VALUES ('230', '90', 'sub_total', '小计', '89.0000', '1');
INSERT INTO `mcc_order_total` VALUES ('231', '90', 'shipping', '固定运费率', '12.0000', '3');
INSERT INTO `mcc_order_total` VALUES ('232', '90', 'total', '总计', '101.0000', '9');
INSERT INTO `mcc_order_total` VALUES ('233', '91', 'sub_total', '小计', '89.0000', '1');
INSERT INTO `mcc_order_total` VALUES ('234', '91', 'shipping', '固定运费率', '12.0000', '3');
INSERT INTO `mcc_order_total` VALUES ('235', '91', 'total', '总计', '101.0000', '9');
INSERT INTO `mcc_order_total` VALUES ('236', '92', 'sub_total', '小计', '178.0000', '1');
INSERT INTO `mcc_order_total` VALUES ('237', '92', 'shipping', '免运费', '0.0000', '3');
INSERT INTO `mcc_order_total` VALUES ('238', '92', 'total', '总计', '178.0000', '9');
INSERT INTO `mcc_order_total` VALUES ('239', '93', 'sub_total', '小计', '89.0000', '1');
INSERT INTO `mcc_order_total` VALUES ('240', '93', 'shipping', '固定运费率', '12.0000', '3');
INSERT INTO `mcc_order_total` VALUES ('241', '93', 'total', '总计', '101.0000', '9');
INSERT INTO `mcc_order_total` VALUES ('242', '94', 'sub_total', '小计', '318.0000', '1');
INSERT INTO `mcc_order_total` VALUES ('243', '94', 'shipping', '免运费', '0.0000', '3');
INSERT INTO `mcc_order_total` VALUES ('244', '94', 'total', '总计', '318.0000', '9');
INSERT INTO `mcc_order_total` VALUES ('245', '95', 'sub_total', '小计', '0.0000', '1');
INSERT INTO `mcc_order_total` VALUES ('246', '95', 'shipping', '固定运费率', '12.0000', '3');
INSERT INTO `mcc_order_total` VALUES ('247', '95', 'total', '总计', '12.0000', '9');
INSERT INTO `mcc_order_total` VALUES ('248', '96', 'sub_total', '小计', '89.0000', '1');
INSERT INTO `mcc_order_total` VALUES ('249', '96', 'shipping', '固定运费率', '12.0000', '3');
INSERT INTO `mcc_order_total` VALUES ('250', '96', 'total', '总计', '101.0000', '9');
INSERT INTO `mcc_order_total` VALUES ('251', '97', 'sub_total', '小计', '0.0000', '1');
INSERT INTO `mcc_order_total` VALUES ('252', '97', 'shipping', '固定运费率', '12.0000', '3');
INSERT INTO `mcc_order_total` VALUES ('253', '97', 'total', '总计', '12.0000', '9');
INSERT INTO `mcc_order_total` VALUES ('254', '98', 'sub_total', '小计', '0.0000', '1');
INSERT INTO `mcc_order_total` VALUES ('255', '98', 'shipping', '固定运费率', '12.0000', '3');
INSERT INTO `mcc_order_total` VALUES ('256', '98', 'total', '总计', '12.0000', '9');
INSERT INTO `mcc_order_total` VALUES ('257', '99', 'sub_total', '小计', '0.0000', '1');
INSERT INTO `mcc_order_total` VALUES ('258', '99', 'shipping', '固定运费率', '12.0000', '3');
INSERT INTO `mcc_order_total` VALUES ('259', '99', 'total', '总计', '12.0000', '9');
INSERT INTO `mcc_order_total` VALUES ('260', '100', 'sub_total', '小计', '0.0000', '1');
INSERT INTO `mcc_order_total` VALUES ('261', '100', 'shipping', '固定运费率', '12.0000', '3');
INSERT INTO `mcc_order_total` VALUES ('262', '100', 'total', '总计', '12.0000', '9');
INSERT INTO `mcc_order_total` VALUES ('263', '101', 'sub_total', '小计', '0.0000', '1');
INSERT INTO `mcc_order_total` VALUES ('264', '101', 'shipping', '固定运费率', '12.0000', '3');
INSERT INTO `mcc_order_total` VALUES ('265', '101', 'total', '总计', '12.0000', '9');
INSERT INTO `mcc_order_total` VALUES ('266', '102', 'sub_total', '小计', '0.0000', '1');
INSERT INTO `mcc_order_total` VALUES ('267', '102', 'shipping', '固定运费率', '12.0000', '3');
INSERT INTO `mcc_order_total` VALUES ('268', '102', 'total', '总计', '12.0000', '9');
INSERT INTO `mcc_order_total` VALUES ('269', '103', 'sub_total', '小计', '0.0000', '1');
INSERT INTO `mcc_order_total` VALUES ('270', '103', 'shipping', '固定运费率', '12.0000', '3');
INSERT INTO `mcc_order_total` VALUES ('271', '103', 'total', '总计', '12.0000', '9');
INSERT INTO `mcc_order_total` VALUES ('272', '104', 'sub_total', '小计', '0.0000', '1');
INSERT INTO `mcc_order_total` VALUES ('273', '104', 'shipping', '固定运费率', '12.0000', '3');
INSERT INTO `mcc_order_total` VALUES ('274', '104', 'total', '总计', '12.0000', '9');
INSERT INTO `mcc_order_total` VALUES ('275', '105', 'sub_total', '小计', '0.0000', '1');
INSERT INTO `mcc_order_total` VALUES ('276', '105', 'shipping', '固定运费率', '12.0000', '3');
INSERT INTO `mcc_order_total` VALUES ('277', '105', 'total', '总计', '12.0000', '9');
INSERT INTO `mcc_order_total` VALUES ('278', '106', 'sub_total', '小计', '89.0000', '1');
INSERT INTO `mcc_order_total` VALUES ('279', '106', 'shipping', '固定运费率', '12.0000', '3');
INSERT INTO `mcc_order_total` VALUES ('280', '106', 'total', '总计', '101.0000', '9');
INSERT INTO `mcc_order_total` VALUES ('281', '107', 'sub_total', '小计', '178.0000', '1');
INSERT INTO `mcc_order_total` VALUES ('282', '107', 'shipping', '免运费', '0.0000', '3');
INSERT INTO `mcc_order_total` VALUES ('283', '107', 'total', '总计', '178.0000', '9');
INSERT INTO `mcc_order_total` VALUES ('284', '108', 'sub_total', '小计', '89.0000', '1');
INSERT INTO `mcc_order_total` VALUES ('285', '108', 'shipping', '固定运费率', '12.0000', '3');
INSERT INTO `mcc_order_total` VALUES ('286', '108', 'total', '总计', '101.0000', '9');
INSERT INTO `mcc_order_total` VALUES ('287', '109', 'sub_total', '小计', '178.0000', '1');
INSERT INTO `mcc_order_total` VALUES ('288', '109', 'shipping', '免运费', '0.0000', '3');
INSERT INTO `mcc_order_total` VALUES ('289', '109', 'total', '总计', '178.0000', '9');
INSERT INTO `mcc_order_total` VALUES ('290', '110', 'sub_total', '小计', '89.0000', '1');
INSERT INTO `mcc_order_total` VALUES ('291', '110', 'shipping', '固定运费率', '12.0000', '3');
INSERT INTO `mcc_order_total` VALUES ('292', '110', 'total', '总计', '101.0000', '9');
INSERT INTO `mcc_order_total` VALUES ('293', '111', 'sub_total', '小计', '478.0000', '1');
INSERT INTO `mcc_order_total` VALUES ('294', '111', 'shipping', '免运费', '0.0000', '3');
INSERT INTO `mcc_order_total` VALUES ('295', '111', 'total', '总计', '478.0000', '9');
INSERT INTO `mcc_order_total` VALUES ('296', '112', 'sub_total', '小计', '89.0000', '1');
INSERT INTO `mcc_order_total` VALUES ('297', '112', 'shipping', '固定运费率', '12.0000', '3');
INSERT INTO `mcc_order_total` VALUES ('298', '112', 'total', '总计', '101.0000', '9');
INSERT INTO `mcc_order_total` VALUES ('299', '113', 'sub_total', '小计', '178.0000', '1');
INSERT INTO `mcc_order_total` VALUES ('300', '113', 'shipping', '免运费', '0.0000', '3');
INSERT INTO `mcc_order_total` VALUES ('301', '113', 'total', '总计', '178.0000', '9');
INSERT INTO `mcc_order_total` VALUES ('302', '114', 'sub_total', '小计', '267.0000', '1');
INSERT INTO `mcc_order_total` VALUES ('303', '114', 'shipping', '免运费', '0.0000', '3');
INSERT INTO `mcc_order_total` VALUES ('304', '114', 'total', '总计', '267.0000', '9');
INSERT INTO `mcc_order_total` VALUES ('305', '115', 'sub_total', '小计', '267.0000', '1');
INSERT INTO `mcc_order_total` VALUES ('306', '115', 'shipping', '免运费', '0.0000', '3');
INSERT INTO `mcc_order_total` VALUES ('307', '115', 'total', '总计', '267.0000', '9');
INSERT INTO `mcc_order_total` VALUES ('308', '116', 'sub_total', '小计', '89.0000', '1');
INSERT INTO `mcc_order_total` VALUES ('309', '116', 'shipping', '固定运费率', '12.0000', '3');
INSERT INTO `mcc_order_total` VALUES ('310', '116', 'total', '总计', '101.0000', '9');
INSERT INTO `mcc_order_total` VALUES ('311', '117', 'sub_total', '小计', '89.0000', '1');
INSERT INTO `mcc_order_total` VALUES ('312', '117', 'shipping', '固定运费率', '12.0000', '3');
INSERT INTO `mcc_order_total` VALUES ('313', '117', 'total', '总计', '101.0000', '9');
INSERT INTO `mcc_order_total` VALUES ('314', '118', 'sub_total', '小计', '89.0000', '1');
INSERT INTO `mcc_order_total` VALUES ('315', '118', 'shipping', '固定运费率', '12.0000', '3');
INSERT INTO `mcc_order_total` VALUES ('316', '118', 'total', '总计', '101.0000', '9');
INSERT INTO `mcc_order_total` VALUES ('317', '119', 'sub_total', '小计', '478.0000', '1');
INSERT INTO `mcc_order_total` VALUES ('318', '119', 'shipping', '免运费', '0.0000', '3');
INSERT INTO `mcc_order_total` VALUES ('319', '119', 'total', '总计', '478.0000', '9');
INSERT INTO `mcc_order_total` VALUES ('320', '120', 'sub_total', '小计', '239.0000', '1');
INSERT INTO `mcc_order_total` VALUES ('321', '120', 'shipping', '免运费', '0.0000', '3');
INSERT INTO `mcc_order_total` VALUES ('322', '120', 'total', '总计', '239.0000', '9');
INSERT INTO `mcc_order_total` VALUES ('323', '121', 'sub_total', '小计', '89.0000', '1');
INSERT INTO `mcc_order_total` VALUES ('324', '121', 'shipping', '固定运费率', '12.0000', '3');
INSERT INTO `mcc_order_total` VALUES ('325', '121', 'total', '总计', '101.0000', '9');
INSERT INTO `mcc_order_total` VALUES ('326', '122', 'sub_total', '小计', '89.0000', '1');
INSERT INTO `mcc_order_total` VALUES ('327', '122', 'shipping', '固定运费率', '12.0000', '3');
INSERT INTO `mcc_order_total` VALUES ('328', '122', 'total', '总计', '101.0000', '9');
INSERT INTO `mcc_order_total` VALUES ('329', '123', 'sub_total', '小计', '239.0000', '1');
INSERT INTO `mcc_order_total` VALUES ('330', '123', 'shipping', '免运费', '0.0000', '3');
INSERT INTO `mcc_order_total` VALUES ('331', '123', 'total', '总计', '239.0000', '9');
INSERT INTO `mcc_order_total` VALUES ('332', '124', 'sub_total', '小计', '478.0000', '1');
INSERT INTO `mcc_order_total` VALUES ('333', '124', 'shipping', '免运费', '0.0000', '3');
INSERT INTO `mcc_order_total` VALUES ('334', '124', 'total', '总计', '478.0000', '9');
INSERT INTO `mcc_order_total` VALUES ('335', '125', 'sub_total', '小计', '1673.0000', '1');
INSERT INTO `mcc_order_total` VALUES ('336', '125', 'shipping', '免运费', '0.0000', '3');
INSERT INTO `mcc_order_total` VALUES ('337', '125', 'total', '总计', '1673.0000', '9');
INSERT INTO `mcc_order_total` VALUES ('338', '126', 'sub_total', '小计', '1673.0000', '1');
INSERT INTO `mcc_order_total` VALUES ('339', '126', 'shipping', '免运费', '0.0000', '3');
INSERT INTO `mcc_order_total` VALUES ('340', '126', 'total', '总计', '1673.0000', '9');
INSERT INTO `mcc_order_total` VALUES ('341', '127', 'sub_total', '小计', '1673.0000', '1');
INSERT INTO `mcc_order_total` VALUES ('342', '127', 'shipping', '免运费', '0.0000', '3');
INSERT INTO `mcc_order_total` VALUES ('343', '127', 'total', '总计', '1673.0000', '9');
INSERT INTO `mcc_order_total` VALUES ('344', '128', 'sub_total', '小计', '1673.0000', '1');
INSERT INTO `mcc_order_total` VALUES ('345', '128', 'shipping', '免运费', '0.0000', '3');
INSERT INTO `mcc_order_total` VALUES ('346', '128', 'total', '总计', '1673.0000', '9');

-- ----------------------------
-- Table structure for mcc_order_voucher
-- ----------------------------
DROP TABLE IF EXISTS `mcc_order_voucher`;
CREATE TABLE `mcc_order_voucher` (
  `order_voucher_id` int(11) NOT NULL AUTO_INCREMENT,
  `order_id` int(11) NOT NULL,
  `voucher_id` int(11) NOT NULL,
  `description` varchar(255) NOT NULL,
  `code` varchar(10) NOT NULL,
  `from_name` varchar(64) NOT NULL,
  `from_email` varchar(96) NOT NULL,
  `to_name` varchar(64) NOT NULL,
  `to_email` varchar(96) NOT NULL,
  `voucher_theme_id` int(11) NOT NULL,
  `message` text NOT NULL,
  `amount` decimal(15,4) NOT NULL,
  PRIMARY KEY (`order_voucher_id`)
) ENGINE=MyISAM DEFAULT CHARSET=utf8;

-- ----------------------------
-- Records of mcc_order_voucher
-- ----------------------------

-- ----------------------------
-- Table structure for mcc_press
-- ----------------------------
DROP TABLE IF EXISTS `mcc_press`;
CREATE TABLE `mcc_press` (
  `press_id` int(11) NOT NULL AUTO_INCREMENT,
  `image` varchar(255) DEFAULT NULL,
  `sort_order` int(11) NOT NULL DEFAULT '0',
  `status` tinyint(1) NOT NULL DEFAULT '0',
  `date_added` datetime NOT NULL,
  `date_modified` datetime NOT NULL,
  PRIMARY KEY (`press_id`)
) ENGINE=MyISAM AUTO_INCREMENT=16 DEFAULT CHARSET=utf8;

-- ----------------------------
-- Records of mcc_press
-- ----------------------------
INSERT INTO `mcc_press` VALUES ('1', '', '1', '1', '2015-12-29 19:27:12', '2016-05-25 18:22:09');
INSERT INTO `mcc_press` VALUES ('2', '', '0', '1', '2016-02-18 14:02:30', '2016-05-26 10:45:21');
INSERT INTO `mcc_press` VALUES ('3', '', '2', '1', '2016-02-18 14:35:34', '2016-05-25 18:22:39');
INSERT INTO `mcc_press` VALUES ('4', '', '1', '1', '2016-02-25 10:35:26', '2016-05-25 18:18:23');
INSERT INTO `mcc_press` VALUES ('5', '', '2', '1', '2016-02-25 10:40:23', '2016-05-25 18:18:03');
INSERT INTO `mcc_press` VALUES ('6', '', '0', '1', '2016-02-25 10:40:51', '2016-05-25 18:19:08');
INSERT INTO `mcc_press` VALUES ('7', '', '1', '1', '2016-02-25 10:41:20', '2016-05-25 18:21:14');
INSERT INTO `mcc_press` VALUES ('8', '', '2', '1', '2016-02-25 10:41:47', '2016-05-25 18:21:23');
INSERT INTO `mcc_press` VALUES ('9', '', '0', '1', '2016-02-25 10:42:17', '2016-05-25 18:21:37');
INSERT INTO `mcc_press` VALUES ('10', '', '0', '1', '2016-02-25 10:42:48', '2016-05-25 18:18:36');
INSERT INTO `mcc_press` VALUES ('14', '', '0', '1', '2016-05-25 18:28:27', '0000-00-00 00:00:00');
INSERT INTO `mcc_press` VALUES ('15', '', '2', '1', '2016-05-25 18:31:45', '0000-00-00 00:00:00');
INSERT INTO `mcc_press` VALUES ('13', '', '2', '1', '2016-05-25 18:26:40', '0000-00-00 00:00:00');
INSERT INTO `mcc_press` VALUES ('12', '', '2', '1', '2016-05-25 18:24:47', '2016-05-25 18:29:20');
INSERT INTO `mcc_press` VALUES ('11', '', '1', '1', '2016-05-25 18:24:08', '2016-05-25 18:31:10');

-- ----------------------------
-- Table structure for mcc_press_category
-- ----------------------------
DROP TABLE IF EXISTS `mcc_press_category`;
CREATE TABLE `mcc_press_category` (
  `press_category_id` int(11) NOT NULL AUTO_INCREMENT,
  `image` varchar(255) DEFAULT NULL,
  `parent_id` int(11) NOT NULL DEFAULT '0',
  `sort_order` int(3) NOT NULL DEFAULT '0',
  `status` tinyint(1) NOT NULL,
  `date_added` datetime NOT NULL,
  `date_modified` datetime NOT NULL,
  PRIMARY KEY (`press_category_id`),
  KEY `parent_id` (`parent_id`) USING BTREE
) ENGINE=MyISAM AUTO_INCREMENT=6 DEFAULT CHARSET=utf8;

-- ----------------------------
-- Records of mcc_press_category
-- ----------------------------
INSERT INTO `mcc_press_category` VALUES ('1', '', '0', '0', '1', '2015-12-29 19:20:03', '2016-05-25 18:06:53');
INSERT INTO `mcc_press_category` VALUES ('2', '', '0', '1', '1', '2015-12-29 19:25:58', '2016-05-25 18:08:34');
INSERT INTO `mcc_press_category` VALUES ('4', '', '0', '3', '1', '2016-05-25 18:10:13', '2016-05-25 18:10:24');
INSERT INTO `mcc_press_category` VALUES ('5', '', '0', '4', '1', '2016-05-25 18:11:46', '2016-05-25 18:11:46');
INSERT INTO `mcc_press_category` VALUES ('3', '', '0', '2', '1', '2016-05-25 18:09:02', '2016-05-25 18:09:31');

-- ----------------------------
-- Table structure for mcc_press_category_description
-- ----------------------------
DROP TABLE IF EXISTS `mcc_press_category_description`;
CREATE TABLE `mcc_press_category_description` (
  `press_category_id` int(11) NOT NULL,
  `language_id` int(11) NOT NULL,
  `name` varchar(255) NOT NULL,
  `description` text NOT NULL,
  `meta_title` varchar(255) NOT NULL,
  `meta_description` varchar(255) NOT NULL,
  `meta_keyword` varchar(255) NOT NULL,
  PRIMARY KEY (`press_category_id`,`language_id`),
  KEY `name` (`name`) USING BTREE
) ENGINE=MyISAM DEFAULT CHARSET=utf8;

-- ----------------------------
-- Records of mcc_press_category_description
-- ----------------------------
INSERT INTO `mcc_press_category_description` VALUES ('3', '1', '售后服务', '&lt;p&gt;售后服务&lt;br&gt;&lt;/p&gt;', '售后服务', '售后服务', '售后服务');
INSERT INTO `mcc_press_category_description` VALUES ('1', '1', '购物指南', '&lt;p&gt;新闻分类一&lt;br&gt;&lt;/p&gt;', '购物指南', '购物指南', '购物指南');
INSERT INTO `mcc_press_category_description` VALUES ('2', '1', '配送与支持', '&lt;p&gt;配送与支持&lt;br&gt;&lt;/p&gt;', '配送与支持', '配送与支持', '配送与支持');
INSERT INTO `mcc_press_category_description` VALUES ('4', '1', '会员中心', '&lt;p&gt;会员中心&lt;br&gt;&lt;/p&gt;', '会员中心', '会员中心', '会员中心');
INSERT INTO `mcc_press_category_description` VALUES ('5', '1', '联系我们', '&lt;p&gt;联系我们&lt;br&gt;&lt;/p&gt;', '联系我们', '联系我们', '联系我们');

-- ----------------------------
-- Table structure for mcc_press_category_path
-- ----------------------------
DROP TABLE IF EXISTS `mcc_press_category_path`;
CREATE TABLE `mcc_press_category_path` (
  `press_category_id` int(11) NOT NULL,
  `path_id` int(11) NOT NULL,
  `level` int(11) NOT NULL,
  PRIMARY KEY (`press_category_id`,`path_id`)
) ENGINE=MyISAM DEFAULT CHARSET=utf8;

-- ----------------------------
-- Records of mcc_press_category_path
-- ----------------------------
INSERT INTO `mcc_press_category_path` VALUES ('1', '1', '0');
INSERT INTO `mcc_press_category_path` VALUES ('2', '2', '0');
INSERT INTO `mcc_press_category_path` VALUES ('4', '4', '0');
INSERT INTO `mcc_press_category_path` VALUES ('3', '3', '0');
INSERT INTO `mcc_press_category_path` VALUES ('5', '5', '0');

-- ----------------------------
-- Table structure for mcc_press_category_to_layout
-- ----------------------------
DROP TABLE IF EXISTS `mcc_press_category_to_layout`;
CREATE TABLE `mcc_press_category_to_layout` (
  `press_category_id` int(11) NOT NULL,
  `store_id` int(11) NOT NULL,
  `layout_id` int(11) NOT NULL,
  PRIMARY KEY (`press_category_id`,`store_id`)
) ENGINE=MyISAM DEFAULT CHARSET=utf8;

-- ----------------------------
-- Records of mcc_press_category_to_layout
-- ----------------------------
INSERT INTO `mcc_press_category_to_layout` VALUES ('1', '0', '0');
INSERT INTO `mcc_press_category_to_layout` VALUES ('2', '0', '0');
INSERT INTO `mcc_press_category_to_layout` VALUES ('3', '0', '0');
INSERT INTO `mcc_press_category_to_layout` VALUES ('4', '0', '0');
INSERT INTO `mcc_press_category_to_layout` VALUES ('5', '0', '0');

-- ----------------------------
-- Table structure for mcc_press_category_to_store
-- ----------------------------
DROP TABLE IF EXISTS `mcc_press_category_to_store`;
CREATE TABLE `mcc_press_category_to_store` (
  `press_category_id` int(11) NOT NULL,
  `store_id` int(11) NOT NULL,
  PRIMARY KEY (`press_category_id`,`store_id`)
) ENGINE=MyISAM DEFAULT CHARSET=utf8;

-- ----------------------------
-- Records of mcc_press_category_to_store
-- ----------------------------
INSERT INTO `mcc_press_category_to_store` VALUES ('1', '0');
INSERT INTO `mcc_press_category_to_store` VALUES ('2', '0');
INSERT INTO `mcc_press_category_to_store` VALUES ('3', '0');
INSERT INTO `mcc_press_category_to_store` VALUES ('4', '0');
INSERT INTO `mcc_press_category_to_store` VALUES ('5', '0');

-- ----------------------------
-- Table structure for mcc_press_description
-- ----------------------------
DROP TABLE IF EXISTS `mcc_press_description`;
CREATE TABLE `mcc_press_description` (
  `press_id` int(11) NOT NULL,
  `language_id` int(11) NOT NULL,
  `title` varchar(255) NOT NULL,
  `description` text NOT NULL,
  `meta_title` varchar(255) NOT NULL,
  `meta_description` varchar(255) NOT NULL,
  `meta_keyword` varchar(255) NOT NULL,
  PRIMARY KEY (`press_id`,`language_id`),
  KEY `name` (`title`) USING BTREE
) ENGINE=MyISAM DEFAULT CHARSET=utf8;

-- ----------------------------
-- Records of mcc_press_description
-- ----------------------------
INSERT INTO `mcc_press_description` VALUES ('1', '1', '退款说明', '&lt;ul class=&quot;list-unstyled&quot; style=&quot;word-break: break-all; word-wrap: break-word; margin-right: 0px; margin-bottom: 0px; margin-left: 0px; padding-top: 0px; padding-right: 0px; padding-bottom: 0px; color: rgb(103, 103, 103); font-family: \'Microsoft YaHei\', 微软雅黑; line-height: 17.1429px; background-color: rgb(0, 0, 0);&quot;&gt;&lt;li style=&quot;word-break: break-all; word-wrap: break-word; list-style: none; margin: 8px 0px; padding: 0px;&quot;&gt;&lt;font color=&quot;#ffffff&quot;&gt;退款说明&lt;/font&gt;&lt;/li&gt;&lt;/ul&gt;', '退款说明', '退款说明', '退款说明');
INSERT INTO `mcc_press_description` VALUES ('2', '1', '我的订单', '&lt;ul class=&quot;list-unstyled&quot; style=&quot;word-break: break-all; word-wrap: break-word; margin-right: 0px; margin-bottom: 0px; margin-left: 0px; padding-top: 0px; padding-right: 0px; padding-bottom: 0px; color: rgb(103, 103, 103); font-family: \'Microsoft YaHei\', 微软雅黑; line-height: 17.1429px; background-color: rgb(0, 0, 0);&quot;&gt;&lt;li style=&quot;word-break: break-all; word-wrap: break-word; list-style: none; margin: 8px 0px; padding: 0px;&quot;&gt;&lt;font color=&quot;#ffffff&quot;&gt;我的订单&lt;/font&gt;&lt;/li&gt;&lt;/ul&gt;', '我的订单', '我的订单', '我的订单');
INSERT INTO `mcc_press_description` VALUES ('3', '1', '返修/退换', '&lt;ul class=&quot;list-unstyled&quot; style=&quot;word-break: break-all; word-wrap: break-word; margin-right: 0px; margin-bottom: 0px; margin-left: 0px; padding-top: 0px; padding-right: 0px; padding-bottom: 0px; color: rgb(103, 103, 103); font-family: \'Microsoft YaHei\', 微软雅黑; line-height: 17.1429px; background-color: rgb(0, 0, 0);&quot;&gt;&lt;li style=&quot;word-break: break-all; word-wrap: break-word; list-style: none; margin: 8px 0px; padding: 0px;&quot;&gt;&lt;font color=&quot;#ffffff&quot;&gt;返修/退换&lt;/font&gt;&lt;/li&gt;&lt;/ul&gt;', '返修/退换', '返修/退换', '返修/退换');
INSERT INTO `mcc_press_description` VALUES ('4', '1', '注册登录', '&lt;ul class=&quot;list-unstyled&quot; style=&quot;word-break: break-all; word-wrap: break-word; margin-right: 0px; margin-bottom: 0px; margin-left: 0px; padding-top: 0px; padding-right: 0px; padding-bottom: 0px; color: rgb(103, 103, 103); font-family: \'Microsoft YaHei\', 微软雅黑; line-height: 17.1429px; background-color: rgb(0, 0, 0);&quot;&gt;&lt;li style=&quot;word-break: break-all; word-wrap: break-word; list-style: none; margin: 8px 0px; padding: 0px;&quot;&gt;&lt;font color=&quot;#ffffff&quot;&gt;注册登录&lt;/font&gt;&lt;/li&gt;&lt;/ul&gt;', '注册登录', '注册登录', '注册登录');
INSERT INTO `mcc_press_description` VALUES ('15', '1', '联系地址', '&lt;ul class=&quot;list-unstyled&quot; style=&quot;word-break: break-all; word-wrap: break-word; margin-right: 0px; margin-bottom: 0px; margin-left: 0px; padding-top: 0px; padding-right: 0px; padding-bottom: 0px; color: rgb(103, 103, 103); font-family: \'Microsoft YaHei\', 微软雅黑; line-height: 17.1429px; background-color: rgb(0, 0, 0);&quot;&gt;&lt;li style=&quot;word-break: break-all; word-wrap: break-word; list-style: none; margin: 8px 0px; padding: 0px;&quot;&gt;&lt;font color=&quot;#ffffff&quot;&gt;联系地址&lt;/font&gt;&lt;/li&gt;&lt;/ul&gt;', '联系地址', '联系地址', '联系地址');
INSERT INTO `mcc_press_description` VALUES ('5', '1', '购买', '&lt;ul class=&quot;list-unstyled&quot; style=&quot;word-break: break-all; word-wrap: break-word; margin-right: 0px; margin-bottom: 0px; margin-left: 0px; padding-top: 0px; padding-right: 0px; padding-bottom: 0px; color: rgb(103, 103, 103); font-family: \'Microsoft YaHei\', 微软雅黑; line-height: 17.1429px; background-color: rgb(0, 0, 0);&quot;&gt;&lt;li style=&quot;word-break: break-all; word-wrap: break-word; list-style: none; margin: 8px 0px; padding: 0px;&quot;&gt;&lt;font color=&quot;#ffffff&quot;&gt;购买&lt;/font&gt;&lt;/li&gt;&lt;/ul&gt;', '购买', '购买', '购买');
INSERT INTO `mcc_press_description` VALUES ('12', '1', '我的服务', '&lt;ul class=&quot;list-unstyled&quot; style=&quot;word-break: break-all; word-wrap: break-word; margin-right: 0px; margin-bottom: 0px; margin-left: 0px; padding-top: 0px; padding-right: 0px; padding-bottom: 0px; color: rgb(103, 103, 103); font-family: \'Microsoft YaHei\', 微软雅黑; line-height: 17.1429px; background-color: rgb(0, 0, 0);&quot;&gt;&lt;li style=&quot;word-break: break-all; word-wrap: break-word; list-style: none; margin: 8px 0px; padding: 0px;&quot;&gt;&lt;font color=&quot;#ffffff&quot;&gt;&lt;u&gt;我的服务&lt;/u&gt;&lt;/font&gt;&lt;/li&gt;&lt;/ul&gt;', '我的服务', '我的服务', '我的服务');
INSERT INTO `mcc_press_description` VALUES ('6', '1', '配送方式', '&lt;ul class=&quot;list-unstyled&quot; style=&quot;word-break: break-all; word-wrap: break-word; margin-right: 0px; margin-bottom: 0px; margin-left: 0px; padding-top: 0px; padding-right: 0px; padding-bottom: 0px; color: rgb(103, 103, 103); font-family: \'Microsoft YaHei\', 微软雅黑; line-height: 17.1429px; background-color: rgb(0, 0, 0);&quot;&gt;&lt;li style=&quot;word-break: break-all; word-wrap: break-word; list-style: none; margin: 8px 0px; padding: 0px;&quot;&gt;&lt;font color=&quot;#ffffff&quot;&gt;配送方式&lt;/font&gt;&lt;/li&gt;&lt;/ul&gt;', '配送方式', '配送方式', '配送方式');
INSERT INTO `mcc_press_description` VALUES ('7', '1', '在线支付', '&lt;ul class=&quot;list-unstyled&quot; style=&quot;word-break: break-all; word-wrap: break-word; margin-right: 0px; margin-bottom: 0px; margin-left: 0px; padding-top: 0px; padding-right: 0px; padding-bottom: 0px; color: rgb(103, 103, 103); font-family: \'Microsoft YaHei\', 微软雅黑; line-height: 17.1429px; background-color: rgb(0, 0, 0);&quot;&gt;&lt;li style=&quot;word-break: break-all; word-wrap: break-word; list-style: none; margin: 8px 0px; padding: 0px;&quot;&gt;&lt;font color=&quot;#ffffff&quot;&gt;在线支付&lt;/font&gt;&lt;/li&gt;&lt;/ul&gt;', '在线支付', '在线支付', '在线支付');
INSERT INTO `mcc_press_description` VALUES ('8', '1', '快递信息', '&lt;ul class=&quot;list-unstyled&quot; style=&quot;word-break: break-all; word-wrap: break-word; margin-right: 0px; margin-bottom: 0px; margin-left: 0px; padding-top: 0px; padding-right: 0px; padding-bottom: 0px; color: rgb(103, 103, 103); font-family: \'Microsoft YaHei\', 微软雅黑; line-height: 17.1429px; background-color: rgb(0, 0, 0);&quot;&gt;&lt;li style=&quot;word-break: break-all; word-wrap: break-word; list-style: none; margin: 8px 0px; padding: 0px;&quot;&gt;&lt;font color=&quot;#ffffff&quot;&gt;快递信息&lt;/font&gt;&lt;/li&gt;&lt;/ul&gt;', '快递信息', '快递信息', '快递信息');
INSERT INTO `mcc_press_description` VALUES ('11', '1', '热线电话', '&lt;ul class=&quot;list-unstyled&quot; style=&quot;word-break: break-all; word-wrap: break-word; margin-right: 0px; margin-bottom: 0px; margin-left: 0px; padding-top: 0px; padding-right: 0px; padding-bottom: 0px; color: rgb(103, 103, 103); font-family: \'Microsoft YaHei\', 微软雅黑; line-height: 17.1429px; background-color: rgb(0, 0, 0);&quot;&gt;&lt;li style=&quot;word-break: break-all; word-wrap: break-word; list-style: none; margin: 8px 0px; padding: 0px;&quot;&gt;&lt;font color=&quot;#ffffff&quot;&gt;热线电话&lt;/font&gt;&lt;/li&gt;&lt;/ul&gt;', '热线电话', '热线电话', '热线电话');
INSERT INTO `mcc_press_description` VALUES ('9', '1', '售后政策', '&lt;ul class=&quot;list-unstyled&quot; style=&quot;word-break: break-all; word-wrap: break-word; margin-right: 0px; margin-bottom: 0px; margin-left: 0px; padding-top: 0px; padding-right: 0px; padding-bottom: 0px; color: rgb(103, 103, 103); font-family: \'Microsoft YaHei\', 微软雅黑; line-height: 17.1429px; background-color: rgb(0, 0, 0);&quot;&gt;&lt;li style=&quot;word-break: break-all; word-wrap: break-word; list-style: none; margin: 8px 0px; padding: 0px;&quot;&gt;&lt;font color=&quot;#ffffff&quot;&gt;售后政策&lt;/font&gt;&lt;/li&gt;&lt;/ul&gt;', '售后政策', '售后政策', '售后政策');
INSERT INTO `mcc_press_description` VALUES ('13', '1', '会员服务', '&lt;ul class=&quot;list-unstyled&quot; style=&quot;word-break: break-all; word-wrap: break-word; margin-right: 0px; margin-bottom: 0px; margin-left: 0px; padding-top: 0px; padding-right: 0px; padding-bottom: 0px; color: rgb(103, 103, 103); font-family: \'Microsoft YaHei\', 微软雅黑; line-height: 17.1429px; background-color: rgb(0, 0, 0);&quot;&gt;&lt;li style=&quot;word-break: break-all; word-wrap: break-word; list-style: none; margin: 8px 0px; padding: 0px;&quot;&gt;&lt;font color=&quot;#ffffff&quot;&gt;会员服务&lt;/font&gt;&lt;/li&gt;&lt;/ul&gt;', '会员服务', '', '');
INSERT INTO `mcc_press_description` VALUES ('10', '1', '常见问题', '&lt;ul class=&quot;list-unstyled&quot; style=&quot;margin-bottom: 10px; color: rgb(51, 51, 51); font-family: \'Helvetica Neue\', Helvetica, Arial, sans-serif; line-height: 17.1429px; background-color: rgb(0, 0, 0);&quot;&gt;&lt;li style=&quot;list-style: none; margin-top: 8px; margin-bottom: 8px;&quot;&gt;&lt;font color=&quot;#ffffff&quot;&gt;常见问题&lt;/font&gt;&lt;/li&gt;&lt;/ul&gt;', '常见问题', '常见问题', '常见问题');
INSERT INTO `mcc_press_description` VALUES ('14', '1', '服务邮箱', '&lt;ul class=&quot;list-unstyled&quot; style=&quot;word-break: break-all; word-wrap: break-word; margin-right: 0px; margin-bottom: 0px; margin-left: 0px; padding-top: 0px; padding-right: 0px; padding-bottom: 0px; color: rgb(103, 103, 103); font-family: \'Microsoft YaHei\', 微软雅黑; line-height: 17.1429px; background-color: rgb(0, 0, 0);&quot;&gt;&lt;li style=&quot;word-break: break-all; word-wrap: break-word; list-style: none; margin: 8px 0px; padding: 0px;&quot;&gt;&lt;font color=&quot;#ffffff&quot;&gt;服务邮箱&lt;/font&gt;&lt;/li&gt;&lt;/ul&gt;', '服务邮箱', '服务邮箱', '服务邮箱');

-- ----------------------------
-- Table structure for mcc_press_product
-- ----------------------------
DROP TABLE IF EXISTS `mcc_press_product`;
CREATE TABLE `mcc_press_product` (
  `press_id` int(11) NOT NULL,
  `related_id` int(11) NOT NULL,
  UNIQUE KEY `press_id` (`press_id`,`related_id`) USING BTREE
) ENGINE=MyISAM DEFAULT CHARSET=utf8;

-- ----------------------------
-- Records of mcc_press_product
-- ----------------------------
INSERT INTO `mcc_press_product` VALUES ('1', '28');
INSERT INTO `mcc_press_product` VALUES ('1', '41');
INSERT INTO `mcc_press_product` VALUES ('1', '42');
INSERT INTO `mcc_press_product` VALUES ('1', '47');
INSERT INTO `mcc_press_product` VALUES ('1', '48');
INSERT INTO `mcc_press_product` VALUES ('2', '41');
INSERT INTO `mcc_press_product` VALUES ('2', '47');

-- ----------------------------
-- Table structure for mcc_press_to_layout
-- ----------------------------
DROP TABLE IF EXISTS `mcc_press_to_layout`;
CREATE TABLE `mcc_press_to_layout` (
  `press_id` int(11) NOT NULL,
  `store_id` int(11) NOT NULL,
  `layout_id` int(11) NOT NULL,
  PRIMARY KEY (`press_id`,`store_id`)
) ENGINE=MyISAM DEFAULT CHARSET=utf8;

-- ----------------------------
-- Records of mcc_press_to_layout
-- ----------------------------
INSERT INTO `mcc_press_to_layout` VALUES ('1', '0', '0');
INSERT INTO `mcc_press_to_layout` VALUES ('2', '0', '0');
INSERT INTO `mcc_press_to_layout` VALUES ('3', '0', '0');
INSERT INTO `mcc_press_to_layout` VALUES ('4', '0', '0');
INSERT INTO `mcc_press_to_layout` VALUES ('5', '0', '0');
INSERT INTO `mcc_press_to_layout` VALUES ('6', '0', '0');
INSERT INTO `mcc_press_to_layout` VALUES ('7', '0', '0');
INSERT INTO `mcc_press_to_layout` VALUES ('8', '0', '0');
INSERT INTO `mcc_press_to_layout` VALUES ('9', '0', '0');
INSERT INTO `mcc_press_to_layout` VALUES ('10', '0', '0');
INSERT INTO `mcc_press_to_layout` VALUES ('14', '0', '8');
INSERT INTO `mcc_press_to_layout` VALUES ('15', '0', '8');
INSERT INTO `mcc_press_to_layout` VALUES ('11', '0', '8');
INSERT INTO `mcc_press_to_layout` VALUES ('12', '0', '0');
INSERT INTO `mcc_press_to_layout` VALUES ('13', '0', '0');

-- ----------------------------
-- Table structure for mcc_press_to_press_category
-- ----------------------------
DROP TABLE IF EXISTS `mcc_press_to_press_category`;
CREATE TABLE `mcc_press_to_press_category` (
  `press_id` int(11) NOT NULL,
  `press_category_id` int(11) NOT NULL,
  PRIMARY KEY (`press_id`,`press_category_id`),
  KEY `press_category_id` (`press_category_id`) USING BTREE
) ENGINE=MyISAM DEFAULT CHARSET=utf8;

-- ----------------------------
-- Records of mcc_press_to_press_category
-- ----------------------------
INSERT INTO `mcc_press_to_press_category` VALUES ('1', '3');
INSERT INTO `mcc_press_to_press_category` VALUES ('2', '4');
INSERT INTO `mcc_press_to_press_category` VALUES ('3', '3');
INSERT INTO `mcc_press_to_press_category` VALUES ('4', '1');
INSERT INTO `mcc_press_to_press_category` VALUES ('5', '1');
INSERT INTO `mcc_press_to_press_category` VALUES ('6', '2');
INSERT INTO `mcc_press_to_press_category` VALUES ('7', '2');
INSERT INTO `mcc_press_to_press_category` VALUES ('8', '2');
INSERT INTO `mcc_press_to_press_category` VALUES ('9', '3');
INSERT INTO `mcc_press_to_press_category` VALUES ('10', '1');
INSERT INTO `mcc_press_to_press_category` VALUES ('11', '5');
INSERT INTO `mcc_press_to_press_category` VALUES ('12', '4');
INSERT INTO `mcc_press_to_press_category` VALUES ('13', '4');
INSERT INTO `mcc_press_to_press_category` VALUES ('14', '5');
INSERT INTO `mcc_press_to_press_category` VALUES ('15', '5');

-- ----------------------------
-- Table structure for mcc_press_to_store
-- ----------------------------
DROP TABLE IF EXISTS `mcc_press_to_store`;
CREATE TABLE `mcc_press_to_store` (
  `press_id` int(11) NOT NULL,
  `store_id` int(11) NOT NULL DEFAULT '0',
  PRIMARY KEY (`press_id`,`store_id`)
) ENGINE=MyISAM DEFAULT CHARSET=utf8;

-- ----------------------------
-- Records of mcc_press_to_store
-- ----------------------------
INSERT INTO `mcc_press_to_store` VALUES ('1', '0');
INSERT INTO `mcc_press_to_store` VALUES ('2', '0');
INSERT INTO `mcc_press_to_store` VALUES ('3', '0');
INSERT INTO `mcc_press_to_store` VALUES ('4', '0');
INSERT INTO `mcc_press_to_store` VALUES ('5', '0');
INSERT INTO `mcc_press_to_store` VALUES ('6', '0');
INSERT INTO `mcc_press_to_store` VALUES ('7', '0');
INSERT INTO `mcc_press_to_store` VALUES ('8', '0');
INSERT INTO `mcc_press_to_store` VALUES ('9', '0');
INSERT INTO `mcc_press_to_store` VALUES ('10', '0');
INSERT INTO `mcc_press_to_store` VALUES ('11', '0');
INSERT INTO `mcc_press_to_store` VALUES ('12', '0');
INSERT INTO `mcc_press_to_store` VALUES ('13', '0');
INSERT INTO `mcc_press_to_store` VALUES ('14', '0');
INSERT INTO `mcc_press_to_store` VALUES ('15', '0');

-- ----------------------------
-- Table structure for mcc_product
-- ----------------------------
DROP TABLE IF EXISTS `mcc_product`;
CREATE TABLE `mcc_product` (
  `product_id` int(11) NOT NULL AUTO_INCREMENT,
  `model` varchar(64) NOT NULL,
  `sku` varchar(64) NOT NULL,
  `upc` varchar(12) NOT NULL,
  `ean` varchar(14) NOT NULL,
  `jan` varchar(13) NOT NULL,
  `isbn` varchar(17) NOT NULL,
  `mpn` varchar(64) NOT NULL,
  `location` varchar(128) NOT NULL,
  `quantity` int(4) NOT NULL DEFAULT '0',
  `stock_status_id` int(11) NOT NULL,
  `image` varchar(255) DEFAULT NULL,
  `manufacturer_id` int(11) NOT NULL,
  `shipping` tinyint(1) NOT NULL DEFAULT '1',
  `price` decimal(15,4) NOT NULL DEFAULT '0.0000',
  `points` int(8) NOT NULL DEFAULT '0',
  `tax_class_id` int(11) NOT NULL,
  `date_available` date NOT NULL DEFAULT '2016-01-01',
  `weight` decimal(15,8) NOT NULL DEFAULT '0.00000000',
  `weight_class_id` int(11) NOT NULL DEFAULT '0',
  `length` decimal(15,8) NOT NULL DEFAULT '0.00000000',
  `width` decimal(15,8) NOT NULL DEFAULT '0.00000000',
  `height` decimal(15,8) NOT NULL DEFAULT '0.00000000',
  `length_class_id` int(11) NOT NULL DEFAULT '0',
  `subtract` tinyint(1) NOT NULL DEFAULT '1',
  `minimum` int(11) NOT NULL DEFAULT '1',
  `sort_order` int(11) NOT NULL DEFAULT '0',
  `status` tinyint(1) NOT NULL DEFAULT '0',
  `viewed` int(5) NOT NULL DEFAULT '0',
  `date_added` datetime NOT NULL,
  `date_modified` datetime NOT NULL,
  `sent` tinyint(1) NOT NULL,
  `weidian_product_id` int(11) NOT NULL,
  PRIMARY KEY (`product_id`)
) ENGINE=MyISAM AUTO_INCREMENT=70 DEFAULT CHARSET=utf8;

-- ----------------------------
-- Records of mcc_product
-- ----------------------------
INSERT INTO `mcc_product` VALUES ('57', '通用', '', '', '', '', '', '', '', '-23', '5', 'catalog/kuzi_02.jpg', '0', '1', '0.0000', '0', '0', '2016-05-11', '0.00000000', '1', '0.00000000', '0.00000000', '0.00000000', '3', '1', '1', '1', '1', '298', '2016-05-11 15:55:57', '2016-05-27 17:35:59', '0', '0');
INSERT INTO `mcc_product` VALUES ('58', '通款', '', '', '', '', '', '', '', '-12', '5', 'catalog/xuancai-hui/_01.png', '0', '1', '0.0000', '0', '0', '2016-05-11', '0.00000000', '1', '0.00000000', '0.00000000', '0.00000000', '3', '1', '1', '1', '1', '1348', '2016-05-11 16:11:37', '2016-05-27 17:36:20', '0', '0');
INSERT INTO `mcc_product` VALUES ('67', '通款', '', '', '', '', '', '', '', '1', '5', 'catalog/tihuan/xiangsu.zhu.jpg', '0', '1', '0.0000', '0', '0', '2016-05-19', '0.00000000', '1', '0.00000000', '0.00000000', '0.00000000', '3', '1', '1', '1', '1', '167', '2016-05-19 18:20:10', '2016-05-27 19:50:36', '0', '0');
INSERT INTO `mcc_product` VALUES ('60', '通款', '', '', '', '', '', '', '', '1', '5', 'catalog/makebei/_02.jpg', '0', '1', '0.0000', '0', '0', '2016-05-11', '0.00000000', '1', '0.00000000', '0.00000000', '0.00000000', '3', '1', '1', '1', '0', '34', '2016-05-11 16:28:07', '2016-05-27 19:00:28', '0', '0');
INSERT INTO `mcc_product` VALUES ('61', '通款', '', '', '', '', '', '', '', '-9', '5', 'catalog/maozi-1/_04.jpg', '0', '1', '0.0000', '0', '0', '2016-05-11', '0.00000000', '1', '0.00000000', '0.00000000', '0.00000000', '3', '1', '1', '1', '1', '108', '2016-05-11 16:30:08', '2016-05-27 19:53:04', '0', '0');
INSERT INTO `mcc_product` VALUES ('62', '通款', '', '', '', '', '', '', '', '-998', '5', 'catalog/zhanfuduan_02.jpg', '0', '1', '0.0000', '0', '0', '2016-05-11', '0.00000000', '1', '0.00000000', '0.00000000', '0.00000000', '3', '1', '1', '1', '1', '425', '2016-05-11 16:34:34', '2016-06-01 12:29:16', '0', '0');
INSERT INTO `mcc_product` VALUES ('66', '通用', '', '', '', '', '', '', '', '1', '5', 'catalog/tihuan/sanceng.zhu.jpg', '0', '1', '0.0000', '0', '0', '2016-05-19', '0.00000000', '1', '0.00000000', '0.00000000', '0.00000000', '3', '1', '1', '1', '1', '148', '2016-05-19 16:53:20', '2016-05-27 19:07:05', '0', '0');
INSERT INTO `mcc_product` VALUES ('65', '通款', '', '', '', '', '', '', '', '1', '5', 'catalog/tihuan/01.jpg', '0', '1', '0.0000', '0', '0', '2016-05-19', '0.00000000', '1', '0.00000000', '0.00000000', '0.00000000', '3', '1', '1', '1', '1', '263', '2016-05-19 16:41:42', '2016-06-06 13:22:51', '0', '0');
INSERT INTO `mcc_product` VALUES ('68', '通款', '', '', '', '', '', '', '', '1', '5', 'catalog/tihuan/yeguang.zhu.jpg', '0', '1', '0.0000', '0', '0', '2016-05-19', '0.00000000', '1', '0.00000000', '0.00000000', '0.00000000', '3', '1', '1', '1', '1', '210', '2016-05-19 18:35:15', '2016-05-27 19:51:21', '0', '0');
INSERT INTO `mcc_product` VALUES ('69', '通款', '', '', '', '', '', '', '', '1', '5', 'catalog/tihuan/long.zhu.jpg', '0', '1', '0.0000', '0', '0', '2016-05-01', '0.00000000', '1', '0.00000000', '0.00000000', '0.00000000', '3', '1', '1', '9', '0', '5', '2016-05-27 18:50:43', '2016-05-27 20:11:31', '0', '0');

-- ----------------------------
-- Table structure for mcc_product_attribute
-- ----------------------------
DROP TABLE IF EXISTS `mcc_product_attribute`;
CREATE TABLE `mcc_product_attribute` (
  `product_id` int(11) NOT NULL,
  `attribute_id` int(11) NOT NULL,
  `language_id` int(11) NOT NULL,
  `text` text NOT NULL,
  PRIMARY KEY (`product_id`,`attribute_id`,`language_id`)
) ENGINE=MyISAM DEFAULT CHARSET=utf8;

-- ----------------------------
-- Records of mcc_product_attribute
-- ----------------------------

-- ----------------------------
-- Table structure for mcc_product_description
-- ----------------------------
DROP TABLE IF EXISTS `mcc_product_description`;
CREATE TABLE `mcc_product_description` (
  `product_id` int(11) NOT NULL,
  `language_id` int(11) NOT NULL,
  `name` varchar(255) NOT NULL,
  `description` text NOT NULL,
  `tag` text NOT NULL,
  `meta_title` varchar(255) NOT NULL,
  `meta_description` varchar(255) NOT NULL,
  `meta_keyword` varchar(255) NOT NULL,
  PRIMARY KEY (`product_id`,`language_id`),
  KEY `name` (`name`) USING BTREE
) ENGINE=MyISAM DEFAULT CHARSET=utf8;

-- ----------------------------
-- Records of mcc_product_description
-- ----------------------------
INSERT INTO `mcc_product_description` VALUES ('60', '1', 'EDG马克杯 经典对标', '&lt;p&gt;&lt;img style=&quot;width: 750px;&quot; src=&quot;http://www.edgteam.cn/image/catalog/makebei/_06.jpg&quot;&gt;&lt;/p&gt;&lt;p&gt;&lt;img style=&quot;width: 750px;&quot; src=&quot;http://www.edgteam.cn/image/catalog/makebei/_01.jpg&quot;&gt;&lt;/p&gt;&lt;p&gt;&lt;img style=&quot;width: 750px;&quot; src=&quot;http://www.edgteam.cn/image/catalog/makebei/_04.jpg&quot;&gt;&lt;/p&gt;&lt;p&gt;&lt;img style=&quot;width: 750px;&quot; src=&quot;http://www.edgteam.cn/image/catalog/makebei/_05.jpg&quot;&gt;&lt;br&gt;&lt;/p&gt;&lt;p&gt;&lt;br&gt;&lt;/p&gt;', '', 'EDG马克杯 经典对标', '', '');
INSERT INTO `mcc_product_description` VALUES ('67', '1', 'EDG 短袖T恤 像素', '&lt;p&gt;&lt;img style=&quot;width: 750px;&quot; src=&quot;http://www.edgteam.cn/image/catalog/maliao/_05.png&quot;&gt;&lt;/p&gt;&lt;p&gt;&lt;img style=&quot;width: 750px;&quot; src=&quot;http://www.edgteam.cn/image/catalog/maliao/_06.png&quot;&gt;&lt;/p&gt;&lt;p&gt;&lt;img style=&quot;width: 750px;&quot; src=&quot;http://www.edgteam.cn/image/catalog/maliao/_07.png&quot;&gt;&lt;/p&gt;&lt;p&gt;&lt;img style=&quot;width: 750px;&quot; src=&quot;http://www.edgteam.cn/image/catalog/maliao/_08.png&quot;&gt;&lt;img style=&quot;width: 750px;&quot; src=&quot;http://www.edgteam.cn/image/catalog/maliao/_09.png&quot;&gt;&lt;/p&gt;&lt;p&gt;&lt;img style=&quot;width: 750px;&quot; src=&quot;http://www.edgteam.cn/image/catalog/maliao/_10.png&quot;&gt;&lt;/p&gt;&lt;p&gt;&lt;img style=&quot;width: 750px;&quot; src=&quot;http://www.edgteam.cn/image/catalog/maliao/_11.png&quot;&gt;&lt;/p&gt;&lt;p&gt;&lt;img style=&quot;width: 750px;&quot; src=&quot;http://www.edgteam.cn/image/catalog/maliao/_12.jpg&quot;&gt;&lt;br&gt;&lt;/p&gt;&lt;p&gt;&lt;br&gt;&lt;/p&gt;&lt;p&gt;&lt;br&gt;&lt;/p&gt;', '', 'EDG 短袖T恤 像素', '', '');
INSERT INTO `mcc_product_description` VALUES ('57', '1', 'EDG休闲短裤', '&lt;p align=&quot;center&quot;&gt;&lt;img style=&quot;width: 750px;&quot; src=&quot;http://www.edgteam.cn/image/catalog/kuzi_04.jpg&quot;&gt;&lt;/p&gt;&lt;p&gt;&lt;img style=&quot;width: 750px;&quot; src=&quot;http://www.edgteam.cn/image/catalog/kuzi_05.jpg&quot;&gt;&lt;/p&gt;&lt;p&gt;&lt;img style=&quot;width: 750px;&quot; src=&quot;http://www.edgteam.cn/image/catalog/kuzi_06.jpg&quot;&gt;&lt;/p&gt;&lt;p&gt;&lt;img style=&quot;width: 750px;&quot; src=&quot;http://www.edgteam.cn/image/catalog/kuzi_07.jpg&quot;&gt;&lt;/p&gt;&lt;p&gt;&lt;img style=&quot;width: 750px;&quot; src=&quot;http://www.edgteam.cn/image/catalog/kuzi_08.jpg&quot;&gt;&lt;/p&gt;&lt;p&gt;&lt;img style=&quot;width: 750px;&quot; src=&quot;http://www.edgteam.cn/image/catalog/kuzi_09.jpg&quot;&gt;&lt;/p&gt;&lt;p&gt;&lt;img style=&quot;width: 750px;&quot; src=&quot;http://www.edgteam.cn/image/catalog/kuzi_10.jpg&quot;&gt;&lt;/p&gt;&lt;p&gt;&lt;img style=&quot;width: 750px;&quot; src=&quot;http://www.edgteam.cn/image/catalog/kuzi_13.jpg&quot;&gt;&lt;/p&gt;&lt;p&gt;&lt;img style=&quot;width: 750px;&quot; src=&quot;http://www.edgteam.cn/image/catalog/kuzi_12.jpg&quot;&gt;&lt;br&gt;&lt;/p&gt;&lt;p&gt;通款短裤，值得拥有&lt;/p&gt;&lt;p&gt;&lt;/p&gt;&lt;p&gt;&lt;br&gt;&lt;/p&gt;', '', 'EDG休闲短裤', '', '');
INSERT INTO `mcc_product_description` VALUES ('62', '1', 'EDG官方队服 短袖T恤 S5赛季战衣', '&lt;p&gt;&lt;/p&gt;&lt;p&gt;&amp;nbsp;&amp;nbsp;&amp;nbsp;&amp;nbsp;&amp;nbsp;&amp;nbsp;&amp;nbsp;&amp;nbsp;&amp;nbsp;&amp;nbsp;&amp;nbsp;&amp;nbsp;&amp;nbsp;&amp;nbsp;&amp;nbsp;&amp;nbsp;&lt;img style=&quot;width: 640px;&quot; src=&quot;http://www.edgteam.cn/image/catalog/zhanfuduan_05.jpg&quot;&gt;&lt;/p&gt;&lt;p&gt;&amp;nbsp;&amp;nbsp;&amp;nbsp;&amp;nbsp;&amp;nbsp;&amp;nbsp;&amp;nbsp;&amp;nbsp;&amp;nbsp;&amp;nbsp;&amp;nbsp;&amp;nbsp;&amp;nbsp;&amp;nbsp;&amp;nbsp;&amp;nbsp;&lt;img style=&quot;width: 640px;&quot; src=&quot;http://www.edgteam.cn/image/catalog/zhanfuduan_04.jpg&quot;&gt;&lt;/p&gt;&lt;p&gt;&amp;nbsp;&lt;img style=&quot;width: 750px;&quot; src=&quot;http://www.edgteam.cn/image/catalog/kuzi_06.jpg&quot;&gt;&lt;/p&gt;&lt;p&gt;&amp;nbsp;&amp;nbsp;&amp;nbsp;&amp;nbsp;&amp;nbsp;&amp;nbsp;&amp;nbsp;&amp;nbsp;&amp;nbsp;&amp;nbsp;&amp;nbsp;&amp;nbsp;&amp;nbsp;&amp;nbsp;&amp;nbsp;&amp;nbsp; &lt;img style=&quot;width: 640px;&quot; src=&quot;http://www.edgteam.cn/image/catalog/zhanfuduan_07.jpg&quot;&gt;&lt;/p&gt;&lt;p&gt;&amp;nbsp;&amp;nbsp;&amp;nbsp;&amp;nbsp;&amp;nbsp;&amp;nbsp;&amp;nbsp;&amp;nbsp;&amp;nbsp;&amp;nbsp;&amp;nbsp;&amp;nbsp;&amp;nbsp;&amp;nbsp;&amp;nbsp;&amp;nbsp; &lt;img style=&quot;width: 640px;&quot; src=&quot;http://www.edgteam.cn/image/catalog/zhanfuduan_08.jpg&quot;&gt;&lt;/p&gt;&lt;p&gt;&amp;nbsp;&amp;nbsp;&amp;nbsp;&amp;nbsp;&amp;nbsp;&amp;nbsp;&amp;nbsp;&amp;nbsp;&amp;nbsp;&amp;nbsp;&amp;nbsp;&amp;nbsp;&amp;nbsp;&amp;nbsp;&amp;nbsp;&amp;nbsp;&lt;img style=&quot;width: 640px;&quot; src=&quot;http://www.edgteam.cn/image/catalog/zhanfuduan_09.jpg&quot;&gt;&lt;/p&gt;&lt;p&gt;&amp;nbsp;&amp;nbsp;&amp;nbsp;&amp;nbsp;&amp;nbsp;&amp;nbsp;&amp;nbsp;&amp;nbsp;&amp;nbsp;&amp;nbsp;&amp;nbsp;&amp;nbsp;&amp;nbsp;&amp;nbsp;&amp;nbsp;&amp;nbsp;&lt;img style=&quot;width: 640px;&quot; src=&quot;http://www.edgteam.cn/image/catalog/zhanfuduan_10.jpg&quot;&gt;&lt;/p&gt;&lt;p&gt;&amp;nbsp;&amp;nbsp;&amp;nbsp;&amp;nbsp;&amp;nbsp;&amp;nbsp;&amp;nbsp;&amp;nbsp;&amp;nbsp;&amp;nbsp;&amp;nbsp;&amp;nbsp;&amp;nbsp;&amp;nbsp;&amp;nbsp;&amp;nbsp;&lt;img style=&quot;width: 640px;&quot; src=&quot;http://www.edgteam.cn/image/catalog/zhanfuduan_11.jpg&quot;&gt;&lt;br&gt;&lt;/p&gt;&lt;p&gt;&lt;br&gt;&lt;/p&gt;&lt;p&gt;EDG官方队服 短袖T恤 S5赛季战衣&lt;br&gt;&lt;/p&gt;&lt;p&gt;&lt;/p&gt;&lt;p&gt;&lt;br&gt;&lt;/p&gt;', '', 'EDG官方队服 短袖T恤 S5赛季战衣', '', '');
INSERT INTO `mcc_product_description` VALUES ('61', '1', 'EDG棒球帽 经典对标', '&lt;p&gt;&lt;br&gt;&lt;/p&gt;&lt;p&gt;属于您的EDG棒球帽 经典对标&lt;/p&gt;&lt;p&gt;&lt;br&gt;&lt;/p&gt;&lt;p&gt;&lt;img style=&quot;width: 750px;&quot; src=&quot;http://www.edgteam.cn/image/catalog/maozi-1/_05.jpg&quot;&gt;&lt;/p&gt;&lt;p&gt;&lt;img style=&quot;width: 750px;&quot; src=&quot;http://www.edgteam.cn/image/catalog/maozi-1/_06.jpg&quot;&gt;&lt;/p&gt;&lt;p&gt;&lt;img style=&quot;width: 750px;&quot; src=&quot;http://www.edgteam.cn/image/catalog/maozi-1/_07.jpg&quot;&gt;&lt;/p&gt;&lt;p&gt;&lt;img style=&quot;width: 750px;&quot; src=&quot;http://www.edgteam.cn/image/catalog/maozi-1/_02.jpg&quot;&gt;&lt;br&gt;&lt;/p&gt;', '', 'EDG棒球帽 经典对标', '', '');
INSERT INTO `mcc_product_description` VALUES ('58', '1', 'EDG短袖T恤 炫彩梦', '&lt;p&gt;&lt;br&gt;&lt;/p&gt;&lt;p&gt;炫彩之梦，您值得拥有&lt;/p&gt;&lt;p&gt;&lt;img style=&quot;width: 750px;&quot; src=&quot;http://www.edgteam.cn/image/catalog/xuancai-hui/_12.png&quot;&gt;&lt;/p&gt;&lt;p&gt;&lt;img style=&quot;width: 750px;&quot; src=&quot;http://www.edgteam.cn/image/catalog/xuancai-hui/_13.png&quot;&gt;&lt;/p&gt;&lt;p&gt;&lt;img style=&quot;width: 750px;&quot; src=&quot;http://www.edgteam.cn/image/catalog/xuancai-hui/_14.png&quot;&gt;&lt;/p&gt;&lt;p&gt;&lt;img style=&quot;width: 750px;&quot; src=&quot;http://www.edgteam.cn/image/catalog/xuancai-hui/_15.png&quot;&gt;&lt;/p&gt;&lt;p&gt;&lt;img style=&quot;width: 750px;&quot; src=&quot;http://www.edgteam.cn/image/catalog/xuancai-hui/_16.png&quot;&gt;&lt;/p&gt;&lt;p&gt;&lt;img style=&quot;width: 750px;&quot; src=&quot;http://www.edgteam.cn/image/catalog/xuancai-hui/_17.png&quot;&gt;&lt;/p&gt;&lt;p&gt;&lt;img style=&quot;width: 750px;&quot; src=&quot;http://www.edgteam.cn/image/catalog/xuancai-hui/_18.png&quot;&gt;&lt;/p&gt;&lt;p&gt;&lt;img style=&quot;width: 750px;&quot; src=&quot;http://www.edgteam.cn/image/catalog/xuancai-hui/_19.jpg&quot;&gt;&lt;br&gt;&lt;/p&gt;&lt;p&gt;&lt;br&gt;&lt;/p&gt;&lt;p&gt;&lt;br&gt;&lt;/p&gt;&lt;p&gt;&lt;br&gt;&lt;/p&gt;&lt;p&gt;&lt;br&gt;&lt;/p&gt;', '', 'EDG短袖T恤 炫彩', '', '');
INSERT INTO `mcc_product_description` VALUES ('65', '1', 'EDG官方MSI冠军纪念版T恤', '&lt;p&gt;&lt;img style=&quot;width: 750px;&quot; src=&quot;http://www.edgteam.cn/image/catalog/MIS/_05.jpg&quot;&gt;&lt;/p&gt;&lt;p&gt;&lt;img style=&quot;width: 750px;&quot; src=&quot;http://www.edgteam.cn/image/catalog/MIS/_06.jpg&quot;&gt;&lt;/p&gt;&lt;p&gt;&lt;img style=&quot;width: 750px;&quot; src=&quot;http://www.edgteam.cn/image/catalog/MIS/_07.jpg&quot;&gt;&lt;img style=&quot;width: 750px;&quot; src=&quot;http://www.edgteam.cn/image/catalog/MIS/_08.jpg&quot;&gt;&lt;/p&gt;&lt;p&gt;&lt;img style=&quot;width: 750px;&quot; src=&quot;http://www.edgteam.cn/image/catalog/MIS/_09.jpg&quot;&gt;&lt;img style=&quot;width: 750px;&quot; src=&quot;http://www.edgteam.cn/image/catalog/MIS/_10.jpg&quot;&gt;&lt;/p&gt;&lt;p&gt;&lt;img style=&quot;width: 750px;&quot; src=&quot;http://www.edgteam.cn/image/catalog/MIS/_11.jpg&quot;&gt;&lt;/p&gt;&lt;p&gt;&lt;img style=&quot;width: 750px;&quot; src=&quot;http://www.edgteam.cn/image/catalog/MIS/_12.jpg&quot;&gt;&lt;br&gt;&lt;/p&gt;', '', 'EDG官方MSI冠军纪念版T恤', '', '');
INSERT INTO `mcc_product_description` VALUES ('66', '1', 'EDG 短袖T恤 三位一体', '&lt;p&gt;&lt;img style=&quot;width: 750px;&quot; src=&quot;http://www.edgteam.cn/image/catalog/bolang/_11.png&quot;&gt;&lt;img style=&quot;width: 750px;&quot; src=&quot;http://www.edgteam.cn/image/catalog/bolang/_05.png&quot;&gt;&lt;p&gt;&lt;img style=&quot;width: 750px;&quot; src=&quot;http://www.edgteam.cn/image/catalog/bolang/_06.png&quot;&gt;&lt;/p&gt;&lt;p&gt;&lt;img style=&quot;width: 750px;&quot; src=&quot;http://www.edgteam.cn/image/catalog/bolang/_07.png&quot;&gt;&lt;/p&gt;&lt;p&gt;&lt;img style=&quot;width: 750px;&quot; src=&quot;http://www.edgteam.cn/image/catalog/bolang/_08.png&quot;&gt;&lt;br&gt;&lt;/p&gt;&lt;p&gt;&lt;img style=&quot;width: 750px;&quot; src=&quot;http://www.edgteam.cn/image/catalog/bolang/_09.png&quot;&gt;&lt;img style=&quot;width: 750px;&quot; src=&quot;http://www.edgteam.cn/image/catalog/bolang/_10.png&quot;&gt;&lt;/p&gt;&lt;p&gt;&lt;img style=&quot;width: 750px;&quot; src=&quot;http://www.edgteam.cn/image/catalog/bolang/_11.png&quot;&gt;&lt;/p&gt;&lt;p&gt;&lt;img style=&quot;width: 750px;&quot; src=&quot;http://www.edgteam.cn/image/catalog/bolang/_12.jpg&quot;&gt;&lt;br&gt;&lt;/p&gt;&lt;p&gt;&lt;br&gt;&lt;/p&gt;&lt;p&gt;&lt;br&gt;&lt;/p&gt;&lt;p&gt;&lt;/p&gt;', '', 'EDG 短袖T恤 三位一体', '', '');
INSERT INTO `mcc_product_description` VALUES ('68', '1', '短袖T恤 夜光队标', '&lt;p&gt;&lt;img style=&quot;width: 640px;&quot; src=&quot;http://www.edgteam.cn/image/catalog/duanxiu-yeguang/EDG斋_06.jpg&quot;&gt;&lt;/p&gt;&lt;p&gt;&lt;img style=&quot;width: 640px;&quot; src=&quot;http://www.edgteam.cn/image/catalog/duanxiu-yeguang/EDG斋_07.jpg&quot;&gt;&lt;/p&gt;&lt;p&gt;&lt;img style=&quot;width: 640px;&quot; src=&quot;http://www.edgteam.cn/image/catalog/duanxiu-yeguang/EDG斋_08.jpg&quot;&gt;&lt;/p&gt;&lt;p&gt;&lt;img style=&quot;width: 640px;&quot; src=&quot;http://www.edgteam.cn/image/catalog/duanxiu-yeguang/EDG斋_09.jpg&quot;&gt;&lt;/p&gt;&lt;p&gt;&lt;img style=&quot;width: 640px;&quot; src=&quot;http://www.edgteam.cn/image/catalog/duanxiu-yeguang/EDG斋_10.jpg&quot;&gt;&lt;/p&gt;&lt;p&gt;&lt;img style=&quot;width: 640px;&quot; src=&quot;http://www.edgteam.cn/image/catalog/duanxiu-yeguang/EDG斋_11.jpg&quot;&gt;&lt;/p&gt;&lt;p&gt;&lt;img style=&quot;width: 640px;&quot; src=&quot;http://www.edgteam.cn/image/catalog/duanxiu-yeguang/EDG斋_12.jpg&quot;&gt;&lt;/p&gt;&lt;p&gt;&lt;img style=&quot;width: 640px;&quot; src=&quot;http://www.edgteam.cn/image/catalog/duanxiu-yeguang/EDG斋_13.jpg&quot;&gt;&lt;br&gt;&lt;/p&gt;&lt;p&gt;&lt;br&gt;&lt;/p&gt;&lt;p&gt;&lt;br&gt;&lt;/p&gt;', '', '短袖T恤 夜光队标', '', '');
INSERT INTO `mcc_product_description` VALUES ('69', '1', 'EDG龙', '&lt;p&gt;&lt;img src=&quot;http://www.edgteam.cn/image/catalog/long/IMG_0134.JPG&quot; style=&quot;width: 1200px;&quot;&gt;&lt;/p&gt;&lt;p&gt;&lt;img src=&quot;http://www.edgteam.cn/image/catalog/long/IMG_0136.JPG&quot; style=&quot;width: 1200px;&quot;&gt;&lt;/p&gt;&lt;p&gt;&lt;img src=&quot;http://www.edgteam.cn/image/catalog/long/IMG_0138.JPG&quot; style=&quot;width: 1200px;&quot;&gt;&lt;/p&gt;&lt;p&gt;&lt;img src=&quot;http://www.edgteam.cn/image/catalog/long/IMG_0862.JPG&quot; style=&quot;width: 1200px;&quot;&gt;&lt;br&gt;&lt;/p&gt;', '', 'EDG龙', '', '');

-- ----------------------------
-- Table structure for mcc_product_discount
-- ----------------------------
DROP TABLE IF EXISTS `mcc_product_discount`;
CREATE TABLE `mcc_product_discount` (
  `product_discount_id` int(11) NOT NULL AUTO_INCREMENT,
  `product_id` int(11) NOT NULL,
  `customer_group_id` int(11) NOT NULL,
  `quantity` int(4) NOT NULL DEFAULT '0',
  `priority` int(5) NOT NULL DEFAULT '1',
  `price` decimal(15,4) NOT NULL DEFAULT '0.0000',
  `date_start` date NOT NULL DEFAULT '2016-01-01',
  `date_end` date NOT NULL DEFAULT '2016-01-01',
  PRIMARY KEY (`product_discount_id`),
  KEY `product_id` (`product_id`) USING BTREE
) ENGINE=MyISAM AUTO_INCREMENT=642 DEFAULT CHARSET=utf8;

-- ----------------------------
-- Records of mcc_product_discount
-- ----------------------------

-- ----------------------------
-- Table structure for mcc_product_filter
-- ----------------------------
DROP TABLE IF EXISTS `mcc_product_filter`;
CREATE TABLE `mcc_product_filter` (
  `product_id` int(11) NOT NULL,
  `filter_id` int(11) NOT NULL,
  PRIMARY KEY (`product_id`,`filter_id`)
) ENGINE=MyISAM DEFAULT CHARSET=utf8;

-- ----------------------------
-- Records of mcc_product_filter
-- ----------------------------
INSERT INTO `mcc_product_filter` VALUES ('57', '1');
INSERT INTO `mcc_product_filter` VALUES ('57', '8');
INSERT INTO `mcc_product_filter` VALUES ('57', '10');
INSERT INTO `mcc_product_filter` VALUES ('57', '11');
INSERT INTO `mcc_product_filter` VALUES ('57', '12');
INSERT INTO `mcc_product_filter` VALUES ('60', '1');

-- ----------------------------
-- Table structure for mcc_product_image
-- ----------------------------
DROP TABLE IF EXISTS `mcc_product_image`;
CREATE TABLE `mcc_product_image` (
  `product_image_id` int(11) NOT NULL AUTO_INCREMENT,
  `product_id` int(11) NOT NULL,
  `image` varchar(255) DEFAULT NULL,
  `product_option_value_id` int(11) DEFAULT NULL COMMENT '图片-选项绑定id',
  `sort_order` int(3) NOT NULL DEFAULT '0',
  PRIMARY KEY (`product_image_id`),
  KEY `product_id` (`product_id`) USING BTREE
) ENGINE=MyISAM AUTO_INCREMENT=3248 DEFAULT CHARSET=utf8;

-- ----------------------------
-- Records of mcc_product_image
-- ----------------------------
INSERT INTO `mcc_product_image` VALUES ('3222', '68', 'catalog/duanxiu-yeguang/EDGzhai_04.jpg', '0', '0');
INSERT INTO `mcc_product_image` VALUES ('3219', '67', 'catalog/maliao/_01.png', '0', '4');
INSERT INTO `mcc_product_image` VALUES ('3196', '58', 'catalog/xuancai-hui/_11.png', '0', '9');
INSERT INTO `mcc_product_image` VALUES ('3195', '58', 'catalog/xuancai-hui/_10.png', '0', '8');
INSERT INTO `mcc_product_image` VALUES ('3218', '67', 'catalog/maliao/_04.png', '0', '3');
INSERT INTO `mcc_product_image` VALUES ('3217', '67', 'catalog/maliao/_03.png', '0', '2');
INSERT INTO `mcc_product_image` VALUES ('3215', '66', 'catalog/bolang/_04.png', '0', '0');
INSERT INTO `mcc_product_image` VALUES ('3214', '66', 'catalog/kuzi_01.jpg', '0', '0');
INSERT INTO `mcc_product_image` VALUES ('3213', '66', 'catalog/bolang/_03.png', '0', '0');
INSERT INTO `mcc_product_image` VALUES ('3212', '66', 'catalog/bolang/_02.png', '0', '0');
INSERT INTO `mcc_product_image` VALUES ('3247', '65', 'catalog/MIS/_01.jpg', '0', '0');
INSERT INTO `mcc_product_image` VALUES ('3246', '65', 'catalog/MIS/_02.jpg', '0', '0');
INSERT INTO `mcc_product_image` VALUES ('3245', '65', 'catalog/MIS/_03.jpg', '0', '0');
INSERT INTO `mcc_product_image` VALUES ('3244', '65', 'catalog/MIS/_04.jpg', '0', '0');
INSERT INTO `mcc_product_image` VALUES ('3194', '58', 'catalog/xuancai-hui/_07.png', '0', '7');
INSERT INTO `mcc_product_image` VALUES ('3193', '58', 'catalog/xuancai-hui/_06.png', '0', '6');
INSERT INTO `mcc_product_image` VALUES ('3192', '58', 'catalog/xuancai-hui/_03.png', '0', '5');
INSERT INTO `mcc_product_image` VALUES ('3191', '58', 'catalog/xuancai-hui/_02.png', '0', '4');
INSERT INTO `mcc_product_image` VALUES ('3190', '58', 'catalog/xuancai-hui/_05.png', '0', '3');
INSERT INTO `mcc_product_image` VALUES ('3211', '60', 'catalog/makebei/_03.jpg', '0', '0');
INSERT INTO `mcc_product_image` VALUES ('3210', '60', 'catalog/makebei/_02.jpg', '0', '0');
INSERT INTO `mcc_product_image` VALUES ('3189', '58', 'catalog/xuancai-hui/_04.png', '0', '2');
INSERT INTO `mcc_product_image` VALUES ('3188', '58', 'catalog/xuancai-hui/_09.png', '0', '1');
INSERT INTO `mcc_product_image` VALUES ('3187', '58', 'catalog/xuancai-hui/_06.png', '51', '0');
INSERT INTO `mcc_product_image` VALUES ('3186', '58', 'catalog/xuancai-hui/_02.png', '49', '0');
INSERT INTO `mcc_product_image` VALUES ('3185', '58', 'catalog/xuancai-hui/_08.png', '50', '0');
INSERT INTO `mcc_product_image` VALUES ('3226', '61', 'catalog/maozi-1/_03.jpg', '0', '3');
INSERT INTO `mcc_product_image` VALUES ('3225', '61', 'catalog/maozi-1/_01.jpg', '0', '2');
INSERT INTO `mcc_product_image` VALUES ('3224', '61', 'catalog/maozi-1/_04.jpg', '0', '1');
INSERT INTO `mcc_product_image` VALUES ('3239', '62', 'catalog/zhanfuduan_11.jpg', '0', '3');
INSERT INTO `mcc_product_image` VALUES ('3184', '58', 'catalog/xuancai-hui/_10.png', '52', '0');
INSERT INTO `mcc_product_image` VALUES ('3183', '58', 'catalog/xuancai-hui/_04.png', '53', '0');
INSERT INTO `mcc_product_image` VALUES ('3238', '62', 'catalog/zhanfuduan_08.jpg', '0', '2');
INSERT INTO `mcc_product_image` VALUES ('3237', '62', 'catalog/zhanfuduan_01.jpg', '0', '1');
INSERT INTO `mcc_product_image` VALUES ('3182', '57', 'catalog/kuzi_03.jpg', '0', '3');
INSERT INTO `mcc_product_image` VALUES ('3181', '57', 'catalog/kuzi_02.jpg', '0', '2');
INSERT INTO `mcc_product_image` VALUES ('3180', '57', 'catalog/kuzi_01.jpg', '0', '1');
INSERT INTO `mcc_product_image` VALUES ('3216', '67', 'catalog/maliao/_02.png', '0', '1');
INSERT INTO `mcc_product_image` VALUES ('3221', '68', 'catalog/duanxiu-yeguang/EDGzhai_03 - fuben.jpg', '0', '0');
INSERT INTO `mcc_product_image` VALUES ('3220', '68', '', '0', '0');
INSERT INTO `mcc_product_image` VALUES ('3223', '68', 'catalog/duanxiu-yeguang/EDGzhai_01.jpg', '0', '0');
INSERT INTO `mcc_product_image` VALUES ('3236', '69', 'catalog/tihuan/long.zhu.jpg', '0', '0');
INSERT INTO `mcc_product_image` VALUES ('3235', '69', 'catalog/long/IMG_0813.JPG', '0', '0');

-- ----------------------------
-- Table structure for mcc_product_option
-- ----------------------------
DROP TABLE IF EXISTS `mcc_product_option`;
CREATE TABLE `mcc_product_option` (
  `product_option_id` int(11) NOT NULL AUTO_INCREMENT,
  `product_id` int(11) NOT NULL,
  `option_id` int(11) NOT NULL,
  `value` text NOT NULL,
  `required` tinyint(1) NOT NULL,
  PRIMARY KEY (`product_option_id`)
) ENGINE=MyISAM AUTO_INCREMENT=245 DEFAULT CHARSET=utf8;

-- ----------------------------
-- Records of mcc_product_option
-- ----------------------------
INSERT INTO `mcc_product_option` VALUES ('243', '68', '11', '', '1');
INSERT INTO `mcc_product_option` VALUES ('242', '62', '11', '', '1');
INSERT INTO `mcc_product_option` VALUES ('241', '67', '11', '', '1');
INSERT INTO `mcc_product_option` VALUES ('240', '66', '11', '', '1');
INSERT INTO `mcc_product_option` VALUES ('239', '65', '11', '', '1');
INSERT INTO `mcc_product_option` VALUES ('237', '58', '5', '', '1');
INSERT INTO `mcc_product_option` VALUES ('238', '58', '11', '', '1');
INSERT INTO `mcc_product_option` VALUES ('235', '57', '11', '', '1');
INSERT INTO `mcc_product_option` VALUES ('244', '69', '11', '', '1');

-- ----------------------------
-- Table structure for mcc_product_option_value
-- ----------------------------
DROP TABLE IF EXISTS `mcc_product_option_value`;
CREATE TABLE `mcc_product_option_value` (
  `product_option_value_id` int(11) NOT NULL AUTO_INCREMENT,
  `product_option_id` int(11) NOT NULL,
  `product_id` int(11) NOT NULL,
  `option_id` int(11) NOT NULL,
  `option_value_id` int(11) NOT NULL,
  `option_value_text` varchar(32) NOT NULL,
  `quantity` int(3) NOT NULL,
  `subtract` tinyint(1) NOT NULL,
  `price` decimal(15,4) NOT NULL,
  `price_prefix` varchar(1) NOT NULL,
  `points` int(8) NOT NULL,
  `points_prefix` varchar(1) NOT NULL,
  `weight` decimal(15,8) NOT NULL,
  `weight_prefix` varchar(1) NOT NULL,
  PRIMARY KEY (`product_option_value_id`)
) ENGINE=MyISAM AUTO_INCREMENT=89 DEFAULT CHARSET=utf8;

-- ----------------------------
-- Records of mcc_product_option_value
-- ----------------------------
INSERT INTO `mcc_product_option_value` VALUES ('51', '237', '58', '5', '0', '灰', '99', '1', '0.0000', '+', '0', '+', '0.00000000', '+');
INSERT INTO `mcc_product_option_value` VALUES ('49', '237', '58', '5', '0', '黑', '96', '1', '0.0000', '+', '0', '+', '0.00000000', '+');
INSERT INTO `mcc_product_option_value` VALUES ('50', '237', '58', '5', '0', '红', '97', '1', '0.0000', '+', '0', '+', '0.00000000', '+');
INSERT INTO `mcc_product_option_value` VALUES ('53', '237', '58', '5', '0', '白', '96', '1', '0.0000', '+', '0', '+', '0.00000000', '+');
INSERT INTO `mcc_product_option_value` VALUES ('52', '237', '58', '5', '0', '蓝', '100', '1', '0.0000', '+', '0', '+', '0.00000000', '+');
INSERT INTO `mcc_product_option_value` VALUES ('44', '235', '57', '11', '49', '', '52', '1', '0.0000', '+', '0', '+', '0.00000000', '+');
INSERT INTO `mcc_product_option_value` VALUES ('43', '235', '57', '11', '47', '', '298', '1', '0.0000', '+', '0', '+', '0.00000000', '+');
INSERT INTO `mcc_product_option_value` VALUES ('42', '235', '57', '11', '48', '', '1000', '1', '0.0000', '+', '0', '+', '0.00000000', '+');
INSERT INTO `mcc_product_option_value` VALUES ('45', '235', '57', '11', '50', '', '77', '1', '0.0000', '+', '0', '+', '0.00000000', '+');
INSERT INTO `mcc_product_option_value` VALUES ('46', '235', '57', '11', '46', '', '762', '1', '0.0000', '+', '0', '+', '0.00000000', '+');
INSERT INTO `mcc_product_option_value` VALUES ('55', '238', '58', '11', '47', '', '94', '1', '0.0000', '+', '0', '+', '0.00000000', '+');
INSERT INTO `mcc_product_option_value` VALUES ('56', '238', '58', '11', '46', '', '100', '1', '0.0000', '+', '0', '+', '0.00000000', '+');
INSERT INTO `mcc_product_option_value` VALUES ('54', '238', '58', '11', '48', '', '98', '1', '0.0000', '+', '0', '+', '0.00000000', '+');
INSERT INTO `mcc_product_option_value` VALUES ('58', '238', '58', '11', '50', '', '97', '1', '0.0000', '+', '0', '+', '0.00000000', '+');
INSERT INTO `mcc_product_option_value` VALUES ('57', '238', '58', '11', '49', '', '99', '1', '0.0000', '+', '0', '+', '0.00000000', '+');
INSERT INTO `mcc_product_option_value` VALUES ('59', '239', '65', '11', '50', '', '0', '1', '0.0000', '+', '0', '+', '0.00000000', '+');
INSERT INTO `mcc_product_option_value` VALUES ('60', '239', '65', '11', '49', '', '0', '1', '0.0000', '+', '0', '+', '0.00000000', '+');
INSERT INTO `mcc_product_option_value` VALUES ('61', '239', '65', '11', '46', '', '0', '1', '0.0000', '+', '0', '+', '0.00000000', '+');
INSERT INTO `mcc_product_option_value` VALUES ('62', '239', '65', '11', '47', '', '0', '1', '0.0000', '+', '0', '+', '0.00000000', '+');
INSERT INTO `mcc_product_option_value` VALUES ('63', '239', '65', '11', '48', '', '0', '1', '0.0000', '+', '0', '+', '0.00000000', '+');
INSERT INTO `mcc_product_option_value` VALUES ('64', '240', '66', '11', '48', '', '0', '1', '0.0000', '+', '0', '+', '0.00000000', '+');
INSERT INTO `mcc_product_option_value` VALUES ('65', '240', '66', '11', '47', '', '0', '1', '0.0000', '+', '0', '+', '0.00000000', '+');
INSERT INTO `mcc_product_option_value` VALUES ('66', '240', '66', '11', '46', '', '0', '1', '0.0000', '+', '0', '+', '0.00000000', '+');
INSERT INTO `mcc_product_option_value` VALUES ('67', '240', '66', '11', '49', '', '0', '1', '0.0000', '+', '0', '+', '0.00000000', '+');
INSERT INTO `mcc_product_option_value` VALUES ('68', '240', '66', '11', '50', '', '0', '1', '0.0000', '+', '0', '+', '0.00000000', '+');
INSERT INTO `mcc_product_option_value` VALUES ('73', '241', '67', '11', '50', '', '0', '1', '0.0000', '+', '0', '+', '0.00000000', '+');
INSERT INTO `mcc_product_option_value` VALUES ('72', '241', '67', '11', '49', '', '0', '1', '0.0000', '+', '0', '+', '0.00000000', '+');
INSERT INTO `mcc_product_option_value` VALUES ('71', '241', '67', '11', '46', '', '0', '1', '0.0000', '+', '0', '+', '0.00000000', '+');
INSERT INTO `mcc_product_option_value` VALUES ('70', '241', '67', '11', '47', '', '0', '1', '0.0000', '+', '0', '+', '0.00000000', '+');
INSERT INTO `mcc_product_option_value` VALUES ('69', '241', '67', '11', '48', '', '0', '1', '0.0000', '+', '0', '+', '0.00000000', '+');
INSERT INTO `mcc_product_option_value` VALUES ('78', '242', '62', '11', '50', '', '-899', '1', '0.0000', '+', '0', '+', '0.00000000', '+');
INSERT INTO `mcc_product_option_value` VALUES ('77', '242', '62', '11', '49', '', '100', '1', '0.0000', '+', '0', '+', '0.00000000', '+');
INSERT INTO `mcc_product_option_value` VALUES ('83', '243', '68', '11', '50', '', '0', '1', '0.0000', '+', '0', '+', '0.00000000', '+');
INSERT INTO `mcc_product_option_value` VALUES ('82', '243', '68', '11', '49', '', '0', '1', '0.0000', '+', '0', '+', '0.00000000', '+');
INSERT INTO `mcc_product_option_value` VALUES ('81', '243', '68', '11', '46', '', '0', '1', '0.0000', '+', '0', '+', '0.00000000', '+');
INSERT INTO `mcc_product_option_value` VALUES ('80', '243', '68', '11', '47', '', '0', '1', '0.0000', '+', '0', '+', '0.00000000', '+');
INSERT INTO `mcc_product_option_value` VALUES ('79', '243', '68', '11', '48', '', '0', '1', '0.0000', '+', '0', '+', '0.00000000', '+');
INSERT INTO `mcc_product_option_value` VALUES ('74', '242', '62', '11', '48', '', '0', '1', '0.0000', '+', '0', '+', '0.00000000', '+');
INSERT INTO `mcc_product_option_value` VALUES ('75', '242', '62', '11', '47', '', '100', '1', '0.0000', '+', '0', '+', '0.00000000', '+');
INSERT INTO `mcc_product_option_value` VALUES ('76', '242', '62', '11', '46', '', '0', '1', '0.0000', '+', '0', '+', '0.00000000', '+');
INSERT INTO `mcc_product_option_value` VALUES ('84', '244', '69', '11', '48', '', '0', '1', '0.0000', '+', '0', '+', '0.00000000', '+');
INSERT INTO `mcc_product_option_value` VALUES ('85', '244', '69', '11', '47', '', '0', '1', '0.0000', '+', '0', '+', '0.00000000', '+');
INSERT INTO `mcc_product_option_value` VALUES ('86', '244', '69', '11', '46', '', '0', '1', '0.0000', '+', '0', '+', '0.00000000', '+');
INSERT INTO `mcc_product_option_value` VALUES ('87', '244', '69', '11', '49', '', '0', '1', '0.0000', '+', '0', '+', '0.00000000', '+');
INSERT INTO `mcc_product_option_value` VALUES ('88', '244', '69', '11', '50', '', '0', '1', '0.0000', '+', '0', '+', '0.00000000', '+');

-- ----------------------------
-- Table structure for mcc_product_recurring
-- ----------------------------
DROP TABLE IF EXISTS `mcc_product_recurring`;
CREATE TABLE `mcc_product_recurring` (
  `product_id` int(11) NOT NULL,
  `recurring_id` int(11) NOT NULL,
  `customer_group_id` int(11) NOT NULL,
  PRIMARY KEY (`product_id`,`recurring_id`,`customer_group_id`)
) ENGINE=MyISAM DEFAULT CHARSET=utf8;

-- ----------------------------
-- Records of mcc_product_recurring
-- ----------------------------

-- ----------------------------
-- Table structure for mcc_product_related
-- ----------------------------
DROP TABLE IF EXISTS `mcc_product_related`;
CREATE TABLE `mcc_product_related` (
  `product_id` int(11) NOT NULL,
  `related_id` int(11) NOT NULL,
  PRIMARY KEY (`product_id`,`related_id`)
) ENGINE=MyISAM DEFAULT CHARSET=utf8;

-- ----------------------------
-- Records of mcc_product_related
-- ----------------------------

-- ----------------------------
-- Table structure for mcc_product_reward
-- ----------------------------
DROP TABLE IF EXISTS `mcc_product_reward`;
CREATE TABLE `mcc_product_reward` (
  `product_reward_id` int(11) NOT NULL AUTO_INCREMENT,
  `product_id` int(11) NOT NULL DEFAULT '0',
  `customer_group_id` int(11) NOT NULL DEFAULT '0',
  `points` int(8) NOT NULL DEFAULT '0',
  PRIMARY KEY (`product_reward_id`)
) ENGINE=MyISAM AUTO_INCREMENT=634 DEFAULT CHARSET=utf8;

-- ----------------------------
-- Records of mcc_product_reward
-- ----------------------------

-- ----------------------------
-- Table structure for mcc_product_sku
-- ----------------------------
DROP TABLE IF EXISTS `mcc_product_sku`;
CREATE TABLE `mcc_product_sku` (
  `product_sku_id` int(11) unsigned NOT NULL AUTO_INCREMENT,
  `product_id` int(11) NOT NULL,
  `sku_code` varchar(64) NOT NULL COMMENT 'SKU自编码',
  PRIMARY KEY (`product_sku_id`)
) ENGINE=InnoDB AUTO_INCREMENT=206 DEFAULT CHARSET=utf8;

-- ----------------------------
-- Records of mcc_product_sku
-- ----------------------------
INSERT INTO `mcc_product_sku` VALUES ('43', '42', '33-38');
INSERT INTO `mcc_product_sku` VALUES ('44', '42', '33-37');
INSERT INTO `mcc_product_sku` VALUES ('45', '42', '33-36');
INSERT INTO `mcc_product_sku` VALUES ('46', '42', '33-35');
INSERT INTO `mcc_product_sku` VALUES ('47', '42', '34-38');
INSERT INTO `mcc_product_sku` VALUES ('48', '42', '34-37');
INSERT INTO `mcc_product_sku` VALUES ('49', '42', '34-36');
INSERT INTO `mcc_product_sku` VALUES ('50', '42', '34-35');
INSERT INTO `mcc_product_sku` VALUES ('51', '28', '');
INSERT INTO `mcc_product_sku` VALUES ('52', '29', '');
INSERT INTO `mcc_product_sku` VALUES ('53', '30', '');
INSERT INTO `mcc_product_sku` VALUES ('54', '31', '');
INSERT INTO `mcc_product_sku` VALUES ('55', '32', '');
INSERT INTO `mcc_product_sku` VALUES ('56', '33', '');
INSERT INTO `mcc_product_sku` VALUES ('57', '34', '');
INSERT INTO `mcc_product_sku` VALUES ('58', '35', '');
INSERT INTO `mcc_product_sku` VALUES ('59', '36', '');
INSERT INTO `mcc_product_sku` VALUES ('60', '40', '');
INSERT INTO `mcc_product_sku` VALUES ('61', '41', '');
INSERT INTO `mcc_product_sku` VALUES ('62', '43', '');
INSERT INTO `mcc_product_sku` VALUES ('63', '44', '');
INSERT INTO `mcc_product_sku` VALUES ('64', '45', '');
INSERT INTO `mcc_product_sku` VALUES ('65', '46', '');
INSERT INTO `mcc_product_sku` VALUES ('67', '48', '');
INSERT INTO `mcc_product_sku` VALUES ('68', '49', '');
INSERT INTO `mcc_product_sku` VALUES ('69', '50', '');
INSERT INTO `mcc_product_sku` VALUES ('70', '51', '');
INSERT INTO `mcc_product_sku` VALUES ('71', '52', '');
INSERT INTO `mcc_product_sku` VALUES ('72', '53', '');
INSERT INTO `mcc_product_sku` VALUES ('73', '54', '');
INSERT INTO `mcc_product_sku` VALUES ('74', '56', '41');
INSERT INTO `mcc_product_sku` VALUES ('89', '63', '');
INSERT INTO `mcc_product_sku` VALUES ('91', '59', '');
INSERT INTO `mcc_product_sku` VALUES ('107', '64', '');
INSERT INTO `mcc_product_sku` VALUES ('122', '57', '44');
INSERT INTO `mcc_product_sku` VALUES ('124', '58', '50-54');
INSERT INTO `mcc_product_sku` VALUES ('125', '58', '50-55');
INSERT INTO `mcc_product_sku` VALUES ('126', '58', '50-56');
INSERT INTO `mcc_product_sku` VALUES ('127', '58', '50-57');
INSERT INTO `mcc_product_sku` VALUES ('128', '58', '50-58');
INSERT INTO `mcc_product_sku` VALUES ('129', '58', '52-54');
INSERT INTO `mcc_product_sku` VALUES ('130', '58', '52-55');
INSERT INTO `mcc_product_sku` VALUES ('131', '58', '52-56');
INSERT INTO `mcc_product_sku` VALUES ('132', '58', '52-57');
INSERT INTO `mcc_product_sku` VALUES ('133', '58', '52-58');
INSERT INTO `mcc_product_sku` VALUES ('134', '58', '51-54');
INSERT INTO `mcc_product_sku` VALUES ('135', '58', '51-55');
INSERT INTO `mcc_product_sku` VALUES ('136', '58', '51-56');
INSERT INTO `mcc_product_sku` VALUES ('137', '58', '51-57');
INSERT INTO `mcc_product_sku` VALUES ('138', '58', '51-58');
INSERT INTO `mcc_product_sku` VALUES ('139', '58', '49-54');
INSERT INTO `mcc_product_sku` VALUES ('140', '58', '49-55');
INSERT INTO `mcc_product_sku` VALUES ('141', '58', '49-56');
INSERT INTO `mcc_product_sku` VALUES ('142', '58', '49-57');
INSERT INTO `mcc_product_sku` VALUES ('143', '58', '49-58');
INSERT INTO `mcc_product_sku` VALUES ('144', '58', '53-54');
INSERT INTO `mcc_product_sku` VALUES ('145', '58', '53-55');
INSERT INTO `mcc_product_sku` VALUES ('146', '58', '53-56');
INSERT INTO `mcc_product_sku` VALUES ('147', '58', '53-57');
INSERT INTO `mcc_product_sku` VALUES ('148', '58', '53-58');
INSERT INTO `mcc_product_sku` VALUES ('150', '65', '59');
INSERT INTO `mcc_product_sku` VALUES ('153', '67', '69');
INSERT INTO `mcc_product_sku` VALUES ('156', '68', '79');
INSERT INTO `mcc_product_sku` VALUES ('165', '62', '76');
INSERT INTO `mcc_product_sku` VALUES ('166', '62', '77');
INSERT INTO `mcc_product_sku` VALUES ('167', '62', '75');
INSERT INTO `mcc_product_sku` VALUES ('168', '62', '74');
INSERT INTO `mcc_product_sku` VALUES ('169', '62', '78');
INSERT INTO `mcc_product_sku` VALUES ('170', '66', '64');
INSERT INTO `mcc_product_sku` VALUES ('171', '66', '68');
INSERT INTO `mcc_product_sku` VALUES ('172', '66', '67');
INSERT INTO `mcc_product_sku` VALUES ('173', '66', '66');
INSERT INTO `mcc_product_sku` VALUES ('174', '66', '65');
INSERT INTO `mcc_product_sku` VALUES ('175', '67', '73');
INSERT INTO `mcc_product_sku` VALUES ('176', '67', '72');
INSERT INTO `mcc_product_sku` VALUES ('177', '67', '71');
INSERT INTO `mcc_product_sku` VALUES ('178', '67', '70');
INSERT INTO `mcc_product_sku` VALUES ('179', '57', '46');
INSERT INTO `mcc_product_sku` VALUES ('180', '57', '45');
INSERT INTO `mcc_product_sku` VALUES ('181', '57', '42');
INSERT INTO `mcc_product_sku` VALUES ('182', '57', '43');
INSERT INTO `mcc_product_sku` VALUES ('183', '65', '63');
INSERT INTO `mcc_product_sku` VALUES ('184', '65', '62');
INSERT INTO `mcc_product_sku` VALUES ('185', '65', '61');
INSERT INTO `mcc_product_sku` VALUES ('186', '65', '60');
INSERT INTO `mcc_product_sku` VALUES ('188', '68', '83');
INSERT INTO `mcc_product_sku` VALUES ('189', '68', '82');
INSERT INTO `mcc_product_sku` VALUES ('190', '68', '81');
INSERT INTO `mcc_product_sku` VALUES ('191', '68', '80');
INSERT INTO `mcc_product_sku` VALUES ('198', '69', '88');
INSERT INTO `mcc_product_sku` VALUES ('199', '69', '87');
INSERT INTO `mcc_product_sku` VALUES ('200', '69', '86');
INSERT INTO `mcc_product_sku` VALUES ('201', '69', '85');
INSERT INTO `mcc_product_sku` VALUES ('202', '69', '84');
INSERT INTO `mcc_product_sku` VALUES ('204', '60', '');
INSERT INTO `mcc_product_sku` VALUES ('205', '61', '');

-- ----------------------------
-- Table structure for mcc_product_sku_backup
-- ----------------------------
DROP TABLE IF EXISTS `mcc_product_sku_backup`;
CREATE TABLE `mcc_product_sku_backup` (
  `product_sku_id` int(11) NOT NULL,
  `product_id` int(11) NOT NULL,
  UNIQUE KEY `product_sku_id` (`product_sku_id`) USING BTREE
) ENGINE=InnoDB DEFAULT CHARSET=utf8;

-- ----------------------------
-- Records of mcc_product_sku_backup
-- ----------------------------
INSERT INTO `mcc_product_sku_backup` VALUES ('0', '56');
INSERT INTO `mcc_product_sku_backup` VALUES ('43', '42');
INSERT INTO `mcc_product_sku_backup` VALUES ('44', '42');
INSERT INTO `mcc_product_sku_backup` VALUES ('45', '42');
INSERT INTO `mcc_product_sku_backup` VALUES ('46', '42');
INSERT INTO `mcc_product_sku_backup` VALUES ('47', '42');
INSERT INTO `mcc_product_sku_backup` VALUES ('48', '42');
INSERT INTO `mcc_product_sku_backup` VALUES ('49', '42');
INSERT INTO `mcc_product_sku_backup` VALUES ('50', '42');
INSERT INTO `mcc_product_sku_backup` VALUES ('75', '57');
INSERT INTO `mcc_product_sku_backup` VALUES ('76', '57');
INSERT INTO `mcc_product_sku_backup` VALUES ('77', '57');
INSERT INTO `mcc_product_sku_backup` VALUES ('78', '58');
INSERT INTO `mcc_product_sku_backup` VALUES ('79', '59');
INSERT INTO `mcc_product_sku_backup` VALUES ('80', '60');
INSERT INTO `mcc_product_sku_backup` VALUES ('81', '61');
INSERT INTO `mcc_product_sku_backup` VALUES ('82', '57');
INSERT INTO `mcc_product_sku_backup` VALUES ('83', '61');
INSERT INTO `mcc_product_sku_backup` VALUES ('84', '58');
INSERT INTO `mcc_product_sku_backup` VALUES ('85', '59');
INSERT INTO `mcc_product_sku_backup` VALUES ('86', '60');
INSERT INTO `mcc_product_sku_backup` VALUES ('87', '63');
INSERT INTO `mcc_product_sku_backup` VALUES ('88', '62');
INSERT INTO `mcc_product_sku_backup` VALUES ('89', '63');
INSERT INTO `mcc_product_sku_backup` VALUES ('90', '58');
INSERT INTO `mcc_product_sku_backup` VALUES ('91', '59');
INSERT INTO `mcc_product_sku_backup` VALUES ('92', '61');
INSERT INTO `mcc_product_sku_backup` VALUES ('93', '60');
INSERT INTO `mcc_product_sku_backup` VALUES ('94', '57');
INSERT INTO `mcc_product_sku_backup` VALUES ('95', '57');
INSERT INTO `mcc_product_sku_backup` VALUES ('96', '57');
INSERT INTO `mcc_product_sku_backup` VALUES ('97', '57');
INSERT INTO `mcc_product_sku_backup` VALUES ('98', '57');
INSERT INTO `mcc_product_sku_backup` VALUES ('99', '57');
INSERT INTO `mcc_product_sku_backup` VALUES ('100', '57');
INSERT INTO `mcc_product_sku_backup` VALUES ('101', '57');
INSERT INTO `mcc_product_sku_backup` VALUES ('102', '57');
INSERT INTO `mcc_product_sku_backup` VALUES ('103', '57');
INSERT INTO `mcc_product_sku_backup` VALUES ('104', '57');
INSERT INTO `mcc_product_sku_backup` VALUES ('105', '60');
INSERT INTO `mcc_product_sku_backup` VALUES ('106', '61');
INSERT INTO `mcc_product_sku_backup` VALUES ('107', '64');
INSERT INTO `mcc_product_sku_backup` VALUES ('108', '62');
INSERT INTO `mcc_product_sku_backup` VALUES ('109', '62');
INSERT INTO `mcc_product_sku_backup` VALUES ('110', '62');
INSERT INTO `mcc_product_sku_backup` VALUES ('111', '62');
INSERT INTO `mcc_product_sku_backup` VALUES ('112', '61');
INSERT INTO `mcc_product_sku_backup` VALUES ('113', '58');
INSERT INTO `mcc_product_sku_backup` VALUES ('114', '58');
INSERT INTO `mcc_product_sku_backup` VALUES ('115', '58');
INSERT INTO `mcc_product_sku_backup` VALUES ('116', '58');
INSERT INTO `mcc_product_sku_backup` VALUES ('117', '58');
INSERT INTO `mcc_product_sku_backup` VALUES ('118', '58');
INSERT INTO `mcc_product_sku_backup` VALUES ('119', '58');
INSERT INTO `mcc_product_sku_backup` VALUES ('120', '58');
INSERT INTO `mcc_product_sku_backup` VALUES ('121', '60');
INSERT INTO `mcc_product_sku_backup` VALUES ('122', '57');
INSERT INTO `mcc_product_sku_backup` VALUES ('123', '58');
INSERT INTO `mcc_product_sku_backup` VALUES ('124', '58');
INSERT INTO `mcc_product_sku_backup` VALUES ('125', '58');
INSERT INTO `mcc_product_sku_backup` VALUES ('126', '58');
INSERT INTO `mcc_product_sku_backup` VALUES ('127', '58');
INSERT INTO `mcc_product_sku_backup` VALUES ('128', '58');
INSERT INTO `mcc_product_sku_backup` VALUES ('129', '58');
INSERT INTO `mcc_product_sku_backup` VALUES ('130', '58');
INSERT INTO `mcc_product_sku_backup` VALUES ('131', '58');
INSERT INTO `mcc_product_sku_backup` VALUES ('132', '58');
INSERT INTO `mcc_product_sku_backup` VALUES ('133', '58');
INSERT INTO `mcc_product_sku_backup` VALUES ('134', '58');
INSERT INTO `mcc_product_sku_backup` VALUES ('135', '58');
INSERT INTO `mcc_product_sku_backup` VALUES ('136', '58');
INSERT INTO `mcc_product_sku_backup` VALUES ('137', '58');
INSERT INTO `mcc_product_sku_backup` VALUES ('138', '58');
INSERT INTO `mcc_product_sku_backup` VALUES ('139', '58');
INSERT INTO `mcc_product_sku_backup` VALUES ('140', '58');
INSERT INTO `mcc_product_sku_backup` VALUES ('141', '58');
INSERT INTO `mcc_product_sku_backup` VALUES ('142', '58');
INSERT INTO `mcc_product_sku_backup` VALUES ('143', '58');
INSERT INTO `mcc_product_sku_backup` VALUES ('144', '58');
INSERT INTO `mcc_product_sku_backup` VALUES ('145', '58');
INSERT INTO `mcc_product_sku_backup` VALUES ('146', '58');
INSERT INTO `mcc_product_sku_backup` VALUES ('147', '58');
INSERT INTO `mcc_product_sku_backup` VALUES ('148', '58');
INSERT INTO `mcc_product_sku_backup` VALUES ('149', '65');
INSERT INTO `mcc_product_sku_backup` VALUES ('150', '65');
INSERT INTO `mcc_product_sku_backup` VALUES ('151', '66');
INSERT INTO `mcc_product_sku_backup` VALUES ('152', '61');
INSERT INTO `mcc_product_sku_backup` VALUES ('153', '67');
INSERT INTO `mcc_product_sku_backup` VALUES ('154', '62');
INSERT INTO `mcc_product_sku_backup` VALUES ('155', '62');
INSERT INTO `mcc_product_sku_backup` VALUES ('156', '68');
INSERT INTO `mcc_product_sku_backup` VALUES ('157', '62');
INSERT INTO `mcc_product_sku_backup` VALUES ('158', '62');
INSERT INTO `mcc_product_sku_backup` VALUES ('159', '62');
INSERT INTO `mcc_product_sku_backup` VALUES ('160', '62');
INSERT INTO `mcc_product_sku_backup` VALUES ('161', '62');
INSERT INTO `mcc_product_sku_backup` VALUES ('162', '62');
INSERT INTO `mcc_product_sku_backup` VALUES ('163', '62');
INSERT INTO `mcc_product_sku_backup` VALUES ('164', '62');
INSERT INTO `mcc_product_sku_backup` VALUES ('165', '62');
INSERT INTO `mcc_product_sku_backup` VALUES ('166', '62');
INSERT INTO `mcc_product_sku_backup` VALUES ('167', '62');
INSERT INTO `mcc_product_sku_backup` VALUES ('168', '62');
INSERT INTO `mcc_product_sku_backup` VALUES ('169', '62');
INSERT INTO `mcc_product_sku_backup` VALUES ('170', '66');
INSERT INTO `mcc_product_sku_backup` VALUES ('171', '66');
INSERT INTO `mcc_product_sku_backup` VALUES ('172', '66');
INSERT INTO `mcc_product_sku_backup` VALUES ('173', '66');
INSERT INTO `mcc_product_sku_backup` VALUES ('174', '66');
INSERT INTO `mcc_product_sku_backup` VALUES ('175', '67');
INSERT INTO `mcc_product_sku_backup` VALUES ('176', '67');
INSERT INTO `mcc_product_sku_backup` VALUES ('177', '67');
INSERT INTO `mcc_product_sku_backup` VALUES ('178', '67');
INSERT INTO `mcc_product_sku_backup` VALUES ('179', '57');
INSERT INTO `mcc_product_sku_backup` VALUES ('180', '57');
INSERT INTO `mcc_product_sku_backup` VALUES ('181', '57');
INSERT INTO `mcc_product_sku_backup` VALUES ('182', '57');
INSERT INTO `mcc_product_sku_backup` VALUES ('183', '65');
INSERT INTO `mcc_product_sku_backup` VALUES ('184', '65');
INSERT INTO `mcc_product_sku_backup` VALUES ('185', '65');
INSERT INTO `mcc_product_sku_backup` VALUES ('186', '65');
INSERT INTO `mcc_product_sku_backup` VALUES ('187', '61');
INSERT INTO `mcc_product_sku_backup` VALUES ('188', '68');
INSERT INTO `mcc_product_sku_backup` VALUES ('189', '68');
INSERT INTO `mcc_product_sku_backup` VALUES ('190', '68');
INSERT INTO `mcc_product_sku_backup` VALUES ('191', '68');
INSERT INTO `mcc_product_sku_backup` VALUES ('192', '60');
INSERT INTO `mcc_product_sku_backup` VALUES ('193', '61');
INSERT INTO `mcc_product_sku_backup` VALUES ('194', '60');
INSERT INTO `mcc_product_sku_backup` VALUES ('195', '61');
INSERT INTO `mcc_product_sku_backup` VALUES ('196', '60');
INSERT INTO `mcc_product_sku_backup` VALUES ('197', '60');
INSERT INTO `mcc_product_sku_backup` VALUES ('198', '69');
INSERT INTO `mcc_product_sku_backup` VALUES ('199', '69');
INSERT INTO `mcc_product_sku_backup` VALUES ('200', '69');
INSERT INTO `mcc_product_sku_backup` VALUES ('201', '69');
INSERT INTO `mcc_product_sku_backup` VALUES ('202', '69');
INSERT INTO `mcc_product_sku_backup` VALUES ('203', '61');
INSERT INTO `mcc_product_sku_backup` VALUES ('204', '60');
INSERT INTO `mcc_product_sku_backup` VALUES ('205', '61');

-- ----------------------------
-- Table structure for mcc_product_sku_sn
-- ----------------------------
DROP TABLE IF EXISTS `mcc_product_sku_sn`;
CREATE TABLE `mcc_product_sku_sn` (
  `sku_sn_id` int(11) NOT NULL AUTO_INCREMENT,
  `sku_id` int(11) NOT NULL COMMENT '商品编号id',
  `sku_sn` varchar(64) NOT NULL COMMENT '公用商品编号',
  `product_id` int(11) NOT NULL,
  PRIMARY KEY (`sku_sn_id`)
) ENGINE=InnoDB AUTO_INCREMENT=103 DEFAULT CHARSET=utf8;

-- ----------------------------
-- Records of mcc_product_sku_sn
-- ----------------------------
INSERT INTO `mcc_product_sku_sn` VALUES ('76', '124', '123', '58');
INSERT INTO `mcc_product_sku_sn` VALUES ('77', '125', '124', '58');
INSERT INTO `mcc_product_sku_sn` VALUES ('78', '126', '125', '58');
INSERT INTO `mcc_product_sku_sn` VALUES ('79', '127', '2', '58');
INSERT INTO `mcc_product_sku_sn` VALUES ('80', '128', '3', '58');
INSERT INTO `mcc_product_sku_sn` VALUES ('81', '129', '4', '58');
INSERT INTO `mcc_product_sku_sn` VALUES ('82', '130', '5', '58');
INSERT INTO `mcc_product_sku_sn` VALUES ('83', '131', '6', '58');
INSERT INTO `mcc_product_sku_sn` VALUES ('84', '132', '7', '58');
INSERT INTO `mcc_product_sku_sn` VALUES ('85', '133', '8', '58');
INSERT INTO `mcc_product_sku_sn` VALUES ('86', '134', '9', '58');
INSERT INTO `mcc_product_sku_sn` VALUES ('87', '135', '11', '58');
INSERT INTO `mcc_product_sku_sn` VALUES ('88', '136', '12', '58');
INSERT INTO `mcc_product_sku_sn` VALUES ('89', '137', '122', '58');
INSERT INTO `mcc_product_sku_sn` VALUES ('90', '138', '111', '58');
INSERT INTO `mcc_product_sku_sn` VALUES ('91', '139', '1213', '58');
INSERT INTO `mcc_product_sku_sn` VALUES ('92', '140', '4343', '58');
INSERT INTO `mcc_product_sku_sn` VALUES ('93', '141', '343435', '58');
INSERT INTO `mcc_product_sku_sn` VALUES ('94', '142', '3535456', '58');
INSERT INTO `mcc_product_sku_sn` VALUES ('95', '143', '34', '58');
INSERT INTO `mcc_product_sku_sn` VALUES ('96', '144', '23546', '58');
INSERT INTO `mcc_product_sku_sn` VALUES ('97', '145', '5454', '58');
INSERT INTO `mcc_product_sku_sn` VALUES ('98', '146', '34566', '58');
INSERT INTO `mcc_product_sku_sn` VALUES ('99', '147', '4322', '58');
INSERT INTO `mcc_product_sku_sn` VALUES ('100', '148', '356778', '58');
INSERT INTO `mcc_product_sku_sn` VALUES ('101', '205', '5', '61');
INSERT INTO `mcc_product_sku_sn` VALUES ('102', '170', '32455', '66');

-- ----------------------------
-- Table structure for mcc_product_special
-- ----------------------------
DROP TABLE IF EXISTS `mcc_product_special`;
CREATE TABLE `mcc_product_special` (
  `product_special_id` int(11) NOT NULL AUTO_INCREMENT,
  `product_id` int(11) NOT NULL,
  `customer_group_id` int(11) NOT NULL,
  `priority` int(5) NOT NULL DEFAULT '1',
  `price` decimal(15,4) NOT NULL DEFAULT '0.0000',
  `date_start` date NOT NULL DEFAULT '2016-01-01',
  `date_end` date NOT NULL DEFAULT '2016-01-01',
  PRIMARY KEY (`product_special_id`),
  KEY `product_id` (`product_id`) USING BTREE
) ENGINE=MyISAM AUTO_INCREMENT=678 DEFAULT CHARSET=utf8;

-- ----------------------------
-- Records of mcc_product_special
-- ----------------------------
INSERT INTO `mcc_product_special` VALUES ('664', '66', '1', '0', '89.0000', '2016-05-19', '2016-07-02');
INSERT INTO `mcc_product_special` VALUES ('655', '58', '1', '1', '89.0000', '2016-05-11', '2016-06-30');
INSERT INTO `mcc_product_special` VALUES ('654', '57', '1', '1', '239.0000', '2016-05-11', '2016-06-25');
INSERT INTO `mcc_product_special` VALUES ('663', '60', '1', '1', '89.0000', '2016-05-11', '2016-06-25');
INSERT INTO `mcc_product_special` VALUES ('669', '61', '1', '1', '99.0000', '2016-05-11', '2016-06-24');
INSERT INTO `mcc_product_special` VALUES ('675', '62', '1', '1', '199.0000', '2016-05-11', '2016-06-24');
INSERT INTO `mcc_product_special` VALUES ('677', '65', '1', '0', '159.0000', '2016-05-02', '2016-06-04');
INSERT INTO `mcc_product_special` VALUES ('665', '67', '1', '0', '89.0000', '2016-05-19', '2016-07-01');
INSERT INTO `mcc_product_special` VALUES ('666', '68', '1', '0', '129.0000', '2016-05-19', '2016-07-02');
INSERT INTO `mcc_product_special` VALUES ('674', '69', '1', '0', '99.0000', '2016-05-27', '2016-07-09');

-- ----------------------------
-- Table structure for mcc_product_to_category
-- ----------------------------
DROP TABLE IF EXISTS `mcc_product_to_category`;
CREATE TABLE `mcc_product_to_category` (
  `product_id` int(11) NOT NULL,
  `category_id` int(11) NOT NULL,
  PRIMARY KEY (`product_id`,`category_id`),
  KEY `category_id` (`category_id`) USING BTREE
) ENGINE=MyISAM DEFAULT CHARSET=utf8;

-- ----------------------------
-- Records of mcc_product_to_category
-- ----------------------------
INSERT INTO `mcc_product_to_category` VALUES ('57', '20');
INSERT INTO `mcc_product_to_category` VALUES ('58', '20');
INSERT INTO `mcc_product_to_category` VALUES ('60', '59');
INSERT INTO `mcc_product_to_category` VALUES ('61', '59');
INSERT INTO `mcc_product_to_category` VALUES ('62', '60');
INSERT INTO `mcc_product_to_category` VALUES ('65', '20');
INSERT INTO `mcc_product_to_category` VALUES ('66', '20');
INSERT INTO `mcc_product_to_category` VALUES ('67', '20');
INSERT INTO `mcc_product_to_category` VALUES ('68', '20');
INSERT INTO `mcc_product_to_category` VALUES ('69', '20');

-- ----------------------------
-- Table structure for mcc_product_to_download
-- ----------------------------
DROP TABLE IF EXISTS `mcc_product_to_download`;
CREATE TABLE `mcc_product_to_download` (
  `product_id` int(11) NOT NULL,
  `download_id` int(11) NOT NULL,
  PRIMARY KEY (`product_id`,`download_id`)
) ENGINE=MyISAM DEFAULT CHARSET=utf8;

-- ----------------------------
-- Records of mcc_product_to_download
-- ----------------------------

-- ----------------------------
-- Table structure for mcc_product_to_layout
-- ----------------------------
DROP TABLE IF EXISTS `mcc_product_to_layout`;
CREATE TABLE `mcc_product_to_layout` (
  `product_id` int(11) NOT NULL,
  `store_id` int(11) NOT NULL,
  `layout_id` int(11) NOT NULL,
  PRIMARY KEY (`product_id`,`store_id`)
) ENGINE=MyISAM DEFAULT CHARSET=utf8;

-- ----------------------------
-- Records of mcc_product_to_layout
-- ----------------------------
INSERT INTO `mcc_product_to_layout` VALUES ('60', '0', '24');
INSERT INTO `mcc_product_to_layout` VALUES ('66', '0', '1');
INSERT INTO `mcc_product_to_layout` VALUES ('58', '0', '0');
INSERT INTO `mcc_product_to_layout` VALUES ('57', '0', '1');
INSERT INTO `mcc_product_to_layout` VALUES ('61', '0', '1');
INSERT INTO `mcc_product_to_layout` VALUES ('62', '0', '26');
INSERT INTO `mcc_product_to_layout` VALUES ('65', '0', '1');
INSERT INTO `mcc_product_to_layout` VALUES ('67', '0', '1');
INSERT INTO `mcc_product_to_layout` VALUES ('68', '0', '1');
INSERT INTO `mcc_product_to_layout` VALUES ('69', '0', '2');

-- ----------------------------
-- Table structure for mcc_product_to_store
-- ----------------------------
DROP TABLE IF EXISTS `mcc_product_to_store`;
CREATE TABLE `mcc_product_to_store` (
  `product_id` int(11) NOT NULL,
  `store_id` int(11) NOT NULL DEFAULT '0',
  PRIMARY KEY (`product_id`,`store_id`)
) ENGINE=MyISAM DEFAULT CHARSET=utf8;

-- ----------------------------
-- Records of mcc_product_to_store
-- ----------------------------
INSERT INTO `mcc_product_to_store` VALUES ('57', '0');
INSERT INTO `mcc_product_to_store` VALUES ('58', '0');
INSERT INTO `mcc_product_to_store` VALUES ('60', '0');
INSERT INTO `mcc_product_to_store` VALUES ('61', '0');
INSERT INTO `mcc_product_to_store` VALUES ('62', '0');
INSERT INTO `mcc_product_to_store` VALUES ('65', '0');
INSERT INTO `mcc_product_to_store` VALUES ('66', '0');
INSERT INTO `mcc_product_to_store` VALUES ('67', '0');
INSERT INTO `mcc_product_to_store` VALUES ('68', '0');
INSERT INTO `mcc_product_to_store` VALUES ('69', '0');

-- ----------------------------
-- Table structure for mcc_product_to_youzan
-- ----------------------------
DROP TABLE IF EXISTS `mcc_product_to_youzan`;
CREATE TABLE `mcc_product_to_youzan` (
  `product_id` int(11) NOT NULL,
  `youzan_id` int(11) NOT NULL,
  UNIQUE KEY `product_id` (`product_id`) USING BTREE,
  UNIQUE KEY `youzan_id` (`youzan_id`) USING BTREE,
  UNIQUE KEY `product_id_2` (`product_id`,`youzan_id`) USING BTREE
) ENGINE=MyISAM DEFAULT CHARSET=utf8;

-- ----------------------------
-- Records of mcc_product_to_youzan
-- ----------------------------

-- ----------------------------
-- Table structure for mcc_pushurl
-- ----------------------------
DROP TABLE IF EXISTS `mcc_pushurl`;
CREATE TABLE `mcc_pushurl` (
  `pushurl_id` int(11) NOT NULL AUTO_INCREMENT,
  `url` varchar(255) NOT NULL,
  `pushed` tinyint(1) NOT NULL,
  `push_date` datetime NOT NULL,
  PRIMARY KEY (`pushurl_id`)
) ENGINE=MyISAM DEFAULT CHARSET=utf8;

-- ----------------------------
-- Records of mcc_pushurl
-- ----------------------------

-- ----------------------------
-- Table structure for mcc_recurring
-- ----------------------------
DROP TABLE IF EXISTS `mcc_recurring`;
CREATE TABLE `mcc_recurring` (
  `recurring_id` int(11) NOT NULL AUTO_INCREMENT,
  `price` decimal(10,4) NOT NULL,
  `frequency` enum('day','week','semi_month','month','year') NOT NULL,
  `duration` int(10) unsigned NOT NULL,
  `cycle` int(10) unsigned NOT NULL,
  `trial_status` tinyint(4) NOT NULL,
  `trial_price` decimal(10,4) NOT NULL,
  `trial_frequency` enum('day','week','semi_month','month','year') NOT NULL,
  `trial_duration` int(10) unsigned NOT NULL,
  `trial_cycle` int(10) unsigned NOT NULL,
  `status` tinyint(4) NOT NULL,
  `sort_order` int(11) NOT NULL,
  PRIMARY KEY (`recurring_id`)
) ENGINE=MyISAM AUTO_INCREMENT=2 DEFAULT CHARSET=utf8;

-- ----------------------------
-- Records of mcc_recurring
-- ----------------------------
INSERT INTO `mcc_recurring` VALUES ('1', '100.0000', 'month', '3', '1', '0', '0.0000', 'day', '0', '1', '1', '0');

-- ----------------------------
-- Table structure for mcc_recurring_description
-- ----------------------------
DROP TABLE IF EXISTS `mcc_recurring_description`;
CREATE TABLE `mcc_recurring_description` (
  `recurring_id` int(11) NOT NULL,
  `language_id` int(11) NOT NULL,
  `name` varchar(255) NOT NULL,
  PRIMARY KEY (`recurring_id`,`language_id`)
) ENGINE=MyISAM DEFAULT CHARSET=utf8;

-- ----------------------------
-- Records of mcc_recurring_description
-- ----------------------------
INSERT INTO `mcc_recurring_description` VALUES ('1', '3', '测试分期付款');
INSERT INTO `mcc_recurring_description` VALUES ('1', '2', '测试分期付款');
INSERT INTO `mcc_recurring_description` VALUES ('1', '1', '测试分期付款');

-- ----------------------------
-- Table structure for mcc_region
-- ----------------------------
DROP TABLE IF EXISTS `mcc_region`;
CREATE TABLE `mcc_region` (
  `id` smallint(5) unsigned NOT NULL AUTO_INCREMENT,
  `zone_id` smallint(5) NOT NULL,
  `pid` smallint(5) NOT NULL DEFAULT '0',
  `type` tinyint(1) DEFAULT '0' COMMENT '类型，0:省；1:市; 2: 区',
  `code` char(6) NOT NULL,
  `name` varchar(30) NOT NULL,
  PRIMARY KEY (`id`),
  KEY `pid` (`pid`) USING BTREE,
  KEY `type` (`type`) USING BTREE
) ENGINE=MyISAM AUTO_INCREMENT=3513 DEFAULT CHARSET=utf8;

-- ----------------------------
-- Records of mcc_region
-- ----------------------------
INSERT INTO `mcc_region` VALUES ('1', '685', '0', '0', '110000', '北京市');
INSERT INTO `mcc_region` VALUES ('2', '0', '1', '1', '110100', '市辖区');
INSERT INTO `mcc_region` VALUES ('3', '0', '2', '2', '110101', '东城区');
INSERT INTO `mcc_region` VALUES ('4', '0', '2', '2', '110102', '西城区');
INSERT INTO `mcc_region` VALUES ('5', '0', '2', '2', '110105', '朝阳区');
INSERT INTO `mcc_region` VALUES ('6', '0', '2', '2', '110106', '丰台区');
INSERT INTO `mcc_region` VALUES ('7', '0', '2', '2', '110107', '石景山区');
INSERT INTO `mcc_region` VALUES ('8', '0', '2', '2', '110108', '海淀区');
INSERT INTO `mcc_region` VALUES ('9', '0', '2', '2', '110109', '门头沟区');
INSERT INTO `mcc_region` VALUES ('10', '0', '2', '2', '110111', '房山区');
INSERT INTO `mcc_region` VALUES ('11', '0', '2', '2', '110112', '通州区');
INSERT INTO `mcc_region` VALUES ('12', '0', '2', '2', '110113', '顺义区');
INSERT INTO `mcc_region` VALUES ('13', '0', '2', '2', '110114', '昌平区');
INSERT INTO `mcc_region` VALUES ('14', '0', '2', '2', '110115', '大兴区');
INSERT INTO `mcc_region` VALUES ('15', '0', '2', '2', '110116', '怀柔区');
INSERT INTO `mcc_region` VALUES ('16', '0', '2', '2', '110117', '平谷区');
INSERT INTO `mcc_region` VALUES ('17', '0', '1', '1', '110200', '县');
INSERT INTO `mcc_region` VALUES ('18', '0', '17', '2', '110228', '密云县');
INSERT INTO `mcc_region` VALUES ('19', '0', '17', '2', '110229', '延庆县');
INSERT INTO `mcc_region` VALUES ('20', '711', '0', '0', '120000', '天津市');
INSERT INTO `mcc_region` VALUES ('21', '0', '20', '1', '120100', '市辖区');
INSERT INTO `mcc_region` VALUES ('22', '0', '21', '2', '120101', '和平区');
INSERT INTO `mcc_region` VALUES ('23', '0', '21', '2', '120102', '河东区');
INSERT INTO `mcc_region` VALUES ('24', '0', '21', '2', '120103', '河西区');
INSERT INTO `mcc_region` VALUES ('25', '0', '21', '2', '120104', '南开区');
INSERT INTO `mcc_region` VALUES ('26', '0', '21', '2', '120105', '河北区');
INSERT INTO `mcc_region` VALUES ('27', '0', '21', '2', '120106', '红桥区');
INSERT INTO `mcc_region` VALUES ('28', '0', '21', '2', '120110', '东丽区');
INSERT INTO `mcc_region` VALUES ('29', '0', '21', '2', '120111', '西青区');
INSERT INTO `mcc_region` VALUES ('30', '0', '21', '2', '120112', '津南区');
INSERT INTO `mcc_region` VALUES ('31', '0', '21', '2', '120113', '北辰区');
INSERT INTO `mcc_region` VALUES ('32', '0', '21', '2', '120114', '武清区');
INSERT INTO `mcc_region` VALUES ('33', '0', '21', '2', '120115', '宝坻区');
INSERT INTO `mcc_region` VALUES ('34', '0', '21', '2', '120116', '滨海新区');
INSERT INTO `mcc_region` VALUES ('35', '0', '20', '1', '120200', '县');
INSERT INTO `mcc_region` VALUES ('36', '0', '35', '2', '120221', '宁河县');
INSERT INTO `mcc_region` VALUES ('37', '0', '35', '2', '120223', '静海县');
INSERT INTO `mcc_region` VALUES ('38', '0', '35', '2', '120225', '蓟县');
INSERT INTO `mcc_region` VALUES ('39', '693', '0', '0', '130000', '河北省');
INSERT INTO `mcc_region` VALUES ('40', '0', '39', '1', '130100', '石家庄市');
INSERT INTO `mcc_region` VALUES ('41', '0', '40', '2', '130101', '市辖区');
INSERT INTO `mcc_region` VALUES ('42', '0', '40', '2', '130102', '长安区');
INSERT INTO `mcc_region` VALUES ('43', '0', '40', '2', '130104', '桥西区');
INSERT INTO `mcc_region` VALUES ('44', '0', '40', '2', '130105', '新华区');
INSERT INTO `mcc_region` VALUES ('45', '0', '40', '2', '130107', '井陉矿区');
INSERT INTO `mcc_region` VALUES ('46', '0', '40', '2', '130108', '裕华区');
INSERT INTO `mcc_region` VALUES ('47', '0', '40', '2', '130109', '藁城区');
INSERT INTO `mcc_region` VALUES ('48', '0', '40', '2', '130110', '鹿泉区');
INSERT INTO `mcc_region` VALUES ('49', '0', '40', '2', '130111', '栾城区');
INSERT INTO `mcc_region` VALUES ('50', '0', '40', '2', '130121', '井陉县');
INSERT INTO `mcc_region` VALUES ('51', '0', '40', '2', '130123', '正定县');
INSERT INTO `mcc_region` VALUES ('52', '0', '40', '2', '130125', '行唐县');
INSERT INTO `mcc_region` VALUES ('53', '0', '40', '2', '130126', '灵寿县');
INSERT INTO `mcc_region` VALUES ('54', '0', '40', '2', '130127', '高邑县');
INSERT INTO `mcc_region` VALUES ('55', '0', '40', '2', '130128', '深泽县');
INSERT INTO `mcc_region` VALUES ('56', '0', '40', '2', '130129', '赞皇县');
INSERT INTO `mcc_region` VALUES ('57', '0', '40', '2', '130130', '无极县');
INSERT INTO `mcc_region` VALUES ('58', '0', '40', '2', '130131', '平山县');
INSERT INTO `mcc_region` VALUES ('59', '0', '40', '2', '130132', '元氏县');
INSERT INTO `mcc_region` VALUES ('60', '0', '40', '2', '130133', '赵县');
INSERT INTO `mcc_region` VALUES ('61', '0', '40', '2', '130181', '辛集市');
INSERT INTO `mcc_region` VALUES ('62', '0', '40', '2', '130183', '晋州市');
INSERT INTO `mcc_region` VALUES ('63', '0', '40', '2', '130184', '新乐市');
INSERT INTO `mcc_region` VALUES ('64', '0', '39', '1', '130200', '唐山市');
INSERT INTO `mcc_region` VALUES ('65', '0', '64', '2', '130201', '市辖区');
INSERT INTO `mcc_region` VALUES ('66', '0', '64', '2', '130202', '路南区');
INSERT INTO `mcc_region` VALUES ('67', '0', '64', '2', '130203', '路北区');
INSERT INTO `mcc_region` VALUES ('68', '0', '64', '2', '130204', '古冶区');
INSERT INTO `mcc_region` VALUES ('69', '0', '64', '2', '130205', '开平区');
INSERT INTO `mcc_region` VALUES ('70', '0', '64', '2', '130207', '丰南区');
INSERT INTO `mcc_region` VALUES ('71', '0', '64', '2', '130208', '丰润区');
INSERT INTO `mcc_region` VALUES ('72', '0', '64', '2', '130209', '曹妃甸区');
INSERT INTO `mcc_region` VALUES ('73', '0', '64', '2', '130223', '滦县');
INSERT INTO `mcc_region` VALUES ('74', '0', '64', '2', '130224', '滦南县');
INSERT INTO `mcc_region` VALUES ('75', '0', '64', '2', '130225', '乐亭县');
INSERT INTO `mcc_region` VALUES ('76', '0', '64', '2', '130227', '迁西县');
INSERT INTO `mcc_region` VALUES ('77', '0', '64', '2', '130229', '玉田县');
INSERT INTO `mcc_region` VALUES ('78', '0', '64', '2', '130281', '遵化市');
INSERT INTO `mcc_region` VALUES ('79', '0', '64', '2', '130283', '迁安市');
INSERT INTO `mcc_region` VALUES ('80', '0', '39', '1', '130300', '秦皇岛市');
INSERT INTO `mcc_region` VALUES ('81', '0', '80', '2', '130301', '市辖区');
INSERT INTO `mcc_region` VALUES ('82', '0', '80', '2', '130302', '海港区');
INSERT INTO `mcc_region` VALUES ('83', '0', '80', '2', '130303', '山海关区');
INSERT INTO `mcc_region` VALUES ('84', '0', '80', '2', '130304', '北戴河区');
INSERT INTO `mcc_region` VALUES ('85', '0', '80', '2', '130321', '青龙满族自治县');
INSERT INTO `mcc_region` VALUES ('86', '0', '80', '2', '130322', '昌黎县');
INSERT INTO `mcc_region` VALUES ('87', '0', '80', '2', '130323', '抚宁县');
INSERT INTO `mcc_region` VALUES ('88', '0', '80', '2', '130324', '卢龙县');
INSERT INTO `mcc_region` VALUES ('89', '0', '39', '1', '130400', '邯郸市');
INSERT INTO `mcc_region` VALUES ('90', '0', '89', '2', '130401', '市辖区');
INSERT INTO `mcc_region` VALUES ('91', '0', '89', '2', '130402', '邯山区');
INSERT INTO `mcc_region` VALUES ('92', '0', '89', '2', '130403', '丛台区');
INSERT INTO `mcc_region` VALUES ('93', '0', '89', '2', '130404', '复兴区');
INSERT INTO `mcc_region` VALUES ('94', '0', '89', '2', '130406', '峰峰矿区');
INSERT INTO `mcc_region` VALUES ('95', '0', '89', '2', '130421', '邯郸县');
INSERT INTO `mcc_region` VALUES ('96', '0', '89', '2', '130423', '临漳县');
INSERT INTO `mcc_region` VALUES ('97', '0', '89', '2', '130424', '成安县');
INSERT INTO `mcc_region` VALUES ('98', '0', '89', '2', '130425', '大名县');
INSERT INTO `mcc_region` VALUES ('99', '0', '89', '2', '130426', '涉县');
INSERT INTO `mcc_region` VALUES ('100', '0', '89', '2', '130427', '磁县');
INSERT INTO `mcc_region` VALUES ('101', '0', '89', '2', '130428', '肥乡县');
INSERT INTO `mcc_region` VALUES ('102', '0', '89', '2', '130429', '永年县');
INSERT INTO `mcc_region` VALUES ('103', '0', '89', '2', '130430', '邱县');
INSERT INTO `mcc_region` VALUES ('104', '0', '89', '2', '130431', '鸡泽县');
INSERT INTO `mcc_region` VALUES ('105', '0', '89', '2', '130432', '广平县');
INSERT INTO `mcc_region` VALUES ('106', '0', '89', '2', '130433', '馆陶县');
INSERT INTO `mcc_region` VALUES ('107', '0', '89', '2', '130434', '魏县');
INSERT INTO `mcc_region` VALUES ('108', '0', '89', '2', '130435', '曲周县');
INSERT INTO `mcc_region` VALUES ('109', '0', '89', '2', '130481', '武安市');
INSERT INTO `mcc_region` VALUES ('110', '0', '39', '1', '130500', '邢台市');
INSERT INTO `mcc_region` VALUES ('111', '0', '110', '2', '130501', '市辖区');
INSERT INTO `mcc_region` VALUES ('112', '0', '110', '2', '130502', '桥东区');
INSERT INTO `mcc_region` VALUES ('113', '0', '110', '2', '130503', '桥西区');
INSERT INTO `mcc_region` VALUES ('114', '0', '110', '2', '130521', '邢台县');
INSERT INTO `mcc_region` VALUES ('115', '0', '110', '2', '130522', '临城县');
INSERT INTO `mcc_region` VALUES ('116', '0', '110', '2', '130523', '内丘县');
INSERT INTO `mcc_region` VALUES ('117', '0', '110', '2', '130524', '柏乡县');
INSERT INTO `mcc_region` VALUES ('118', '0', '110', '2', '130525', '隆尧县');
INSERT INTO `mcc_region` VALUES ('119', '0', '110', '2', '130526', '任县');
INSERT INTO `mcc_region` VALUES ('120', '0', '110', '2', '130527', '南和县');
INSERT INTO `mcc_region` VALUES ('121', '0', '110', '2', '130528', '宁晋县');
INSERT INTO `mcc_region` VALUES ('122', '0', '110', '2', '130529', '巨鹿县');
INSERT INTO `mcc_region` VALUES ('123', '0', '110', '2', '130530', '新河县');
INSERT INTO `mcc_region` VALUES ('124', '0', '110', '2', '130531', '广宗县');
INSERT INTO `mcc_region` VALUES ('125', '0', '110', '2', '130532', '平乡县');
INSERT INTO `mcc_region` VALUES ('126', '0', '110', '2', '130533', '威县');
INSERT INTO `mcc_region` VALUES ('127', '0', '110', '2', '130534', '清河县');
INSERT INTO `mcc_region` VALUES ('128', '0', '110', '2', '130535', '临西县');
INSERT INTO `mcc_region` VALUES ('129', '0', '110', '2', '130581', '南宫市');
INSERT INTO `mcc_region` VALUES ('130', '0', '110', '2', '130582', '沙河市');
INSERT INTO `mcc_region` VALUES ('131', '0', '39', '1', '130600', '保定市');
INSERT INTO `mcc_region` VALUES ('132', '0', '131', '2', '130601', '市辖区');
INSERT INTO `mcc_region` VALUES ('133', '0', '131', '2', '130602', '新市区');
INSERT INTO `mcc_region` VALUES ('134', '0', '131', '2', '130603', '北市区');
INSERT INTO `mcc_region` VALUES ('135', '0', '131', '2', '130604', '南市区');
INSERT INTO `mcc_region` VALUES ('136', '0', '131', '2', '130621', '满城县');
INSERT INTO `mcc_region` VALUES ('137', '0', '131', '2', '130622', '清苑县');
INSERT INTO `mcc_region` VALUES ('138', '0', '131', '2', '130623', '涞水县');
INSERT INTO `mcc_region` VALUES ('139', '0', '131', '2', '130624', '阜平县');
INSERT INTO `mcc_region` VALUES ('140', '0', '131', '2', '130625', '徐水县');
INSERT INTO `mcc_region` VALUES ('141', '0', '131', '2', '130626', '定兴县');
INSERT INTO `mcc_region` VALUES ('142', '0', '131', '2', '130627', '唐县');
INSERT INTO `mcc_region` VALUES ('143', '0', '131', '2', '130628', '高阳县');
INSERT INTO `mcc_region` VALUES ('144', '0', '131', '2', '130629', '容城县');
INSERT INTO `mcc_region` VALUES ('145', '0', '131', '2', '130630', '涞源县');
INSERT INTO `mcc_region` VALUES ('146', '0', '131', '2', '130631', '望都县');
INSERT INTO `mcc_region` VALUES ('147', '0', '131', '2', '130632', '安新县');
INSERT INTO `mcc_region` VALUES ('148', '0', '131', '2', '130633', '易县');
INSERT INTO `mcc_region` VALUES ('149', '0', '131', '2', '130634', '曲阳县');
INSERT INTO `mcc_region` VALUES ('150', '0', '131', '2', '130635', '蠡县');
INSERT INTO `mcc_region` VALUES ('151', '0', '131', '2', '130636', '顺平县');
INSERT INTO `mcc_region` VALUES ('152', '0', '131', '2', '130637', '博野县');
INSERT INTO `mcc_region` VALUES ('153', '0', '131', '2', '130638', '雄县');
INSERT INTO `mcc_region` VALUES ('154', '0', '131', '2', '130681', '涿州市');
INSERT INTO `mcc_region` VALUES ('155', '0', '131', '2', '130682', '定州市');
INSERT INTO `mcc_region` VALUES ('156', '0', '131', '2', '130683', '安国市');
INSERT INTO `mcc_region` VALUES ('157', '0', '131', '2', '130684', '高碑店市');
INSERT INTO `mcc_region` VALUES ('158', '0', '39', '1', '130700', '张家口市');
INSERT INTO `mcc_region` VALUES ('159', '0', '158', '2', '130701', '市辖区');
INSERT INTO `mcc_region` VALUES ('160', '0', '158', '2', '130702', '桥东区');
INSERT INTO `mcc_region` VALUES ('161', '0', '158', '2', '130703', '桥西区');
INSERT INTO `mcc_region` VALUES ('162', '0', '158', '2', '130705', '宣化区');
INSERT INTO `mcc_region` VALUES ('163', '0', '158', '2', '130706', '下花园区');
INSERT INTO `mcc_region` VALUES ('164', '0', '158', '2', '130721', '宣化县');
INSERT INTO `mcc_region` VALUES ('165', '0', '158', '2', '130722', '张北县');
INSERT INTO `mcc_region` VALUES ('166', '0', '158', '2', '130723', '康保县');
INSERT INTO `mcc_region` VALUES ('167', '0', '158', '2', '130724', '沽源县');
INSERT INTO `mcc_region` VALUES ('168', '0', '158', '2', '130725', '尚义县');
INSERT INTO `mcc_region` VALUES ('169', '0', '158', '2', '130726', '蔚县');
INSERT INTO `mcc_region` VALUES ('170', '0', '158', '2', '130727', '阳原县');
INSERT INTO `mcc_region` VALUES ('171', '0', '158', '2', '130728', '怀安县');
INSERT INTO `mcc_region` VALUES ('172', '0', '158', '2', '130729', '万全县');
INSERT INTO `mcc_region` VALUES ('173', '0', '158', '2', '130730', '怀来县');
INSERT INTO `mcc_region` VALUES ('174', '0', '158', '2', '130731', '涿鹿县');
INSERT INTO `mcc_region` VALUES ('175', '0', '158', '2', '130732', '赤城县');
INSERT INTO `mcc_region` VALUES ('176', '0', '158', '2', '130733', '崇礼县');
INSERT INTO `mcc_region` VALUES ('177', '0', '39', '1', '130800', '承德市');
INSERT INTO `mcc_region` VALUES ('178', '0', '177', '2', '130801', '市辖区');
INSERT INTO `mcc_region` VALUES ('179', '0', '177', '2', '130802', '双桥区');
INSERT INTO `mcc_region` VALUES ('180', '0', '177', '2', '130803', '双滦区');
INSERT INTO `mcc_region` VALUES ('181', '0', '177', '2', '130804', '鹰手营子矿区');
INSERT INTO `mcc_region` VALUES ('182', '0', '177', '2', '130821', '承德县');
INSERT INTO `mcc_region` VALUES ('183', '0', '177', '2', '130822', '兴隆县');
INSERT INTO `mcc_region` VALUES ('184', '0', '177', '2', '130823', '平泉县');
INSERT INTO `mcc_region` VALUES ('185', '0', '177', '2', '130824', '滦平县');
INSERT INTO `mcc_region` VALUES ('186', '0', '177', '2', '130825', '隆化县');
INSERT INTO `mcc_region` VALUES ('187', '0', '177', '2', '130826', '丰宁满族自治县');
INSERT INTO `mcc_region` VALUES ('188', '0', '177', '2', '130827', '宽城满族自治县');
INSERT INTO `mcc_region` VALUES ('189', '0', '177', '2', '130828', '围场满族蒙古族自治县');
INSERT INTO `mcc_region` VALUES ('190', '0', '39', '1', '130900', '沧州市');
INSERT INTO `mcc_region` VALUES ('191', '0', '190', '2', '130901', '市辖区');
INSERT INTO `mcc_region` VALUES ('192', '0', '190', '2', '130902', '新华区');
INSERT INTO `mcc_region` VALUES ('193', '0', '190', '2', '130903', '运河区');
INSERT INTO `mcc_region` VALUES ('194', '0', '190', '2', '130921', '沧县');
INSERT INTO `mcc_region` VALUES ('195', '0', '190', '2', '130922', '青县');
INSERT INTO `mcc_region` VALUES ('196', '0', '190', '2', '130923', '东光县');
INSERT INTO `mcc_region` VALUES ('197', '0', '190', '2', '130924', '海兴县');
INSERT INTO `mcc_region` VALUES ('198', '0', '190', '2', '130925', '盐山县');
INSERT INTO `mcc_region` VALUES ('199', '0', '190', '2', '130926', '肃宁县');
INSERT INTO `mcc_region` VALUES ('200', '0', '190', '2', '130927', '南皮县');
INSERT INTO `mcc_region` VALUES ('201', '0', '190', '2', '130928', '吴桥县');
INSERT INTO `mcc_region` VALUES ('202', '0', '190', '2', '130929', '献县');
INSERT INTO `mcc_region` VALUES ('203', '0', '190', '2', '130930', '孟村回族自治县');
INSERT INTO `mcc_region` VALUES ('204', '0', '190', '2', '130981', '泊头市');
INSERT INTO `mcc_region` VALUES ('205', '0', '190', '2', '130982', '任丘市');
INSERT INTO `mcc_region` VALUES ('206', '0', '190', '2', '130983', '黄骅市');
INSERT INTO `mcc_region` VALUES ('207', '0', '190', '2', '130984', '河间市');
INSERT INTO `mcc_region` VALUES ('208', '0', '39', '1', '131000', '廊坊市');
INSERT INTO `mcc_region` VALUES ('209', '0', '208', '2', '131001', '市辖区');
INSERT INTO `mcc_region` VALUES ('210', '0', '208', '2', '131002', '安次区');
INSERT INTO `mcc_region` VALUES ('211', '0', '208', '2', '131003', '广阳区');
INSERT INTO `mcc_region` VALUES ('212', '0', '208', '2', '131022', '固安县');
INSERT INTO `mcc_region` VALUES ('213', '0', '208', '2', '131023', '永清县');
INSERT INTO `mcc_region` VALUES ('214', '0', '208', '2', '131024', '香河县');
INSERT INTO `mcc_region` VALUES ('215', '0', '208', '2', '131025', '大城县');
INSERT INTO `mcc_region` VALUES ('216', '0', '208', '2', '131026', '文安县');
INSERT INTO `mcc_region` VALUES ('217', '0', '208', '2', '131028', '大厂回族自治县');
INSERT INTO `mcc_region` VALUES ('218', '0', '208', '2', '131081', '霸州市');
INSERT INTO `mcc_region` VALUES ('219', '0', '208', '2', '131082', '三河市');
INSERT INTO `mcc_region` VALUES ('220', '0', '39', '1', '131100', '衡水市');
INSERT INTO `mcc_region` VALUES ('221', '0', '220', '2', '131101', '市辖区');
INSERT INTO `mcc_region` VALUES ('222', '0', '220', '2', '131102', '桃城区');
INSERT INTO `mcc_region` VALUES ('223', '0', '220', '2', '131121', '枣强县');
INSERT INTO `mcc_region` VALUES ('224', '0', '220', '2', '131122', '武邑县');
INSERT INTO `mcc_region` VALUES ('225', '0', '220', '2', '131123', '武强县');
INSERT INTO `mcc_region` VALUES ('226', '0', '220', '2', '131124', '饶阳县');
INSERT INTO `mcc_region` VALUES ('227', '0', '220', '2', '131125', '安平县');
INSERT INTO `mcc_region` VALUES ('228', '0', '220', '2', '131126', '故城县');
INSERT INTO `mcc_region` VALUES ('229', '0', '220', '2', '131127', '景县');
INSERT INTO `mcc_region` VALUES ('230', '0', '220', '2', '131128', '阜城县');
INSERT INTO `mcc_region` VALUES ('231', '0', '220', '2', '131181', '冀州市');
INSERT INTO `mcc_region` VALUES ('232', '0', '220', '2', '131182', '深州市');
INSERT INTO `mcc_region` VALUES ('233', '709', '0', '0', '140000', '山西省');
INSERT INTO `mcc_region` VALUES ('234', '0', '233', '1', '140100', '太原市');
INSERT INTO `mcc_region` VALUES ('235', '0', '234', '2', '140101', '市辖区');
INSERT INTO `mcc_region` VALUES ('236', '0', '234', '2', '140105', '小店区');
INSERT INTO `mcc_region` VALUES ('237', '0', '234', '2', '140106', '迎泽区');
INSERT INTO `mcc_region` VALUES ('238', '0', '234', '2', '140107', '杏花岭区');
INSERT INTO `mcc_region` VALUES ('239', '0', '234', '2', '140108', '尖草坪区');
INSERT INTO `mcc_region` VALUES ('240', '0', '234', '2', '140109', '万柏林区');
INSERT INTO `mcc_region` VALUES ('241', '0', '234', '2', '140110', '晋源区');
INSERT INTO `mcc_region` VALUES ('242', '0', '234', '2', '140121', '清徐县');
INSERT INTO `mcc_region` VALUES ('243', '0', '234', '2', '140122', '阳曲县');
INSERT INTO `mcc_region` VALUES ('244', '0', '234', '2', '140123', '娄烦县');
INSERT INTO `mcc_region` VALUES ('245', '0', '234', '2', '140181', '古交市');
INSERT INTO `mcc_region` VALUES ('246', '0', '233', '1', '140200', '大同市');
INSERT INTO `mcc_region` VALUES ('247', '0', '246', '2', '140201', '市辖区');
INSERT INTO `mcc_region` VALUES ('248', '0', '246', '2', '140202', '城区');
INSERT INTO `mcc_region` VALUES ('249', '0', '246', '2', '140203', '矿区');
INSERT INTO `mcc_region` VALUES ('250', '0', '246', '2', '140211', '南郊区');
INSERT INTO `mcc_region` VALUES ('251', '0', '246', '2', '140212', '新荣区');
INSERT INTO `mcc_region` VALUES ('252', '0', '246', '2', '140221', '阳高县');
INSERT INTO `mcc_region` VALUES ('253', '0', '246', '2', '140222', '天镇县');
INSERT INTO `mcc_region` VALUES ('254', '0', '246', '2', '140223', '广灵县');
INSERT INTO `mcc_region` VALUES ('255', '0', '246', '2', '140224', '灵丘县');
INSERT INTO `mcc_region` VALUES ('256', '0', '246', '2', '140225', '浑源县');
INSERT INTO `mcc_region` VALUES ('257', '0', '246', '2', '140226', '左云县');
INSERT INTO `mcc_region` VALUES ('258', '0', '246', '2', '140227', '大同县');
INSERT INTO `mcc_region` VALUES ('259', '0', '233', '1', '140300', '阳泉市');
INSERT INTO `mcc_region` VALUES ('260', '0', '259', '2', '140301', '市辖区');
INSERT INTO `mcc_region` VALUES ('261', '0', '259', '2', '140302', '城区');
INSERT INTO `mcc_region` VALUES ('262', '0', '259', '2', '140303', '矿区');
INSERT INTO `mcc_region` VALUES ('263', '0', '259', '2', '140311', '郊区');
INSERT INTO `mcc_region` VALUES ('264', '0', '259', '2', '140321', '平定县');
INSERT INTO `mcc_region` VALUES ('265', '0', '259', '2', '140322', '盂县');
INSERT INTO `mcc_region` VALUES ('266', '0', '233', '1', '140400', '长治市');
INSERT INTO `mcc_region` VALUES ('267', '0', '266', '2', '140401', '市辖区');
INSERT INTO `mcc_region` VALUES ('268', '0', '266', '2', '140402', '城区');
INSERT INTO `mcc_region` VALUES ('269', '0', '266', '2', '140411', '郊区');
INSERT INTO `mcc_region` VALUES ('270', '0', '266', '2', '140421', '长治县');
INSERT INTO `mcc_region` VALUES ('271', '0', '266', '2', '140423', '襄垣县');
INSERT INTO `mcc_region` VALUES ('272', '0', '266', '2', '140424', '屯留县');
INSERT INTO `mcc_region` VALUES ('273', '0', '266', '2', '140425', '平顺县');
INSERT INTO `mcc_region` VALUES ('274', '0', '266', '2', '140426', '黎城县');
INSERT INTO `mcc_region` VALUES ('275', '0', '266', '2', '140427', '壶关县');
INSERT INTO `mcc_region` VALUES ('276', '0', '266', '2', '140428', '长子县');
INSERT INTO `mcc_region` VALUES ('277', '0', '266', '2', '140429', '武乡县');
INSERT INTO `mcc_region` VALUES ('278', '0', '266', '2', '140430', '沁县');
INSERT INTO `mcc_region` VALUES ('279', '0', '266', '2', '140431', '沁源县');
INSERT INTO `mcc_region` VALUES ('280', '0', '266', '2', '140481', '潞城市');
INSERT INTO `mcc_region` VALUES ('281', '0', '233', '1', '140500', '晋城市');
INSERT INTO `mcc_region` VALUES ('282', '0', '281', '2', '140501', '市辖区');
INSERT INTO `mcc_region` VALUES ('283', '0', '281', '2', '140502', '城区');
INSERT INTO `mcc_region` VALUES ('284', '0', '281', '2', '140521', '沁水县');
INSERT INTO `mcc_region` VALUES ('285', '0', '281', '2', '140522', '阳城县');
INSERT INTO `mcc_region` VALUES ('286', '0', '281', '2', '140524', '陵川县');
INSERT INTO `mcc_region` VALUES ('287', '0', '281', '2', '140525', '泽州县');
INSERT INTO `mcc_region` VALUES ('288', '0', '281', '2', '140581', '高平市');
INSERT INTO `mcc_region` VALUES ('289', '0', '233', '1', '140600', '朔州市');
INSERT INTO `mcc_region` VALUES ('290', '0', '289', '2', '140601', '市辖区');
INSERT INTO `mcc_region` VALUES ('291', '0', '289', '2', '140602', '朔城区');
INSERT INTO `mcc_region` VALUES ('292', '0', '289', '2', '140603', '平鲁区');
INSERT INTO `mcc_region` VALUES ('293', '0', '289', '2', '140621', '山阴县');
INSERT INTO `mcc_region` VALUES ('294', '0', '289', '2', '140622', '应县');
INSERT INTO `mcc_region` VALUES ('295', '0', '289', '2', '140623', '右玉县');
INSERT INTO `mcc_region` VALUES ('296', '0', '289', '2', '140624', '怀仁县');
INSERT INTO `mcc_region` VALUES ('297', '0', '233', '1', '140700', '晋中市');
INSERT INTO `mcc_region` VALUES ('298', '0', '297', '2', '140701', '市辖区');
INSERT INTO `mcc_region` VALUES ('299', '0', '297', '2', '140702', '榆次区');
INSERT INTO `mcc_region` VALUES ('300', '0', '297', '2', '140721', '榆社县');
INSERT INTO `mcc_region` VALUES ('301', '0', '297', '2', '140722', '左权县');
INSERT INTO `mcc_region` VALUES ('302', '0', '297', '2', '140723', '和顺县');
INSERT INTO `mcc_region` VALUES ('303', '0', '297', '2', '140724', '昔阳县');
INSERT INTO `mcc_region` VALUES ('304', '0', '297', '2', '140725', '寿阳县');
INSERT INTO `mcc_region` VALUES ('305', '0', '297', '2', '140726', '太谷县');
INSERT INTO `mcc_region` VALUES ('306', '0', '297', '2', '140727', '祁县');
INSERT INTO `mcc_region` VALUES ('307', '0', '297', '2', '140728', '平遥县');
INSERT INTO `mcc_region` VALUES ('308', '0', '297', '2', '140729', '灵石县');
INSERT INTO `mcc_region` VALUES ('309', '0', '297', '2', '140781', '介休市');
INSERT INTO `mcc_region` VALUES ('310', '0', '233', '1', '140800', '运城市');
INSERT INTO `mcc_region` VALUES ('311', '0', '310', '2', '140801', '市辖区');
INSERT INTO `mcc_region` VALUES ('312', '0', '310', '2', '140802', '盐湖区');
INSERT INTO `mcc_region` VALUES ('313', '0', '310', '2', '140821', '临猗县');
INSERT INTO `mcc_region` VALUES ('314', '0', '310', '2', '140822', '万荣县');
INSERT INTO `mcc_region` VALUES ('315', '0', '310', '2', '140823', '闻喜县');
INSERT INTO `mcc_region` VALUES ('316', '0', '310', '2', '140824', '稷山县');
INSERT INTO `mcc_region` VALUES ('317', '0', '310', '2', '140825', '新绛县');
INSERT INTO `mcc_region` VALUES ('318', '0', '310', '2', '140826', '绛县');
INSERT INTO `mcc_region` VALUES ('319', '0', '310', '2', '140827', '垣曲县');
INSERT INTO `mcc_region` VALUES ('320', '0', '310', '2', '140828', '夏县');
INSERT INTO `mcc_region` VALUES ('321', '0', '310', '2', '140829', '平陆县');
INSERT INTO `mcc_region` VALUES ('322', '0', '310', '2', '140830', '芮城县');
INSERT INTO `mcc_region` VALUES ('323', '0', '310', '2', '140881', '永济市');
INSERT INTO `mcc_region` VALUES ('324', '0', '310', '2', '140882', '河津市');
INSERT INTO `mcc_region` VALUES ('325', '0', '233', '1', '140900', '忻州市');
INSERT INTO `mcc_region` VALUES ('326', '0', '325', '2', '140901', '市辖区');
INSERT INTO `mcc_region` VALUES ('327', '0', '325', '2', '140902', '忻府区');
INSERT INTO `mcc_region` VALUES ('328', '0', '325', '2', '140921', '定襄县');
INSERT INTO `mcc_region` VALUES ('329', '0', '325', '2', '140922', '五台县');
INSERT INTO `mcc_region` VALUES ('330', '0', '325', '2', '140923', '代县');
INSERT INTO `mcc_region` VALUES ('331', '0', '325', '2', '140924', '繁峙县');
INSERT INTO `mcc_region` VALUES ('332', '0', '325', '2', '140925', '宁武县');
INSERT INTO `mcc_region` VALUES ('333', '0', '325', '2', '140926', '静乐县');
INSERT INTO `mcc_region` VALUES ('334', '0', '325', '2', '140927', '神池县');
INSERT INTO `mcc_region` VALUES ('335', '0', '325', '2', '140928', '五寨县');
INSERT INTO `mcc_region` VALUES ('336', '0', '325', '2', '140929', '岢岚县');
INSERT INTO `mcc_region` VALUES ('337', '0', '325', '2', '140930', '河曲县');
INSERT INTO `mcc_region` VALUES ('338', '0', '325', '2', '140931', '保德县');
INSERT INTO `mcc_region` VALUES ('339', '0', '325', '2', '140932', '偏关县');
INSERT INTO `mcc_region` VALUES ('340', '0', '325', '2', '140981', '原平市');
INSERT INTO `mcc_region` VALUES ('341', '0', '233', '1', '141000', '临汾市');
INSERT INTO `mcc_region` VALUES ('342', '0', '341', '2', '141001', '市辖区');
INSERT INTO `mcc_region` VALUES ('343', '0', '341', '2', '141002', '尧都区');
INSERT INTO `mcc_region` VALUES ('344', '0', '341', '2', '141021', '曲沃县');
INSERT INTO `mcc_region` VALUES ('345', '0', '341', '2', '141022', '翼城县');
INSERT INTO `mcc_region` VALUES ('346', '0', '341', '2', '141023', '襄汾县');
INSERT INTO `mcc_region` VALUES ('347', '0', '341', '2', '141024', '洪洞县');
INSERT INTO `mcc_region` VALUES ('348', '0', '341', '2', '141025', '古县');
INSERT INTO `mcc_region` VALUES ('349', '0', '341', '2', '141026', '安泽县');
INSERT INTO `mcc_region` VALUES ('350', '0', '341', '2', '141027', '浮山县');
INSERT INTO `mcc_region` VALUES ('351', '0', '341', '2', '141028', '吉县');
INSERT INTO `mcc_region` VALUES ('352', '0', '341', '2', '141029', '乡宁县');
INSERT INTO `mcc_region` VALUES ('353', '0', '341', '2', '141030', '大宁县');
INSERT INTO `mcc_region` VALUES ('354', '0', '341', '2', '141031', '隰县');
INSERT INTO `mcc_region` VALUES ('355', '0', '341', '2', '141032', '永和县');
INSERT INTO `mcc_region` VALUES ('356', '0', '341', '2', '141033', '蒲县');
INSERT INTO `mcc_region` VALUES ('357', '0', '341', '2', '141034', '汾西县');
INSERT INTO `mcc_region` VALUES ('358', '0', '341', '2', '141081', '侯马市');
INSERT INTO `mcc_region` VALUES ('359', '0', '341', '2', '141082', '霍州市');
INSERT INTO `mcc_region` VALUES ('360', '0', '233', '1', '141100', '吕梁市');
INSERT INTO `mcc_region` VALUES ('361', '0', '360', '2', '141101', '市辖区');
INSERT INTO `mcc_region` VALUES ('362', '0', '360', '2', '141102', '离石区');
INSERT INTO `mcc_region` VALUES ('363', '0', '360', '2', '141121', '文水县');
INSERT INTO `mcc_region` VALUES ('364', '0', '360', '2', '141122', '交城县');
INSERT INTO `mcc_region` VALUES ('365', '0', '360', '2', '141123', '兴县');
INSERT INTO `mcc_region` VALUES ('366', '0', '360', '2', '141124', '临县');
INSERT INTO `mcc_region` VALUES ('367', '0', '360', '2', '141125', '柳林县');
INSERT INTO `mcc_region` VALUES ('368', '0', '360', '2', '141126', '石楼县');
INSERT INTO `mcc_region` VALUES ('369', '0', '360', '2', '141127', '岚县');
INSERT INTO `mcc_region` VALUES ('370', '0', '360', '2', '141128', '方山县');
INSERT INTO `mcc_region` VALUES ('371', '0', '360', '2', '141129', '中阳县');
INSERT INTO `mcc_region` VALUES ('372', '0', '360', '2', '141130', '交口县');
INSERT INTO `mcc_region` VALUES ('373', '0', '360', '2', '141181', '孝义市');
INSERT INTO `mcc_region` VALUES ('374', '0', '360', '2', '141182', '汾阳市');
INSERT INTO `mcc_region` VALUES ('375', '699', '0', '0', '150000', '内蒙古自治区');
INSERT INTO `mcc_region` VALUES ('376', '0', '375', '1', '150100', '呼和浩特市');
INSERT INTO `mcc_region` VALUES ('377', '0', '376', '2', '150101', '市辖区');
INSERT INTO `mcc_region` VALUES ('378', '0', '376', '2', '150102', '新城区');
INSERT INTO `mcc_region` VALUES ('379', '0', '376', '2', '150103', '回民区');
INSERT INTO `mcc_region` VALUES ('380', '0', '376', '2', '150104', '玉泉区');
INSERT INTO `mcc_region` VALUES ('381', '0', '376', '2', '150105', '赛罕区');
INSERT INTO `mcc_region` VALUES ('382', '0', '376', '2', '150121', '土默特左旗');
INSERT INTO `mcc_region` VALUES ('383', '0', '376', '2', '150122', '托克托县');
INSERT INTO `mcc_region` VALUES ('384', '0', '376', '2', '150123', '和林格尔县');
INSERT INTO `mcc_region` VALUES ('385', '0', '376', '2', '150124', '清水河县');
INSERT INTO `mcc_region` VALUES ('386', '0', '376', '2', '150125', '武川县');
INSERT INTO `mcc_region` VALUES ('387', '0', '375', '1', '150200', '包头市');
INSERT INTO `mcc_region` VALUES ('388', '0', '387', '2', '150201', '市辖区');
INSERT INTO `mcc_region` VALUES ('389', '0', '387', '2', '150202', '东河区');
INSERT INTO `mcc_region` VALUES ('390', '0', '387', '2', '150203', '昆都仑区');
INSERT INTO `mcc_region` VALUES ('391', '0', '387', '2', '150204', '青山区');
INSERT INTO `mcc_region` VALUES ('392', '0', '387', '2', '150205', '石拐区');
INSERT INTO `mcc_region` VALUES ('393', '0', '387', '2', '150206', '白云鄂博矿区');
INSERT INTO `mcc_region` VALUES ('394', '0', '387', '2', '150207', '九原区');
INSERT INTO `mcc_region` VALUES ('395', '0', '387', '2', '150221', '土默特右旗');
INSERT INTO `mcc_region` VALUES ('396', '0', '387', '2', '150222', '固阳县');
INSERT INTO `mcc_region` VALUES ('397', '0', '387', '2', '150223', '达尔罕茂明安联合旗');
INSERT INTO `mcc_region` VALUES ('398', '0', '375', '1', '150300', '乌海市');
INSERT INTO `mcc_region` VALUES ('399', '0', '398', '2', '150301', '市辖区');
INSERT INTO `mcc_region` VALUES ('400', '0', '398', '2', '150302', '海勃湾区');
INSERT INTO `mcc_region` VALUES ('401', '0', '398', '2', '150303', '海南区');
INSERT INTO `mcc_region` VALUES ('402', '0', '398', '2', '150304', '乌达区');
INSERT INTO `mcc_region` VALUES ('403', '0', '375', '1', '150400', '赤峰市');
INSERT INTO `mcc_region` VALUES ('404', '0', '403', '2', '150401', '市辖区');
INSERT INTO `mcc_region` VALUES ('405', '0', '403', '2', '150402', '红山区');
INSERT INTO `mcc_region` VALUES ('406', '0', '403', '2', '150403', '元宝山区');
INSERT INTO `mcc_region` VALUES ('407', '0', '403', '2', '150404', '松山区');
INSERT INTO `mcc_region` VALUES ('408', '0', '403', '2', '150421', '阿鲁科尔沁旗');
INSERT INTO `mcc_region` VALUES ('409', '0', '403', '2', '150422', '巴林左旗');
INSERT INTO `mcc_region` VALUES ('410', '0', '403', '2', '150423', '巴林右旗');
INSERT INTO `mcc_region` VALUES ('411', '0', '403', '2', '150424', '林西县');
INSERT INTO `mcc_region` VALUES ('412', '0', '403', '2', '150425', '克什克腾旗');
INSERT INTO `mcc_region` VALUES ('413', '0', '403', '2', '150426', '翁牛特旗');
INSERT INTO `mcc_region` VALUES ('414', '0', '403', '2', '150428', '喀喇沁旗');
INSERT INTO `mcc_region` VALUES ('415', '0', '403', '2', '150429', '宁城县');
INSERT INTO `mcc_region` VALUES ('416', '0', '403', '2', '150430', '敖汉旗');
INSERT INTO `mcc_region` VALUES ('417', '0', '375', '1', '150500', '通辽市');
INSERT INTO `mcc_region` VALUES ('418', '0', '417', '2', '150501', '市辖区');
INSERT INTO `mcc_region` VALUES ('419', '0', '417', '2', '150502', '科尔沁区');
INSERT INTO `mcc_region` VALUES ('420', '0', '417', '2', '150521', '科尔沁左翼中旗');
INSERT INTO `mcc_region` VALUES ('421', '0', '417', '2', '150522', '科尔沁左翼后旗');
INSERT INTO `mcc_region` VALUES ('422', '0', '417', '2', '150523', '开鲁县');
INSERT INTO `mcc_region` VALUES ('423', '0', '417', '2', '150524', '库伦旗');
INSERT INTO `mcc_region` VALUES ('424', '0', '417', '2', '150525', '奈曼旗');
INSERT INTO `mcc_region` VALUES ('425', '0', '417', '2', '150526', '扎鲁特旗');
INSERT INTO `mcc_region` VALUES ('426', '0', '417', '2', '150581', '霍林郭勒市');
INSERT INTO `mcc_region` VALUES ('427', '0', '375', '1', '150600', '鄂尔多斯市');
INSERT INTO `mcc_region` VALUES ('428', '0', '427', '2', '150601', '市辖区');
INSERT INTO `mcc_region` VALUES ('429', '0', '427', '2', '150602', '东胜区');
INSERT INTO `mcc_region` VALUES ('430', '0', '427', '2', '150621', '达拉特旗');
INSERT INTO `mcc_region` VALUES ('431', '0', '427', '2', '150622', '准格尔旗');
INSERT INTO `mcc_region` VALUES ('432', '0', '427', '2', '150623', '鄂托克前旗');
INSERT INTO `mcc_region` VALUES ('433', '0', '427', '2', '150624', '鄂托克旗');
INSERT INTO `mcc_region` VALUES ('434', '0', '427', '2', '150625', '杭锦旗');
INSERT INTO `mcc_region` VALUES ('435', '0', '427', '2', '150626', '乌审旗');
INSERT INTO `mcc_region` VALUES ('436', '0', '427', '2', '150627', '伊金霍洛旗');
INSERT INTO `mcc_region` VALUES ('437', '0', '375', '1', '150700', '呼伦贝尔市');
INSERT INTO `mcc_region` VALUES ('438', '0', '437', '2', '150701', '市辖区');
INSERT INTO `mcc_region` VALUES ('439', '0', '437', '2', '150702', '海拉尔区');
INSERT INTO `mcc_region` VALUES ('440', '0', '437', '2', '150703', '扎赉诺尔区');
INSERT INTO `mcc_region` VALUES ('441', '0', '437', '2', '150721', '阿荣旗');
INSERT INTO `mcc_region` VALUES ('442', '0', '437', '2', '150722', '莫力达瓦达斡尔族自治旗');
INSERT INTO `mcc_region` VALUES ('443', '0', '437', '2', '150723', '鄂伦春自治旗');
INSERT INTO `mcc_region` VALUES ('444', '0', '437', '2', '150724', '鄂温克族自治旗');
INSERT INTO `mcc_region` VALUES ('445', '0', '437', '2', '150725', '陈巴尔虎旗');
INSERT INTO `mcc_region` VALUES ('446', '0', '437', '2', '150726', '新巴尔虎左旗');
INSERT INTO `mcc_region` VALUES ('447', '0', '437', '2', '150727', '新巴尔虎右旗');
INSERT INTO `mcc_region` VALUES ('448', '0', '437', '2', '150781', '满洲里市');
INSERT INTO `mcc_region` VALUES ('449', '0', '437', '2', '150782', '牙克石市');
INSERT INTO `mcc_region` VALUES ('450', '0', '437', '2', '150783', '扎兰屯市');
INSERT INTO `mcc_region` VALUES ('451', '0', '437', '2', '150784', '额尔古纳市');
INSERT INTO `mcc_region` VALUES ('452', '0', '437', '2', '150785', '根河市');
INSERT INTO `mcc_region` VALUES ('453', '0', '375', '1', '150800', '巴彦淖尔市');
INSERT INTO `mcc_region` VALUES ('454', '0', '453', '2', '150801', '市辖区');
INSERT INTO `mcc_region` VALUES ('455', '0', '453', '2', '150802', '临河区');
INSERT INTO `mcc_region` VALUES ('456', '0', '453', '2', '150821', '五原县');
INSERT INTO `mcc_region` VALUES ('457', '0', '453', '2', '150822', '磴口县');
INSERT INTO `mcc_region` VALUES ('458', '0', '453', '2', '150823', '乌拉特前旗');
INSERT INTO `mcc_region` VALUES ('459', '0', '453', '2', '150824', '乌拉特中旗');
INSERT INTO `mcc_region` VALUES ('460', '0', '453', '2', '150825', '乌拉特后旗');
INSERT INTO `mcc_region` VALUES ('461', '0', '453', '2', '150826', '杭锦后旗');
INSERT INTO `mcc_region` VALUES ('462', '0', '375', '1', '150900', '乌兰察布市');
INSERT INTO `mcc_region` VALUES ('463', '0', '462', '2', '150901', '市辖区');
INSERT INTO `mcc_region` VALUES ('464', '0', '462', '2', '150902', '集宁区');
INSERT INTO `mcc_region` VALUES ('465', '0', '462', '2', '150921', '卓资县');
INSERT INTO `mcc_region` VALUES ('466', '0', '462', '2', '150922', '化德县');
INSERT INTO `mcc_region` VALUES ('467', '0', '462', '2', '150923', '商都县');
INSERT INTO `mcc_region` VALUES ('468', '0', '462', '2', '150924', '兴和县');
INSERT INTO `mcc_region` VALUES ('469', '0', '462', '2', '150925', '凉城县');
INSERT INTO `mcc_region` VALUES ('470', '0', '462', '2', '150926', '察哈尔右翼前旗');
INSERT INTO `mcc_region` VALUES ('471', '0', '462', '2', '150927', '察哈尔右翼中旗');
INSERT INTO `mcc_region` VALUES ('472', '0', '462', '2', '150928', '察哈尔右翼后旗');
INSERT INTO `mcc_region` VALUES ('473', '0', '462', '2', '150929', '四子王旗');
INSERT INTO `mcc_region` VALUES ('474', '0', '462', '2', '150981', '丰镇市');
INSERT INTO `mcc_region` VALUES ('475', '0', '375', '1', '152200', '兴安盟');
INSERT INTO `mcc_region` VALUES ('476', '0', '475', '2', '152201', '乌兰浩特市');
INSERT INTO `mcc_region` VALUES ('477', '0', '475', '2', '152202', '阿尔山市');
INSERT INTO `mcc_region` VALUES ('478', '0', '475', '2', '152221', '科尔沁右翼前旗');
INSERT INTO `mcc_region` VALUES ('479', '0', '475', '2', '152222', '科尔沁右翼中旗');
INSERT INTO `mcc_region` VALUES ('480', '0', '475', '2', '152223', '扎赉特旗');
INSERT INTO `mcc_region` VALUES ('481', '0', '475', '2', '152224', '突泉县');
INSERT INTO `mcc_region` VALUES ('482', '0', '375', '1', '152500', '锡林郭勒盟');
INSERT INTO `mcc_region` VALUES ('483', '0', '482', '2', '152501', '二连浩特市');
INSERT INTO `mcc_region` VALUES ('484', '0', '482', '2', '152502', '锡林浩特市');
INSERT INTO `mcc_region` VALUES ('485', '0', '482', '2', '152522', '阿巴嘎旗');
INSERT INTO `mcc_region` VALUES ('486', '0', '482', '2', '152523', '苏尼特左旗');
INSERT INTO `mcc_region` VALUES ('487', '0', '482', '2', '152524', '苏尼特右旗');
INSERT INTO `mcc_region` VALUES ('488', '0', '482', '2', '152525', '东乌珠穆沁旗');
INSERT INTO `mcc_region` VALUES ('489', '0', '482', '2', '152526', '西乌珠穆沁旗');
INSERT INTO `mcc_region` VALUES ('490', '0', '482', '2', '152527', '太仆寺旗');
INSERT INTO `mcc_region` VALUES ('491', '0', '482', '2', '152528', '镶黄旗');
INSERT INTO `mcc_region` VALUES ('492', '0', '482', '2', '152529', '正镶白旗');
INSERT INTO `mcc_region` VALUES ('493', '0', '482', '2', '152530', '正蓝旗');
INSERT INTO `mcc_region` VALUES ('494', '0', '482', '2', '152531', '多伦县');
INSERT INTO `mcc_region` VALUES ('495', '0', '375', '1', '152900', '阿拉善盟');
INSERT INTO `mcc_region` VALUES ('496', '0', '495', '2', '152921', '阿拉善左旗');
INSERT INTO `mcc_region` VALUES ('497', '0', '495', '2', '152922', '阿拉善右旗');
INSERT INTO `mcc_region` VALUES ('498', '0', '495', '2', '152923', '额济纳旗');
INSERT INTO `mcc_region` VALUES ('499', '703', '0', '0', '210000', '辽宁省');
INSERT INTO `mcc_region` VALUES ('500', '0', '499', '1', '210100', '沈阳市');
INSERT INTO `mcc_region` VALUES ('501', '0', '500', '2', '210101', '市辖区');
INSERT INTO `mcc_region` VALUES ('502', '0', '500', '2', '210102', '和平区');
INSERT INTO `mcc_region` VALUES ('503', '0', '500', '2', '210103', '沈河区');
INSERT INTO `mcc_region` VALUES ('504', '0', '500', '2', '210104', '大东区');
INSERT INTO `mcc_region` VALUES ('505', '0', '500', '2', '210105', '皇姑区');
INSERT INTO `mcc_region` VALUES ('506', '0', '500', '2', '210106', '铁西区');
INSERT INTO `mcc_region` VALUES ('507', '0', '500', '2', '210111', '苏家屯区');
INSERT INTO `mcc_region` VALUES ('508', '0', '500', '2', '210112', '浑南区');
INSERT INTO `mcc_region` VALUES ('509', '0', '500', '2', '210113', '沈北新区');
INSERT INTO `mcc_region` VALUES ('510', '0', '500', '2', '210114', '于洪区');
INSERT INTO `mcc_region` VALUES ('511', '0', '500', '2', '210122', '辽中县');
INSERT INTO `mcc_region` VALUES ('512', '0', '500', '2', '210123', '康平县');
INSERT INTO `mcc_region` VALUES ('513', '0', '500', '2', '210124', '法库县');
INSERT INTO `mcc_region` VALUES ('514', '0', '500', '2', '210181', '新民市');
INSERT INTO `mcc_region` VALUES ('515', '0', '499', '1', '210200', '大连市');
INSERT INTO `mcc_region` VALUES ('516', '0', '515', '2', '210201', '市辖区');
INSERT INTO `mcc_region` VALUES ('517', '0', '515', '2', '210202', '中山区');
INSERT INTO `mcc_region` VALUES ('518', '0', '515', '2', '210203', '西岗区');
INSERT INTO `mcc_region` VALUES ('519', '0', '515', '2', '210204', '沙河口区');
INSERT INTO `mcc_region` VALUES ('520', '0', '515', '2', '210211', '甘井子区');
INSERT INTO `mcc_region` VALUES ('521', '0', '515', '2', '210212', '旅顺口区');
INSERT INTO `mcc_region` VALUES ('522', '0', '515', '2', '210213', '金州区');
INSERT INTO `mcc_region` VALUES ('523', '0', '515', '2', '210224', '长海县');
INSERT INTO `mcc_region` VALUES ('524', '0', '515', '2', '210281', '瓦房店市');
INSERT INTO `mcc_region` VALUES ('525', '0', '515', '2', '210282', '普兰店市');
INSERT INTO `mcc_region` VALUES ('526', '0', '515', '2', '210283', '庄河市');
INSERT INTO `mcc_region` VALUES ('527', '0', '499', '1', '210300', '鞍山市');
INSERT INTO `mcc_region` VALUES ('528', '0', '527', '2', '210301', '市辖区');
INSERT INTO `mcc_region` VALUES ('529', '0', '527', '2', '210302', '铁东区');
INSERT INTO `mcc_region` VALUES ('530', '0', '527', '2', '210303', '铁西区');
INSERT INTO `mcc_region` VALUES ('531', '0', '527', '2', '210304', '立山区');
INSERT INTO `mcc_region` VALUES ('532', '0', '527', '2', '210311', '千山区');
INSERT INTO `mcc_region` VALUES ('533', '0', '527', '2', '210321', '台安县');
INSERT INTO `mcc_region` VALUES ('534', '0', '527', '2', '210323', '岫岩满族自治县');
INSERT INTO `mcc_region` VALUES ('535', '0', '527', '2', '210381', '海城市');
INSERT INTO `mcc_region` VALUES ('536', '0', '499', '1', '210400', '抚顺市');
INSERT INTO `mcc_region` VALUES ('537', '0', '536', '2', '210401', '市辖区');
INSERT INTO `mcc_region` VALUES ('538', '0', '536', '2', '210402', '新抚区');
INSERT INTO `mcc_region` VALUES ('539', '0', '536', '2', '210403', '东洲区');
INSERT INTO `mcc_region` VALUES ('540', '0', '536', '2', '210404', '望花区');
INSERT INTO `mcc_region` VALUES ('541', '0', '536', '2', '210411', '顺城区');
INSERT INTO `mcc_region` VALUES ('542', '0', '536', '2', '210421', '抚顺县');
INSERT INTO `mcc_region` VALUES ('543', '0', '536', '2', '210422', '新宾满族自治县');
INSERT INTO `mcc_region` VALUES ('544', '0', '536', '2', '210423', '清原满族自治县');
INSERT INTO `mcc_region` VALUES ('545', '0', '499', '1', '210500', '本溪市');
INSERT INTO `mcc_region` VALUES ('546', '0', '545', '2', '210501', '市辖区');
INSERT INTO `mcc_region` VALUES ('547', '0', '545', '2', '210502', '平山区');
INSERT INTO `mcc_region` VALUES ('548', '0', '545', '2', '210503', '溪湖区');
INSERT INTO `mcc_region` VALUES ('549', '0', '545', '2', '210504', '明山区');
INSERT INTO `mcc_region` VALUES ('550', '0', '545', '2', '210505', '南芬区');
INSERT INTO `mcc_region` VALUES ('551', '0', '545', '2', '210521', '本溪满族自治县');
INSERT INTO `mcc_region` VALUES ('552', '0', '545', '2', '210522', '桓仁满族自治县');
INSERT INTO `mcc_region` VALUES ('553', '0', '499', '1', '210600', '丹东市');
INSERT INTO `mcc_region` VALUES ('554', '0', '553', '2', '210601', '市辖区');
INSERT INTO `mcc_region` VALUES ('555', '0', '553', '2', '210602', '元宝区');
INSERT INTO `mcc_region` VALUES ('556', '0', '553', '2', '210603', '振兴区');
INSERT INTO `mcc_region` VALUES ('557', '0', '553', '2', '210604', '振安区');
INSERT INTO `mcc_region` VALUES ('558', '0', '553', '2', '210624', '宽甸满族自治县');
INSERT INTO `mcc_region` VALUES ('559', '0', '553', '2', '210681', '东港市');
INSERT INTO `mcc_region` VALUES ('560', '0', '553', '2', '210682', '凤城市');
INSERT INTO `mcc_region` VALUES ('561', '0', '499', '1', '210700', '锦州市');
INSERT INTO `mcc_region` VALUES ('562', '0', '561', '2', '210701', '市辖区');
INSERT INTO `mcc_region` VALUES ('563', '0', '561', '2', '210702', '古塔区');
INSERT INTO `mcc_region` VALUES ('564', '0', '561', '2', '210703', '凌河区');
INSERT INTO `mcc_region` VALUES ('565', '0', '561', '2', '210711', '太和区');
INSERT INTO `mcc_region` VALUES ('566', '0', '561', '2', '210726', '黑山县');
INSERT INTO `mcc_region` VALUES ('567', '0', '561', '2', '210727', '义县');
INSERT INTO `mcc_region` VALUES ('568', '0', '561', '2', '210781', '凌海市');
INSERT INTO `mcc_region` VALUES ('569', '0', '561', '2', '210782', '北镇市');
INSERT INTO `mcc_region` VALUES ('570', '0', '499', '1', '210800', '营口市');
INSERT INTO `mcc_region` VALUES ('571', '0', '570', '2', '210801', '市辖区');
INSERT INTO `mcc_region` VALUES ('572', '0', '570', '2', '210802', '站前区');
INSERT INTO `mcc_region` VALUES ('573', '0', '570', '2', '210803', '西市区');
INSERT INTO `mcc_region` VALUES ('574', '0', '570', '2', '210804', '鲅鱼圈区');
INSERT INTO `mcc_region` VALUES ('575', '0', '570', '2', '210811', '老边区');
INSERT INTO `mcc_region` VALUES ('576', '0', '570', '2', '210881', '盖州市');
INSERT INTO `mcc_region` VALUES ('577', '0', '570', '2', '210882', '大石桥市');
INSERT INTO `mcc_region` VALUES ('578', '0', '499', '1', '210900', '阜新市');
INSERT INTO `mcc_region` VALUES ('579', '0', '578', '2', '210901', '市辖区');
INSERT INTO `mcc_region` VALUES ('580', '0', '578', '2', '210902', '海州区');
INSERT INTO `mcc_region` VALUES ('581', '0', '578', '2', '210903', '新邱区');
INSERT INTO `mcc_region` VALUES ('582', '0', '578', '2', '210904', '太平区');
INSERT INTO `mcc_region` VALUES ('583', '0', '578', '2', '210905', '清河门区');
INSERT INTO `mcc_region` VALUES ('584', '0', '578', '2', '210911', '细河区');
INSERT INTO `mcc_region` VALUES ('585', '0', '578', '2', '210921', '阜新蒙古族自治县');
INSERT INTO `mcc_region` VALUES ('586', '0', '578', '2', '210922', '彰武县');
INSERT INTO `mcc_region` VALUES ('587', '0', '499', '1', '211000', '辽阳市');
INSERT INTO `mcc_region` VALUES ('588', '0', '587', '2', '211001', '市辖区');
INSERT INTO `mcc_region` VALUES ('589', '0', '587', '2', '211002', '白塔区');
INSERT INTO `mcc_region` VALUES ('590', '0', '587', '2', '211003', '文圣区');
INSERT INTO `mcc_region` VALUES ('591', '0', '587', '2', '211004', '宏伟区');
INSERT INTO `mcc_region` VALUES ('592', '0', '587', '2', '211005', '弓长岭区');
INSERT INTO `mcc_region` VALUES ('593', '0', '587', '2', '211011', '太子河区');
INSERT INTO `mcc_region` VALUES ('594', '0', '587', '2', '211021', '辽阳县');
INSERT INTO `mcc_region` VALUES ('595', '0', '587', '2', '211081', '灯塔市');
INSERT INTO `mcc_region` VALUES ('596', '0', '499', '1', '211100', '盘锦市');
INSERT INTO `mcc_region` VALUES ('597', '0', '596', '2', '211101', '市辖区');
INSERT INTO `mcc_region` VALUES ('598', '0', '596', '2', '211102', '双台子区');
INSERT INTO `mcc_region` VALUES ('599', '0', '596', '2', '211103', '兴隆台区');
INSERT INTO `mcc_region` VALUES ('600', '0', '596', '2', '211121', '大洼县');
INSERT INTO `mcc_region` VALUES ('601', '0', '596', '2', '211122', '盘山县');
INSERT INTO `mcc_region` VALUES ('602', '0', '499', '1', '211200', '铁岭市');
INSERT INTO `mcc_region` VALUES ('603', '0', '602', '2', '211201', '市辖区');
INSERT INTO `mcc_region` VALUES ('604', '0', '602', '2', '211202', '银州区');
INSERT INTO `mcc_region` VALUES ('605', '0', '602', '2', '211204', '清河区');
INSERT INTO `mcc_region` VALUES ('606', '0', '602', '2', '211221', '铁岭县');
INSERT INTO `mcc_region` VALUES ('607', '0', '602', '2', '211223', '西丰县');
INSERT INTO `mcc_region` VALUES ('608', '0', '602', '2', '211224', '昌图县');
INSERT INTO `mcc_region` VALUES ('609', '0', '602', '2', '211281', '调兵山市');
INSERT INTO `mcc_region` VALUES ('610', '0', '602', '2', '211282', '开原市');
INSERT INTO `mcc_region` VALUES ('611', '0', '499', '1', '211300', '朝阳市');
INSERT INTO `mcc_region` VALUES ('612', '0', '611', '2', '211301', '市辖区');
INSERT INTO `mcc_region` VALUES ('613', '0', '611', '2', '211302', '双塔区');
INSERT INTO `mcc_region` VALUES ('614', '0', '611', '2', '211303', '龙城区');
INSERT INTO `mcc_region` VALUES ('615', '0', '611', '2', '211321', '朝阳县');
INSERT INTO `mcc_region` VALUES ('616', '0', '611', '2', '211322', '建平县');
INSERT INTO `mcc_region` VALUES ('617', '0', '611', '2', '211324', '喀喇沁左翼蒙古族自治县');
INSERT INTO `mcc_region` VALUES ('618', '0', '611', '2', '211381', '北票市');
INSERT INTO `mcc_region` VALUES ('619', '0', '611', '2', '211382', '凌源市');
INSERT INTO `mcc_region` VALUES ('620', '0', '499', '1', '211400', '葫芦岛市');
INSERT INTO `mcc_region` VALUES ('621', '0', '620', '2', '211401', '市辖区');
INSERT INTO `mcc_region` VALUES ('622', '0', '620', '2', '211402', '连山区');
INSERT INTO `mcc_region` VALUES ('623', '0', '620', '2', '211403', '龙港区');
INSERT INTO `mcc_region` VALUES ('624', '0', '620', '2', '211404', '南票区');
INSERT INTO `mcc_region` VALUES ('625', '0', '620', '2', '211421', '绥中县');
INSERT INTO `mcc_region` VALUES ('626', '0', '620', '2', '211422', '建昌县');
INSERT INTO `mcc_region` VALUES ('627', '0', '620', '2', '211481', '兴城市');
INSERT INTO `mcc_region` VALUES ('628', '702', '0', '0', '220000', '吉林省');
INSERT INTO `mcc_region` VALUES ('629', '0', '628', '1', '220100', '长春市');
INSERT INTO `mcc_region` VALUES ('630', '0', '629', '2', '220101', '市辖区');
INSERT INTO `mcc_region` VALUES ('631', '0', '629', '2', '220102', '南关区');
INSERT INTO `mcc_region` VALUES ('632', '0', '629', '2', '220103', '宽城区');
INSERT INTO `mcc_region` VALUES ('633', '0', '629', '2', '220104', '朝阳区');
INSERT INTO `mcc_region` VALUES ('634', '0', '629', '2', '220105', '二道区');
INSERT INTO `mcc_region` VALUES ('635', '0', '629', '2', '220106', '绿园区');
INSERT INTO `mcc_region` VALUES ('636', '0', '629', '2', '220112', '双阳区');
INSERT INTO `mcc_region` VALUES ('637', '0', '629', '2', '220113', '九台区');
INSERT INTO `mcc_region` VALUES ('638', '0', '629', '2', '220122', '农安县');
INSERT INTO `mcc_region` VALUES ('639', '0', '629', '2', '220182', '榆树市');
INSERT INTO `mcc_region` VALUES ('640', '0', '629', '2', '220183', '德惠市');
INSERT INTO `mcc_region` VALUES ('641', '0', '628', '1', '220200', '吉林市');
INSERT INTO `mcc_region` VALUES ('642', '0', '641', '2', '220201', '市辖区');
INSERT INTO `mcc_region` VALUES ('643', '0', '641', '2', '220202', '昌邑区');
INSERT INTO `mcc_region` VALUES ('644', '0', '641', '2', '220203', '龙潭区');
INSERT INTO `mcc_region` VALUES ('645', '0', '641', '2', '220204', '船营区');
INSERT INTO `mcc_region` VALUES ('646', '0', '641', '2', '220211', '丰满区');
INSERT INTO `mcc_region` VALUES ('647', '0', '641', '2', '220221', '永吉县');
INSERT INTO `mcc_region` VALUES ('648', '0', '641', '2', '220281', '蛟河市');
INSERT INTO `mcc_region` VALUES ('649', '0', '641', '2', '220282', '桦甸市');
INSERT INTO `mcc_region` VALUES ('650', '0', '641', '2', '220283', '舒兰市');
INSERT INTO `mcc_region` VALUES ('651', '0', '641', '2', '220284', '磐石市');
INSERT INTO `mcc_region` VALUES ('652', '0', '628', '1', '220300', '四平市');
INSERT INTO `mcc_region` VALUES ('653', '0', '652', '2', '220301', '市辖区');
INSERT INTO `mcc_region` VALUES ('654', '0', '652', '2', '220302', '铁西区');
INSERT INTO `mcc_region` VALUES ('655', '0', '652', '2', '220303', '铁东区');
INSERT INTO `mcc_region` VALUES ('656', '0', '652', '2', '220322', '梨树县');
INSERT INTO `mcc_region` VALUES ('657', '0', '652', '2', '220323', '伊通满族自治县');
INSERT INTO `mcc_region` VALUES ('658', '0', '652', '2', '220381', '公主岭市');
INSERT INTO `mcc_region` VALUES ('659', '0', '652', '2', '220382', '双辽市');
INSERT INTO `mcc_region` VALUES ('660', '0', '628', '1', '220400', '辽源市');
INSERT INTO `mcc_region` VALUES ('661', '0', '660', '2', '220401', '市辖区');
INSERT INTO `mcc_region` VALUES ('662', '0', '660', '2', '220402', '龙山区');
INSERT INTO `mcc_region` VALUES ('663', '0', '660', '2', '220403', '西安区');
INSERT INTO `mcc_region` VALUES ('664', '0', '660', '2', '220421', '东丰县');
INSERT INTO `mcc_region` VALUES ('665', '0', '660', '2', '220422', '东辽县');
INSERT INTO `mcc_region` VALUES ('666', '0', '628', '1', '220500', '通化市');
INSERT INTO `mcc_region` VALUES ('667', '0', '666', '2', '220501', '市辖区');
INSERT INTO `mcc_region` VALUES ('668', '0', '666', '2', '220502', '东昌区');
INSERT INTO `mcc_region` VALUES ('669', '0', '666', '2', '220503', '二道江区');
INSERT INTO `mcc_region` VALUES ('670', '0', '666', '2', '220521', '通化县');
INSERT INTO `mcc_region` VALUES ('671', '0', '666', '2', '220523', '辉南县');
INSERT INTO `mcc_region` VALUES ('672', '0', '666', '2', '220524', '柳河县');
INSERT INTO `mcc_region` VALUES ('673', '0', '666', '2', '220581', '梅河口市');
INSERT INTO `mcc_region` VALUES ('674', '0', '666', '2', '220582', '集安市');
INSERT INTO `mcc_region` VALUES ('675', '0', '628', '1', '220600', '白山市');
INSERT INTO `mcc_region` VALUES ('676', '0', '675', '2', '220601', '市辖区');
INSERT INTO `mcc_region` VALUES ('677', '0', '675', '2', '220602', '浑江区');
INSERT INTO `mcc_region` VALUES ('678', '0', '675', '2', '220605', '江源区');
INSERT INTO `mcc_region` VALUES ('679', '0', '675', '2', '220621', '抚松县');
INSERT INTO `mcc_region` VALUES ('680', '0', '675', '2', '220622', '靖宇县');
INSERT INTO `mcc_region` VALUES ('681', '0', '675', '2', '220623', '长白朝鲜族自治县');
INSERT INTO `mcc_region` VALUES ('682', '0', '675', '2', '220681', '临江市');
INSERT INTO `mcc_region` VALUES ('683', '0', '628', '1', '220700', '松原市');
INSERT INTO `mcc_region` VALUES ('684', '0', '683', '2', '220701', '市辖区');
INSERT INTO `mcc_region` VALUES ('685', '0', '683', '2', '220702', '宁江区');
INSERT INTO `mcc_region` VALUES ('686', '0', '683', '2', '220721', '前郭尔罗斯蒙古族自治县');
INSERT INTO `mcc_region` VALUES ('687', '0', '683', '2', '220722', '长岭县');
INSERT INTO `mcc_region` VALUES ('688', '0', '683', '2', '220723', '乾安县');
INSERT INTO `mcc_region` VALUES ('689', '0', '683', '2', '220781', '扶余市');
INSERT INTO `mcc_region` VALUES ('690', '0', '628', '1', '220800', '白城市');
INSERT INTO `mcc_region` VALUES ('691', '0', '690', '2', '220801', '市辖区');
INSERT INTO `mcc_region` VALUES ('692', '0', '690', '2', '220802', '洮北区');
INSERT INTO `mcc_region` VALUES ('693', '0', '690', '2', '220821', '镇赉县');
INSERT INTO `mcc_region` VALUES ('694', '0', '690', '2', '220822', '通榆县');
INSERT INTO `mcc_region` VALUES ('695', '0', '690', '2', '220881', '洮南市');
INSERT INTO `mcc_region` VALUES ('696', '0', '690', '2', '220882', '大安市');
INSERT INTO `mcc_region` VALUES ('697', '0', '628', '1', '222400', '延边朝鲜族自治州');
INSERT INTO `mcc_region` VALUES ('698', '0', '697', '2', '222401', '延吉市');
INSERT INTO `mcc_region` VALUES ('699', '0', '697', '2', '222402', '图们市');
INSERT INTO `mcc_region` VALUES ('700', '0', '697', '2', '222403', '敦化市');
INSERT INTO `mcc_region` VALUES ('701', '0', '697', '2', '222404', '珲春市');
INSERT INTO `mcc_region` VALUES ('702', '0', '697', '2', '222405', '龙井市');
INSERT INTO `mcc_region` VALUES ('703', '0', '697', '2', '222406', '和龙市');
INSERT INTO `mcc_region` VALUES ('704', '0', '697', '2', '222424', '汪清县');
INSERT INTO `mcc_region` VALUES ('705', '0', '697', '2', '222426', '安图县');
INSERT INTO `mcc_region` VALUES ('706', '694', '0', '0', '230000', '黑龙江省');
INSERT INTO `mcc_region` VALUES ('707', '0', '706', '1', '230100', '哈尔滨市');
INSERT INTO `mcc_region` VALUES ('708', '0', '707', '2', '230101', '市辖区');
INSERT INTO `mcc_region` VALUES ('709', '0', '707', '2', '230102', '道里区');
INSERT INTO `mcc_region` VALUES ('710', '0', '707', '2', '230103', '南岗区');
INSERT INTO `mcc_region` VALUES ('711', '0', '707', '2', '230104', '道外区');
INSERT INTO `mcc_region` VALUES ('712', '0', '707', '2', '230108', '平房区');
INSERT INTO `mcc_region` VALUES ('713', '0', '707', '2', '230109', '松北区');
INSERT INTO `mcc_region` VALUES ('714', '0', '707', '2', '230110', '香坊区');
INSERT INTO `mcc_region` VALUES ('715', '0', '707', '2', '230111', '呼兰区');
INSERT INTO `mcc_region` VALUES ('716', '0', '707', '2', '230112', '阿城区');
INSERT INTO `mcc_region` VALUES ('717', '0', '707', '2', '230123', '依兰县');
INSERT INTO `mcc_region` VALUES ('718', '0', '707', '2', '230124', '方正县');
INSERT INTO `mcc_region` VALUES ('719', '0', '707', '2', '230125', '宾县');
INSERT INTO `mcc_region` VALUES ('720', '0', '707', '2', '230126', '巴彦县');
INSERT INTO `mcc_region` VALUES ('721', '0', '707', '2', '230127', '木兰县');
INSERT INTO `mcc_region` VALUES ('722', '0', '707', '2', '230128', '通河县');
INSERT INTO `mcc_region` VALUES ('723', '0', '707', '2', '230129', '延寿县');
INSERT INTO `mcc_region` VALUES ('724', '0', '707', '2', '230182', '双城市');
INSERT INTO `mcc_region` VALUES ('725', '0', '707', '2', '230183', '尚志市');
INSERT INTO `mcc_region` VALUES ('726', '0', '707', '2', '230184', '五常市');
INSERT INTO `mcc_region` VALUES ('727', '0', '706', '1', '230200', '齐齐哈尔市');
INSERT INTO `mcc_region` VALUES ('728', '0', '727', '2', '230201', '市辖区');
INSERT INTO `mcc_region` VALUES ('729', '0', '727', '2', '230202', '龙沙区');
INSERT INTO `mcc_region` VALUES ('730', '0', '727', '2', '230203', '建华区');
INSERT INTO `mcc_region` VALUES ('731', '0', '727', '2', '230204', '铁锋区');
INSERT INTO `mcc_region` VALUES ('732', '0', '727', '2', '230205', '昂昂溪区');
INSERT INTO `mcc_region` VALUES ('733', '0', '727', '2', '230206', '富拉尔基区');
INSERT INTO `mcc_region` VALUES ('734', '0', '727', '2', '230207', '碾子山区');
INSERT INTO `mcc_region` VALUES ('735', '0', '727', '2', '230208', '梅里斯达斡尔族区');
INSERT INTO `mcc_region` VALUES ('736', '0', '727', '2', '230221', '龙江县');
INSERT INTO `mcc_region` VALUES ('737', '0', '727', '2', '230223', '依安县');
INSERT INTO `mcc_region` VALUES ('738', '0', '727', '2', '230224', '泰来县');
INSERT INTO `mcc_region` VALUES ('739', '0', '727', '2', '230225', '甘南县');
INSERT INTO `mcc_region` VALUES ('740', '0', '727', '2', '230227', '富裕县');
INSERT INTO `mcc_region` VALUES ('741', '0', '727', '2', '230229', '克山县');
INSERT INTO `mcc_region` VALUES ('742', '0', '727', '2', '230230', '克东县');
INSERT INTO `mcc_region` VALUES ('743', '0', '727', '2', '230231', '拜泉县');
INSERT INTO `mcc_region` VALUES ('744', '0', '727', '2', '230281', '讷河市');
INSERT INTO `mcc_region` VALUES ('745', '0', '706', '1', '230300', '鸡西市');
INSERT INTO `mcc_region` VALUES ('746', '0', '745', '2', '230301', '市辖区');
INSERT INTO `mcc_region` VALUES ('747', '0', '745', '2', '230302', '鸡冠区');
INSERT INTO `mcc_region` VALUES ('748', '0', '745', '2', '230303', '恒山区');
INSERT INTO `mcc_region` VALUES ('749', '0', '745', '2', '230304', '滴道区');
INSERT INTO `mcc_region` VALUES ('750', '0', '745', '2', '230305', '梨树区');
INSERT INTO `mcc_region` VALUES ('751', '0', '745', '2', '230306', '城子河区');
INSERT INTO `mcc_region` VALUES ('752', '0', '745', '2', '230307', '麻山区');
INSERT INTO `mcc_region` VALUES ('753', '0', '745', '2', '230321', '鸡东县');
INSERT INTO `mcc_region` VALUES ('754', '0', '745', '2', '230381', '虎林市');
INSERT INTO `mcc_region` VALUES ('755', '0', '745', '2', '230382', '密山市');
INSERT INTO `mcc_region` VALUES ('756', '0', '706', '1', '230400', '鹤岗市');
INSERT INTO `mcc_region` VALUES ('757', '0', '756', '2', '230401', '市辖区');
INSERT INTO `mcc_region` VALUES ('758', '0', '756', '2', '230402', '向阳区');
INSERT INTO `mcc_region` VALUES ('759', '0', '756', '2', '230403', '工农区');
INSERT INTO `mcc_region` VALUES ('760', '0', '756', '2', '230404', '南山区');
INSERT INTO `mcc_region` VALUES ('761', '0', '756', '2', '230405', '兴安区');
INSERT INTO `mcc_region` VALUES ('762', '0', '756', '2', '230406', '东山区');
INSERT INTO `mcc_region` VALUES ('763', '0', '756', '2', '230407', '兴山区');
INSERT INTO `mcc_region` VALUES ('764', '0', '756', '2', '230421', '萝北县');
INSERT INTO `mcc_region` VALUES ('765', '0', '756', '2', '230422', '绥滨县');
INSERT INTO `mcc_region` VALUES ('766', '0', '706', '1', '230500', '双鸭山市');
INSERT INTO `mcc_region` VALUES ('767', '0', '766', '2', '230501', '市辖区');
INSERT INTO `mcc_region` VALUES ('768', '0', '766', '2', '230502', '尖山区');
INSERT INTO `mcc_region` VALUES ('769', '0', '766', '2', '230503', '岭东区');
INSERT INTO `mcc_region` VALUES ('770', '0', '766', '2', '230505', '四方台区');
INSERT INTO `mcc_region` VALUES ('771', '0', '766', '2', '230506', '宝山区');
INSERT INTO `mcc_region` VALUES ('772', '0', '766', '2', '230521', '集贤县');
INSERT INTO `mcc_region` VALUES ('773', '0', '766', '2', '230522', '友谊县');
INSERT INTO `mcc_region` VALUES ('774', '0', '766', '2', '230523', '宝清县');
INSERT INTO `mcc_region` VALUES ('775', '0', '766', '2', '230524', '饶河县');
INSERT INTO `mcc_region` VALUES ('776', '0', '706', '1', '230600', '大庆市');
INSERT INTO `mcc_region` VALUES ('777', '0', '776', '2', '230601', '市辖区');
INSERT INTO `mcc_region` VALUES ('778', '0', '776', '2', '230602', '萨尔图区');
INSERT INTO `mcc_region` VALUES ('779', '0', '776', '2', '230603', '龙凤区');
INSERT INTO `mcc_region` VALUES ('780', '0', '776', '2', '230604', '让胡路区');
INSERT INTO `mcc_region` VALUES ('781', '0', '776', '2', '230605', '红岗区');
INSERT INTO `mcc_region` VALUES ('782', '0', '776', '2', '230606', '大同区');
INSERT INTO `mcc_region` VALUES ('783', '0', '776', '2', '230621', '肇州县');
INSERT INTO `mcc_region` VALUES ('784', '0', '776', '2', '230622', '肇源县');
INSERT INTO `mcc_region` VALUES ('785', '0', '776', '2', '230623', '林甸县');
INSERT INTO `mcc_region` VALUES ('786', '0', '776', '2', '230624', '杜尔伯特蒙古族自治县');
INSERT INTO `mcc_region` VALUES ('787', '0', '706', '1', '230700', '伊春市');
INSERT INTO `mcc_region` VALUES ('788', '0', '787', '2', '230701', '市辖区');
INSERT INTO `mcc_region` VALUES ('789', '0', '787', '2', '230702', '伊春区');
INSERT INTO `mcc_region` VALUES ('790', '0', '787', '2', '230703', '南岔区');
INSERT INTO `mcc_region` VALUES ('791', '0', '787', '2', '230704', '友好区');
INSERT INTO `mcc_region` VALUES ('792', '0', '787', '2', '230705', '西林区');
INSERT INTO `mcc_region` VALUES ('793', '0', '787', '2', '230706', '翠峦区');
INSERT INTO `mcc_region` VALUES ('794', '0', '787', '2', '230707', '新青区');
INSERT INTO `mcc_region` VALUES ('795', '0', '787', '2', '230708', '美溪区');
INSERT INTO `mcc_region` VALUES ('796', '0', '787', '2', '230709', '金山屯区');
INSERT INTO `mcc_region` VALUES ('797', '0', '787', '2', '230710', '五营区');
INSERT INTO `mcc_region` VALUES ('798', '0', '787', '2', '230711', '乌马河区');
INSERT INTO `mcc_region` VALUES ('799', '0', '787', '2', '230712', '汤旺河区');
INSERT INTO `mcc_region` VALUES ('800', '0', '787', '2', '230713', '带岭区');
INSERT INTO `mcc_region` VALUES ('801', '0', '787', '2', '230714', '乌伊岭区');
INSERT INTO `mcc_region` VALUES ('802', '0', '787', '2', '230715', '红星区');
INSERT INTO `mcc_region` VALUES ('803', '0', '787', '2', '230716', '上甘岭区');
INSERT INTO `mcc_region` VALUES ('804', '0', '787', '2', '230722', '嘉荫县');
INSERT INTO `mcc_region` VALUES ('805', '0', '787', '2', '230781', '铁力市');
INSERT INTO `mcc_region` VALUES ('806', '0', '706', '1', '230800', '佳木斯市');
INSERT INTO `mcc_region` VALUES ('807', '0', '806', '2', '230801', '市辖区');
INSERT INTO `mcc_region` VALUES ('808', '0', '806', '2', '230803', '向阳区');
INSERT INTO `mcc_region` VALUES ('809', '0', '806', '2', '230804', '前进区');
INSERT INTO `mcc_region` VALUES ('810', '0', '806', '2', '230805', '东风区');
INSERT INTO `mcc_region` VALUES ('811', '0', '806', '2', '230811', '郊区');
INSERT INTO `mcc_region` VALUES ('812', '0', '806', '2', '230822', '桦南县');
INSERT INTO `mcc_region` VALUES ('813', '0', '806', '2', '230826', '桦川县');
INSERT INTO `mcc_region` VALUES ('814', '0', '806', '2', '230828', '汤原县');
INSERT INTO `mcc_region` VALUES ('815', '0', '806', '2', '230833', '抚远县');
INSERT INTO `mcc_region` VALUES ('816', '0', '806', '2', '230881', '同江市');
INSERT INTO `mcc_region` VALUES ('817', '0', '806', '2', '230882', '富锦市');
INSERT INTO `mcc_region` VALUES ('818', '0', '706', '1', '230900', '七台河市');
INSERT INTO `mcc_region` VALUES ('819', '0', '818', '2', '230901', '市辖区');
INSERT INTO `mcc_region` VALUES ('820', '0', '818', '2', '230902', '新兴区');
INSERT INTO `mcc_region` VALUES ('821', '0', '818', '2', '230903', '桃山区');
INSERT INTO `mcc_region` VALUES ('822', '0', '818', '2', '230904', '茄子河区');
INSERT INTO `mcc_region` VALUES ('823', '0', '818', '2', '230921', '勃利县');
INSERT INTO `mcc_region` VALUES ('824', '0', '706', '1', '231000', '牡丹江市');
INSERT INTO `mcc_region` VALUES ('825', '0', '824', '2', '231001', '市辖区');
INSERT INTO `mcc_region` VALUES ('826', '0', '824', '2', '231002', '东安区');
INSERT INTO `mcc_region` VALUES ('827', '0', '824', '2', '231003', '阳明区');
INSERT INTO `mcc_region` VALUES ('828', '0', '824', '2', '231004', '爱民区');
INSERT INTO `mcc_region` VALUES ('829', '0', '824', '2', '231005', '西安区');
INSERT INTO `mcc_region` VALUES ('830', '0', '824', '2', '231024', '东宁县');
INSERT INTO `mcc_region` VALUES ('831', '0', '824', '2', '231025', '林口县');
INSERT INTO `mcc_region` VALUES ('832', '0', '824', '2', '231081', '绥芬河市');
INSERT INTO `mcc_region` VALUES ('833', '0', '824', '2', '231083', '海林市');
INSERT INTO `mcc_region` VALUES ('834', '0', '824', '2', '231084', '宁安市');
INSERT INTO `mcc_region` VALUES ('835', '0', '824', '2', '231085', '穆棱市');
INSERT INTO `mcc_region` VALUES ('836', '0', '706', '1', '231100', '黑河市');
INSERT INTO `mcc_region` VALUES ('837', '0', '836', '2', '231101', '市辖区');
INSERT INTO `mcc_region` VALUES ('838', '0', '836', '2', '231102', '爱辉区');
INSERT INTO `mcc_region` VALUES ('839', '0', '836', '2', '231121', '嫩江县');
INSERT INTO `mcc_region` VALUES ('840', '0', '836', '2', '231123', '逊克县');
INSERT INTO `mcc_region` VALUES ('841', '0', '836', '2', '231124', '孙吴县');
INSERT INTO `mcc_region` VALUES ('842', '0', '836', '2', '231181', '北安市');
INSERT INTO `mcc_region` VALUES ('843', '0', '836', '2', '231182', '五大连池市');
INSERT INTO `mcc_region` VALUES ('844', '0', '706', '1', '231200', '绥化市');
INSERT INTO `mcc_region` VALUES ('845', '0', '844', '2', '231201', '市辖区');
INSERT INTO `mcc_region` VALUES ('846', '0', '844', '2', '231202', '北林区');
INSERT INTO `mcc_region` VALUES ('847', '0', '844', '2', '231221', '望奎县');
INSERT INTO `mcc_region` VALUES ('848', '0', '844', '2', '231222', '兰西县');
INSERT INTO `mcc_region` VALUES ('849', '0', '844', '2', '231223', '青冈县');
INSERT INTO `mcc_region` VALUES ('850', '0', '844', '2', '231224', '庆安县');
INSERT INTO `mcc_region` VALUES ('851', '0', '844', '2', '231225', '明水县');
INSERT INTO `mcc_region` VALUES ('852', '0', '844', '2', '231226', '绥棱县');
INSERT INTO `mcc_region` VALUES ('853', '0', '844', '2', '231281', '安达市');
INSERT INTO `mcc_region` VALUES ('854', '0', '844', '2', '231282', '肇东市');
INSERT INTO `mcc_region` VALUES ('855', '0', '844', '2', '231283', '海伦市');
INSERT INTO `mcc_region` VALUES ('856', '0', '706', '1', '232700', '大兴安岭地区');
INSERT INTO `mcc_region` VALUES ('857', '0', '856', '2', '232721', '呼玛县');
INSERT INTO `mcc_region` VALUES ('858', '0', '856', '2', '232722', '塔河县');
INSERT INTO `mcc_region` VALUES ('859', '0', '856', '2', '232723', '漠河县');
INSERT INTO `mcc_region` VALUES ('860', '708', '0', '0', '310000', '上海市');
INSERT INTO `mcc_region` VALUES ('861', '0', '860', '1', '310100', '市辖区');
INSERT INTO `mcc_region` VALUES ('862', '0', '861', '2', '310101', '黄浦区');
INSERT INTO `mcc_region` VALUES ('863', '0', '861', '2', '310104', '徐汇区');
INSERT INTO `mcc_region` VALUES ('864', '0', '861', '2', '310105', '长宁区');
INSERT INTO `mcc_region` VALUES ('865', '0', '861', '2', '310106', '静安区');
INSERT INTO `mcc_region` VALUES ('866', '0', '861', '2', '310107', '普陀区');
INSERT INTO `mcc_region` VALUES ('867', '0', '861', '2', '310108', '闸北区');
INSERT INTO `mcc_region` VALUES ('868', '0', '861', '2', '310109', '虹口区');
INSERT INTO `mcc_region` VALUES ('869', '0', '861', '2', '310110', '杨浦区');
INSERT INTO `mcc_region` VALUES ('870', '0', '861', '2', '310112', '闵行区');
INSERT INTO `mcc_region` VALUES ('871', '0', '861', '2', '310113', '宝山区');
INSERT INTO `mcc_region` VALUES ('872', '0', '861', '2', '310114', '嘉定区');
INSERT INTO `mcc_region` VALUES ('873', '0', '861', '2', '310115', '浦东新区');
INSERT INTO `mcc_region` VALUES ('874', '0', '861', '2', '310116', '金山区');
INSERT INTO `mcc_region` VALUES ('875', '0', '861', '2', '310117', '松江区');
INSERT INTO `mcc_region` VALUES ('876', '0', '861', '2', '310118', '青浦区');
INSERT INTO `mcc_region` VALUES ('877', '0', '861', '2', '310120', '奉贤区');
INSERT INTO `mcc_region` VALUES ('878', '0', '860', '1', '310200', '县');
INSERT INTO `mcc_region` VALUES ('879', '0', '878', '2', '310230', '崇明县');
INSERT INTO `mcc_region` VALUES ('880', '700', '0', '0', '320000', '江苏省');
INSERT INTO `mcc_region` VALUES ('881', '0', '880', '1', '320100', '南京市');
INSERT INTO `mcc_region` VALUES ('882', '0', '881', '2', '320101', '市辖区');
INSERT INTO `mcc_region` VALUES ('883', '0', '881', '2', '320102', '玄武区');
INSERT INTO `mcc_region` VALUES ('884', '0', '881', '2', '320104', '秦淮区');
INSERT INTO `mcc_region` VALUES ('885', '0', '881', '2', '320105', '建邺区');
INSERT INTO `mcc_region` VALUES ('886', '0', '881', '2', '320106', '鼓楼区');
INSERT INTO `mcc_region` VALUES ('887', '0', '881', '2', '320111', '浦口区');
INSERT INTO `mcc_region` VALUES ('888', '0', '881', '2', '320113', '栖霞区');
INSERT INTO `mcc_region` VALUES ('889', '0', '881', '2', '320114', '雨花台区');
INSERT INTO `mcc_region` VALUES ('890', '0', '881', '2', '320115', '江宁区');
INSERT INTO `mcc_region` VALUES ('891', '0', '881', '2', '320116', '六合区');
INSERT INTO `mcc_region` VALUES ('892', '0', '881', '2', '320117', '溧水区');
INSERT INTO `mcc_region` VALUES ('893', '0', '881', '2', '320118', '高淳区');
INSERT INTO `mcc_region` VALUES ('894', '0', '880', '1', '320200', '无锡市');
INSERT INTO `mcc_region` VALUES ('895', '0', '894', '2', '320201', '市辖区');
INSERT INTO `mcc_region` VALUES ('896', '0', '894', '2', '320202', '崇安区');
INSERT INTO `mcc_region` VALUES ('897', '0', '894', '2', '320203', '南长区');
INSERT INTO `mcc_region` VALUES ('898', '0', '894', '2', '320204', '北塘区');
INSERT INTO `mcc_region` VALUES ('899', '0', '894', '2', '320205', '锡山区');
INSERT INTO `mcc_region` VALUES ('900', '0', '894', '2', '320206', '惠山区');
INSERT INTO `mcc_region` VALUES ('901', '0', '894', '2', '320211', '滨湖区');
INSERT INTO `mcc_region` VALUES ('902', '0', '894', '2', '320281', '江阴市');
INSERT INTO `mcc_region` VALUES ('903', '0', '894', '2', '320282', '宜兴市');
INSERT INTO `mcc_region` VALUES ('904', '0', '880', '1', '320300', '徐州市');
INSERT INTO `mcc_region` VALUES ('905', '0', '904', '2', '320301', '市辖区');
INSERT INTO `mcc_region` VALUES ('906', '0', '904', '2', '320302', '鼓楼区');
INSERT INTO `mcc_region` VALUES ('907', '0', '904', '2', '320303', '云龙区');
INSERT INTO `mcc_region` VALUES ('908', '0', '904', '2', '320305', '贾汪区');
INSERT INTO `mcc_region` VALUES ('909', '0', '904', '2', '320311', '泉山区');
INSERT INTO `mcc_region` VALUES ('910', '0', '904', '2', '320312', '铜山区');
INSERT INTO `mcc_region` VALUES ('911', '0', '904', '2', '320321', '丰县');
INSERT INTO `mcc_region` VALUES ('912', '0', '904', '2', '320322', '沛县');
INSERT INTO `mcc_region` VALUES ('913', '0', '904', '2', '320324', '睢宁县');
INSERT INTO `mcc_region` VALUES ('914', '0', '904', '2', '320381', '新沂市');
INSERT INTO `mcc_region` VALUES ('915', '0', '904', '2', '320382', '邳州市');
INSERT INTO `mcc_region` VALUES ('916', '0', '880', '1', '320400', '常州市');
INSERT INTO `mcc_region` VALUES ('917', '0', '916', '2', '320401', '市辖区');
INSERT INTO `mcc_region` VALUES ('918', '0', '916', '2', '320402', '天宁区');
INSERT INTO `mcc_region` VALUES ('919', '0', '916', '2', '320404', '钟楼区');
INSERT INTO `mcc_region` VALUES ('920', '0', '916', '2', '320405', '戚墅堰区');
INSERT INTO `mcc_region` VALUES ('921', '0', '916', '2', '320411', '新北区');
INSERT INTO `mcc_region` VALUES ('922', '0', '916', '2', '320412', '武进区');
INSERT INTO `mcc_region` VALUES ('923', '0', '916', '2', '320481', '溧阳市');
INSERT INTO `mcc_region` VALUES ('924', '0', '916', '2', '320482', '金坛市');
INSERT INTO `mcc_region` VALUES ('925', '0', '880', '1', '320500', '苏州市');
INSERT INTO `mcc_region` VALUES ('926', '0', '925', '2', '320501', '市辖区');
INSERT INTO `mcc_region` VALUES ('927', '0', '925', '2', '320505', '虎丘区');
INSERT INTO `mcc_region` VALUES ('928', '0', '925', '2', '320506', '吴中区');
INSERT INTO `mcc_region` VALUES ('929', '0', '925', '2', '320507', '相城区');
INSERT INTO `mcc_region` VALUES ('930', '0', '925', '2', '320508', '姑苏区');
INSERT INTO `mcc_region` VALUES ('931', '0', '925', '2', '320509', '吴江区');
INSERT INTO `mcc_region` VALUES ('932', '0', '925', '2', '320581', '常熟市');
INSERT INTO `mcc_region` VALUES ('933', '0', '925', '2', '320582', '张家港市');
INSERT INTO `mcc_region` VALUES ('934', '0', '925', '2', '320583', '昆山市');
INSERT INTO `mcc_region` VALUES ('935', '0', '925', '2', '320585', '太仓市');
INSERT INTO `mcc_region` VALUES ('936', '0', '880', '1', '320600', '南通市');
INSERT INTO `mcc_region` VALUES ('937', '0', '936', '2', '320601', '市辖区');
INSERT INTO `mcc_region` VALUES ('938', '0', '936', '2', '320602', '崇川区');
INSERT INTO `mcc_region` VALUES ('939', '0', '936', '2', '320611', '港闸区');
INSERT INTO `mcc_region` VALUES ('940', '0', '936', '2', '320612', '通州区');
INSERT INTO `mcc_region` VALUES ('941', '0', '936', '2', '320621', '海安县');
INSERT INTO `mcc_region` VALUES ('942', '0', '936', '2', '320623', '如东县');
INSERT INTO `mcc_region` VALUES ('943', '0', '936', '2', '320681', '启东市');
INSERT INTO `mcc_region` VALUES ('944', '0', '936', '2', '320682', '如皋市');
INSERT INTO `mcc_region` VALUES ('945', '0', '936', '2', '320684', '海门市');
INSERT INTO `mcc_region` VALUES ('946', '0', '880', '1', '320700', '连云港市');
INSERT INTO `mcc_region` VALUES ('947', '0', '946', '2', '320701', '市辖区');
INSERT INTO `mcc_region` VALUES ('948', '0', '946', '2', '320703', '连云区');
INSERT INTO `mcc_region` VALUES ('949', '0', '946', '2', '320706', '海州区');
INSERT INTO `mcc_region` VALUES ('950', '0', '946', '2', '320707', '赣榆区');
INSERT INTO `mcc_region` VALUES ('951', '0', '946', '2', '320722', '东海县');
INSERT INTO `mcc_region` VALUES ('952', '0', '946', '2', '320723', '灌云县');
INSERT INTO `mcc_region` VALUES ('953', '0', '946', '2', '320724', '灌南县');
INSERT INTO `mcc_region` VALUES ('954', '0', '880', '1', '320800', '淮安市');
INSERT INTO `mcc_region` VALUES ('955', '0', '954', '2', '320801', '市辖区');
INSERT INTO `mcc_region` VALUES ('956', '0', '954', '2', '320802', '清河区');
INSERT INTO `mcc_region` VALUES ('957', '0', '954', '2', '320803', '淮安区');
INSERT INTO `mcc_region` VALUES ('958', '0', '954', '2', '320804', '淮阴区');
INSERT INTO `mcc_region` VALUES ('959', '0', '954', '2', '320811', '清浦区');
INSERT INTO `mcc_region` VALUES ('960', '0', '954', '2', '320826', '涟水县');
INSERT INTO `mcc_region` VALUES ('961', '0', '954', '2', '320829', '洪泽县');
INSERT INTO `mcc_region` VALUES ('962', '0', '954', '2', '320830', '盱眙县');
INSERT INTO `mcc_region` VALUES ('963', '0', '954', '2', '320831', '金湖县');
INSERT INTO `mcc_region` VALUES ('964', '0', '880', '1', '320900', '盐城市');
INSERT INTO `mcc_region` VALUES ('965', '0', '964', '2', '320901', '市辖区');
INSERT INTO `mcc_region` VALUES ('966', '0', '964', '2', '320902', '亭湖区');
INSERT INTO `mcc_region` VALUES ('967', '0', '964', '2', '320903', '盐都区');
INSERT INTO `mcc_region` VALUES ('968', '0', '964', '2', '320921', '响水县');
INSERT INTO `mcc_region` VALUES ('969', '0', '964', '2', '320922', '滨海县');
INSERT INTO `mcc_region` VALUES ('970', '0', '964', '2', '320923', '阜宁县');
INSERT INTO `mcc_region` VALUES ('971', '0', '964', '2', '320924', '射阳县');
INSERT INTO `mcc_region` VALUES ('972', '0', '964', '2', '320925', '建湖县');
INSERT INTO `mcc_region` VALUES ('973', '0', '964', '2', '320981', '东台市');
INSERT INTO `mcc_region` VALUES ('974', '0', '964', '2', '320982', '大丰市');
INSERT INTO `mcc_region` VALUES ('975', '0', '880', '1', '321000', '扬州市');
INSERT INTO `mcc_region` VALUES ('976', '0', '975', '2', '321001', '市辖区');
INSERT INTO `mcc_region` VALUES ('977', '0', '975', '2', '321002', '广陵区');
INSERT INTO `mcc_region` VALUES ('978', '0', '975', '2', '321003', '邗江区');
INSERT INTO `mcc_region` VALUES ('979', '0', '975', '2', '321012', '江都区');
INSERT INTO `mcc_region` VALUES ('980', '0', '975', '2', '321023', '宝应县');
INSERT INTO `mcc_region` VALUES ('981', '0', '975', '2', '321081', '仪征市');
INSERT INTO `mcc_region` VALUES ('982', '0', '975', '2', '321084', '高邮市');
INSERT INTO `mcc_region` VALUES ('983', '0', '880', '1', '321100', '镇江市');
INSERT INTO `mcc_region` VALUES ('984', '0', '983', '2', '321101', '市辖区');
INSERT INTO `mcc_region` VALUES ('985', '0', '983', '2', '321102', '京口区');
INSERT INTO `mcc_region` VALUES ('986', '0', '983', '2', '321111', '润州区');
INSERT INTO `mcc_region` VALUES ('987', '0', '983', '2', '321112', '丹徒区');
INSERT INTO `mcc_region` VALUES ('988', '0', '983', '2', '321181', '丹阳市');
INSERT INTO `mcc_region` VALUES ('989', '0', '983', '2', '321182', '扬中市');
INSERT INTO `mcc_region` VALUES ('990', '0', '983', '2', '321183', '句容市');
INSERT INTO `mcc_region` VALUES ('991', '0', '880', '1', '321200', '泰州市');
INSERT INTO `mcc_region` VALUES ('992', '0', '991', '2', '321201', '市辖区');
INSERT INTO `mcc_region` VALUES ('993', '0', '991', '2', '321202', '海陵区');
INSERT INTO `mcc_region` VALUES ('994', '0', '991', '2', '321203', '高港区');
INSERT INTO `mcc_region` VALUES ('995', '0', '991', '2', '321204', '姜堰区');
INSERT INTO `mcc_region` VALUES ('996', '0', '991', '2', '321281', '兴化市');
INSERT INTO `mcc_region` VALUES ('997', '0', '991', '2', '321282', '靖江市');
INSERT INTO `mcc_region` VALUES ('998', '0', '991', '2', '321283', '泰兴市');
INSERT INTO `mcc_region` VALUES ('999', '0', '880', '1', '321300', '宿迁市');
INSERT INTO `mcc_region` VALUES ('1000', '0', '999', '2', '321301', '市辖区');
INSERT INTO `mcc_region` VALUES ('1001', '0', '999', '2', '321302', '宿城区');
INSERT INTO `mcc_region` VALUES ('1002', '0', '999', '2', '321311', '宿豫区');
INSERT INTO `mcc_region` VALUES ('1003', '0', '999', '2', '321322', '沭阳县');
INSERT INTO `mcc_region` VALUES ('1004', '0', '999', '2', '321323', '泗阳县');
INSERT INTO `mcc_region` VALUES ('1005', '0', '999', '2', '321324', '泗洪县');
INSERT INTO `mcc_region` VALUES ('1006', '714', '0', '0', '330000', '浙江省');
INSERT INTO `mcc_region` VALUES ('1007', '0', '1006', '1', '330100', '杭州市');
INSERT INTO `mcc_region` VALUES ('1008', '0', '1007', '2', '330101', '市辖区');
INSERT INTO `mcc_region` VALUES ('1009', '0', '1007', '2', '330102', '上城区');
INSERT INTO `mcc_region` VALUES ('1010', '0', '1007', '2', '330103', '下城区');
INSERT INTO `mcc_region` VALUES ('1011', '0', '1007', '2', '330104', '江干区');
INSERT INTO `mcc_region` VALUES ('1012', '0', '1007', '2', '330105', '拱墅区');
INSERT INTO `mcc_region` VALUES ('1013', '0', '1007', '2', '330106', '西湖区');
INSERT INTO `mcc_region` VALUES ('1014', '0', '1007', '2', '330108', '滨江区');
INSERT INTO `mcc_region` VALUES ('1015', '0', '1007', '2', '330109', '萧山区');
INSERT INTO `mcc_region` VALUES ('1016', '0', '1007', '2', '330110', '余杭区');
INSERT INTO `mcc_region` VALUES ('1017', '0', '1007', '2', '330122', '桐庐县');
INSERT INTO `mcc_region` VALUES ('1018', '0', '1007', '2', '330127', '淳安县');
INSERT INTO `mcc_region` VALUES ('1019', '0', '1007', '2', '330182', '建德市');
INSERT INTO `mcc_region` VALUES ('1020', '0', '1007', '2', '330183', '富阳市');
INSERT INTO `mcc_region` VALUES ('1021', '0', '1007', '2', '330185', '临安市');
INSERT INTO `mcc_region` VALUES ('1022', '0', '1006', '1', '330200', '宁波市');
INSERT INTO `mcc_region` VALUES ('1023', '0', '1022', '2', '330201', '市辖区');
INSERT INTO `mcc_region` VALUES ('1024', '0', '1022', '2', '330203', '海曙区');
INSERT INTO `mcc_region` VALUES ('1025', '0', '1022', '2', '330204', '江东区');
INSERT INTO `mcc_region` VALUES ('1026', '0', '1022', '2', '330205', '江北区');
INSERT INTO `mcc_region` VALUES ('1027', '0', '1022', '2', '330206', '北仑区');
INSERT INTO `mcc_region` VALUES ('1028', '0', '1022', '2', '330211', '镇海区');
INSERT INTO `mcc_region` VALUES ('1029', '0', '1022', '2', '330212', '鄞州区');
INSERT INTO `mcc_region` VALUES ('1030', '0', '1022', '2', '330225', '象山县');
INSERT INTO `mcc_region` VALUES ('1031', '0', '1022', '2', '330226', '宁海县');
INSERT INTO `mcc_region` VALUES ('1032', '0', '1022', '2', '330281', '余姚市');
INSERT INTO `mcc_region` VALUES ('1033', '0', '1022', '2', '330282', '慈溪市');
INSERT INTO `mcc_region` VALUES ('1034', '0', '1022', '2', '330283', '奉化市');
INSERT INTO `mcc_region` VALUES ('1035', '0', '1006', '1', '330300', '温州市');
INSERT INTO `mcc_region` VALUES ('1036', '0', '1035', '2', '330301', '市辖区');
INSERT INTO `mcc_region` VALUES ('1037', '0', '1035', '2', '330302', '鹿城区');
INSERT INTO `mcc_region` VALUES ('1038', '0', '1035', '2', '330303', '龙湾区');
INSERT INTO `mcc_region` VALUES ('1039', '0', '1035', '2', '330304', '瓯海区');
INSERT INTO `mcc_region` VALUES ('1040', '0', '1035', '2', '330322', '洞头县');
INSERT INTO `mcc_region` VALUES ('1041', '0', '1035', '2', '330324', '永嘉县');
INSERT INTO `mcc_region` VALUES ('1042', '0', '1035', '2', '330326', '平阳县');
INSERT INTO `mcc_region` VALUES ('1043', '0', '1035', '2', '330327', '苍南县');
INSERT INTO `mcc_region` VALUES ('1044', '0', '1035', '2', '330328', '文成县');
INSERT INTO `mcc_region` VALUES ('1045', '0', '1035', '2', '330329', '泰顺县');
INSERT INTO `mcc_region` VALUES ('1046', '0', '1035', '2', '330381', '瑞安市');
INSERT INTO `mcc_region` VALUES ('1047', '0', '1035', '2', '330382', '乐清市');
INSERT INTO `mcc_region` VALUES ('1048', '0', '1006', '1', '330400', '嘉兴市');
INSERT INTO `mcc_region` VALUES ('1049', '0', '1048', '2', '330401', '市辖区');
INSERT INTO `mcc_region` VALUES ('1050', '0', '1048', '2', '330402', '南湖区');
INSERT INTO `mcc_region` VALUES ('1051', '0', '1048', '2', '330411', '秀洲区');
INSERT INTO `mcc_region` VALUES ('1052', '0', '1048', '2', '330421', '嘉善县');
INSERT INTO `mcc_region` VALUES ('1053', '0', '1048', '2', '330424', '海盐县');
INSERT INTO `mcc_region` VALUES ('1054', '0', '1048', '2', '330481', '海宁市');
INSERT INTO `mcc_region` VALUES ('1055', '0', '1048', '2', '330482', '平湖市');
INSERT INTO `mcc_region` VALUES ('1056', '0', '1048', '2', '330483', '桐乡市');
INSERT INTO `mcc_region` VALUES ('1057', '0', '1006', '1', '330500', '湖州市');
INSERT INTO `mcc_region` VALUES ('1058', '0', '1057', '2', '330501', '市辖区');
INSERT INTO `mcc_region` VALUES ('1059', '0', '1057', '2', '330502', '吴兴区');
INSERT INTO `mcc_region` VALUES ('1060', '0', '1057', '2', '330503', '南浔区');
INSERT INTO `mcc_region` VALUES ('1061', '0', '1057', '2', '330521', '德清县');
INSERT INTO `mcc_region` VALUES ('1062', '0', '1057', '2', '330522', '长兴县');
INSERT INTO `mcc_region` VALUES ('1063', '0', '1057', '2', '330523', '安吉县');
INSERT INTO `mcc_region` VALUES ('1064', '0', '1006', '1', '330600', '绍兴市');
INSERT INTO `mcc_region` VALUES ('1065', '0', '1064', '2', '330601', '市辖区');
INSERT INTO `mcc_region` VALUES ('1066', '0', '1064', '2', '330602', '越城区');
INSERT INTO `mcc_region` VALUES ('1067', '0', '1064', '2', '330603', '柯桥区');
INSERT INTO `mcc_region` VALUES ('1068', '0', '1064', '2', '330604', '上虞区');
INSERT INTO `mcc_region` VALUES ('1069', '0', '1064', '2', '330624', '新昌县');
INSERT INTO `mcc_region` VALUES ('1070', '0', '1064', '2', '330681', '诸暨市');
INSERT INTO `mcc_region` VALUES ('1071', '0', '1064', '2', '330683', '嵊州市');
INSERT INTO `mcc_region` VALUES ('1072', '0', '1006', '1', '330700', '金华市');
INSERT INTO `mcc_region` VALUES ('1073', '0', '1072', '2', '330701', '市辖区');
INSERT INTO `mcc_region` VALUES ('1074', '0', '1072', '2', '330702', '婺城区');
INSERT INTO `mcc_region` VALUES ('1075', '0', '1072', '2', '330703', '金东区');
INSERT INTO `mcc_region` VALUES ('1076', '0', '1072', '2', '330723', '武义县');
INSERT INTO `mcc_region` VALUES ('1077', '0', '1072', '2', '330726', '浦江县');
INSERT INTO `mcc_region` VALUES ('1078', '0', '1072', '2', '330727', '磐安县');
INSERT INTO `mcc_region` VALUES ('1079', '0', '1072', '2', '330781', '兰溪市');
INSERT INTO `mcc_region` VALUES ('1080', '0', '1072', '2', '330782', '义乌市');
INSERT INTO `mcc_region` VALUES ('1081', '0', '1072', '2', '330783', '东阳市');
INSERT INTO `mcc_region` VALUES ('1082', '0', '1072', '2', '330784', '永康市');
INSERT INTO `mcc_region` VALUES ('1083', '0', '1006', '1', '330800', '衢州市');
INSERT INTO `mcc_region` VALUES ('1084', '0', '1083', '2', '330801', '市辖区');
INSERT INTO `mcc_region` VALUES ('1085', '0', '1083', '2', '330802', '柯城区');
INSERT INTO `mcc_region` VALUES ('1086', '0', '1083', '2', '330803', '衢江区');
INSERT INTO `mcc_region` VALUES ('1087', '0', '1083', '2', '330822', '常山县');
INSERT INTO `mcc_region` VALUES ('1088', '0', '1083', '2', '330824', '开化县');
INSERT INTO `mcc_region` VALUES ('1089', '0', '1083', '2', '330825', '龙游县');
INSERT INTO `mcc_region` VALUES ('1090', '0', '1083', '2', '330881', '江山市');
INSERT INTO `mcc_region` VALUES ('1091', '0', '1006', '1', '330900', '舟山市');
INSERT INTO `mcc_region` VALUES ('1092', '0', '1091', '2', '330901', '市辖区');
INSERT INTO `mcc_region` VALUES ('1093', '0', '1091', '2', '330902', '定海区');
INSERT INTO `mcc_region` VALUES ('1094', '0', '1091', '2', '330903', '普陀区');
INSERT INTO `mcc_region` VALUES ('1095', '0', '1091', '2', '330921', '岱山县');
INSERT INTO `mcc_region` VALUES ('1096', '0', '1091', '2', '330922', '嵊泗县');
INSERT INTO `mcc_region` VALUES ('1097', '0', '1006', '1', '331000', '台州市');
INSERT INTO `mcc_region` VALUES ('1098', '0', '1097', '2', '331001', '市辖区');
INSERT INTO `mcc_region` VALUES ('1099', '0', '1097', '2', '331002', '椒江区');
INSERT INTO `mcc_region` VALUES ('1100', '0', '1097', '2', '331003', '黄岩区');
INSERT INTO `mcc_region` VALUES ('1101', '0', '1097', '2', '331004', '路桥区');
INSERT INTO `mcc_region` VALUES ('1102', '0', '1097', '2', '331021', '玉环县');
INSERT INTO `mcc_region` VALUES ('1103', '0', '1097', '2', '331022', '三门县');
INSERT INTO `mcc_region` VALUES ('1104', '0', '1097', '2', '331023', '天台县');
INSERT INTO `mcc_region` VALUES ('1105', '0', '1097', '2', '331024', '仙居县');
INSERT INTO `mcc_region` VALUES ('1106', '0', '1097', '2', '331081', '温岭市');
INSERT INTO `mcc_region` VALUES ('1107', '0', '1097', '2', '331082', '临海市');
INSERT INTO `mcc_region` VALUES ('1108', '0', '1006', '1', '331100', '丽水市');
INSERT INTO `mcc_region` VALUES ('1109', '0', '1108', '2', '331101', '市辖区');
INSERT INTO `mcc_region` VALUES ('1110', '0', '1108', '2', '331102', '莲都区');
INSERT INTO `mcc_region` VALUES ('1111', '0', '1108', '2', '331121', '青田县');
INSERT INTO `mcc_region` VALUES ('1112', '0', '1108', '2', '331122', '缙云县');
INSERT INTO `mcc_region` VALUES ('1113', '0', '1108', '2', '331123', '遂昌县');
INSERT INTO `mcc_region` VALUES ('1114', '0', '1108', '2', '331124', '松阳县');
INSERT INTO `mcc_region` VALUES ('1115', '0', '1108', '2', '331125', '云和县');
INSERT INTO `mcc_region` VALUES ('1116', '0', '1108', '2', '331126', '庆元县');
INSERT INTO `mcc_region` VALUES ('1117', '0', '1108', '2', '331127', '景宁畲族自治县');
INSERT INTO `mcc_region` VALUES ('1118', '0', '1108', '2', '331181', '龙泉市');
INSERT INTO `mcc_region` VALUES ('1119', '684', '0', '0', '340000', '安徽省');
INSERT INTO `mcc_region` VALUES ('1120', '0', '1119', '1', '340100', '合肥市');
INSERT INTO `mcc_region` VALUES ('1121', '0', '1120', '2', '340101', '市辖区');
INSERT INTO `mcc_region` VALUES ('1122', '0', '1120', '2', '340102', '瑶海区');
INSERT INTO `mcc_region` VALUES ('1123', '0', '1120', '2', '340103', '庐阳区');
INSERT INTO `mcc_region` VALUES ('1124', '0', '1120', '2', '340104', '蜀山区');
INSERT INTO `mcc_region` VALUES ('1125', '0', '1120', '2', '340111', '包河区');
INSERT INTO `mcc_region` VALUES ('1126', '0', '1120', '2', '340121', '长丰县');
INSERT INTO `mcc_region` VALUES ('1127', '0', '1120', '2', '340122', '肥东县');
INSERT INTO `mcc_region` VALUES ('1128', '0', '1120', '2', '340123', '肥西县');
INSERT INTO `mcc_region` VALUES ('1129', '0', '1120', '2', '340124', '庐江县');
INSERT INTO `mcc_region` VALUES ('1130', '0', '1120', '2', '340181', '巢湖市');
INSERT INTO `mcc_region` VALUES ('1131', '0', '1119', '1', '340200', '芜湖市');
INSERT INTO `mcc_region` VALUES ('1132', '0', '1131', '2', '340201', '市辖区');
INSERT INTO `mcc_region` VALUES ('1133', '0', '1131', '2', '340202', '镜湖区');
INSERT INTO `mcc_region` VALUES ('1134', '0', '1131', '2', '340203', '弋江区');
INSERT INTO `mcc_region` VALUES ('1135', '0', '1131', '2', '340207', '鸠江区');
INSERT INTO `mcc_region` VALUES ('1136', '0', '1131', '2', '340208', '三山区');
INSERT INTO `mcc_region` VALUES ('1137', '0', '1131', '2', '340221', '芜湖县');
INSERT INTO `mcc_region` VALUES ('1138', '0', '1131', '2', '340222', '繁昌县');
INSERT INTO `mcc_region` VALUES ('1139', '0', '1131', '2', '340223', '南陵县');
INSERT INTO `mcc_region` VALUES ('1140', '0', '1131', '2', '340225', '无为县');
INSERT INTO `mcc_region` VALUES ('1141', '0', '1119', '1', '340300', '蚌埠市');
INSERT INTO `mcc_region` VALUES ('1142', '0', '1141', '2', '340301', '市辖区');
INSERT INTO `mcc_region` VALUES ('1143', '0', '1141', '2', '340302', '龙子湖区');
INSERT INTO `mcc_region` VALUES ('1144', '0', '1141', '2', '340303', '蚌山区');
INSERT INTO `mcc_region` VALUES ('1145', '0', '1141', '2', '340304', '禹会区');
INSERT INTO `mcc_region` VALUES ('1146', '0', '1141', '2', '340311', '淮上区');
INSERT INTO `mcc_region` VALUES ('1147', '0', '1141', '2', '340321', '怀远县');
INSERT INTO `mcc_region` VALUES ('1148', '0', '1141', '2', '340322', '五河县');
INSERT INTO `mcc_region` VALUES ('1149', '0', '1141', '2', '340323', '固镇县');
INSERT INTO `mcc_region` VALUES ('1150', '0', '1119', '1', '340400', '淮南市');
INSERT INTO `mcc_region` VALUES ('1151', '0', '1150', '2', '340401', '市辖区');
INSERT INTO `mcc_region` VALUES ('1152', '0', '1150', '2', '340402', '大通区');
INSERT INTO `mcc_region` VALUES ('1153', '0', '1150', '2', '340403', '田家庵区');
INSERT INTO `mcc_region` VALUES ('1154', '0', '1150', '2', '340404', '谢家集区');
INSERT INTO `mcc_region` VALUES ('1155', '0', '1150', '2', '340405', '八公山区');
INSERT INTO `mcc_region` VALUES ('1156', '0', '1150', '2', '340406', '潘集区');
INSERT INTO `mcc_region` VALUES ('1157', '0', '1150', '2', '340421', '凤台县');
INSERT INTO `mcc_region` VALUES ('1158', '0', '1119', '1', '340500', '马鞍山市');
INSERT INTO `mcc_region` VALUES ('1159', '0', '1158', '2', '340501', '市辖区');
INSERT INTO `mcc_region` VALUES ('1160', '0', '1158', '2', '340503', '花山区');
INSERT INTO `mcc_region` VALUES ('1161', '0', '1158', '2', '340504', '雨山区');
INSERT INTO `mcc_region` VALUES ('1162', '0', '1158', '2', '340506', '博望区');
INSERT INTO `mcc_region` VALUES ('1163', '0', '1158', '2', '340521', '当涂县');
INSERT INTO `mcc_region` VALUES ('1164', '0', '1158', '2', '340522', '含山县');
INSERT INTO `mcc_region` VALUES ('1165', '0', '1158', '2', '340523', '和县');
INSERT INTO `mcc_region` VALUES ('1166', '0', '1119', '1', '340600', '淮北市');
INSERT INTO `mcc_region` VALUES ('1167', '0', '1166', '2', '340601', '市辖区');
INSERT INTO `mcc_region` VALUES ('1168', '0', '1166', '2', '340602', '杜集区');
INSERT INTO `mcc_region` VALUES ('1169', '0', '1166', '2', '340603', '相山区');
INSERT INTO `mcc_region` VALUES ('1170', '0', '1166', '2', '340604', '烈山区');
INSERT INTO `mcc_region` VALUES ('1171', '0', '1166', '2', '340621', '濉溪县');
INSERT INTO `mcc_region` VALUES ('1172', '0', '1119', '1', '340700', '铜陵市');
INSERT INTO `mcc_region` VALUES ('1173', '0', '1172', '2', '340701', '市辖区');
INSERT INTO `mcc_region` VALUES ('1174', '0', '1172', '2', '340702', '铜官山区');
INSERT INTO `mcc_region` VALUES ('1175', '0', '1172', '2', '340703', '狮子山区');
INSERT INTO `mcc_region` VALUES ('1176', '0', '1172', '2', '340711', '郊区');
INSERT INTO `mcc_region` VALUES ('1177', '0', '1172', '2', '340721', '铜陵县');
INSERT INTO `mcc_region` VALUES ('1178', '0', '1119', '1', '340800', '安庆市');
INSERT INTO `mcc_region` VALUES ('1179', '0', '1178', '2', '340801', '市辖区');
INSERT INTO `mcc_region` VALUES ('1180', '0', '1178', '2', '340802', '迎江区');
INSERT INTO `mcc_region` VALUES ('1181', '0', '1178', '2', '340803', '大观区');
INSERT INTO `mcc_region` VALUES ('1182', '0', '1178', '2', '340811', '宜秀区');
INSERT INTO `mcc_region` VALUES ('1183', '0', '1178', '2', '340822', '怀宁县');
INSERT INTO `mcc_region` VALUES ('1184', '0', '1178', '2', '340823', '枞阳县');
INSERT INTO `mcc_region` VALUES ('1185', '0', '1178', '2', '340824', '潜山县');
INSERT INTO `mcc_region` VALUES ('1186', '0', '1178', '2', '340825', '太湖县');
INSERT INTO `mcc_region` VALUES ('1187', '0', '1178', '2', '340826', '宿松县');
INSERT INTO `mcc_region` VALUES ('1188', '0', '1178', '2', '340827', '望江县');
INSERT INTO `mcc_region` VALUES ('1189', '0', '1178', '2', '340828', '岳西县');
INSERT INTO `mcc_region` VALUES ('1190', '0', '1178', '2', '340881', '桐城市');
INSERT INTO `mcc_region` VALUES ('1191', '0', '1119', '1', '341000', '黄山市');
INSERT INTO `mcc_region` VALUES ('1192', '0', '1191', '2', '341001', '市辖区');
INSERT INTO `mcc_region` VALUES ('1193', '0', '1191', '2', '341002', '屯溪区');
INSERT INTO `mcc_region` VALUES ('1194', '0', '1191', '2', '341003', '黄山区');
INSERT INTO `mcc_region` VALUES ('1195', '0', '1191', '2', '341004', '徽州区');
INSERT INTO `mcc_region` VALUES ('1196', '0', '1191', '2', '341021', '歙县');
INSERT INTO `mcc_region` VALUES ('1197', '0', '1191', '2', '341022', '休宁县');
INSERT INTO `mcc_region` VALUES ('1198', '0', '1191', '2', '341023', '黟县');
INSERT INTO `mcc_region` VALUES ('1199', '0', '1191', '2', '341024', '祁门县');
INSERT INTO `mcc_region` VALUES ('1200', '0', '1119', '1', '341100', '滁州市');
INSERT INTO `mcc_region` VALUES ('1201', '0', '1200', '2', '341101', '市辖区');
INSERT INTO `mcc_region` VALUES ('1202', '0', '1200', '2', '341102', '琅琊区');
INSERT INTO `mcc_region` VALUES ('1203', '0', '1200', '2', '341103', '南谯区');
INSERT INTO `mcc_region` VALUES ('1204', '0', '1200', '2', '341122', '来安县');
INSERT INTO `mcc_region` VALUES ('1205', '0', '1200', '2', '341124', '全椒县');
INSERT INTO `mcc_region` VALUES ('1206', '0', '1200', '2', '341125', '定远县');
INSERT INTO `mcc_region` VALUES ('1207', '0', '1200', '2', '341126', '凤阳县');
INSERT INTO `mcc_region` VALUES ('1208', '0', '1200', '2', '341181', '天长市');
INSERT INTO `mcc_region` VALUES ('1209', '0', '1200', '2', '341182', '明光市');
INSERT INTO `mcc_region` VALUES ('1210', '0', '1119', '1', '341200', '阜阳市');
INSERT INTO `mcc_region` VALUES ('1211', '0', '1210', '2', '341201', '市辖区');
INSERT INTO `mcc_region` VALUES ('1212', '0', '1210', '2', '341202', '颍州区');
INSERT INTO `mcc_region` VALUES ('1213', '0', '1210', '2', '341203', '颍东区');
INSERT INTO `mcc_region` VALUES ('1214', '0', '1210', '2', '341204', '颍泉区');
INSERT INTO `mcc_region` VALUES ('1215', '0', '1210', '2', '341221', '临泉县');
INSERT INTO `mcc_region` VALUES ('1216', '0', '1210', '2', '341222', '太和县');
INSERT INTO `mcc_region` VALUES ('1217', '0', '1210', '2', '341225', '阜南县');
INSERT INTO `mcc_region` VALUES ('1218', '0', '1210', '2', '341226', '颍上县');
INSERT INTO `mcc_region` VALUES ('1219', '0', '1210', '2', '341282', '界首市');
INSERT INTO `mcc_region` VALUES ('1220', '0', '1119', '1', '341300', '宿州市');
INSERT INTO `mcc_region` VALUES ('1221', '0', '1220', '2', '341301', '市辖区');
INSERT INTO `mcc_region` VALUES ('1222', '0', '1220', '2', '341302', '埇桥区');
INSERT INTO `mcc_region` VALUES ('1223', '0', '1220', '2', '341321', '砀山县');
INSERT INTO `mcc_region` VALUES ('1224', '0', '1220', '2', '341322', '萧县');
INSERT INTO `mcc_region` VALUES ('1225', '0', '1220', '2', '341323', '灵璧县');
INSERT INTO `mcc_region` VALUES ('1226', '0', '1220', '2', '341324', '泗县');
INSERT INTO `mcc_region` VALUES ('1227', '0', '1119', '1', '341500', '六安市');
INSERT INTO `mcc_region` VALUES ('1228', '0', '1227', '2', '341501', '市辖区');
INSERT INTO `mcc_region` VALUES ('1229', '0', '1227', '2', '341502', '金安区');
INSERT INTO `mcc_region` VALUES ('1230', '0', '1227', '2', '341503', '裕安区');
INSERT INTO `mcc_region` VALUES ('1231', '0', '1227', '2', '341521', '寿县');
INSERT INTO `mcc_region` VALUES ('1232', '0', '1227', '2', '341522', '霍邱县');
INSERT INTO `mcc_region` VALUES ('1233', '0', '1227', '2', '341523', '舒城县');
INSERT INTO `mcc_region` VALUES ('1234', '0', '1227', '2', '341524', '金寨县');
INSERT INTO `mcc_region` VALUES ('1235', '0', '1227', '2', '341525', '霍山县');
INSERT INTO `mcc_region` VALUES ('1236', '0', '1119', '1', '341600', '亳州市');
INSERT INTO `mcc_region` VALUES ('1237', '0', '1236', '2', '341601', '市辖区');
INSERT INTO `mcc_region` VALUES ('1238', '0', '1236', '2', '341602', '谯城区');
INSERT INTO `mcc_region` VALUES ('1239', '0', '1236', '2', '341621', '涡阳县');
INSERT INTO `mcc_region` VALUES ('1240', '0', '1236', '2', '341622', '蒙城县');
INSERT INTO `mcc_region` VALUES ('1241', '0', '1236', '2', '341623', '利辛县');
INSERT INTO `mcc_region` VALUES ('1242', '0', '1119', '1', '341700', '池州市');
INSERT INTO `mcc_region` VALUES ('1243', '0', '1242', '2', '341701', '市辖区');
INSERT INTO `mcc_region` VALUES ('1244', '0', '1242', '2', '341702', '贵池区');
INSERT INTO `mcc_region` VALUES ('1245', '0', '1242', '2', '341721', '东至县');
INSERT INTO `mcc_region` VALUES ('1246', '0', '1242', '2', '341722', '石台县');
INSERT INTO `mcc_region` VALUES ('1247', '0', '1242', '2', '341723', '青阳县');
INSERT INTO `mcc_region` VALUES ('1248', '0', '1119', '1', '341800', '宣城市');
INSERT INTO `mcc_region` VALUES ('1249', '0', '1248', '2', '341801', '市辖区');
INSERT INTO `mcc_region` VALUES ('1250', '0', '1248', '2', '341802', '宣州区');
INSERT INTO `mcc_region` VALUES ('1251', '0', '1248', '2', '341821', '郎溪县');
INSERT INTO `mcc_region` VALUES ('1252', '0', '1248', '2', '341822', '广德县');
INSERT INTO `mcc_region` VALUES ('1253', '0', '1248', '2', '341823', '泾县');
INSERT INTO `mcc_region` VALUES ('1254', '0', '1248', '2', '341824', '绩溪县');
INSERT INTO `mcc_region` VALUES ('1255', '0', '1248', '2', '341825', '旌德县');
INSERT INTO `mcc_region` VALUES ('1256', '0', '1248', '2', '341881', '宁国市');
INSERT INTO `mcc_region` VALUES ('1257', '687', '0', '0', '350000', '福建省');
INSERT INTO `mcc_region` VALUES ('1258', '0', '1257', '1', '350100', '福州市');
INSERT INTO `mcc_region` VALUES ('1259', '0', '1258', '2', '350101', '市辖区');
INSERT INTO `mcc_region` VALUES ('1260', '0', '1258', '2', '350102', '鼓楼区');
INSERT INTO `mcc_region` VALUES ('1261', '0', '1258', '2', '350103', '台江区');
INSERT INTO `mcc_region` VALUES ('1262', '0', '1258', '2', '350104', '仓山区');
INSERT INTO `mcc_region` VALUES ('1263', '0', '1258', '2', '350105', '马尾区');
INSERT INTO `mcc_region` VALUES ('1264', '0', '1258', '2', '350111', '晋安区');
INSERT INTO `mcc_region` VALUES ('1265', '0', '1258', '2', '350121', '闽侯县');
INSERT INTO `mcc_region` VALUES ('1266', '0', '1258', '2', '350122', '连江县');
INSERT INTO `mcc_region` VALUES ('1267', '0', '1258', '2', '350123', '罗源县');
INSERT INTO `mcc_region` VALUES ('1268', '0', '1258', '2', '350124', '闽清县');
INSERT INTO `mcc_region` VALUES ('1269', '0', '1258', '2', '350125', '永泰县');
INSERT INTO `mcc_region` VALUES ('1270', '0', '1258', '2', '350128', '平潭县');
INSERT INTO `mcc_region` VALUES ('1271', '0', '1258', '2', '350181', '福清市');
INSERT INTO `mcc_region` VALUES ('1272', '0', '1258', '2', '350182', '长乐市');
INSERT INTO `mcc_region` VALUES ('1273', '0', '1257', '1', '350200', '厦门市');
INSERT INTO `mcc_region` VALUES ('1274', '0', '1273', '2', '350201', '市辖区');
INSERT INTO `mcc_region` VALUES ('1275', '0', '1273', '2', '350203', '思明区');
INSERT INTO `mcc_region` VALUES ('1276', '0', '1273', '2', '350205', '海沧区');
INSERT INTO `mcc_region` VALUES ('1277', '0', '1273', '2', '350206', '湖里区');
INSERT INTO `mcc_region` VALUES ('1278', '0', '1273', '2', '350211', '集美区');
INSERT INTO `mcc_region` VALUES ('1279', '0', '1273', '2', '350212', '同安区');
INSERT INTO `mcc_region` VALUES ('1280', '0', '1273', '2', '350213', '翔安区');
INSERT INTO `mcc_region` VALUES ('1281', '0', '1257', '1', '350300', '莆田市');
INSERT INTO `mcc_region` VALUES ('1282', '0', '1281', '2', '350301', '市辖区');
INSERT INTO `mcc_region` VALUES ('1283', '0', '1281', '2', '350302', '城厢区');
INSERT INTO `mcc_region` VALUES ('1284', '0', '1281', '2', '350303', '涵江区');
INSERT INTO `mcc_region` VALUES ('1285', '0', '1281', '2', '350304', '荔城区');
INSERT INTO `mcc_region` VALUES ('1286', '0', '1281', '2', '350305', '秀屿区');
INSERT INTO `mcc_region` VALUES ('1287', '0', '1281', '2', '350322', '仙游县');
INSERT INTO `mcc_region` VALUES ('1288', '0', '1257', '1', '350400', '三明市');
INSERT INTO `mcc_region` VALUES ('1289', '0', '1288', '2', '350401', '市辖区');
INSERT INTO `mcc_region` VALUES ('1290', '0', '1288', '2', '350402', '梅列区');
INSERT INTO `mcc_region` VALUES ('1291', '0', '1288', '2', '350403', '三元区');
INSERT INTO `mcc_region` VALUES ('1292', '0', '1288', '2', '350421', '明溪县');
INSERT INTO `mcc_region` VALUES ('1293', '0', '1288', '2', '350423', '清流县');
INSERT INTO `mcc_region` VALUES ('1294', '0', '1288', '2', '350424', '宁化县');
INSERT INTO `mcc_region` VALUES ('1295', '0', '1288', '2', '350425', '大田县');
INSERT INTO `mcc_region` VALUES ('1296', '0', '1288', '2', '350426', '尤溪县');
INSERT INTO `mcc_region` VALUES ('1297', '0', '1288', '2', '350427', '沙县');
INSERT INTO `mcc_region` VALUES ('1298', '0', '1288', '2', '350428', '将乐县');
INSERT INTO `mcc_region` VALUES ('1299', '0', '1288', '2', '350429', '泰宁县');
INSERT INTO `mcc_region` VALUES ('1300', '0', '1288', '2', '350430', '建宁县');
INSERT INTO `mcc_region` VALUES ('1301', '0', '1288', '2', '350481', '永安市');
INSERT INTO `mcc_region` VALUES ('1302', '0', '1257', '1', '350500', '泉州市');
INSERT INTO `mcc_region` VALUES ('1303', '0', '1302', '2', '350501', '市辖区');
INSERT INTO `mcc_region` VALUES ('1304', '0', '1302', '2', '350502', '鲤城区');
INSERT INTO `mcc_region` VALUES ('1305', '0', '1302', '2', '350503', '丰泽区');
INSERT INTO `mcc_region` VALUES ('1306', '0', '1302', '2', '350504', '洛江区');
INSERT INTO `mcc_region` VALUES ('1307', '0', '1302', '2', '350505', '泉港区');
INSERT INTO `mcc_region` VALUES ('1308', '0', '1302', '2', '350521', '惠安县');
INSERT INTO `mcc_region` VALUES ('1309', '0', '1302', '2', '350524', '安溪县');
INSERT INTO `mcc_region` VALUES ('1310', '0', '1302', '2', '350525', '永春县');
INSERT INTO `mcc_region` VALUES ('1311', '0', '1302', '2', '350526', '德化县');
INSERT INTO `mcc_region` VALUES ('1312', '0', '1302', '2', '350527', '金门县');
INSERT INTO `mcc_region` VALUES ('1313', '0', '1302', '2', '350581', '石狮市');
INSERT INTO `mcc_region` VALUES ('1314', '0', '1302', '2', '350582', '晋江市');
INSERT INTO `mcc_region` VALUES ('1315', '0', '1302', '2', '350583', '南安市');
INSERT INTO `mcc_region` VALUES ('1316', '0', '1257', '1', '350600', '漳州市');
INSERT INTO `mcc_region` VALUES ('1317', '0', '1316', '2', '350601', '市辖区');
INSERT INTO `mcc_region` VALUES ('1318', '0', '1316', '2', '350602', '芗城区');
INSERT INTO `mcc_region` VALUES ('1319', '0', '1316', '2', '350603', '龙文区');
INSERT INTO `mcc_region` VALUES ('1320', '0', '1316', '2', '350622', '云霄县');
INSERT INTO `mcc_region` VALUES ('1321', '0', '1316', '2', '350623', '漳浦县');
INSERT INTO `mcc_region` VALUES ('1322', '0', '1316', '2', '350624', '诏安县');
INSERT INTO `mcc_region` VALUES ('1323', '0', '1316', '2', '350625', '长泰县');
INSERT INTO `mcc_region` VALUES ('1324', '0', '1316', '2', '350626', '东山县');
INSERT INTO `mcc_region` VALUES ('1325', '0', '1316', '2', '350627', '南靖县');
INSERT INTO `mcc_region` VALUES ('1326', '0', '1316', '2', '350628', '平和县');
INSERT INTO `mcc_region` VALUES ('1327', '0', '1316', '2', '350629', '华安县');
INSERT INTO `mcc_region` VALUES ('1328', '0', '1316', '2', '350681', '龙海市');
INSERT INTO `mcc_region` VALUES ('1329', '0', '1257', '1', '350700', '南平市');
INSERT INTO `mcc_region` VALUES ('1330', '0', '1329', '2', '350701', '市辖区');
INSERT INTO `mcc_region` VALUES ('1331', '0', '1329', '2', '350702', '延平区');
INSERT INTO `mcc_region` VALUES ('1332', '0', '1329', '2', '350721', '顺昌县');
INSERT INTO `mcc_region` VALUES ('1333', '0', '1329', '2', '350722', '浦城县');
INSERT INTO `mcc_region` VALUES ('1334', '0', '1329', '2', '350723', '光泽县');
INSERT INTO `mcc_region` VALUES ('1335', '0', '1329', '2', '350724', '松溪县');
INSERT INTO `mcc_region` VALUES ('1336', '0', '1329', '2', '350725', '政和县');
INSERT INTO `mcc_region` VALUES ('1337', '0', '1329', '2', '350781', '邵武市');
INSERT INTO `mcc_region` VALUES ('1338', '0', '1329', '2', '350782', '武夷山市');
INSERT INTO `mcc_region` VALUES ('1339', '0', '1329', '2', '350783', '建瓯市');
INSERT INTO `mcc_region` VALUES ('1340', '0', '1329', '2', '350784', '建阳市');
INSERT INTO `mcc_region` VALUES ('1341', '0', '1257', '1', '350800', '龙岩市');
INSERT INTO `mcc_region` VALUES ('1342', '0', '1341', '2', '350801', '市辖区');
INSERT INTO `mcc_region` VALUES ('1343', '0', '1341', '2', '350802', '新罗区');
INSERT INTO `mcc_region` VALUES ('1344', '0', '1341', '2', '350821', '长汀县');
INSERT INTO `mcc_region` VALUES ('1345', '0', '1341', '2', '350822', '永定县');
INSERT INTO `mcc_region` VALUES ('1346', '0', '1341', '2', '350823', '上杭县');
INSERT INTO `mcc_region` VALUES ('1347', '0', '1341', '2', '350824', '武平县');
INSERT INTO `mcc_region` VALUES ('1348', '0', '1341', '2', '350825', '连城县');
INSERT INTO `mcc_region` VALUES ('1349', '0', '1341', '2', '350881', '漳平市');
INSERT INTO `mcc_region` VALUES ('1350', '0', '1257', '1', '350900', '宁德市');
INSERT INTO `mcc_region` VALUES ('1351', '0', '1350', '2', '350901', '市辖区');
INSERT INTO `mcc_region` VALUES ('1352', '0', '1350', '2', '350902', '蕉城区');
INSERT INTO `mcc_region` VALUES ('1353', '0', '1350', '2', '350921', '霞浦县');
INSERT INTO `mcc_region` VALUES ('1354', '0', '1350', '2', '350922', '古田县');
INSERT INTO `mcc_region` VALUES ('1355', '0', '1350', '2', '350923', '屏南县');
INSERT INTO `mcc_region` VALUES ('1356', '0', '1350', '2', '350924', '寿宁县');
INSERT INTO `mcc_region` VALUES ('1357', '0', '1350', '2', '350925', '周宁县');
INSERT INTO `mcc_region` VALUES ('1358', '0', '1350', '2', '350926', '柘荣县');
INSERT INTO `mcc_region` VALUES ('1359', '0', '1350', '2', '350981', '福安市');
INSERT INTO `mcc_region` VALUES ('1360', '0', '1350', '2', '350982', '福鼎市');
INSERT INTO `mcc_region` VALUES ('1361', '701', '0', '0', '360000', '江西省');
INSERT INTO `mcc_region` VALUES ('1362', '0', '1361', '1', '360100', '南昌市');
INSERT INTO `mcc_region` VALUES ('1363', '0', '1362', '2', '360101', '市辖区');
INSERT INTO `mcc_region` VALUES ('1364', '0', '1362', '2', '360102', '东湖区');
INSERT INTO `mcc_region` VALUES ('1365', '0', '1362', '2', '360103', '西湖区');
INSERT INTO `mcc_region` VALUES ('1366', '0', '1362', '2', '360104', '青云谱区');
INSERT INTO `mcc_region` VALUES ('1367', '0', '1362', '2', '360105', '湾里区');
INSERT INTO `mcc_region` VALUES ('1368', '0', '1362', '2', '360111', '青山湖区');
INSERT INTO `mcc_region` VALUES ('1369', '0', '1362', '2', '360121', '南昌县');
INSERT INTO `mcc_region` VALUES ('1370', '0', '1362', '2', '360122', '新建县');
INSERT INTO `mcc_region` VALUES ('1371', '0', '1362', '2', '360123', '安义县');
INSERT INTO `mcc_region` VALUES ('1372', '0', '1362', '2', '360124', '进贤县');
INSERT INTO `mcc_region` VALUES ('1373', '0', '1361', '1', '360200', '景德镇市');
INSERT INTO `mcc_region` VALUES ('1374', '0', '1373', '2', '360201', '市辖区');
INSERT INTO `mcc_region` VALUES ('1375', '0', '1373', '2', '360202', '昌江区');
INSERT INTO `mcc_region` VALUES ('1376', '0', '1373', '2', '360203', '珠山区');
INSERT INTO `mcc_region` VALUES ('1377', '0', '1373', '2', '360222', '浮梁县');
INSERT INTO `mcc_region` VALUES ('1378', '0', '1373', '2', '360281', '乐平市');
INSERT INTO `mcc_region` VALUES ('1379', '0', '1361', '1', '360300', '萍乡市');
INSERT INTO `mcc_region` VALUES ('1380', '0', '1379', '2', '360301', '市辖区');
INSERT INTO `mcc_region` VALUES ('1381', '0', '1379', '2', '360302', '安源区');
INSERT INTO `mcc_region` VALUES ('1382', '0', '1379', '2', '360313', '湘东区');
INSERT INTO `mcc_region` VALUES ('1383', '0', '1379', '2', '360321', '莲花县');
INSERT INTO `mcc_region` VALUES ('1384', '0', '1379', '2', '360322', '上栗县');
INSERT INTO `mcc_region` VALUES ('1385', '0', '1379', '2', '360323', '芦溪县');
INSERT INTO `mcc_region` VALUES ('1386', '0', '1361', '1', '360400', '九江市');
INSERT INTO `mcc_region` VALUES ('1387', '0', '1386', '2', '360401', '市辖区');
INSERT INTO `mcc_region` VALUES ('1388', '0', '1386', '2', '360402', '庐山区');
INSERT INTO `mcc_region` VALUES ('1389', '0', '1386', '2', '360403', '浔阳区');
INSERT INTO `mcc_region` VALUES ('1390', '0', '1386', '2', '360421', '九江县');
INSERT INTO `mcc_region` VALUES ('1391', '0', '1386', '2', '360423', '武宁县');
INSERT INTO `mcc_region` VALUES ('1392', '0', '1386', '2', '360424', '修水县');
INSERT INTO `mcc_region` VALUES ('1393', '0', '1386', '2', '360425', '永修县');
INSERT INTO `mcc_region` VALUES ('1394', '0', '1386', '2', '360426', '德安县');
INSERT INTO `mcc_region` VALUES ('1395', '0', '1386', '2', '360427', '星子县');
INSERT INTO `mcc_region` VALUES ('1396', '0', '1386', '2', '360428', '都昌县');
INSERT INTO `mcc_region` VALUES ('1397', '0', '1386', '2', '360429', '湖口县');
INSERT INTO `mcc_region` VALUES ('1398', '0', '1386', '2', '360430', '彭泽县');
INSERT INTO `mcc_region` VALUES ('1399', '0', '1386', '2', '360481', '瑞昌市');
INSERT INTO `mcc_region` VALUES ('1400', '0', '1386', '2', '360482', '共青城市');
INSERT INTO `mcc_region` VALUES ('1401', '0', '1361', '1', '360500', '新余市');
INSERT INTO `mcc_region` VALUES ('1402', '0', '1401', '2', '360501', '市辖区');
INSERT INTO `mcc_region` VALUES ('1403', '0', '1401', '2', '360502', '渝水区');
INSERT INTO `mcc_region` VALUES ('1404', '0', '1401', '2', '360521', '分宜县');
INSERT INTO `mcc_region` VALUES ('1405', '0', '1361', '1', '360600', '鹰潭市');
INSERT INTO `mcc_region` VALUES ('1406', '0', '1405', '2', '360601', '市辖区');
INSERT INTO `mcc_region` VALUES ('1407', '0', '1405', '2', '360602', '月湖区');
INSERT INTO `mcc_region` VALUES ('1408', '0', '1405', '2', '360622', '余江县');
INSERT INTO `mcc_region` VALUES ('1409', '0', '1405', '2', '360681', '贵溪市');
INSERT INTO `mcc_region` VALUES ('1410', '0', '1361', '1', '360700', '赣州市');
INSERT INTO `mcc_region` VALUES ('1411', '0', '1410', '2', '360701', '市辖区');
INSERT INTO `mcc_region` VALUES ('1412', '0', '1410', '2', '360702', '章贡区');
INSERT INTO `mcc_region` VALUES ('1413', '0', '1410', '2', '360703', '南康区');
INSERT INTO `mcc_region` VALUES ('1414', '0', '1410', '2', '360721', '赣县');
INSERT INTO `mcc_region` VALUES ('1415', '0', '1410', '2', '360722', '信丰县');
INSERT INTO `mcc_region` VALUES ('1416', '0', '1410', '2', '360723', '大余县');
INSERT INTO `mcc_region` VALUES ('1417', '0', '1410', '2', '360724', '上犹县');
INSERT INTO `mcc_region` VALUES ('1418', '0', '1410', '2', '360725', '崇义县');
INSERT INTO `mcc_region` VALUES ('1419', '0', '1410', '2', '360726', '安远县');
INSERT INTO `mcc_region` VALUES ('1420', '0', '1410', '2', '360727', '龙南县');
INSERT INTO `mcc_region` VALUES ('1421', '0', '1410', '2', '360728', '定南县');
INSERT INTO `mcc_region` VALUES ('1422', '0', '1410', '2', '360729', '全南县');
INSERT INTO `mcc_region` VALUES ('1423', '0', '1410', '2', '360730', '宁都县');
INSERT INTO `mcc_region` VALUES ('1424', '0', '1410', '2', '360731', '于都县');
INSERT INTO `mcc_region` VALUES ('1425', '0', '1410', '2', '360732', '兴国县');
INSERT INTO `mcc_region` VALUES ('1426', '0', '1410', '2', '360733', '会昌县');
INSERT INTO `mcc_region` VALUES ('1427', '0', '1410', '2', '360734', '寻乌县');
INSERT INTO `mcc_region` VALUES ('1428', '0', '1410', '2', '360735', '石城县');
INSERT INTO `mcc_region` VALUES ('1429', '0', '1410', '2', '360781', '瑞金市');
INSERT INTO `mcc_region` VALUES ('1430', '0', '1361', '1', '360800', '吉安市');
INSERT INTO `mcc_region` VALUES ('1431', '0', '1430', '2', '360801', '市辖区');
INSERT INTO `mcc_region` VALUES ('1432', '0', '1430', '2', '360802', '吉州区');
INSERT INTO `mcc_region` VALUES ('1433', '0', '1430', '2', '360803', '青原区');
INSERT INTO `mcc_region` VALUES ('1434', '0', '1430', '2', '360821', '吉安县');
INSERT INTO `mcc_region` VALUES ('1435', '0', '1430', '2', '360822', '吉水县');
INSERT INTO `mcc_region` VALUES ('1436', '0', '1430', '2', '360823', '峡江县');
INSERT INTO `mcc_region` VALUES ('1437', '0', '1430', '2', '360824', '新干县');
INSERT INTO `mcc_region` VALUES ('1438', '0', '1430', '2', '360825', '永丰县');
INSERT INTO `mcc_region` VALUES ('1439', '0', '1430', '2', '360826', '泰和县');
INSERT INTO `mcc_region` VALUES ('1440', '0', '1430', '2', '360827', '遂川县');
INSERT INTO `mcc_region` VALUES ('1441', '0', '1430', '2', '360828', '万安县');
INSERT INTO `mcc_region` VALUES ('1442', '0', '1430', '2', '360829', '安福县');
INSERT INTO `mcc_region` VALUES ('1443', '0', '1430', '2', '360830', '永新县');
INSERT INTO `mcc_region` VALUES ('1444', '0', '1430', '2', '360881', '井冈山市');
INSERT INTO `mcc_region` VALUES ('1445', '0', '1361', '1', '360900', '宜春市');
INSERT INTO `mcc_region` VALUES ('1446', '0', '1445', '2', '360901', '市辖区');
INSERT INTO `mcc_region` VALUES ('1447', '0', '1445', '2', '360902', '袁州区');
INSERT INTO `mcc_region` VALUES ('1448', '0', '1445', '2', '360921', '奉新县');
INSERT INTO `mcc_region` VALUES ('1449', '0', '1445', '2', '360922', '万载县');
INSERT INTO `mcc_region` VALUES ('1450', '0', '1445', '2', '360923', '上高县');
INSERT INTO `mcc_region` VALUES ('1451', '0', '1445', '2', '360924', '宜丰县');
INSERT INTO `mcc_region` VALUES ('1452', '0', '1445', '2', '360925', '靖安县');
INSERT INTO `mcc_region` VALUES ('1453', '0', '1445', '2', '360926', '铜鼓县');
INSERT INTO `mcc_region` VALUES ('1454', '0', '1445', '2', '360981', '丰城市');
INSERT INTO `mcc_region` VALUES ('1455', '0', '1445', '2', '360982', '樟树市');
INSERT INTO `mcc_region` VALUES ('1456', '0', '1445', '2', '360983', '高安市');
INSERT INTO `mcc_region` VALUES ('1457', '0', '1361', '1', '361000', '抚州市');
INSERT INTO `mcc_region` VALUES ('1458', '0', '1457', '2', '361001', '市辖区');
INSERT INTO `mcc_region` VALUES ('1459', '0', '1457', '2', '361002', '临川区');
INSERT INTO `mcc_region` VALUES ('1460', '0', '1457', '2', '361021', '南城县');
INSERT INTO `mcc_region` VALUES ('1461', '0', '1457', '2', '361022', '黎川县');
INSERT INTO `mcc_region` VALUES ('1462', '0', '1457', '2', '361023', '南丰县');
INSERT INTO `mcc_region` VALUES ('1463', '0', '1457', '2', '361024', '崇仁县');
INSERT INTO `mcc_region` VALUES ('1464', '0', '1457', '2', '361025', '乐安县');
INSERT INTO `mcc_region` VALUES ('1465', '0', '1457', '2', '361026', '宜黄县');
INSERT INTO `mcc_region` VALUES ('1466', '0', '1457', '2', '361027', '金溪县');
INSERT INTO `mcc_region` VALUES ('1467', '0', '1457', '2', '361028', '资溪县');
INSERT INTO `mcc_region` VALUES ('1468', '0', '1457', '2', '361029', '东乡县');
INSERT INTO `mcc_region` VALUES ('1469', '0', '1457', '2', '361030', '广昌县');
INSERT INTO `mcc_region` VALUES ('1470', '0', '1361', '1', '361100', '上饶市');
INSERT INTO `mcc_region` VALUES ('1471', '0', '1470', '2', '361101', '市辖区');
INSERT INTO `mcc_region` VALUES ('1472', '0', '1470', '2', '361102', '信州区');
INSERT INTO `mcc_region` VALUES ('1473', '0', '1470', '2', '361121', '上饶县');
INSERT INTO `mcc_region` VALUES ('1474', '0', '1470', '2', '361122', '广丰县');
INSERT INTO `mcc_region` VALUES ('1475', '0', '1470', '2', '361123', '玉山县');
INSERT INTO `mcc_region` VALUES ('1476', '0', '1470', '2', '361124', '铅山县');
INSERT INTO `mcc_region` VALUES ('1477', '0', '1470', '2', '361125', '横峰县');
INSERT INTO `mcc_region` VALUES ('1478', '0', '1470', '2', '361126', '弋阳县');
INSERT INTO `mcc_region` VALUES ('1479', '0', '1470', '2', '361127', '余干县');
INSERT INTO `mcc_region` VALUES ('1480', '0', '1470', '2', '361128', '鄱阳县');
INSERT INTO `mcc_region` VALUES ('1481', '0', '1470', '2', '361129', '万年县');
INSERT INTO `mcc_region` VALUES ('1482', '0', '1470', '2', '361130', '婺源县');
INSERT INTO `mcc_region` VALUES ('1483', '0', '1470', '2', '361181', '德兴市');
INSERT INTO `mcc_region` VALUES ('1484', '707', '0', '0', '370000', '山东省');
INSERT INTO `mcc_region` VALUES ('1485', '0', '1484', '1', '370100', '济南市');
INSERT INTO `mcc_region` VALUES ('1486', '0', '1485', '2', '370101', '市辖区');
INSERT INTO `mcc_region` VALUES ('1487', '0', '1485', '2', '370102', '历下区');
INSERT INTO `mcc_region` VALUES ('1488', '0', '1485', '2', '370103', '市中区');
INSERT INTO `mcc_region` VALUES ('1489', '0', '1485', '2', '370104', '槐荫区');
INSERT INTO `mcc_region` VALUES ('1490', '0', '1485', '2', '370105', '天桥区');
INSERT INTO `mcc_region` VALUES ('1491', '0', '1485', '2', '370112', '历城区');
INSERT INTO `mcc_region` VALUES ('1492', '0', '1485', '2', '370113', '长清区');
INSERT INTO `mcc_region` VALUES ('1493', '0', '1485', '2', '370124', '平阴县');
INSERT INTO `mcc_region` VALUES ('1494', '0', '1485', '2', '370125', '济阳县');
INSERT INTO `mcc_region` VALUES ('1495', '0', '1485', '2', '370126', '商河县');
INSERT INTO `mcc_region` VALUES ('1496', '0', '1485', '2', '370181', '章丘市');
INSERT INTO `mcc_region` VALUES ('1497', '0', '1484', '1', '370200', '青岛市');
INSERT INTO `mcc_region` VALUES ('1498', '0', '1497', '2', '370201', '市辖区');
INSERT INTO `mcc_region` VALUES ('1499', '0', '1497', '2', '370202', '市南区');
INSERT INTO `mcc_region` VALUES ('1500', '0', '1497', '2', '370203', '市北区');
INSERT INTO `mcc_region` VALUES ('1501', '0', '1497', '2', '370211', '黄岛区');
INSERT INTO `mcc_region` VALUES ('1502', '0', '1497', '2', '370212', '崂山区');
INSERT INTO `mcc_region` VALUES ('1503', '0', '1497', '2', '370213', '李沧区');
INSERT INTO `mcc_region` VALUES ('1504', '0', '1497', '2', '370214', '城阳区');
INSERT INTO `mcc_region` VALUES ('1505', '0', '1497', '2', '370281', '胶州市');
INSERT INTO `mcc_region` VALUES ('1506', '0', '1497', '2', '370282', '即墨市');
INSERT INTO `mcc_region` VALUES ('1507', '0', '1497', '2', '370283', '平度市');
INSERT INTO `mcc_region` VALUES ('1508', '0', '1497', '2', '370285', '莱西市');
INSERT INTO `mcc_region` VALUES ('1509', '0', '1484', '1', '370300', '淄博市');
INSERT INTO `mcc_region` VALUES ('1510', '0', '1509', '2', '370301', '市辖区');
INSERT INTO `mcc_region` VALUES ('1511', '0', '1509', '2', '370302', '淄川区');
INSERT INTO `mcc_region` VALUES ('1512', '0', '1509', '2', '370303', '张店区');
INSERT INTO `mcc_region` VALUES ('1513', '0', '1509', '2', '370304', '博山区');
INSERT INTO `mcc_region` VALUES ('1514', '0', '1509', '2', '370305', '临淄区');
INSERT INTO `mcc_region` VALUES ('1515', '0', '1509', '2', '370306', '周村区');
INSERT INTO `mcc_region` VALUES ('1516', '0', '1509', '2', '370321', '桓台县');
INSERT INTO `mcc_region` VALUES ('1517', '0', '1509', '2', '370322', '高青县');
INSERT INTO `mcc_region` VALUES ('1518', '0', '1509', '2', '370323', '沂源县');
INSERT INTO `mcc_region` VALUES ('1519', '0', '1484', '1', '370400', '枣庄市');
INSERT INTO `mcc_region` VALUES ('1520', '0', '1519', '2', '370401', '市辖区');
INSERT INTO `mcc_region` VALUES ('1521', '0', '1519', '2', '370402', '市中区');
INSERT INTO `mcc_region` VALUES ('1522', '0', '1519', '2', '370403', '薛城区');
INSERT INTO `mcc_region` VALUES ('1523', '0', '1519', '2', '370404', '峄城区');
INSERT INTO `mcc_region` VALUES ('1524', '0', '1519', '2', '370405', '台儿庄区');
INSERT INTO `mcc_region` VALUES ('1525', '0', '1519', '2', '370406', '山亭区');
INSERT INTO `mcc_region` VALUES ('1526', '0', '1519', '2', '370481', '滕州市');
INSERT INTO `mcc_region` VALUES ('1527', '0', '1484', '1', '370500', '东营市');
INSERT INTO `mcc_region` VALUES ('1528', '0', '1527', '2', '370501', '市辖区');
INSERT INTO `mcc_region` VALUES ('1529', '0', '1527', '2', '370502', '东营区');
INSERT INTO `mcc_region` VALUES ('1530', '0', '1527', '2', '370503', '河口区');
INSERT INTO `mcc_region` VALUES ('1531', '0', '1527', '2', '370521', '垦利县');
INSERT INTO `mcc_region` VALUES ('1532', '0', '1527', '2', '370522', '利津县');
INSERT INTO `mcc_region` VALUES ('1533', '0', '1527', '2', '370523', '广饶县');
INSERT INTO `mcc_region` VALUES ('1534', '0', '1484', '1', '370600', '烟台市');
INSERT INTO `mcc_region` VALUES ('1535', '0', '1534', '2', '370601', '市辖区');
INSERT INTO `mcc_region` VALUES ('1536', '0', '1534', '2', '370602', '芝罘区');
INSERT INTO `mcc_region` VALUES ('1537', '0', '1534', '2', '370611', '福山区');
INSERT INTO `mcc_region` VALUES ('1538', '0', '1534', '2', '370612', '牟平区');
INSERT INTO `mcc_region` VALUES ('1539', '0', '1534', '2', '370613', '莱山区');
INSERT INTO `mcc_region` VALUES ('1540', '0', '1534', '2', '370634', '长岛县');
INSERT INTO `mcc_region` VALUES ('1541', '0', '1534', '2', '370681', '龙口市');
INSERT INTO `mcc_region` VALUES ('1542', '0', '1534', '2', '370682', '莱阳市');
INSERT INTO `mcc_region` VALUES ('1543', '0', '1534', '2', '370683', '莱州市');
INSERT INTO `mcc_region` VALUES ('1544', '0', '1534', '2', '370684', '蓬莱市');
INSERT INTO `mcc_region` VALUES ('1545', '0', '1534', '2', '370685', '招远市');
INSERT INTO `mcc_region` VALUES ('1546', '0', '1534', '2', '370686', '栖霞市');
INSERT INTO `mcc_region` VALUES ('1547', '0', '1534', '2', '370687', '海阳市');
INSERT INTO `mcc_region` VALUES ('1548', '0', '1484', '1', '370700', '潍坊市');
INSERT INTO `mcc_region` VALUES ('1549', '0', '1548', '2', '370701', '市辖区');
INSERT INTO `mcc_region` VALUES ('1550', '0', '1548', '2', '370702', '潍城区');
INSERT INTO `mcc_region` VALUES ('1551', '0', '1548', '2', '370703', '寒亭区');
INSERT INTO `mcc_region` VALUES ('1552', '0', '1548', '2', '370704', '坊子区');
INSERT INTO `mcc_region` VALUES ('1553', '0', '1548', '2', '370705', '奎文区');
INSERT INTO `mcc_region` VALUES ('1554', '0', '1548', '2', '370724', '临朐县');
INSERT INTO `mcc_region` VALUES ('1555', '0', '1548', '2', '370725', '昌乐县');
INSERT INTO `mcc_region` VALUES ('1556', '0', '1548', '2', '370781', '青州市');
INSERT INTO `mcc_region` VALUES ('1557', '0', '1548', '2', '370782', '诸城市');
INSERT INTO `mcc_region` VALUES ('1558', '0', '1548', '2', '370783', '寿光市');
INSERT INTO `mcc_region` VALUES ('1559', '0', '1548', '2', '370784', '安丘市');
INSERT INTO `mcc_region` VALUES ('1560', '0', '1548', '2', '370785', '高密市');
INSERT INTO `mcc_region` VALUES ('1561', '0', '1548', '2', '370786', '昌邑市');
INSERT INTO `mcc_region` VALUES ('1562', '0', '1484', '1', '370800', '济宁市');
INSERT INTO `mcc_region` VALUES ('1563', '0', '1562', '2', '370801', '市辖区');
INSERT INTO `mcc_region` VALUES ('1564', '0', '1562', '2', '370811', '任城区');
INSERT INTO `mcc_region` VALUES ('1565', '0', '1562', '2', '370812', '兖州区');
INSERT INTO `mcc_region` VALUES ('1566', '0', '1562', '2', '370826', '微山县');
INSERT INTO `mcc_region` VALUES ('1567', '0', '1562', '2', '370827', '鱼台县');
INSERT INTO `mcc_region` VALUES ('1568', '0', '1562', '2', '370828', '金乡县');
INSERT INTO `mcc_region` VALUES ('1569', '0', '1562', '2', '370829', '嘉祥县');
INSERT INTO `mcc_region` VALUES ('1570', '0', '1562', '2', '370830', '汶上县');
INSERT INTO `mcc_region` VALUES ('1571', '0', '1562', '2', '370831', '泗水县');
INSERT INTO `mcc_region` VALUES ('1572', '0', '1562', '2', '370832', '梁山县');
INSERT INTO `mcc_region` VALUES ('1573', '0', '1562', '2', '370881', '曲阜市');
INSERT INTO `mcc_region` VALUES ('1574', '0', '1562', '2', '370883', '邹城市');
INSERT INTO `mcc_region` VALUES ('1575', '0', '1484', '1', '370900', '泰安市');
INSERT INTO `mcc_region` VALUES ('1576', '0', '1575', '2', '370901', '市辖区');
INSERT INTO `mcc_region` VALUES ('1577', '0', '1575', '2', '370902', '泰山区');
INSERT INTO `mcc_region` VALUES ('1578', '0', '1575', '2', '370911', '岱岳区');
INSERT INTO `mcc_region` VALUES ('1579', '0', '1575', '2', '370921', '宁阳县');
INSERT INTO `mcc_region` VALUES ('1580', '0', '1575', '2', '370923', '东平县');
INSERT INTO `mcc_region` VALUES ('1581', '0', '1575', '2', '370982', '新泰市');
INSERT INTO `mcc_region` VALUES ('1582', '0', '1575', '2', '370983', '肥城市');
INSERT INTO `mcc_region` VALUES ('1583', '0', '1484', '1', '371000', '威海市');
INSERT INTO `mcc_region` VALUES ('1584', '0', '1583', '2', '371001', '市辖区');
INSERT INTO `mcc_region` VALUES ('1585', '0', '1583', '2', '371002', '环翠区');
INSERT INTO `mcc_region` VALUES ('1586', '0', '1583', '2', '371003', '文登区');
INSERT INTO `mcc_region` VALUES ('1587', '0', '1583', '2', '371082', '荣成市');
INSERT INTO `mcc_region` VALUES ('1588', '0', '1583', '2', '371083', '乳山市');
INSERT INTO `mcc_region` VALUES ('1589', '0', '1484', '1', '371100', '日照市');
INSERT INTO `mcc_region` VALUES ('1590', '0', '1589', '2', '371101', '市辖区');
INSERT INTO `mcc_region` VALUES ('1591', '0', '1589', '2', '371102', '东港区');
INSERT INTO `mcc_region` VALUES ('1592', '0', '1589', '2', '371103', '岚山区');
INSERT INTO `mcc_region` VALUES ('1593', '0', '1589', '2', '371121', '五莲县');
INSERT INTO `mcc_region` VALUES ('1594', '0', '1589', '2', '371122', '莒县');
INSERT INTO `mcc_region` VALUES ('1595', '0', '1484', '1', '371200', '莱芜市');
INSERT INTO `mcc_region` VALUES ('1596', '0', '1595', '2', '371201', '市辖区');
INSERT INTO `mcc_region` VALUES ('1597', '0', '1595', '2', '371202', '莱城区');
INSERT INTO `mcc_region` VALUES ('1598', '0', '1595', '2', '371203', '钢城区');
INSERT INTO `mcc_region` VALUES ('1599', '0', '1484', '1', '371300', '临沂市');
INSERT INTO `mcc_region` VALUES ('1600', '0', '1599', '2', '371301', '市辖区');
INSERT INTO `mcc_region` VALUES ('1601', '0', '1599', '2', '371302', '兰山区');
INSERT INTO `mcc_region` VALUES ('1602', '0', '1599', '2', '371311', '罗庄区');
INSERT INTO `mcc_region` VALUES ('1603', '0', '1599', '2', '371312', '河东区');
INSERT INTO `mcc_region` VALUES ('1604', '0', '1599', '2', '371321', '沂南县');
INSERT INTO `mcc_region` VALUES ('1605', '0', '1599', '2', '371322', '郯城县');
INSERT INTO `mcc_region` VALUES ('1606', '0', '1599', '2', '371323', '沂水县');
INSERT INTO `mcc_region` VALUES ('1607', '0', '1599', '2', '371324', '兰陵县');
INSERT INTO `mcc_region` VALUES ('1608', '0', '1599', '2', '371325', '费县');
INSERT INTO `mcc_region` VALUES ('1609', '0', '1599', '2', '371326', '平邑县');
INSERT INTO `mcc_region` VALUES ('1610', '0', '1599', '2', '371327', '莒南县');
INSERT INTO `mcc_region` VALUES ('1611', '0', '1599', '2', '371328', '蒙阴县');
INSERT INTO `mcc_region` VALUES ('1612', '0', '1599', '2', '371329', '临沭县');
INSERT INTO `mcc_region` VALUES ('1613', '0', '1484', '1', '371400', '德州市');
INSERT INTO `mcc_region` VALUES ('1614', '0', '1613', '2', '371401', '市辖区');
INSERT INTO `mcc_region` VALUES ('1615', '0', '1613', '2', '371402', '德城区');
INSERT INTO `mcc_region` VALUES ('1616', '0', '1613', '2', '371403', '陵城区');
INSERT INTO `mcc_region` VALUES ('1617', '0', '1613', '2', '371422', '宁津县');
INSERT INTO `mcc_region` VALUES ('1618', '0', '1613', '2', '371423', '庆云县');
INSERT INTO `mcc_region` VALUES ('1619', '0', '1613', '2', '371424', '临邑县');
INSERT INTO `mcc_region` VALUES ('1620', '0', '1613', '2', '371425', '齐河县');
INSERT INTO `mcc_region` VALUES ('1621', '0', '1613', '2', '371426', '平原县');
INSERT INTO `mcc_region` VALUES ('1622', '0', '1613', '2', '371427', '夏津县');
INSERT INTO `mcc_region` VALUES ('1623', '0', '1613', '2', '371428', '武城县');
INSERT INTO `mcc_region` VALUES ('1624', '0', '1613', '2', '371481', '乐陵市');
INSERT INTO `mcc_region` VALUES ('1625', '0', '1613', '2', '371482', '禹城市');
INSERT INTO `mcc_region` VALUES ('1626', '0', '1484', '1', '371500', '聊城市');
INSERT INTO `mcc_region` VALUES ('1627', '0', '1626', '2', '371501', '市辖区');
INSERT INTO `mcc_region` VALUES ('1628', '0', '1626', '2', '371502', '东昌府区');
INSERT INTO `mcc_region` VALUES ('1629', '0', '1626', '2', '371521', '阳谷县');
INSERT INTO `mcc_region` VALUES ('1630', '0', '1626', '2', '371522', '莘县');
INSERT INTO `mcc_region` VALUES ('1631', '0', '1626', '2', '371523', '茌平县');
INSERT INTO `mcc_region` VALUES ('1632', '0', '1626', '2', '371524', '东阿县');
INSERT INTO `mcc_region` VALUES ('1633', '0', '1626', '2', '371525', '冠县');
INSERT INTO `mcc_region` VALUES ('1634', '0', '1626', '2', '371526', '高唐县');
INSERT INTO `mcc_region` VALUES ('1635', '0', '1626', '2', '371581', '临清市');
INSERT INTO `mcc_region` VALUES ('1636', '0', '1484', '1', '371600', '滨州市');
INSERT INTO `mcc_region` VALUES ('1637', '0', '1636', '2', '371601', '市辖区');
INSERT INTO `mcc_region` VALUES ('1638', '0', '1636', '2', '371602', '滨城区');
INSERT INTO `mcc_region` VALUES ('1639', '0', '1636', '2', '371603', '沾化区');
INSERT INTO `mcc_region` VALUES ('1640', '0', '1636', '2', '371621', '惠民县');
INSERT INTO `mcc_region` VALUES ('1641', '0', '1636', '2', '371622', '阳信县');
INSERT INTO `mcc_region` VALUES ('1642', '0', '1636', '2', '371623', '无棣县');
INSERT INTO `mcc_region` VALUES ('1643', '0', '1636', '2', '371625', '博兴县');
INSERT INTO `mcc_region` VALUES ('1644', '0', '1636', '2', '371626', '邹平县');
INSERT INTO `mcc_region` VALUES ('1645', '0', '1484', '1', '371700', '菏泽市');
INSERT INTO `mcc_region` VALUES ('1646', '0', '1645', '2', '371701', '市辖区');
INSERT INTO `mcc_region` VALUES ('1647', '0', '1645', '2', '371702', '牡丹区');
INSERT INTO `mcc_region` VALUES ('1648', '0', '1645', '2', '371721', '曹县');
INSERT INTO `mcc_region` VALUES ('1649', '0', '1645', '2', '371722', '单县');
INSERT INTO `mcc_region` VALUES ('1650', '0', '1645', '2', '371723', '成武县');
INSERT INTO `mcc_region` VALUES ('1651', '0', '1645', '2', '371724', '巨野县');
INSERT INTO `mcc_region` VALUES ('1652', '0', '1645', '2', '371725', '郓城县');
INSERT INTO `mcc_region` VALUES ('1653', '0', '1645', '2', '371726', '鄄城县');
INSERT INTO `mcc_region` VALUES ('1654', '0', '1645', '2', '371727', '定陶县');
INSERT INTO `mcc_region` VALUES ('1655', '0', '1645', '2', '371728', '东明县');
INSERT INTO `mcc_region` VALUES ('1656', '695', '0', '0', '410000', '河南省');
INSERT INTO `mcc_region` VALUES ('1657', '0', '1656', '1', '410100', '郑州市');
INSERT INTO `mcc_region` VALUES ('1658', '0', '1657', '2', '410101', '市辖区');
INSERT INTO `mcc_region` VALUES ('1659', '0', '1657', '2', '410102', '中原区');
INSERT INTO `mcc_region` VALUES ('1660', '0', '1657', '2', '410103', '二七区');
INSERT INTO `mcc_region` VALUES ('1661', '0', '1657', '2', '410104', '管城回族区');
INSERT INTO `mcc_region` VALUES ('1662', '0', '1657', '2', '410105', '金水区');
INSERT INTO `mcc_region` VALUES ('1663', '0', '1657', '2', '410106', '上街区');
INSERT INTO `mcc_region` VALUES ('1664', '0', '1657', '2', '410108', '惠济区');
INSERT INTO `mcc_region` VALUES ('1665', '0', '1657', '2', '410122', '中牟县');
INSERT INTO `mcc_region` VALUES ('1666', '0', '1657', '2', '410181', '巩义市');
INSERT INTO `mcc_region` VALUES ('1667', '0', '1657', '2', '410182', '荥阳市');
INSERT INTO `mcc_region` VALUES ('1668', '0', '1657', '2', '410183', '新密市');
INSERT INTO `mcc_region` VALUES ('1669', '0', '1657', '2', '410184', '新郑市');
INSERT INTO `mcc_region` VALUES ('1670', '0', '1657', '2', '410185', '登封市');
INSERT INTO `mcc_region` VALUES ('1671', '0', '1656', '1', '410200', '开封市');
INSERT INTO `mcc_region` VALUES ('1672', '0', '1671', '2', '410201', '市辖区');
INSERT INTO `mcc_region` VALUES ('1673', '0', '1671', '2', '410202', '龙亭区');
INSERT INTO `mcc_region` VALUES ('1674', '0', '1671', '2', '410203', '顺河回族区');
INSERT INTO `mcc_region` VALUES ('1675', '0', '1671', '2', '410204', '鼓楼区');
INSERT INTO `mcc_region` VALUES ('1676', '0', '1671', '2', '410205', '禹王台区');
INSERT INTO `mcc_region` VALUES ('1677', '0', '1671', '2', '410211', '金明区');
INSERT INTO `mcc_region` VALUES ('1678', '0', '1671', '2', '410221', '杞县');
INSERT INTO `mcc_region` VALUES ('1679', '0', '1671', '2', '410222', '通许县');
INSERT INTO `mcc_region` VALUES ('1680', '0', '1671', '2', '410223', '尉氏县');
INSERT INTO `mcc_region` VALUES ('1681', '0', '1671', '2', '410224', '开封县');
INSERT INTO `mcc_region` VALUES ('1682', '0', '1671', '2', '410225', '兰考县');
INSERT INTO `mcc_region` VALUES ('1683', '0', '1656', '1', '410300', '洛阳市');
INSERT INTO `mcc_region` VALUES ('1684', '0', '1683', '2', '410301', '市辖区');
INSERT INTO `mcc_region` VALUES ('1685', '0', '1683', '2', '410302', '老城区');
INSERT INTO `mcc_region` VALUES ('1686', '0', '1683', '2', '410303', '西工区');
INSERT INTO `mcc_region` VALUES ('1687', '0', '1683', '2', '410304', '瀍河回族区');
INSERT INTO `mcc_region` VALUES ('1688', '0', '1683', '2', '410305', '涧西区');
INSERT INTO `mcc_region` VALUES ('1689', '0', '1683', '2', '410306', '吉利区');
INSERT INTO `mcc_region` VALUES ('1690', '0', '1683', '2', '410311', '洛龙区');
INSERT INTO `mcc_region` VALUES ('1691', '0', '1683', '2', '410322', '孟津县');
INSERT INTO `mcc_region` VALUES ('1692', '0', '1683', '2', '410323', '新安县');
INSERT INTO `mcc_region` VALUES ('1693', '0', '1683', '2', '410324', '栾川县');
INSERT INTO `mcc_region` VALUES ('1694', '0', '1683', '2', '410325', '嵩县');
INSERT INTO `mcc_region` VALUES ('1695', '0', '1683', '2', '410326', '汝阳县');
INSERT INTO `mcc_region` VALUES ('1696', '0', '1683', '2', '410327', '宜阳县');
INSERT INTO `mcc_region` VALUES ('1697', '0', '1683', '2', '410328', '洛宁县');
INSERT INTO `mcc_region` VALUES ('1698', '0', '1683', '2', '410329', '伊川县');
INSERT INTO `mcc_region` VALUES ('1699', '0', '1683', '2', '410381', '偃师市');
INSERT INTO `mcc_region` VALUES ('1700', '0', '1656', '1', '410400', '平顶山市');
INSERT INTO `mcc_region` VALUES ('1701', '0', '1700', '2', '410401', '市辖区');
INSERT INTO `mcc_region` VALUES ('1702', '0', '1700', '2', '410402', '新华区');
INSERT INTO `mcc_region` VALUES ('1703', '0', '1700', '2', '410403', '卫东区');
INSERT INTO `mcc_region` VALUES ('1704', '0', '1700', '2', '410404', '石龙区');
INSERT INTO `mcc_region` VALUES ('1705', '0', '1700', '2', '410411', '湛河区');
INSERT INTO `mcc_region` VALUES ('1706', '0', '1700', '2', '410421', '宝丰县');
INSERT INTO `mcc_region` VALUES ('1707', '0', '1700', '2', '410422', '叶县');
INSERT INTO `mcc_region` VALUES ('1708', '0', '1700', '2', '410423', '鲁山县');
INSERT INTO `mcc_region` VALUES ('1709', '0', '1700', '2', '410425', '郏县');
INSERT INTO `mcc_region` VALUES ('1710', '0', '1700', '2', '410481', '舞钢市');
INSERT INTO `mcc_region` VALUES ('1711', '0', '1700', '2', '410482', '汝州市');
INSERT INTO `mcc_region` VALUES ('1712', '0', '1656', '1', '410500', '安阳市');
INSERT INTO `mcc_region` VALUES ('1713', '0', '1712', '2', '410501', '市辖区');
INSERT INTO `mcc_region` VALUES ('1714', '0', '1712', '2', '410502', '文峰区');
INSERT INTO `mcc_region` VALUES ('1715', '0', '1712', '2', '410503', '北关区');
INSERT INTO `mcc_region` VALUES ('1716', '0', '1712', '2', '410505', '殷都区');
INSERT INTO `mcc_region` VALUES ('1717', '0', '1712', '2', '410506', '龙安区');
INSERT INTO `mcc_region` VALUES ('1718', '0', '1712', '2', '410522', '安阳县');
INSERT INTO `mcc_region` VALUES ('1719', '0', '1712', '2', '410523', '汤阴县');
INSERT INTO `mcc_region` VALUES ('1720', '0', '1712', '2', '410526', '滑县');
INSERT INTO `mcc_region` VALUES ('1721', '0', '1712', '2', '410527', '内黄县');
INSERT INTO `mcc_region` VALUES ('1722', '0', '1712', '2', '410581', '林州市');
INSERT INTO `mcc_region` VALUES ('1723', '0', '1656', '1', '410600', '鹤壁市');
INSERT INTO `mcc_region` VALUES ('1724', '0', '1723', '2', '410601', '市辖区');
INSERT INTO `mcc_region` VALUES ('1725', '0', '1723', '2', '410602', '鹤山区');
INSERT INTO `mcc_region` VALUES ('1726', '0', '1723', '2', '410603', '山城区');
INSERT INTO `mcc_region` VALUES ('1727', '0', '1723', '2', '410611', '淇滨区');
INSERT INTO `mcc_region` VALUES ('1728', '0', '1723', '2', '410621', '浚县');
INSERT INTO `mcc_region` VALUES ('1729', '0', '1723', '2', '410622', '淇县');
INSERT INTO `mcc_region` VALUES ('1730', '0', '1656', '1', '410700', '新乡市');
INSERT INTO `mcc_region` VALUES ('1731', '0', '1730', '2', '410701', '市辖区');
INSERT INTO `mcc_region` VALUES ('1732', '0', '1730', '2', '410702', '红旗区');
INSERT INTO `mcc_region` VALUES ('1733', '0', '1730', '2', '410703', '卫滨区');
INSERT INTO `mcc_region` VALUES ('1734', '0', '1730', '2', '410704', '凤泉区');
INSERT INTO `mcc_region` VALUES ('1735', '0', '1730', '2', '410711', '牧野区');
INSERT INTO `mcc_region` VALUES ('1736', '0', '1730', '2', '410721', '新乡县');
INSERT INTO `mcc_region` VALUES ('1737', '0', '1730', '2', '410724', '获嘉县');
INSERT INTO `mcc_region` VALUES ('1738', '0', '1730', '2', '410725', '原阳县');
INSERT INTO `mcc_region` VALUES ('1739', '0', '1730', '2', '410726', '延津县');
INSERT INTO `mcc_region` VALUES ('1740', '0', '1730', '2', '410727', '封丘县');
INSERT INTO `mcc_region` VALUES ('1741', '0', '1730', '2', '410728', '长垣县');
INSERT INTO `mcc_region` VALUES ('1742', '0', '1730', '2', '410781', '卫辉市');
INSERT INTO `mcc_region` VALUES ('1743', '0', '1730', '2', '410782', '辉县市');
INSERT INTO `mcc_region` VALUES ('1744', '0', '1656', '1', '410800', '焦作市');
INSERT INTO `mcc_region` VALUES ('1745', '0', '1744', '2', '410801', '市辖区');
INSERT INTO `mcc_region` VALUES ('1746', '0', '1744', '2', '410802', '解放区');
INSERT INTO `mcc_region` VALUES ('1747', '0', '1744', '2', '410803', '中站区');
INSERT INTO `mcc_region` VALUES ('1748', '0', '1744', '2', '410804', '马村区');
INSERT INTO `mcc_region` VALUES ('1749', '0', '1744', '2', '410811', '山阳区');
INSERT INTO `mcc_region` VALUES ('1750', '0', '1744', '2', '410821', '修武县');
INSERT INTO `mcc_region` VALUES ('1751', '0', '1744', '2', '410822', '博爱县');
INSERT INTO `mcc_region` VALUES ('1752', '0', '1744', '2', '410823', '武陟县');
INSERT INTO `mcc_region` VALUES ('1753', '0', '1744', '2', '410825', '温县');
INSERT INTO `mcc_region` VALUES ('1754', '0', '1744', '2', '410882', '沁阳市');
INSERT INTO `mcc_region` VALUES ('1755', '0', '1744', '2', '410883', '孟州市');
INSERT INTO `mcc_region` VALUES ('1756', '0', '1656', '1', '410900', '濮阳市');
INSERT INTO `mcc_region` VALUES ('1757', '0', '1756', '2', '410901', '市辖区');
INSERT INTO `mcc_region` VALUES ('1758', '0', '1756', '2', '410902', '华龙区');
INSERT INTO `mcc_region` VALUES ('1759', '0', '1756', '2', '410922', '清丰县');
INSERT INTO `mcc_region` VALUES ('1760', '0', '1756', '2', '410923', '南乐县');
INSERT INTO `mcc_region` VALUES ('1761', '0', '1756', '2', '410926', '范县');
INSERT INTO `mcc_region` VALUES ('1762', '0', '1756', '2', '410927', '台前县');
INSERT INTO `mcc_region` VALUES ('1763', '0', '1756', '2', '410928', '濮阳县');
INSERT INTO `mcc_region` VALUES ('1764', '0', '1656', '1', '411000', '许昌市');
INSERT INTO `mcc_region` VALUES ('1765', '0', '1764', '2', '411001', '市辖区');
INSERT INTO `mcc_region` VALUES ('1766', '0', '1764', '2', '411002', '魏都区');
INSERT INTO `mcc_region` VALUES ('1767', '0', '1764', '2', '411023', '许昌县');
INSERT INTO `mcc_region` VALUES ('1768', '0', '1764', '2', '411024', '鄢陵县');
INSERT INTO `mcc_region` VALUES ('1769', '0', '1764', '2', '411025', '襄城县');
INSERT INTO `mcc_region` VALUES ('1770', '0', '1764', '2', '411081', '禹州市');
INSERT INTO `mcc_region` VALUES ('1771', '0', '1764', '2', '411082', '长葛市');
INSERT INTO `mcc_region` VALUES ('1772', '0', '1656', '1', '411100', '漯河市');
INSERT INTO `mcc_region` VALUES ('1773', '0', '1772', '2', '411101', '市辖区');
INSERT INTO `mcc_region` VALUES ('1774', '0', '1772', '2', '411102', '源汇区');
INSERT INTO `mcc_region` VALUES ('1775', '0', '1772', '2', '411103', '郾城区');
INSERT INTO `mcc_region` VALUES ('1776', '0', '1772', '2', '411104', '召陵区');
INSERT INTO `mcc_region` VALUES ('1777', '0', '1772', '2', '411121', '舞阳县');
INSERT INTO `mcc_region` VALUES ('1778', '0', '1772', '2', '411122', '临颍县');
INSERT INTO `mcc_region` VALUES ('1779', '0', '1656', '1', '411200', '三门峡市');
INSERT INTO `mcc_region` VALUES ('1780', '0', '1779', '2', '411201', '市辖区');
INSERT INTO `mcc_region` VALUES ('1781', '0', '1779', '2', '411202', '湖滨区');
INSERT INTO `mcc_region` VALUES ('1782', '0', '1779', '2', '411221', '渑池县');
INSERT INTO `mcc_region` VALUES ('1783', '0', '1779', '2', '411222', '陕县');
INSERT INTO `mcc_region` VALUES ('1784', '0', '1779', '2', '411224', '卢氏县');
INSERT INTO `mcc_region` VALUES ('1785', '0', '1779', '2', '411281', '义马市');
INSERT INTO `mcc_region` VALUES ('1786', '0', '1779', '2', '411282', '灵宝市');
INSERT INTO `mcc_region` VALUES ('1787', '0', '1656', '1', '411300', '南阳市');
INSERT INTO `mcc_region` VALUES ('1788', '0', '1787', '2', '411301', '市辖区');
INSERT INTO `mcc_region` VALUES ('1789', '0', '1787', '2', '411302', '宛城区');
INSERT INTO `mcc_region` VALUES ('1790', '0', '1787', '2', '411303', '卧龙区');
INSERT INTO `mcc_region` VALUES ('1791', '0', '1787', '2', '411321', '南召县');
INSERT INTO `mcc_region` VALUES ('1792', '0', '1787', '2', '411322', '方城县');
INSERT INTO `mcc_region` VALUES ('1793', '0', '1787', '2', '411323', '西峡县');
INSERT INTO `mcc_region` VALUES ('1794', '0', '1787', '2', '411324', '镇平县');
INSERT INTO `mcc_region` VALUES ('1795', '0', '1787', '2', '411325', '内乡县');
INSERT INTO `mcc_region` VALUES ('1796', '0', '1787', '2', '411326', '淅川县');
INSERT INTO `mcc_region` VALUES ('1797', '0', '1787', '2', '411327', '社旗县');
INSERT INTO `mcc_region` VALUES ('1798', '0', '1787', '2', '411328', '唐河县');
INSERT INTO `mcc_region` VALUES ('1799', '0', '1787', '2', '411329', '新野县');
INSERT INTO `mcc_region` VALUES ('1800', '0', '1787', '2', '411330', '桐柏县');
INSERT INTO `mcc_region` VALUES ('1801', '0', '1787', '2', '411381', '邓州市');
INSERT INTO `mcc_region` VALUES ('1802', '0', '1656', '1', '411400', '商丘市');
INSERT INTO `mcc_region` VALUES ('1803', '0', '1802', '2', '411401', '市辖区');
INSERT INTO `mcc_region` VALUES ('1804', '0', '1802', '2', '411402', '梁园区');
INSERT INTO `mcc_region` VALUES ('1805', '0', '1802', '2', '411403', '睢阳区');
INSERT INTO `mcc_region` VALUES ('1806', '0', '1802', '2', '411421', '民权县');
INSERT INTO `mcc_region` VALUES ('1807', '0', '1802', '2', '411422', '睢县');
INSERT INTO `mcc_region` VALUES ('1808', '0', '1802', '2', '411423', '宁陵县');
INSERT INTO `mcc_region` VALUES ('1809', '0', '1802', '2', '411424', '柘城县');
INSERT INTO `mcc_region` VALUES ('1810', '0', '1802', '2', '411425', '虞城县');
INSERT INTO `mcc_region` VALUES ('1811', '0', '1802', '2', '411426', '夏邑县');
INSERT INTO `mcc_region` VALUES ('1812', '0', '1802', '2', '411481', '永城市');
INSERT INTO `mcc_region` VALUES ('1813', '0', '1656', '1', '411500', '信阳市');
INSERT INTO `mcc_region` VALUES ('1814', '0', '1813', '2', '411501', '市辖区');
INSERT INTO `mcc_region` VALUES ('1815', '0', '1813', '2', '411502', '浉河区');
INSERT INTO `mcc_region` VALUES ('1816', '0', '1813', '2', '411503', '平桥区');
INSERT INTO `mcc_region` VALUES ('1817', '0', '1813', '2', '411521', '罗山县');
INSERT INTO `mcc_region` VALUES ('1818', '0', '1813', '2', '411522', '光山县');
INSERT INTO `mcc_region` VALUES ('1819', '0', '1813', '2', '411523', '新县');
INSERT INTO `mcc_region` VALUES ('1820', '0', '1813', '2', '411524', '商城县');
INSERT INTO `mcc_region` VALUES ('1821', '0', '1813', '2', '411525', '固始县');
INSERT INTO `mcc_region` VALUES ('1822', '0', '1813', '2', '411526', '潢川县');
INSERT INTO `mcc_region` VALUES ('1823', '0', '1813', '2', '411527', '淮滨县');
INSERT INTO `mcc_region` VALUES ('1824', '0', '1813', '2', '411528', '息县');
INSERT INTO `mcc_region` VALUES ('1825', '0', '1656', '1', '411600', '周口市');
INSERT INTO `mcc_region` VALUES ('1826', '0', '1825', '2', '411601', '市辖区');
INSERT INTO `mcc_region` VALUES ('1827', '0', '1825', '2', '411602', '川汇区');
INSERT INTO `mcc_region` VALUES ('1828', '0', '1825', '2', '411621', '扶沟县');
INSERT INTO `mcc_region` VALUES ('1829', '0', '1825', '2', '411622', '西华县');
INSERT INTO `mcc_region` VALUES ('1830', '0', '1825', '2', '411623', '商水县');
INSERT INTO `mcc_region` VALUES ('1831', '0', '1825', '2', '411624', '沈丘县');
INSERT INTO `mcc_region` VALUES ('1832', '0', '1825', '2', '411625', '郸城县');
INSERT INTO `mcc_region` VALUES ('1833', '0', '1825', '2', '411626', '淮阳县');
INSERT INTO `mcc_region` VALUES ('1834', '0', '1825', '2', '411627', '太康县');
INSERT INTO `mcc_region` VALUES ('1835', '0', '1825', '2', '411628', '鹿邑县');
INSERT INTO `mcc_region` VALUES ('1836', '0', '1825', '2', '411681', '项城市');
INSERT INTO `mcc_region` VALUES ('1837', '0', '1656', '1', '411700', '驻马店市');
INSERT INTO `mcc_region` VALUES ('1838', '0', '1837', '2', '411701', '市辖区');
INSERT INTO `mcc_region` VALUES ('1839', '0', '1837', '2', '411702', '驿城区');
INSERT INTO `mcc_region` VALUES ('1840', '0', '1837', '2', '411721', '西平县');
INSERT INTO `mcc_region` VALUES ('1841', '0', '1837', '2', '411722', '上蔡县');
INSERT INTO `mcc_region` VALUES ('1842', '0', '1837', '2', '411723', '平舆县');
INSERT INTO `mcc_region` VALUES ('1843', '0', '1837', '2', '411724', '正阳县');
INSERT INTO `mcc_region` VALUES ('1844', '0', '1837', '2', '411725', '确山县');
INSERT INTO `mcc_region` VALUES ('1845', '0', '1837', '2', '411726', '泌阳县');
INSERT INTO `mcc_region` VALUES ('1846', '0', '1837', '2', '411727', '汝南县');
INSERT INTO `mcc_region` VALUES ('1847', '0', '1837', '2', '411728', '遂平县');
INSERT INTO `mcc_region` VALUES ('1848', '0', '1837', '2', '411729', '新蔡县');
INSERT INTO `mcc_region` VALUES ('1849', '0', '1656', '1', '419000', '省直辖县级行政区划');
INSERT INTO `mcc_region` VALUES ('1850', '0', '1849', '2', '419001', '济源市');
INSERT INTO `mcc_region` VALUES ('1851', '697', '0', '0', '420000', '湖北省');
INSERT INTO `mcc_region` VALUES ('1852', '0', '1851', '1', '420100', '武汉市');
INSERT INTO `mcc_region` VALUES ('1853', '0', '1852', '2', '420101', '市辖区');
INSERT INTO `mcc_region` VALUES ('1854', '0', '1852', '2', '420102', '江岸区');
INSERT INTO `mcc_region` VALUES ('1855', '0', '1852', '2', '420103', '江汉区');
INSERT INTO `mcc_region` VALUES ('1856', '0', '1852', '2', '420104', '硚口区');
INSERT INTO `mcc_region` VALUES ('1857', '0', '1852', '2', '420105', '汉阳区');
INSERT INTO `mcc_region` VALUES ('1858', '0', '1852', '2', '420106', '武昌区');
INSERT INTO `mcc_region` VALUES ('1859', '0', '1852', '2', '420107', '青山区');
INSERT INTO `mcc_region` VALUES ('1860', '0', '1852', '2', '420111', '洪山区');
INSERT INTO `mcc_region` VALUES ('1861', '0', '1852', '2', '420112', '东西湖区');
INSERT INTO `mcc_region` VALUES ('1862', '0', '1852', '2', '420113', '汉南区');
INSERT INTO `mcc_region` VALUES ('1863', '0', '1852', '2', '420114', '蔡甸区');
INSERT INTO `mcc_region` VALUES ('1864', '0', '1852', '2', '420115', '江夏区');
INSERT INTO `mcc_region` VALUES ('1865', '0', '1852', '2', '420116', '黄陂区');
INSERT INTO `mcc_region` VALUES ('1866', '0', '1852', '2', '420117', '新洲区');
INSERT INTO `mcc_region` VALUES ('1867', '0', '1851', '1', '420200', '黄石市');
INSERT INTO `mcc_region` VALUES ('1868', '0', '1867', '2', '420201', '市辖区');
INSERT INTO `mcc_region` VALUES ('1869', '0', '1867', '2', '420202', '黄石港区');
INSERT INTO `mcc_region` VALUES ('1870', '0', '1867', '2', '420203', '西塞山区');
INSERT INTO `mcc_region` VALUES ('1871', '0', '1867', '2', '420204', '下陆区');
INSERT INTO `mcc_region` VALUES ('1872', '0', '1867', '2', '420205', '铁山区');
INSERT INTO `mcc_region` VALUES ('1873', '0', '1867', '2', '420222', '阳新县');
INSERT INTO `mcc_region` VALUES ('1874', '0', '1867', '2', '420281', '大冶市');
INSERT INTO `mcc_region` VALUES ('1875', '0', '1851', '1', '420300', '十堰市');
INSERT INTO `mcc_region` VALUES ('1876', '0', '1875', '2', '420301', '市辖区');
INSERT INTO `mcc_region` VALUES ('1877', '0', '1875', '2', '420302', '茅箭区');
INSERT INTO `mcc_region` VALUES ('1878', '0', '1875', '2', '420303', '张湾区');
INSERT INTO `mcc_region` VALUES ('1879', '0', '1875', '2', '420304', '郧阳区');
INSERT INTO `mcc_region` VALUES ('1880', '0', '1875', '2', '420322', '郧西县');
INSERT INTO `mcc_region` VALUES ('1881', '0', '1875', '2', '420323', '竹山县');
INSERT INTO `mcc_region` VALUES ('1882', '0', '1875', '2', '420324', '竹溪县');
INSERT INTO `mcc_region` VALUES ('1883', '0', '1875', '2', '420325', '房县');
INSERT INTO `mcc_region` VALUES ('1884', '0', '1875', '2', '420381', '丹江口市');
INSERT INTO `mcc_region` VALUES ('1885', '0', '1851', '1', '420500', '宜昌市');
INSERT INTO `mcc_region` VALUES ('1886', '0', '1885', '2', '420501', '市辖区');
INSERT INTO `mcc_region` VALUES ('1887', '0', '1885', '2', '420502', '西陵区');
INSERT INTO `mcc_region` VALUES ('1888', '0', '1885', '2', '420503', '伍家岗区');
INSERT INTO `mcc_region` VALUES ('1889', '0', '1885', '2', '420504', '点军区');
INSERT INTO `mcc_region` VALUES ('1890', '0', '1885', '2', '420505', '猇亭区');
INSERT INTO `mcc_region` VALUES ('1891', '0', '1885', '2', '420506', '夷陵区');
INSERT INTO `mcc_region` VALUES ('1892', '0', '1885', '2', '420525', '远安县');
INSERT INTO `mcc_region` VALUES ('1893', '0', '1885', '2', '420526', '兴山县');
INSERT INTO `mcc_region` VALUES ('1894', '0', '1885', '2', '420527', '秭归县');
INSERT INTO `mcc_region` VALUES ('1895', '0', '1885', '2', '420528', '长阳土家族自治县');
INSERT INTO `mcc_region` VALUES ('1896', '0', '1885', '2', '420529', '五峰土家族自治县');
INSERT INTO `mcc_region` VALUES ('1897', '0', '1885', '2', '420581', '宜都市');
INSERT INTO `mcc_region` VALUES ('1898', '0', '1885', '2', '420582', '当阳市');
INSERT INTO `mcc_region` VALUES ('1899', '0', '1885', '2', '420583', '枝江市');
INSERT INTO `mcc_region` VALUES ('1900', '0', '1851', '1', '420600', '襄阳市');
INSERT INTO `mcc_region` VALUES ('1901', '0', '1900', '2', '420601', '市辖区');
INSERT INTO `mcc_region` VALUES ('1902', '0', '1900', '2', '420602', '襄城区');
INSERT INTO `mcc_region` VALUES ('1903', '0', '1900', '2', '420606', '樊城区');
INSERT INTO `mcc_region` VALUES ('1904', '0', '1900', '2', '420607', '襄州区');
INSERT INTO `mcc_region` VALUES ('1905', '0', '1900', '2', '420624', '南漳县');
INSERT INTO `mcc_region` VALUES ('1906', '0', '1900', '2', '420625', '谷城县');
INSERT INTO `mcc_region` VALUES ('1907', '0', '1900', '2', '420626', '保康县');
INSERT INTO `mcc_region` VALUES ('1908', '0', '1900', '2', '420682', '老河口市');
INSERT INTO `mcc_region` VALUES ('1909', '0', '1900', '2', '420683', '枣阳市');
INSERT INTO `mcc_region` VALUES ('1910', '0', '1900', '2', '420684', '宜城市');
INSERT INTO `mcc_region` VALUES ('1911', '0', '1851', '1', '420700', '鄂州市');
INSERT INTO `mcc_region` VALUES ('1912', '0', '1911', '2', '420701', '市辖区');
INSERT INTO `mcc_region` VALUES ('1913', '0', '1911', '2', '420702', '梁子湖区');
INSERT INTO `mcc_region` VALUES ('1914', '0', '1911', '2', '420703', '华容区');
INSERT INTO `mcc_region` VALUES ('1915', '0', '1911', '2', '420704', '鄂城区');
INSERT INTO `mcc_region` VALUES ('1916', '0', '1851', '1', '420800', '荆门市');
INSERT INTO `mcc_region` VALUES ('1917', '0', '1916', '2', '420801', '市辖区');
INSERT INTO `mcc_region` VALUES ('1918', '0', '1916', '2', '420802', '东宝区');
INSERT INTO `mcc_region` VALUES ('1919', '0', '1916', '2', '420804', '掇刀区');
INSERT INTO `mcc_region` VALUES ('1920', '0', '1916', '2', '420821', '京山县');
INSERT INTO `mcc_region` VALUES ('1921', '0', '1916', '2', '420822', '沙洋县');
INSERT INTO `mcc_region` VALUES ('1922', '0', '1916', '2', '420881', '钟祥市');
INSERT INTO `mcc_region` VALUES ('1923', '0', '1851', '1', '420900', '孝感市');
INSERT INTO `mcc_region` VALUES ('1924', '0', '1923', '2', '420901', '市辖区');
INSERT INTO `mcc_region` VALUES ('1925', '0', '1923', '2', '420902', '孝南区');
INSERT INTO `mcc_region` VALUES ('1926', '0', '1923', '2', '420921', '孝昌县');
INSERT INTO `mcc_region` VALUES ('1927', '0', '1923', '2', '420922', '大悟县');
INSERT INTO `mcc_region` VALUES ('1928', '0', '1923', '2', '420923', '云梦县');
INSERT INTO `mcc_region` VALUES ('1929', '0', '1923', '2', '420981', '应城市');
INSERT INTO `mcc_region` VALUES ('1930', '0', '1923', '2', '420982', '安陆市');
INSERT INTO `mcc_region` VALUES ('1931', '0', '1923', '2', '420984', '汉川市');
INSERT INTO `mcc_region` VALUES ('1932', '0', '1851', '1', '421000', '荆州市');
INSERT INTO `mcc_region` VALUES ('1933', '0', '1932', '2', '421001', '市辖区');
INSERT INTO `mcc_region` VALUES ('1934', '0', '1932', '2', '421002', '沙市区');
INSERT INTO `mcc_region` VALUES ('1935', '0', '1932', '2', '421003', '荆州区');
INSERT INTO `mcc_region` VALUES ('1936', '0', '1932', '2', '421022', '公安县');
INSERT INTO `mcc_region` VALUES ('1937', '0', '1932', '2', '421023', '监利县');
INSERT INTO `mcc_region` VALUES ('1938', '0', '1932', '2', '421024', '江陵县');
INSERT INTO `mcc_region` VALUES ('1939', '0', '1932', '2', '421081', '石首市');
INSERT INTO `mcc_region` VALUES ('1940', '0', '1932', '2', '421083', '洪湖市');
INSERT INTO `mcc_region` VALUES ('1941', '0', '1932', '2', '421087', '松滋市');
INSERT INTO `mcc_region` VALUES ('1942', '0', '1851', '1', '421100', '黄冈市');
INSERT INTO `mcc_region` VALUES ('1943', '0', '1942', '2', '421101', '市辖区');
INSERT INTO `mcc_region` VALUES ('1944', '0', '1942', '2', '421102', '黄州区');
INSERT INTO `mcc_region` VALUES ('1945', '0', '1942', '2', '421121', '团风县');
INSERT INTO `mcc_region` VALUES ('1946', '0', '1942', '2', '421122', '红安县');
INSERT INTO `mcc_region` VALUES ('1947', '0', '1942', '2', '421123', '罗田县');
INSERT INTO `mcc_region` VALUES ('1948', '0', '1942', '2', '421124', '英山县');
INSERT INTO `mcc_region` VALUES ('1949', '0', '1942', '2', '421125', '浠水县');
INSERT INTO `mcc_region` VALUES ('1950', '0', '1942', '2', '421126', '蕲春县');
INSERT INTO `mcc_region` VALUES ('1951', '0', '1942', '2', '421127', '黄梅县');
INSERT INTO `mcc_region` VALUES ('1952', '0', '1942', '2', '421181', '麻城市');
INSERT INTO `mcc_region` VALUES ('1953', '0', '1942', '2', '421182', '武穴市');
INSERT INTO `mcc_region` VALUES ('1954', '0', '1851', '1', '421200', '咸宁市');
INSERT INTO `mcc_region` VALUES ('1955', '0', '1954', '2', '421201', '市辖区');
INSERT INTO `mcc_region` VALUES ('1956', '0', '1954', '2', '421202', '咸安区');
INSERT INTO `mcc_region` VALUES ('1957', '0', '1954', '2', '421221', '嘉鱼县');
INSERT INTO `mcc_region` VALUES ('1958', '0', '1954', '2', '421222', '通城县');
INSERT INTO `mcc_region` VALUES ('1959', '0', '1954', '2', '421223', '崇阳县');
INSERT INTO `mcc_region` VALUES ('1960', '0', '1954', '2', '421224', '通山县');
INSERT INTO `mcc_region` VALUES ('1961', '0', '1954', '2', '421281', '赤壁市');
INSERT INTO `mcc_region` VALUES ('1962', '0', '1851', '1', '421300', '随州市');
INSERT INTO `mcc_region` VALUES ('1963', '0', '1962', '2', '421301', '市辖区');
INSERT INTO `mcc_region` VALUES ('1964', '0', '1962', '2', '421303', '曾都区');
INSERT INTO `mcc_region` VALUES ('1965', '0', '1962', '2', '421321', '随县');
INSERT INTO `mcc_region` VALUES ('1966', '0', '1962', '2', '421381', '广水市');
INSERT INTO `mcc_region` VALUES ('1967', '0', '1851', '1', '422800', '恩施土家族苗族自治州');
INSERT INTO `mcc_region` VALUES ('1968', '0', '1967', '2', '422801', '恩施市');
INSERT INTO `mcc_region` VALUES ('1969', '0', '1967', '2', '422802', '利川市');
INSERT INTO `mcc_region` VALUES ('1970', '0', '1967', '2', '422822', '建始县');
INSERT INTO `mcc_region` VALUES ('1971', '0', '1967', '2', '422823', '巴东县');
INSERT INTO `mcc_region` VALUES ('1972', '0', '1967', '2', '422825', '宣恩县');
INSERT INTO `mcc_region` VALUES ('1973', '0', '1967', '2', '422826', '咸丰县');
INSERT INTO `mcc_region` VALUES ('1974', '0', '1967', '2', '422827', '来凤县');
INSERT INTO `mcc_region` VALUES ('1975', '0', '1967', '2', '422828', '鹤峰县');
INSERT INTO `mcc_region` VALUES ('1976', '0', '1851', '1', '429000', '省直辖县级行政区划');
INSERT INTO `mcc_region` VALUES ('1977', '0', '1976', '2', '429004', '仙桃市');
INSERT INTO `mcc_region` VALUES ('1978', '0', '1976', '2', '429005', '潜江市');
INSERT INTO `mcc_region` VALUES ('1979', '0', '1976', '2', '429006', '天门市');
INSERT INTO `mcc_region` VALUES ('1980', '0', '1976', '2', '429021', '神农架林区');
INSERT INTO `mcc_region` VALUES ('1981', '698', '0', '0', '430000', '湖南省');
INSERT INTO `mcc_region` VALUES ('1982', '0', '1981', '1', '430100', '长沙市');
INSERT INTO `mcc_region` VALUES ('1983', '0', '1982', '2', '430101', '市辖区');
INSERT INTO `mcc_region` VALUES ('1984', '0', '1982', '2', '430102', '芙蓉区');
INSERT INTO `mcc_region` VALUES ('1985', '0', '1982', '2', '430103', '天心区');
INSERT INTO `mcc_region` VALUES ('1986', '0', '1982', '2', '430104', '岳麓区');
INSERT INTO `mcc_region` VALUES ('1987', '0', '1982', '2', '430105', '开福区');
INSERT INTO `mcc_region` VALUES ('1988', '0', '1982', '2', '430111', '雨花区');
INSERT INTO `mcc_region` VALUES ('1989', '0', '1982', '2', '430112', '望城区');
INSERT INTO `mcc_region` VALUES ('1990', '0', '1982', '2', '430121', '长沙县');
INSERT INTO `mcc_region` VALUES ('1991', '0', '1982', '2', '430124', '宁乡县');
INSERT INTO `mcc_region` VALUES ('1992', '0', '1982', '2', '430181', '浏阳市');
INSERT INTO `mcc_region` VALUES ('1993', '0', '1981', '1', '430200', '株洲市');
INSERT INTO `mcc_region` VALUES ('1994', '0', '1993', '2', '430201', '市辖区');
INSERT INTO `mcc_region` VALUES ('1995', '0', '1993', '2', '430202', '荷塘区');
INSERT INTO `mcc_region` VALUES ('1996', '0', '1993', '2', '430203', '芦淞区');
INSERT INTO `mcc_region` VALUES ('1997', '0', '1993', '2', '430204', '石峰区');
INSERT INTO `mcc_region` VALUES ('1998', '0', '1993', '2', '430211', '天元区');
INSERT INTO `mcc_region` VALUES ('1999', '0', '1993', '2', '430221', '株洲县');
INSERT INTO `mcc_region` VALUES ('2000', '0', '1993', '2', '430223', '攸县');
INSERT INTO `mcc_region` VALUES ('2001', '0', '1993', '2', '430224', '茶陵县');
INSERT INTO `mcc_region` VALUES ('2002', '0', '1993', '2', '430225', '炎陵县');
INSERT INTO `mcc_region` VALUES ('2003', '0', '1993', '2', '430281', '醴陵市');
INSERT INTO `mcc_region` VALUES ('2004', '0', '1981', '1', '430300', '湘潭市');
INSERT INTO `mcc_region` VALUES ('2005', '0', '2004', '2', '430301', '市辖区');
INSERT INTO `mcc_region` VALUES ('2006', '0', '2004', '2', '430302', '雨湖区');
INSERT INTO `mcc_region` VALUES ('2007', '0', '2004', '2', '430304', '岳塘区');
INSERT INTO `mcc_region` VALUES ('2008', '0', '2004', '2', '430321', '湘潭县');
INSERT INTO `mcc_region` VALUES ('2009', '0', '2004', '2', '430381', '湘乡市');
INSERT INTO `mcc_region` VALUES ('2010', '0', '2004', '2', '430382', '韶山市');
INSERT INTO `mcc_region` VALUES ('2011', '0', '1981', '1', '430400', '衡阳市');
INSERT INTO `mcc_region` VALUES ('2012', '0', '2011', '2', '430401', '市辖区');
INSERT INTO `mcc_region` VALUES ('2013', '0', '2011', '2', '430405', '珠晖区');
INSERT INTO `mcc_region` VALUES ('2014', '0', '2011', '2', '430406', '雁峰区');
INSERT INTO `mcc_region` VALUES ('2015', '0', '2011', '2', '430407', '石鼓区');
INSERT INTO `mcc_region` VALUES ('2016', '0', '2011', '2', '430408', '蒸湘区');
INSERT INTO `mcc_region` VALUES ('2017', '0', '2011', '2', '430412', '南岳区');
INSERT INTO `mcc_region` VALUES ('2018', '0', '2011', '2', '430421', '衡阳县');
INSERT INTO `mcc_region` VALUES ('2019', '0', '2011', '2', '430422', '衡南县');
INSERT INTO `mcc_region` VALUES ('2020', '0', '2011', '2', '430423', '衡山县');
INSERT INTO `mcc_region` VALUES ('2021', '0', '2011', '2', '430424', '衡东县');
INSERT INTO `mcc_region` VALUES ('2022', '0', '2011', '2', '430426', '祁东县');
INSERT INTO `mcc_region` VALUES ('2023', '0', '2011', '2', '430481', '耒阳市');
INSERT INTO `mcc_region` VALUES ('2024', '0', '2011', '2', '430482', '常宁市');
INSERT INTO `mcc_region` VALUES ('2025', '0', '1981', '1', '430500', '邵阳市');
INSERT INTO `mcc_region` VALUES ('2026', '0', '2025', '2', '430501', '市辖区');
INSERT INTO `mcc_region` VALUES ('2027', '0', '2025', '2', '430502', '双清区');
INSERT INTO `mcc_region` VALUES ('2028', '0', '2025', '2', '430503', '大祥区');
INSERT INTO `mcc_region` VALUES ('2029', '0', '2025', '2', '430511', '北塔区');
INSERT INTO `mcc_region` VALUES ('2030', '0', '2025', '2', '430521', '邵东县');
INSERT INTO `mcc_region` VALUES ('2031', '0', '2025', '2', '430522', '新邵县');
INSERT INTO `mcc_region` VALUES ('2032', '0', '2025', '2', '430523', '邵阳县');
INSERT INTO `mcc_region` VALUES ('2033', '0', '2025', '2', '430524', '隆回县');
INSERT INTO `mcc_region` VALUES ('2034', '0', '2025', '2', '430525', '洞口县');
INSERT INTO `mcc_region` VALUES ('2035', '0', '2025', '2', '430527', '绥宁县');
INSERT INTO `mcc_region` VALUES ('2036', '0', '2025', '2', '430528', '新宁县');
INSERT INTO `mcc_region` VALUES ('2037', '0', '2025', '2', '430529', '城步苗族自治县');
INSERT INTO `mcc_region` VALUES ('2038', '0', '2025', '2', '430581', '武冈市');
INSERT INTO `mcc_region` VALUES ('2039', '0', '1981', '1', '430600', '岳阳市');
INSERT INTO `mcc_region` VALUES ('2040', '0', '2039', '2', '430601', '市辖区');
INSERT INTO `mcc_region` VALUES ('2041', '0', '2039', '2', '430602', '岳阳楼区');
INSERT INTO `mcc_region` VALUES ('2042', '0', '2039', '2', '430603', '云溪区');
INSERT INTO `mcc_region` VALUES ('2043', '0', '2039', '2', '430611', '君山区');
INSERT INTO `mcc_region` VALUES ('2044', '0', '2039', '2', '430621', '岳阳县');
INSERT INTO `mcc_region` VALUES ('2045', '0', '2039', '2', '430623', '华容县');
INSERT INTO `mcc_region` VALUES ('2046', '0', '2039', '2', '430624', '湘阴县');
INSERT INTO `mcc_region` VALUES ('2047', '0', '2039', '2', '430626', '平江县');
INSERT INTO `mcc_region` VALUES ('2048', '0', '2039', '2', '430681', '汨罗市');
INSERT INTO `mcc_region` VALUES ('2049', '0', '2039', '2', '430682', '临湘市');
INSERT INTO `mcc_region` VALUES ('2050', '0', '1981', '1', '430700', '常德市');
INSERT INTO `mcc_region` VALUES ('2051', '0', '2050', '2', '430701', '市辖区');
INSERT INTO `mcc_region` VALUES ('2052', '0', '2050', '2', '430702', '武陵区');
INSERT INTO `mcc_region` VALUES ('2053', '0', '2050', '2', '430703', '鼎城区');
INSERT INTO `mcc_region` VALUES ('2054', '0', '2050', '2', '430721', '安乡县');
INSERT INTO `mcc_region` VALUES ('2055', '0', '2050', '2', '430722', '汉寿县');
INSERT INTO `mcc_region` VALUES ('2056', '0', '2050', '2', '430723', '澧县');
INSERT INTO `mcc_region` VALUES ('2057', '0', '2050', '2', '430724', '临澧县');
INSERT INTO `mcc_region` VALUES ('2058', '0', '2050', '2', '430725', '桃源县');
INSERT INTO `mcc_region` VALUES ('2059', '0', '2050', '2', '430726', '石门县');
INSERT INTO `mcc_region` VALUES ('2060', '0', '2050', '2', '430781', '津市市');
INSERT INTO `mcc_region` VALUES ('2061', '0', '1981', '1', '430800', '张家界市');
INSERT INTO `mcc_region` VALUES ('2062', '0', '2061', '2', '430801', '市辖区');
INSERT INTO `mcc_region` VALUES ('2063', '0', '2061', '2', '430802', '永定区');
INSERT INTO `mcc_region` VALUES ('2064', '0', '2061', '2', '430811', '武陵源区');
INSERT INTO `mcc_region` VALUES ('2065', '0', '2061', '2', '430821', '慈利县');
INSERT INTO `mcc_region` VALUES ('2066', '0', '2061', '2', '430822', '桑植县');
INSERT INTO `mcc_region` VALUES ('2067', '0', '1981', '1', '430900', '益阳市');
INSERT INTO `mcc_region` VALUES ('2068', '0', '2067', '2', '430901', '市辖区');
INSERT INTO `mcc_region` VALUES ('2069', '0', '2067', '2', '430902', '资阳区');
INSERT INTO `mcc_region` VALUES ('2070', '0', '2067', '2', '430903', '赫山区');
INSERT INTO `mcc_region` VALUES ('2071', '0', '2067', '2', '430921', '南县');
INSERT INTO `mcc_region` VALUES ('2072', '0', '2067', '2', '430922', '桃江县');
INSERT INTO `mcc_region` VALUES ('2073', '0', '2067', '2', '430923', '安化县');
INSERT INTO `mcc_region` VALUES ('2074', '0', '2067', '2', '430981', '沅江市');
INSERT INTO `mcc_region` VALUES ('2075', '0', '1981', '1', '431000', '郴州市');
INSERT INTO `mcc_region` VALUES ('2076', '0', '2075', '2', '431001', '市辖区');
INSERT INTO `mcc_region` VALUES ('2077', '0', '2075', '2', '431002', '北湖区');
INSERT INTO `mcc_region` VALUES ('2078', '0', '2075', '2', '431003', '苏仙区');
INSERT INTO `mcc_region` VALUES ('2079', '0', '2075', '2', '431021', '桂阳县');
INSERT INTO `mcc_region` VALUES ('2080', '0', '2075', '2', '431022', '宜章县');
INSERT INTO `mcc_region` VALUES ('2081', '0', '2075', '2', '431023', '永兴县');
INSERT INTO `mcc_region` VALUES ('2082', '0', '2075', '2', '431024', '嘉禾县');
INSERT INTO `mcc_region` VALUES ('2083', '0', '2075', '2', '431025', '临武县');
INSERT INTO `mcc_region` VALUES ('2084', '0', '2075', '2', '431026', '汝城县');
INSERT INTO `mcc_region` VALUES ('2085', '0', '2075', '2', '431027', '桂东县');
INSERT INTO `mcc_region` VALUES ('2086', '0', '2075', '2', '431028', '安仁县');
INSERT INTO `mcc_region` VALUES ('2087', '0', '2075', '2', '431081', '资兴市');
INSERT INTO `mcc_region` VALUES ('2088', '0', '1981', '1', '431100', '永州市');
INSERT INTO `mcc_region` VALUES ('2089', '0', '2088', '2', '431101', '市辖区');
INSERT INTO `mcc_region` VALUES ('2090', '0', '2088', '2', '431102', '零陵区');
INSERT INTO `mcc_region` VALUES ('2091', '0', '2088', '2', '431103', '冷水滩区');
INSERT INTO `mcc_region` VALUES ('2092', '0', '2088', '2', '431121', '祁阳县');
INSERT INTO `mcc_region` VALUES ('2093', '0', '2088', '2', '431122', '东安县');
INSERT INTO `mcc_region` VALUES ('2094', '0', '2088', '2', '431123', '双牌县');
INSERT INTO `mcc_region` VALUES ('2095', '0', '2088', '2', '431124', '道县');
INSERT INTO `mcc_region` VALUES ('2096', '0', '2088', '2', '431125', '江永县');
INSERT INTO `mcc_region` VALUES ('2097', '0', '2088', '2', '431126', '宁远县');
INSERT INTO `mcc_region` VALUES ('2098', '0', '2088', '2', '431127', '蓝山县');
INSERT INTO `mcc_region` VALUES ('2099', '0', '2088', '2', '431128', '新田县');
INSERT INTO `mcc_region` VALUES ('2100', '0', '2088', '2', '431129', '江华瑶族自治县');
INSERT INTO `mcc_region` VALUES ('2101', '0', '1981', '1', '431200', '怀化市');
INSERT INTO `mcc_region` VALUES ('2102', '0', '2101', '2', '431201', '市辖区');
INSERT INTO `mcc_region` VALUES ('2103', '0', '2101', '2', '431202', '鹤城区');
INSERT INTO `mcc_region` VALUES ('2104', '0', '2101', '2', '431221', '中方县');
INSERT INTO `mcc_region` VALUES ('2105', '0', '2101', '2', '431222', '沅陵县');
INSERT INTO `mcc_region` VALUES ('2106', '0', '2101', '2', '431223', '辰溪县');
INSERT INTO `mcc_region` VALUES ('2107', '0', '2101', '2', '431224', '溆浦县');
INSERT INTO `mcc_region` VALUES ('2108', '0', '2101', '2', '431225', '会同县');
INSERT INTO `mcc_region` VALUES ('2109', '0', '2101', '2', '431226', '麻阳苗族自治县');
INSERT INTO `mcc_region` VALUES ('2110', '0', '2101', '2', '431227', '新晃侗族自治县');
INSERT INTO `mcc_region` VALUES ('2111', '0', '2101', '2', '431228', '芷江侗族自治县');
INSERT INTO `mcc_region` VALUES ('2112', '0', '2101', '2', '431229', '靖州苗族侗族自治县');
INSERT INTO `mcc_region` VALUES ('2113', '0', '2101', '2', '431230', '通道侗族自治县');
INSERT INTO `mcc_region` VALUES ('2114', '0', '2101', '2', '431281', '洪江市');
INSERT INTO `mcc_region` VALUES ('2115', '0', '1981', '1', '431300', '娄底市');
INSERT INTO `mcc_region` VALUES ('2116', '0', '2115', '2', '431301', '市辖区');
INSERT INTO `mcc_region` VALUES ('2117', '0', '2115', '2', '431302', '娄星区');
INSERT INTO `mcc_region` VALUES ('2118', '0', '2115', '2', '431321', '双峰县');
INSERT INTO `mcc_region` VALUES ('2119', '0', '2115', '2', '431322', '新化县');
INSERT INTO `mcc_region` VALUES ('2120', '0', '2115', '2', '431381', '冷水江市');
INSERT INTO `mcc_region` VALUES ('2121', '0', '2115', '2', '431382', '涟源市');
INSERT INTO `mcc_region` VALUES ('2122', '0', '1981', '1', '433100', '湘西土家族苗族自治州');
INSERT INTO `mcc_region` VALUES ('2123', '0', '2122', '2', '433101', '吉首市');
INSERT INTO `mcc_region` VALUES ('2124', '0', '2122', '2', '433122', '泸溪县');
INSERT INTO `mcc_region` VALUES ('2125', '0', '2122', '2', '433123', '凤凰县');
INSERT INTO `mcc_region` VALUES ('2126', '0', '2122', '2', '433124', '花垣县');
INSERT INTO `mcc_region` VALUES ('2127', '0', '2122', '2', '433125', '保靖县');
INSERT INTO `mcc_region` VALUES ('2128', '0', '2122', '2', '433126', '古丈县');
INSERT INTO `mcc_region` VALUES ('2129', '0', '2122', '2', '433127', '永顺县');
INSERT INTO `mcc_region` VALUES ('2130', '0', '2122', '2', '433130', '龙山县');
INSERT INTO `mcc_region` VALUES ('2131', '689', '0', '0', '440000', '广东省');
INSERT INTO `mcc_region` VALUES ('2132', '0', '2131', '1', '440100', '广州市');
INSERT INTO `mcc_region` VALUES ('2133', '0', '2132', '2', '440101', '市辖区');
INSERT INTO `mcc_region` VALUES ('2134', '0', '2132', '2', '440103', '荔湾区');
INSERT INTO `mcc_region` VALUES ('2135', '0', '2132', '2', '440104', '越秀区');
INSERT INTO `mcc_region` VALUES ('2136', '0', '2132', '2', '440105', '海珠区');
INSERT INTO `mcc_region` VALUES ('2137', '0', '2132', '2', '440106', '天河区');
INSERT INTO `mcc_region` VALUES ('2138', '0', '2132', '2', '440111', '白云区');
INSERT INTO `mcc_region` VALUES ('2139', '0', '2132', '2', '440112', '黄埔区');
INSERT INTO `mcc_region` VALUES ('2140', '0', '2132', '2', '440113', '番禺区');
INSERT INTO `mcc_region` VALUES ('2141', '0', '2132', '2', '440114', '花都区');
INSERT INTO `mcc_region` VALUES ('2142', '0', '2132', '2', '440115', '南沙区');
INSERT INTO `mcc_region` VALUES ('2143', '0', '2132', '2', '440116', '萝岗区');
INSERT INTO `mcc_region` VALUES ('2144', '0', '2132', '2', '440117', '从化区');
INSERT INTO `mcc_region` VALUES ('2145', '0', '2132', '2', '440118', '增城区');
INSERT INTO `mcc_region` VALUES ('2146', '0', '2131', '1', '440200', '韶关市');
INSERT INTO `mcc_region` VALUES ('2147', '0', '2146', '2', '440201', '市辖区');
INSERT INTO `mcc_region` VALUES ('2148', '0', '2146', '2', '440203', '武江区');
INSERT INTO `mcc_region` VALUES ('2149', '0', '2146', '2', '440204', '浈江区');
INSERT INTO `mcc_region` VALUES ('2150', '0', '2146', '2', '440205', '曲江区');
INSERT INTO `mcc_region` VALUES ('2151', '0', '2146', '2', '440222', '始兴县');
INSERT INTO `mcc_region` VALUES ('2152', '0', '2146', '2', '440224', '仁化县');
INSERT INTO `mcc_region` VALUES ('2153', '0', '2146', '2', '440229', '翁源县');
INSERT INTO `mcc_region` VALUES ('2154', '0', '2146', '2', '440232', '乳源瑶族自治县');
INSERT INTO `mcc_region` VALUES ('2155', '0', '2146', '2', '440233', '新丰县');
INSERT INTO `mcc_region` VALUES ('2156', '0', '2146', '2', '440281', '乐昌市');
INSERT INTO `mcc_region` VALUES ('2157', '0', '2146', '2', '440282', '南雄市');
INSERT INTO `mcc_region` VALUES ('2158', '0', '2131', '1', '440300', '深圳市');
INSERT INTO `mcc_region` VALUES ('2159', '0', '2158', '2', '440301', '市辖区');
INSERT INTO `mcc_region` VALUES ('2160', '0', '2158', '2', '440303', '罗湖区');
INSERT INTO `mcc_region` VALUES ('2161', '0', '2158', '2', '440304', '福田区');
INSERT INTO `mcc_region` VALUES ('2162', '0', '2158', '2', '440305', '南山区');
INSERT INTO `mcc_region` VALUES ('2163', '0', '2158', '2', '440306', '宝安区');
INSERT INTO `mcc_region` VALUES ('2164', '0', '2158', '2', '440307', '龙岗区');
INSERT INTO `mcc_region` VALUES ('2165', '0', '2158', '2', '440308', '盐田区');
INSERT INTO `mcc_region` VALUES ('2166', '0', '2131', '1', '440400', '珠海市');
INSERT INTO `mcc_region` VALUES ('2167', '0', '2166', '2', '440401', '市辖区');
INSERT INTO `mcc_region` VALUES ('2168', '0', '2166', '2', '440402', '香洲区');
INSERT INTO `mcc_region` VALUES ('2169', '0', '2166', '2', '440403', '斗门区');
INSERT INTO `mcc_region` VALUES ('2170', '0', '2166', '2', '440404', '金湾区');
INSERT INTO `mcc_region` VALUES ('2171', '0', '2131', '1', '440500', '汕头市');
INSERT INTO `mcc_region` VALUES ('2172', '0', '2171', '2', '440501', '市辖区');
INSERT INTO `mcc_region` VALUES ('2173', '0', '2171', '2', '440507', '龙湖区');
INSERT INTO `mcc_region` VALUES ('2174', '0', '2171', '2', '440511', '金平区');
INSERT INTO `mcc_region` VALUES ('2175', '0', '2171', '2', '440512', '濠江区');
INSERT INTO `mcc_region` VALUES ('2176', '0', '2171', '2', '440513', '潮阳区');
INSERT INTO `mcc_region` VALUES ('2177', '0', '2171', '2', '440514', '潮南区');
INSERT INTO `mcc_region` VALUES ('2178', '0', '2171', '2', '440515', '澄海区');
INSERT INTO `mcc_region` VALUES ('2179', '0', '2171', '2', '440523', '南澳县');
INSERT INTO `mcc_region` VALUES ('2180', '0', '2131', '1', '440600', '佛山市');
INSERT INTO `mcc_region` VALUES ('2181', '0', '2180', '2', '440601', '市辖区');
INSERT INTO `mcc_region` VALUES ('2182', '0', '2180', '2', '440604', '禅城区');
INSERT INTO `mcc_region` VALUES ('2183', '0', '2180', '2', '440605', '南海区');
INSERT INTO `mcc_region` VALUES ('2184', '0', '2180', '2', '440606', '顺德区');
INSERT INTO `mcc_region` VALUES ('2185', '0', '2180', '2', '440607', '三水区');
INSERT INTO `mcc_region` VALUES ('2186', '0', '2180', '2', '440608', '高明区');
INSERT INTO `mcc_region` VALUES ('2187', '0', '2131', '1', '440700', '江门市');
INSERT INTO `mcc_region` VALUES ('2188', '0', '2187', '2', '440701', '市辖区');
INSERT INTO `mcc_region` VALUES ('2189', '0', '2187', '2', '440703', '蓬江区');
INSERT INTO `mcc_region` VALUES ('2190', '0', '2187', '2', '440704', '江海区');
INSERT INTO `mcc_region` VALUES ('2191', '0', '2187', '2', '440705', '新会区');
INSERT INTO `mcc_region` VALUES ('2192', '0', '2187', '2', '440781', '台山市');
INSERT INTO `mcc_region` VALUES ('2193', '0', '2187', '2', '440783', '开平市');
INSERT INTO `mcc_region` VALUES ('2194', '0', '2187', '2', '440784', '鹤山市');
INSERT INTO `mcc_region` VALUES ('2195', '0', '2187', '2', '440785', '恩平市');
INSERT INTO `mcc_region` VALUES ('2196', '0', '2131', '1', '440800', '湛江市');
INSERT INTO `mcc_region` VALUES ('2197', '0', '2196', '2', '440801', '市辖区');
INSERT INTO `mcc_region` VALUES ('2198', '0', '2196', '2', '440802', '赤坎区');
INSERT INTO `mcc_region` VALUES ('2199', '0', '2196', '2', '440803', '霞山区');
INSERT INTO `mcc_region` VALUES ('2200', '0', '2196', '2', '440804', '坡头区');
INSERT INTO `mcc_region` VALUES ('2201', '0', '2196', '2', '440811', '麻章区');
INSERT INTO `mcc_region` VALUES ('2202', '0', '2196', '2', '440823', '遂溪县');
INSERT INTO `mcc_region` VALUES ('2203', '0', '2196', '2', '440825', '徐闻县');
INSERT INTO `mcc_region` VALUES ('2204', '0', '2196', '2', '440881', '廉江市');
INSERT INTO `mcc_region` VALUES ('2205', '0', '2196', '2', '440882', '雷州市');
INSERT INTO `mcc_region` VALUES ('2206', '0', '2196', '2', '440883', '吴川市');
INSERT INTO `mcc_region` VALUES ('2207', '0', '2131', '1', '440900', '茂名市');
INSERT INTO `mcc_region` VALUES ('2208', '0', '2207', '2', '440901', '市辖区');
INSERT INTO `mcc_region` VALUES ('2209', '0', '2207', '2', '440902', '茂南区');
INSERT INTO `mcc_region` VALUES ('2210', '0', '2207', '2', '440904', '电白区');
INSERT INTO `mcc_region` VALUES ('2211', '0', '2207', '2', '440981', '高州市');
INSERT INTO `mcc_region` VALUES ('2212', '0', '2207', '2', '440982', '化州市');
INSERT INTO `mcc_region` VALUES ('2213', '0', '2207', '2', '440983', '信宜市');
INSERT INTO `mcc_region` VALUES ('2214', '0', '2131', '1', '441200', '肇庆市');
INSERT INTO `mcc_region` VALUES ('2215', '0', '2214', '2', '441201', '市辖区');
INSERT INTO `mcc_region` VALUES ('2216', '0', '2214', '2', '441202', '端州区');
INSERT INTO `mcc_region` VALUES ('2217', '0', '2214', '2', '441203', '鼎湖区');
INSERT INTO `mcc_region` VALUES ('2218', '0', '2214', '2', '441223', '广宁县');
INSERT INTO `mcc_region` VALUES ('2219', '0', '2214', '2', '441224', '怀集县');
INSERT INTO `mcc_region` VALUES ('2220', '0', '2214', '2', '441225', '封开县');
INSERT INTO `mcc_region` VALUES ('2221', '0', '2214', '2', '441226', '德庆县');
INSERT INTO `mcc_region` VALUES ('2222', '0', '2214', '2', '441283', '高要市');
INSERT INTO `mcc_region` VALUES ('2223', '0', '2214', '2', '441284', '四会市');
INSERT INTO `mcc_region` VALUES ('2224', '0', '2131', '1', '441300', '惠州市');
INSERT INTO `mcc_region` VALUES ('2225', '0', '2224', '2', '441301', '市辖区');
INSERT INTO `mcc_region` VALUES ('2226', '0', '2224', '2', '441302', '惠城区');
INSERT INTO `mcc_region` VALUES ('2227', '0', '2224', '2', '441303', '惠阳区');
INSERT INTO `mcc_region` VALUES ('2228', '0', '2224', '2', '441322', '博罗县');
INSERT INTO `mcc_region` VALUES ('2229', '0', '2224', '2', '441323', '惠东县');
INSERT INTO `mcc_region` VALUES ('2230', '0', '2224', '2', '441324', '龙门县');
INSERT INTO `mcc_region` VALUES ('2231', '0', '2131', '1', '441400', '梅州市');
INSERT INTO `mcc_region` VALUES ('2232', '0', '2231', '2', '441401', '市辖区');
INSERT INTO `mcc_region` VALUES ('2233', '0', '2231', '2', '441402', '梅江区');
INSERT INTO `mcc_region` VALUES ('2234', '0', '2231', '2', '441403', '梅县区');
INSERT INTO `mcc_region` VALUES ('2235', '0', '2231', '2', '441422', '大埔县');
INSERT INTO `mcc_region` VALUES ('2236', '0', '2231', '2', '441423', '丰顺县');
INSERT INTO `mcc_region` VALUES ('2237', '0', '2231', '2', '441424', '五华县');
INSERT INTO `mcc_region` VALUES ('2238', '0', '2231', '2', '441426', '平远县');
INSERT INTO `mcc_region` VALUES ('2239', '0', '2231', '2', '441427', '蕉岭县');
INSERT INTO `mcc_region` VALUES ('2240', '0', '2231', '2', '441481', '兴宁市');
INSERT INTO `mcc_region` VALUES ('2241', '0', '2131', '1', '441500', '汕尾市');
INSERT INTO `mcc_region` VALUES ('2242', '0', '2241', '2', '441501', '市辖区');
INSERT INTO `mcc_region` VALUES ('2243', '0', '2241', '2', '441502', '城区');
INSERT INTO `mcc_region` VALUES ('2244', '0', '2241', '2', '441521', '海丰县');
INSERT INTO `mcc_region` VALUES ('2245', '0', '2241', '2', '441523', '陆河县');
INSERT INTO `mcc_region` VALUES ('2246', '0', '2241', '2', '441581', '陆丰市');
INSERT INTO `mcc_region` VALUES ('2247', '0', '2131', '1', '441600', '河源市');
INSERT INTO `mcc_region` VALUES ('2248', '0', '2247', '2', '441601', '市辖区');
INSERT INTO `mcc_region` VALUES ('2249', '0', '2247', '2', '441602', '源城区');
INSERT INTO `mcc_region` VALUES ('2250', '0', '2247', '2', '441621', '紫金县');
INSERT INTO `mcc_region` VALUES ('2251', '0', '2247', '2', '441622', '龙川县');
INSERT INTO `mcc_region` VALUES ('2252', '0', '2247', '2', '441623', '连平县');
INSERT INTO `mcc_region` VALUES ('2253', '0', '2247', '2', '441624', '和平县');
INSERT INTO `mcc_region` VALUES ('2254', '0', '2247', '2', '441625', '东源县');
INSERT INTO `mcc_region` VALUES ('2255', '0', '2131', '1', '441700', '阳江市');
INSERT INTO `mcc_region` VALUES ('2256', '0', '2255', '2', '441701', '市辖区');
INSERT INTO `mcc_region` VALUES ('2257', '0', '2255', '2', '441702', '江城区');
INSERT INTO `mcc_region` VALUES ('2258', '0', '2255', '2', '441721', '阳西县');
INSERT INTO `mcc_region` VALUES ('2259', '0', '2255', '2', '441723', '阳东县');
INSERT INTO `mcc_region` VALUES ('2260', '0', '2255', '2', '441781', '阳春市');
INSERT INTO `mcc_region` VALUES ('2261', '0', '2131', '1', '441800', '清远市');
INSERT INTO `mcc_region` VALUES ('2262', '0', '2261', '2', '441801', '市辖区');
INSERT INTO `mcc_region` VALUES ('2263', '0', '2261', '2', '441802', '清城区');
INSERT INTO `mcc_region` VALUES ('2264', '0', '2261', '2', '441803', '清新区');
INSERT INTO `mcc_region` VALUES ('2265', '0', '2261', '2', '441821', '佛冈县');
INSERT INTO `mcc_region` VALUES ('2266', '0', '2261', '2', '441823', '阳山县');
INSERT INTO `mcc_region` VALUES ('2267', '0', '2261', '2', '441825', '连山壮族瑶族自治县');
INSERT INTO `mcc_region` VALUES ('2268', '0', '2261', '2', '441826', '连南瑶族自治县');
INSERT INTO `mcc_region` VALUES ('2269', '0', '2261', '2', '441881', '英德市');
INSERT INTO `mcc_region` VALUES ('2270', '0', '2261', '2', '441882', '连州市');
INSERT INTO `mcc_region` VALUES ('2271', '0', '2131', '1', '441900', '东莞市');
INSERT INTO `mcc_region` VALUES ('2272', '0', '2131', '1', '442000', '中山市');
INSERT INTO `mcc_region` VALUES ('2273', '0', '2131', '1', '445100', '潮州市');
INSERT INTO `mcc_region` VALUES ('2274', '0', '2273', '2', '445101', '市辖区');
INSERT INTO `mcc_region` VALUES ('2275', '0', '2273', '2', '445102', '湘桥区');
INSERT INTO `mcc_region` VALUES ('2276', '0', '2273', '2', '445103', '潮安区');
INSERT INTO `mcc_region` VALUES ('2277', '0', '2273', '2', '445122', '饶平县');
INSERT INTO `mcc_region` VALUES ('2278', '0', '2131', '1', '445200', '揭阳市');
INSERT INTO `mcc_region` VALUES ('2279', '0', '2278', '2', '445201', '市辖区');
INSERT INTO `mcc_region` VALUES ('2280', '0', '2278', '2', '445202', '榕城区');
INSERT INTO `mcc_region` VALUES ('2281', '0', '2278', '2', '445203', '揭东区');
INSERT INTO `mcc_region` VALUES ('2282', '0', '2278', '2', '445222', '揭西县');
INSERT INTO `mcc_region` VALUES ('2283', '0', '2278', '2', '445224', '惠来县');
INSERT INTO `mcc_region` VALUES ('2284', '0', '2278', '2', '445281', '普宁市');
INSERT INTO `mcc_region` VALUES ('2285', '0', '2131', '1', '445300', '云浮市');
INSERT INTO `mcc_region` VALUES ('2286', '0', '2285', '2', '445301', '市辖区');
INSERT INTO `mcc_region` VALUES ('2287', '0', '2285', '2', '445302', '云城区');
INSERT INTO `mcc_region` VALUES ('2288', '0', '2285', '2', '445303', '云安区');
INSERT INTO `mcc_region` VALUES ('2289', '0', '2285', '2', '445321', '新兴县');
INSERT INTO `mcc_region` VALUES ('2290', '0', '2285', '2', '445322', '郁南县');
INSERT INTO `mcc_region` VALUES ('2291', '0', '2285', '2', '445381', '罗定市');
INSERT INTO `mcc_region` VALUES ('2292', '690', '0', '0', '450000', '广西壮族自治区');
INSERT INTO `mcc_region` VALUES ('2293', '0', '2292', '1', '450100', '南宁市');
INSERT INTO `mcc_region` VALUES ('2294', '0', '2293', '2', '450101', '市辖区');
INSERT INTO `mcc_region` VALUES ('2295', '0', '2293', '2', '450102', '兴宁区');
INSERT INTO `mcc_region` VALUES ('2296', '0', '2293', '2', '450103', '青秀区');
INSERT INTO `mcc_region` VALUES ('2297', '0', '2293', '2', '450105', '江南区');
INSERT INTO `mcc_region` VALUES ('2298', '0', '2293', '2', '450107', '西乡塘区');
INSERT INTO `mcc_region` VALUES ('2299', '0', '2293', '2', '450108', '良庆区');
INSERT INTO `mcc_region` VALUES ('2300', '0', '2293', '2', '450109', '邕宁区');
INSERT INTO `mcc_region` VALUES ('2301', '0', '2293', '2', '450122', '武鸣县');
INSERT INTO `mcc_region` VALUES ('2302', '0', '2293', '2', '450123', '隆安县');
INSERT INTO `mcc_region` VALUES ('2303', '0', '2293', '2', '450124', '马山县');
INSERT INTO `mcc_region` VALUES ('2304', '0', '2293', '2', '450125', '上林县');
INSERT INTO `mcc_region` VALUES ('2305', '0', '2293', '2', '450126', '宾阳县');
INSERT INTO `mcc_region` VALUES ('2306', '0', '2293', '2', '450127', '横县');
INSERT INTO `mcc_region` VALUES ('2307', '0', '2292', '1', '450200', '柳州市');
INSERT INTO `mcc_region` VALUES ('2308', '0', '2307', '2', '450201', '市辖区');
INSERT INTO `mcc_region` VALUES ('2309', '0', '2307', '2', '450202', '城中区');
INSERT INTO `mcc_region` VALUES ('2310', '0', '2307', '2', '450203', '鱼峰区');
INSERT INTO `mcc_region` VALUES ('2311', '0', '2307', '2', '450204', '柳南区');
INSERT INTO `mcc_region` VALUES ('2312', '0', '2307', '2', '450205', '柳北区');
INSERT INTO `mcc_region` VALUES ('2313', '0', '2307', '2', '450221', '柳江县');
INSERT INTO `mcc_region` VALUES ('2314', '0', '2307', '2', '450222', '柳城县');
INSERT INTO `mcc_region` VALUES ('2315', '0', '2307', '2', '450223', '鹿寨县');
INSERT INTO `mcc_region` VALUES ('2316', '0', '2307', '2', '450224', '融安县');
INSERT INTO `mcc_region` VALUES ('2317', '0', '2307', '2', '450225', '融水苗族自治县');
INSERT INTO `mcc_region` VALUES ('2318', '0', '2307', '2', '450226', '三江侗族自治县');
INSERT INTO `mcc_region` VALUES ('2319', '0', '2292', '1', '450300', '桂林市');
INSERT INTO `mcc_region` VALUES ('2320', '0', '2319', '2', '450301', '市辖区');
INSERT INTO `mcc_region` VALUES ('2321', '0', '2319', '2', '450302', '秀峰区');
INSERT INTO `mcc_region` VALUES ('2322', '0', '2319', '2', '450303', '叠彩区');
INSERT INTO `mcc_region` VALUES ('2323', '0', '2319', '2', '450304', '象山区');
INSERT INTO `mcc_region` VALUES ('2324', '0', '2319', '2', '450305', '七星区');
INSERT INTO `mcc_region` VALUES ('2325', '0', '2319', '2', '450311', '雁山区');
INSERT INTO `mcc_region` VALUES ('2326', '0', '2319', '2', '450312', '临桂区');
INSERT INTO `mcc_region` VALUES ('2327', '0', '2319', '2', '450321', '阳朔县');
INSERT INTO `mcc_region` VALUES ('2328', '0', '2319', '2', '450323', '灵川县');
INSERT INTO `mcc_region` VALUES ('2329', '0', '2319', '2', '450324', '全州县');
INSERT INTO `mcc_region` VALUES ('2330', '0', '2319', '2', '450325', '兴安县');
INSERT INTO `mcc_region` VALUES ('2331', '0', '2319', '2', '450326', '永福县');
INSERT INTO `mcc_region` VALUES ('2332', '0', '2319', '2', '450327', '灌阳县');
INSERT INTO `mcc_region` VALUES ('2333', '0', '2319', '2', '450328', '龙胜各族自治县');
INSERT INTO `mcc_region` VALUES ('2334', '0', '2319', '2', '450329', '资源县');
INSERT INTO `mcc_region` VALUES ('2335', '0', '2319', '2', '450330', '平乐县');
INSERT INTO `mcc_region` VALUES ('2336', '0', '2319', '2', '450331', '荔浦县');
INSERT INTO `mcc_region` VALUES ('2337', '0', '2319', '2', '450332', '恭城瑶族自治县');
INSERT INTO `mcc_region` VALUES ('2338', '0', '2292', '1', '450400', '梧州市');
INSERT INTO `mcc_region` VALUES ('2339', '0', '2338', '2', '450401', '市辖区');
INSERT INTO `mcc_region` VALUES ('2340', '0', '2338', '2', '450403', '万秀区');
INSERT INTO `mcc_region` VALUES ('2341', '0', '2338', '2', '450405', '长洲区');
INSERT INTO `mcc_region` VALUES ('2342', '0', '2338', '2', '450406', '龙圩区');
INSERT INTO `mcc_region` VALUES ('2343', '0', '2338', '2', '450421', '苍梧县');
INSERT INTO `mcc_region` VALUES ('2344', '0', '2338', '2', '450422', '藤县');
INSERT INTO `mcc_region` VALUES ('2345', '0', '2338', '2', '450423', '蒙山县');
INSERT INTO `mcc_region` VALUES ('2346', '0', '2338', '2', '450481', '岑溪市');
INSERT INTO `mcc_region` VALUES ('2347', '0', '2292', '1', '450500', '北海市');
INSERT INTO `mcc_region` VALUES ('2348', '0', '2347', '2', '450501', '市辖区');
INSERT INTO `mcc_region` VALUES ('2349', '0', '2347', '2', '450502', '海城区');
INSERT INTO `mcc_region` VALUES ('2350', '0', '2347', '2', '450503', '银海区');
INSERT INTO `mcc_region` VALUES ('2351', '0', '2347', '2', '450512', '铁山港区');
INSERT INTO `mcc_region` VALUES ('2352', '0', '2347', '2', '450521', '合浦县');
INSERT INTO `mcc_region` VALUES ('2353', '0', '2292', '1', '450600', '防城港市');
INSERT INTO `mcc_region` VALUES ('2354', '0', '2353', '2', '450601', '市辖区');
INSERT INTO `mcc_region` VALUES ('2355', '0', '2353', '2', '450602', '港口区');
INSERT INTO `mcc_region` VALUES ('2356', '0', '2353', '2', '450603', '防城区');
INSERT INTO `mcc_region` VALUES ('2357', '0', '2353', '2', '450621', '上思县');
INSERT INTO `mcc_region` VALUES ('2358', '0', '2353', '2', '450681', '东兴市');
INSERT INTO `mcc_region` VALUES ('2359', '0', '2292', '1', '450700', '钦州市');
INSERT INTO `mcc_region` VALUES ('2360', '0', '2359', '2', '450701', '市辖区');
INSERT INTO `mcc_region` VALUES ('2361', '0', '2359', '2', '450702', '钦南区');
INSERT INTO `mcc_region` VALUES ('2362', '0', '2359', '2', '450703', '钦北区');
INSERT INTO `mcc_region` VALUES ('2363', '0', '2359', '2', '450721', '灵山县');
INSERT INTO `mcc_region` VALUES ('2364', '0', '2359', '2', '450722', '浦北县');
INSERT INTO `mcc_region` VALUES ('2365', '0', '2292', '1', '450800', '贵港市');
INSERT INTO `mcc_region` VALUES ('2366', '0', '2365', '2', '450801', '市辖区');
INSERT INTO `mcc_region` VALUES ('2367', '0', '2365', '2', '450802', '港北区');
INSERT INTO `mcc_region` VALUES ('2368', '0', '2365', '2', '450803', '港南区');
INSERT INTO `mcc_region` VALUES ('2369', '0', '2365', '2', '450804', '覃塘区');
INSERT INTO `mcc_region` VALUES ('2370', '0', '2365', '2', '450821', '平南县');
INSERT INTO `mcc_region` VALUES ('2371', '0', '2365', '2', '450881', '桂平市');
INSERT INTO `mcc_region` VALUES ('2372', '0', '2292', '1', '450900', '玉林市');
INSERT INTO `mcc_region` VALUES ('2373', '0', '2372', '2', '450901', '市辖区');
INSERT INTO `mcc_region` VALUES ('2374', '0', '2372', '2', '450902', '玉州区');
INSERT INTO `mcc_region` VALUES ('2375', '0', '2372', '2', '450903', '福绵区');
INSERT INTO `mcc_region` VALUES ('2376', '0', '2372', '2', '450921', '容县');
INSERT INTO `mcc_region` VALUES ('2377', '0', '2372', '2', '450922', '陆川县');
INSERT INTO `mcc_region` VALUES ('2378', '0', '2372', '2', '450923', '博白县');
INSERT INTO `mcc_region` VALUES ('2379', '0', '2372', '2', '450924', '兴业县');
INSERT INTO `mcc_region` VALUES ('2380', '0', '2372', '2', '450981', '北流市');
INSERT INTO `mcc_region` VALUES ('2381', '0', '2292', '1', '451000', '百色市');
INSERT INTO `mcc_region` VALUES ('2382', '0', '2381', '2', '451001', '市辖区');
INSERT INTO `mcc_region` VALUES ('2383', '0', '2381', '2', '451002', '右江区');
INSERT INTO `mcc_region` VALUES ('2384', '0', '2381', '2', '451021', '田阳县');
INSERT INTO `mcc_region` VALUES ('2385', '0', '2381', '2', '451022', '田东县');
INSERT INTO `mcc_region` VALUES ('2386', '0', '2381', '2', '451023', '平果县');
INSERT INTO `mcc_region` VALUES ('2387', '0', '2381', '2', '451024', '德保县');
INSERT INTO `mcc_region` VALUES ('2388', '0', '2381', '2', '451025', '靖西县');
INSERT INTO `mcc_region` VALUES ('2389', '0', '2381', '2', '451026', '那坡县');
INSERT INTO `mcc_region` VALUES ('2390', '0', '2381', '2', '451027', '凌云县');
INSERT INTO `mcc_region` VALUES ('2391', '0', '2381', '2', '451028', '乐业县');
INSERT INTO `mcc_region` VALUES ('2392', '0', '2381', '2', '451029', '田林县');
INSERT INTO `mcc_region` VALUES ('2393', '0', '2381', '2', '451030', '西林县');
INSERT INTO `mcc_region` VALUES ('2394', '0', '2381', '2', '451031', '隆林各族自治县');
INSERT INTO `mcc_region` VALUES ('2395', '0', '2292', '1', '451100', '贺州市');
INSERT INTO `mcc_region` VALUES ('2396', '0', '2395', '2', '451101', '市辖区');
INSERT INTO `mcc_region` VALUES ('2397', '0', '2395', '2', '451102', '八步区');
INSERT INTO `mcc_region` VALUES ('2398', '0', '2395', '2', '451121', '昭平县');
INSERT INTO `mcc_region` VALUES ('2399', '0', '2395', '2', '451122', '钟山县');
INSERT INTO `mcc_region` VALUES ('2400', '0', '2395', '2', '451123', '富川瑶族自治县');
INSERT INTO `mcc_region` VALUES ('2401', '0', '2292', '1', '451200', '河池市');
INSERT INTO `mcc_region` VALUES ('2402', '0', '2401', '2', '451201', '市辖区');
INSERT INTO `mcc_region` VALUES ('2403', '0', '2401', '2', '451202', '金城江区');
INSERT INTO `mcc_region` VALUES ('2404', '0', '2401', '2', '451221', '南丹县');
INSERT INTO `mcc_region` VALUES ('2405', '0', '2401', '2', '451222', '天峨县');
INSERT INTO `mcc_region` VALUES ('2406', '0', '2401', '2', '451223', '凤山县');
INSERT INTO `mcc_region` VALUES ('2407', '0', '2401', '2', '451224', '东兰县');
INSERT INTO `mcc_region` VALUES ('2408', '0', '2401', '2', '451225', '罗城仫佬族自治县');
INSERT INTO `mcc_region` VALUES ('2409', '0', '2401', '2', '451226', '环江毛南族自治县');
INSERT INTO `mcc_region` VALUES ('2410', '0', '2401', '2', '451227', '巴马瑶族自治县');
INSERT INTO `mcc_region` VALUES ('2411', '0', '2401', '2', '451228', '都安瑶族自治县');
INSERT INTO `mcc_region` VALUES ('2412', '0', '2401', '2', '451229', '大化瑶族自治县');
INSERT INTO `mcc_region` VALUES ('2413', '0', '2401', '2', '451281', '宜州市');
INSERT INTO `mcc_region` VALUES ('2414', '0', '2292', '1', '451300', '来宾市');
INSERT INTO `mcc_region` VALUES ('2415', '0', '2414', '2', '451301', '市辖区');
INSERT INTO `mcc_region` VALUES ('2416', '0', '2414', '2', '451302', '兴宾区');
INSERT INTO `mcc_region` VALUES ('2417', '0', '2414', '2', '451321', '忻城县');
INSERT INTO `mcc_region` VALUES ('2418', '0', '2414', '2', '451322', '象州县');
INSERT INTO `mcc_region` VALUES ('2419', '0', '2414', '2', '451323', '武宣县');
INSERT INTO `mcc_region` VALUES ('2420', '0', '2414', '2', '451324', '金秀瑶族自治县');
INSERT INTO `mcc_region` VALUES ('2421', '0', '2414', '2', '451381', '合山市');
INSERT INTO `mcc_region` VALUES ('2422', '0', '2292', '1', '451400', '崇左市');
INSERT INTO `mcc_region` VALUES ('2423', '0', '2422', '2', '451401', '市辖区');
INSERT INTO `mcc_region` VALUES ('2424', '0', '2422', '2', '451402', '江州区');
INSERT INTO `mcc_region` VALUES ('2425', '0', '2422', '2', '451421', '扶绥县');
INSERT INTO `mcc_region` VALUES ('2426', '0', '2422', '2', '451422', '宁明县');
INSERT INTO `mcc_region` VALUES ('2427', '0', '2422', '2', '451423', '龙州县');
INSERT INTO `mcc_region` VALUES ('2428', '0', '2422', '2', '451424', '大新县');
INSERT INTO `mcc_region` VALUES ('2429', '0', '2422', '2', '451425', '天等县');
INSERT INTO `mcc_region` VALUES ('2430', '0', '2422', '2', '451481', '凭祥市');
INSERT INTO `mcc_region` VALUES ('2431', '692', '0', '0', '460000', '海南省');
INSERT INTO `mcc_region` VALUES ('2432', '0', '2431', '1', '460100', '海口市');
INSERT INTO `mcc_region` VALUES ('2433', '0', '2432', '2', '460101', '市辖区');
INSERT INTO `mcc_region` VALUES ('2434', '0', '2432', '2', '460105', '秀英区');
INSERT INTO `mcc_region` VALUES ('2435', '0', '2432', '2', '460106', '龙华区');
INSERT INTO `mcc_region` VALUES ('2436', '0', '2432', '2', '460107', '琼山区');
INSERT INTO `mcc_region` VALUES ('2437', '0', '2432', '2', '460108', '美兰区');
INSERT INTO `mcc_region` VALUES ('2438', '0', '2431', '1', '460200', '三亚市');
INSERT INTO `mcc_region` VALUES ('2439', '0', '2438', '2', '460201', '市辖区');
INSERT INTO `mcc_region` VALUES ('2440', '0', '2438', '2', '460202', '海棠区');
INSERT INTO `mcc_region` VALUES ('2441', '0', '2438', '2', '460203', '吉阳区');
INSERT INTO `mcc_region` VALUES ('2442', '0', '2438', '2', '460204', '天涯区');
INSERT INTO `mcc_region` VALUES ('2443', '0', '2438', '2', '460205', '崖州区');
INSERT INTO `mcc_region` VALUES ('2444', '0', '2431', '1', '460300', '三沙市');
INSERT INTO `mcc_region` VALUES ('2445', '0', '2431', '1', '469000', '省直辖县级行政区划');
INSERT INTO `mcc_region` VALUES ('2446', '0', '2445', '2', '469001', '五指山市');
INSERT INTO `mcc_region` VALUES ('2447', '0', '2445', '2', '469002', '琼海市');
INSERT INTO `mcc_region` VALUES ('2448', '0', '2445', '2', '469003', '儋州市');
INSERT INTO `mcc_region` VALUES ('2449', '0', '2445', '2', '469005', '文昌市');
INSERT INTO `mcc_region` VALUES ('2450', '0', '2445', '2', '469006', '万宁市');
INSERT INTO `mcc_region` VALUES ('2451', '0', '2445', '2', '469007', '东方市');
INSERT INTO `mcc_region` VALUES ('2452', '0', '2445', '2', '469021', '定安县');
INSERT INTO `mcc_region` VALUES ('2453', '0', '2445', '2', '469022', '屯昌县');
INSERT INTO `mcc_region` VALUES ('2454', '0', '2445', '2', '469023', '澄迈县');
INSERT INTO `mcc_region` VALUES ('2455', '0', '2445', '2', '469024', '临高县');
INSERT INTO `mcc_region` VALUES ('2456', '0', '2445', '2', '469025', '白沙黎族自治县');
INSERT INTO `mcc_region` VALUES ('2457', '0', '2445', '2', '469026', '昌江黎族自治县');
INSERT INTO `mcc_region` VALUES ('2458', '0', '2445', '2', '469027', '乐东黎族自治县');
INSERT INTO `mcc_region` VALUES ('2459', '0', '2445', '2', '469028', '陵水黎族自治县');
INSERT INTO `mcc_region` VALUES ('2460', '0', '2445', '2', '469029', '保亭黎族苗族自治县');
INSERT INTO `mcc_region` VALUES ('2461', '0', '2445', '2', '469030', '琼中黎族苗族自治县');
INSERT INTO `mcc_region` VALUES ('2462', '686', '0', '0', '500000', '重庆市');
INSERT INTO `mcc_region` VALUES ('2463', '0', '2462', '1', '500100', '市辖区');
INSERT INTO `mcc_region` VALUES ('2464', '0', '2463', '2', '500101', '万州区');
INSERT INTO `mcc_region` VALUES ('2465', '0', '2463', '2', '500102', '涪陵区');
INSERT INTO `mcc_region` VALUES ('2466', '0', '2463', '2', '500103', '渝中区');
INSERT INTO `mcc_region` VALUES ('2467', '0', '2463', '2', '500104', '大渡口区');
INSERT INTO `mcc_region` VALUES ('2468', '0', '2463', '2', '500105', '江北区');
INSERT INTO `mcc_region` VALUES ('2469', '0', '2463', '2', '500106', '沙坪坝区');
INSERT INTO `mcc_region` VALUES ('2470', '0', '2463', '2', '500107', '九龙坡区');
INSERT INTO `mcc_region` VALUES ('2471', '0', '2463', '2', '500108', '南岸区');
INSERT INTO `mcc_region` VALUES ('2472', '0', '2463', '2', '500109', '北碚区');
INSERT INTO `mcc_region` VALUES ('2473', '0', '2463', '2', '500110', '綦江区');
INSERT INTO `mcc_region` VALUES ('2474', '0', '2463', '2', '500111', '大足区');
INSERT INTO `mcc_region` VALUES ('2475', '0', '2463', '2', '500112', '渝北区');
INSERT INTO `mcc_region` VALUES ('2476', '0', '2463', '2', '500113', '巴南区');
INSERT INTO `mcc_region` VALUES ('2477', '0', '2463', '2', '500114', '黔江区');
INSERT INTO `mcc_region` VALUES ('2478', '0', '2463', '2', '500115', '长寿区');
INSERT INTO `mcc_region` VALUES ('2479', '0', '2463', '2', '500116', '江津区');
INSERT INTO `mcc_region` VALUES ('2480', '0', '2463', '2', '500117', '合川区');
INSERT INTO `mcc_region` VALUES ('2481', '0', '2463', '2', '500118', '永川区');
INSERT INTO `mcc_region` VALUES ('2482', '0', '2463', '2', '500119', '南川区');
INSERT INTO `mcc_region` VALUES ('2483', '0', '2463', '2', '500120', '璧山区');
INSERT INTO `mcc_region` VALUES ('2484', '0', '2463', '2', '500151', '铜梁区');
INSERT INTO `mcc_region` VALUES ('2485', '0', '2462', '1', '500200', '县');
INSERT INTO `mcc_region` VALUES ('2486', '0', '2485', '2', '500223', '潼南县');
INSERT INTO `mcc_region` VALUES ('2487', '0', '2485', '2', '500226', '荣昌县');
INSERT INTO `mcc_region` VALUES ('2488', '0', '2485', '2', '500228', '梁平县');
INSERT INTO `mcc_region` VALUES ('2489', '0', '2485', '2', '500229', '城口县');
INSERT INTO `mcc_region` VALUES ('2490', '0', '2485', '2', '500230', '丰都县');
INSERT INTO `mcc_region` VALUES ('2491', '0', '2485', '2', '500231', '垫江县');
INSERT INTO `mcc_region` VALUES ('2492', '0', '2485', '2', '500232', '武隆县');
INSERT INTO `mcc_region` VALUES ('2493', '0', '2485', '2', '500233', '忠县');
INSERT INTO `mcc_region` VALUES ('2494', '0', '2485', '2', '500234', '开县');
INSERT INTO `mcc_region` VALUES ('2495', '0', '2485', '2', '500235', '云阳县');
INSERT INTO `mcc_region` VALUES ('2496', '0', '2485', '2', '500236', '奉节县');
INSERT INTO `mcc_region` VALUES ('2497', '0', '2485', '2', '500237', '巫山县');
INSERT INTO `mcc_region` VALUES ('2498', '0', '2485', '2', '500238', '巫溪县');
INSERT INTO `mcc_region` VALUES ('2499', '0', '2485', '2', '500240', '石柱土家族自治县');
INSERT INTO `mcc_region` VALUES ('2500', '0', '2485', '2', '500241', '秀山土家族苗族自治县');
INSERT INTO `mcc_region` VALUES ('2501', '0', '2485', '2', '500242', '酉阳土家族苗族自治县');
INSERT INTO `mcc_region` VALUES ('2502', '0', '2485', '2', '500243', '彭水苗族土家族自治县');
INSERT INTO `mcc_region` VALUES ('2503', '710', '0', '0', '510000', '四川省');
INSERT INTO `mcc_region` VALUES ('2504', '0', '2503', '1', '510100', '成都市');
INSERT INTO `mcc_region` VALUES ('2505', '0', '2504', '2', '510101', '市辖区');
INSERT INTO `mcc_region` VALUES ('2506', '0', '2504', '2', '510104', '锦江区');
INSERT INTO `mcc_region` VALUES ('2507', '0', '2504', '2', '510105', '青羊区');
INSERT INTO `mcc_region` VALUES ('2508', '0', '2504', '2', '510106', '金牛区');
INSERT INTO `mcc_region` VALUES ('2509', '0', '2504', '2', '510107', '武侯区');
INSERT INTO `mcc_region` VALUES ('2510', '0', '2504', '2', '510108', '成华区');
INSERT INTO `mcc_region` VALUES ('2511', '0', '2504', '2', '510112', '龙泉驿区');
INSERT INTO `mcc_region` VALUES ('2512', '0', '2504', '2', '510113', '青白江区');
INSERT INTO `mcc_region` VALUES ('2513', '0', '2504', '2', '510114', '新都区');
INSERT INTO `mcc_region` VALUES ('2514', '0', '2504', '2', '510115', '温江区');
INSERT INTO `mcc_region` VALUES ('2515', '0', '2504', '2', '510121', '金堂县');
INSERT INTO `mcc_region` VALUES ('2516', '0', '2504', '2', '510122', '双流县');
INSERT INTO `mcc_region` VALUES ('2517', '0', '2504', '2', '510124', '郫县');
INSERT INTO `mcc_region` VALUES ('2518', '0', '2504', '2', '510129', '大邑县');
INSERT INTO `mcc_region` VALUES ('2519', '0', '2504', '2', '510131', '蒲江县');
INSERT INTO `mcc_region` VALUES ('2520', '0', '2504', '2', '510132', '新津县');
INSERT INTO `mcc_region` VALUES ('2521', '0', '2504', '2', '510181', '都江堰市');
INSERT INTO `mcc_region` VALUES ('2522', '0', '2504', '2', '510182', '彭州市');
INSERT INTO `mcc_region` VALUES ('2523', '0', '2504', '2', '510183', '邛崃市');
INSERT INTO `mcc_region` VALUES ('2524', '0', '2504', '2', '510184', '崇州市');
INSERT INTO `mcc_region` VALUES ('2525', '0', '2503', '1', '510300', '自贡市');
INSERT INTO `mcc_region` VALUES ('2526', '0', '2525', '2', '510301', '市辖区');
INSERT INTO `mcc_region` VALUES ('2527', '0', '2525', '2', '510302', '自流井区');
INSERT INTO `mcc_region` VALUES ('2528', '0', '2525', '2', '510303', '贡井区');
INSERT INTO `mcc_region` VALUES ('2529', '0', '2525', '2', '510304', '大安区');
INSERT INTO `mcc_region` VALUES ('2530', '0', '2525', '2', '510311', '沿滩区');
INSERT INTO `mcc_region` VALUES ('2531', '0', '2525', '2', '510321', '荣县');
INSERT INTO `mcc_region` VALUES ('2532', '0', '2525', '2', '510322', '富顺县');
INSERT INTO `mcc_region` VALUES ('2533', '0', '2503', '1', '510400', '攀枝花市');
INSERT INTO `mcc_region` VALUES ('2534', '0', '2533', '2', '510401', '市辖区');
INSERT INTO `mcc_region` VALUES ('2535', '0', '2533', '2', '510402', '东区');
INSERT INTO `mcc_region` VALUES ('2536', '0', '2533', '2', '510403', '西区');
INSERT INTO `mcc_region` VALUES ('2537', '0', '2533', '2', '510411', '仁和区');
INSERT INTO `mcc_region` VALUES ('2538', '0', '2533', '2', '510421', '米易县');
INSERT INTO `mcc_region` VALUES ('2539', '0', '2533', '2', '510422', '盐边县');
INSERT INTO `mcc_region` VALUES ('2540', '0', '2503', '1', '510500', '泸州市');
INSERT INTO `mcc_region` VALUES ('2541', '0', '2540', '2', '510501', '市辖区');
INSERT INTO `mcc_region` VALUES ('2542', '0', '2540', '2', '510502', '江阳区');
INSERT INTO `mcc_region` VALUES ('2543', '0', '2540', '2', '510503', '纳溪区');
INSERT INTO `mcc_region` VALUES ('2544', '0', '2540', '2', '510504', '龙马潭区');
INSERT INTO `mcc_region` VALUES ('2545', '0', '2540', '2', '510521', '泸县');
INSERT INTO `mcc_region` VALUES ('2546', '0', '2540', '2', '510522', '合江县');
INSERT INTO `mcc_region` VALUES ('2547', '0', '2540', '2', '510524', '叙永县');
INSERT INTO `mcc_region` VALUES ('2548', '0', '2540', '2', '510525', '古蔺县');
INSERT INTO `mcc_region` VALUES ('2549', '0', '2503', '1', '510600', '德阳市');
INSERT INTO `mcc_region` VALUES ('2550', '0', '2549', '2', '510601', '市辖区');
INSERT INTO `mcc_region` VALUES ('2551', '0', '2549', '2', '510603', '旌阳区');
INSERT INTO `mcc_region` VALUES ('2552', '0', '2549', '2', '510623', '中江县');
INSERT INTO `mcc_region` VALUES ('2553', '0', '2549', '2', '510626', '罗江县');
INSERT INTO `mcc_region` VALUES ('2554', '0', '2549', '2', '510681', '广汉市');
INSERT INTO `mcc_region` VALUES ('2555', '0', '2549', '2', '510682', '什邡市');
INSERT INTO `mcc_region` VALUES ('2556', '0', '2549', '2', '510683', '绵竹市');
INSERT INTO `mcc_region` VALUES ('2557', '0', '2503', '1', '510700', '绵阳市');
INSERT INTO `mcc_region` VALUES ('2558', '0', '2557', '2', '510701', '市辖区');
INSERT INTO `mcc_region` VALUES ('2559', '0', '2557', '2', '510703', '涪城区');
INSERT INTO `mcc_region` VALUES ('2560', '0', '2557', '2', '510704', '游仙区');
INSERT INTO `mcc_region` VALUES ('2561', '0', '2557', '2', '510722', '三台县');
INSERT INTO `mcc_region` VALUES ('2562', '0', '2557', '2', '510723', '盐亭县');
INSERT INTO `mcc_region` VALUES ('2563', '0', '2557', '2', '510724', '安县');
INSERT INTO `mcc_region` VALUES ('2564', '0', '2557', '2', '510725', '梓潼县');
INSERT INTO `mcc_region` VALUES ('2565', '0', '2557', '2', '510726', '北川羌族自治县');
INSERT INTO `mcc_region` VALUES ('2566', '0', '2557', '2', '510727', '平武县');
INSERT INTO `mcc_region` VALUES ('2567', '0', '2557', '2', '510781', '江油市');
INSERT INTO `mcc_region` VALUES ('2568', '0', '2503', '1', '510800', '广元市');
INSERT INTO `mcc_region` VALUES ('2569', '0', '2568', '2', '510801', '市辖区');
INSERT INTO `mcc_region` VALUES ('2570', '0', '2568', '2', '510802', '利州区');
INSERT INTO `mcc_region` VALUES ('2571', '0', '2568', '2', '510811', '昭化区');
INSERT INTO `mcc_region` VALUES ('2572', '0', '2568', '2', '510812', '朝天区');
INSERT INTO `mcc_region` VALUES ('2573', '0', '2568', '2', '510821', '旺苍县');
INSERT INTO `mcc_region` VALUES ('2574', '0', '2568', '2', '510822', '青川县');
INSERT INTO `mcc_region` VALUES ('2575', '0', '2568', '2', '510823', '剑阁县');
INSERT INTO `mcc_region` VALUES ('2576', '0', '2568', '2', '510824', '苍溪县');
INSERT INTO `mcc_region` VALUES ('2577', '0', '2503', '1', '510900', '遂宁市');
INSERT INTO `mcc_region` VALUES ('2578', '0', '2577', '2', '510901', '市辖区');
INSERT INTO `mcc_region` VALUES ('2579', '0', '2577', '2', '510903', '船山区');
INSERT INTO `mcc_region` VALUES ('2580', '0', '2577', '2', '510904', '安居区');
INSERT INTO `mcc_region` VALUES ('2581', '0', '2577', '2', '510921', '蓬溪县');
INSERT INTO `mcc_region` VALUES ('2582', '0', '2577', '2', '510922', '射洪县');
INSERT INTO `mcc_region` VALUES ('2583', '0', '2577', '2', '510923', '大英县');
INSERT INTO `mcc_region` VALUES ('2584', '0', '2503', '1', '511000', '内江市');
INSERT INTO `mcc_region` VALUES ('2585', '0', '2584', '2', '511001', '市辖区');
INSERT INTO `mcc_region` VALUES ('2586', '0', '2584', '2', '511002', '市中区');
INSERT INTO `mcc_region` VALUES ('2587', '0', '2584', '2', '511011', '东兴区');
INSERT INTO `mcc_region` VALUES ('2588', '0', '2584', '2', '511024', '威远县');
INSERT INTO `mcc_region` VALUES ('2589', '0', '2584', '2', '511025', '资中县');
INSERT INTO `mcc_region` VALUES ('2590', '0', '2584', '2', '511028', '隆昌县');
INSERT INTO `mcc_region` VALUES ('2591', '0', '2503', '1', '511100', '乐山市');
INSERT INTO `mcc_region` VALUES ('2592', '0', '2591', '2', '511101', '市辖区');
INSERT INTO `mcc_region` VALUES ('2593', '0', '2591', '2', '511102', '市中区');
INSERT INTO `mcc_region` VALUES ('2594', '0', '2591', '2', '511111', '沙湾区');
INSERT INTO `mcc_region` VALUES ('2595', '0', '2591', '2', '511112', '五通桥区');
INSERT INTO `mcc_region` VALUES ('2596', '0', '2591', '2', '511113', '金口河区');
INSERT INTO `mcc_region` VALUES ('2597', '0', '2591', '2', '511123', '犍为县');
INSERT INTO `mcc_region` VALUES ('2598', '0', '2591', '2', '511124', '井研县');
INSERT INTO `mcc_region` VALUES ('2599', '0', '2591', '2', '511126', '夹江县');
INSERT INTO `mcc_region` VALUES ('2600', '0', '2591', '2', '511129', '沐川县');
INSERT INTO `mcc_region` VALUES ('2601', '0', '2591', '2', '511132', '峨边彝族自治县');
INSERT INTO `mcc_region` VALUES ('2602', '0', '2591', '2', '511133', '马边彝族自治县');
INSERT INTO `mcc_region` VALUES ('2603', '0', '2591', '2', '511181', '峨眉山市');
INSERT INTO `mcc_region` VALUES ('2604', '0', '2503', '1', '511300', '南充市');
INSERT INTO `mcc_region` VALUES ('2605', '0', '2604', '2', '511301', '市辖区');
INSERT INTO `mcc_region` VALUES ('2606', '0', '2604', '2', '511302', '顺庆区');
INSERT INTO `mcc_region` VALUES ('2607', '0', '2604', '2', '511303', '高坪区');
INSERT INTO `mcc_region` VALUES ('2608', '0', '2604', '2', '511304', '嘉陵区');
INSERT INTO `mcc_region` VALUES ('2609', '0', '2604', '2', '511321', '南部县');
INSERT INTO `mcc_region` VALUES ('2610', '0', '2604', '2', '511322', '营山县');
INSERT INTO `mcc_region` VALUES ('2611', '0', '2604', '2', '511323', '蓬安县');
INSERT INTO `mcc_region` VALUES ('2612', '0', '2604', '2', '511324', '仪陇县');
INSERT INTO `mcc_region` VALUES ('2613', '0', '2604', '2', '511325', '西充县');
INSERT INTO `mcc_region` VALUES ('2614', '0', '2604', '2', '511381', '阆中市');
INSERT INTO `mcc_region` VALUES ('2615', '0', '2503', '1', '511400', '眉山市');
INSERT INTO `mcc_region` VALUES ('2616', '0', '2615', '2', '511401', '市辖区');
INSERT INTO `mcc_region` VALUES ('2617', '0', '2615', '2', '511402', '东坡区');
INSERT INTO `mcc_region` VALUES ('2618', '0', '2615', '2', '511421', '仁寿县');
INSERT INTO `mcc_region` VALUES ('2619', '0', '2615', '2', '511422', '彭山县');
INSERT INTO `mcc_region` VALUES ('2620', '0', '2615', '2', '511423', '洪雅县');
INSERT INTO `mcc_region` VALUES ('2621', '0', '2615', '2', '511424', '丹棱县');
INSERT INTO `mcc_region` VALUES ('2622', '0', '2615', '2', '511425', '青神县');
INSERT INTO `mcc_region` VALUES ('2623', '0', '2503', '1', '511500', '宜宾市');
INSERT INTO `mcc_region` VALUES ('2624', '0', '2623', '2', '511501', '市辖区');
INSERT INTO `mcc_region` VALUES ('2625', '0', '2623', '2', '511502', '翠屏区');
INSERT INTO `mcc_region` VALUES ('2626', '0', '2623', '2', '511503', '南溪区');
INSERT INTO `mcc_region` VALUES ('2627', '0', '2623', '2', '511521', '宜宾县');
INSERT INTO `mcc_region` VALUES ('2628', '0', '2623', '2', '511523', '江安县');
INSERT INTO `mcc_region` VALUES ('2629', '0', '2623', '2', '511524', '长宁县');
INSERT INTO `mcc_region` VALUES ('2630', '0', '2623', '2', '511525', '高县');
INSERT INTO `mcc_region` VALUES ('2631', '0', '2623', '2', '511526', '珙县');
INSERT INTO `mcc_region` VALUES ('2632', '0', '2623', '2', '511527', '筠连县');
INSERT INTO `mcc_region` VALUES ('2633', '0', '2623', '2', '511528', '兴文县');
INSERT INTO `mcc_region` VALUES ('2634', '0', '2623', '2', '511529', '屏山县');
INSERT INTO `mcc_region` VALUES ('2635', '0', '2503', '1', '511600', '广安市');
INSERT INTO `mcc_region` VALUES ('2636', '0', '2635', '2', '511601', '市辖区');
INSERT INTO `mcc_region` VALUES ('2637', '0', '2635', '2', '511602', '广安区');
INSERT INTO `mcc_region` VALUES ('2638', '0', '2635', '2', '511603', '前锋区');
INSERT INTO `mcc_region` VALUES ('2639', '0', '2635', '2', '511621', '岳池县');
INSERT INTO `mcc_region` VALUES ('2640', '0', '2635', '2', '511622', '武胜县');
INSERT INTO `mcc_region` VALUES ('2641', '0', '2635', '2', '511623', '邻水县');
INSERT INTO `mcc_region` VALUES ('2642', '0', '2635', '2', '511681', '华蓥市');
INSERT INTO `mcc_region` VALUES ('2643', '0', '2503', '1', '511700', '达州市');
INSERT INTO `mcc_region` VALUES ('2644', '0', '2643', '2', '511701', '市辖区');
INSERT INTO `mcc_region` VALUES ('2645', '0', '2643', '2', '511702', '通川区');
INSERT INTO `mcc_region` VALUES ('2646', '0', '2643', '2', '511703', '达川区');
INSERT INTO `mcc_region` VALUES ('2647', '0', '2643', '2', '511722', '宣汉县');
INSERT INTO `mcc_region` VALUES ('2648', '0', '2643', '2', '511723', '开江县');
INSERT INTO `mcc_region` VALUES ('2649', '0', '2643', '2', '511724', '大竹县');
INSERT INTO `mcc_region` VALUES ('2650', '0', '2643', '2', '511725', '渠县');
INSERT INTO `mcc_region` VALUES ('2651', '0', '2643', '2', '511781', '万源市');
INSERT INTO `mcc_region` VALUES ('2652', '0', '2503', '1', '511800', '雅安市');
INSERT INTO `mcc_region` VALUES ('2653', '0', '2652', '2', '511801', '市辖区');
INSERT INTO `mcc_region` VALUES ('2654', '0', '2652', '2', '511802', '雨城区');
INSERT INTO `mcc_region` VALUES ('2655', '0', '2652', '2', '511803', '名山区');
INSERT INTO `mcc_region` VALUES ('2656', '0', '2652', '2', '511822', '荥经县');
INSERT INTO `mcc_region` VALUES ('2657', '0', '2652', '2', '511823', '汉源县');
INSERT INTO `mcc_region` VALUES ('2658', '0', '2652', '2', '511824', '石棉县');
INSERT INTO `mcc_region` VALUES ('2659', '0', '2652', '2', '511825', '天全县');
INSERT INTO `mcc_region` VALUES ('2660', '0', '2652', '2', '511826', '芦山县');
INSERT INTO `mcc_region` VALUES ('2661', '0', '2652', '2', '511827', '宝兴县');
INSERT INTO `mcc_region` VALUES ('2662', '0', '2503', '1', '511900', '巴中市');
INSERT INTO `mcc_region` VALUES ('2663', '0', '2662', '2', '511901', '市辖区');
INSERT INTO `mcc_region` VALUES ('2664', '0', '2662', '2', '511902', '巴州区');
INSERT INTO `mcc_region` VALUES ('2665', '0', '2662', '2', '511903', '恩阳区');
INSERT INTO `mcc_region` VALUES ('2666', '0', '2662', '2', '511921', '通江县');
INSERT INTO `mcc_region` VALUES ('2667', '0', '2662', '2', '511922', '南江县');
INSERT INTO `mcc_region` VALUES ('2668', '0', '2662', '2', '511923', '平昌县');
INSERT INTO `mcc_region` VALUES ('2669', '0', '2503', '1', '512000', '资阳市');
INSERT INTO `mcc_region` VALUES ('2670', '0', '2669', '2', '512001', '市辖区');
INSERT INTO `mcc_region` VALUES ('2671', '0', '2669', '2', '512002', '雁江区');
INSERT INTO `mcc_region` VALUES ('2672', '0', '2669', '2', '512021', '安岳县');
INSERT INTO `mcc_region` VALUES ('2673', '0', '2669', '2', '512022', '乐至县');
INSERT INTO `mcc_region` VALUES ('2674', '0', '2669', '2', '512081', '简阳市');
INSERT INTO `mcc_region` VALUES ('2675', '0', '2503', '1', '513200', '阿坝藏族羌族自治州');
INSERT INTO `mcc_region` VALUES ('2676', '0', '2675', '2', '513221', '汶川县');
INSERT INTO `mcc_region` VALUES ('2677', '0', '2675', '2', '513222', '理县');
INSERT INTO `mcc_region` VALUES ('2678', '0', '2675', '2', '513223', '茂县');
INSERT INTO `mcc_region` VALUES ('2679', '0', '2675', '2', '513224', '松潘县');
INSERT INTO `mcc_region` VALUES ('2680', '0', '2675', '2', '513225', '九寨沟县');
INSERT INTO `mcc_region` VALUES ('2681', '0', '2675', '2', '513226', '金川县');
INSERT INTO `mcc_region` VALUES ('2682', '0', '2675', '2', '513227', '小金县');
INSERT INTO `mcc_region` VALUES ('2683', '0', '2675', '2', '513228', '黑水县');
INSERT INTO `mcc_region` VALUES ('2684', '0', '2675', '2', '513229', '马尔康县');
INSERT INTO `mcc_region` VALUES ('2685', '0', '2675', '2', '513230', '壤塘县');
INSERT INTO `mcc_region` VALUES ('2686', '0', '2675', '2', '513231', '阿坝县');
INSERT INTO `mcc_region` VALUES ('2687', '0', '2675', '2', '513232', '若尔盖县');
INSERT INTO `mcc_region` VALUES ('2688', '0', '2675', '2', '513233', '红原县');
INSERT INTO `mcc_region` VALUES ('2689', '0', '2503', '1', '513300', '甘孜藏族自治州');
INSERT INTO `mcc_region` VALUES ('2690', '0', '2689', '2', '513321', '康定县');
INSERT INTO `mcc_region` VALUES ('2691', '0', '2689', '2', '513322', '泸定县');
INSERT INTO `mcc_region` VALUES ('2692', '0', '2689', '2', '513323', '丹巴县');
INSERT INTO `mcc_region` VALUES ('2693', '0', '2689', '2', '513324', '九龙县');
INSERT INTO `mcc_region` VALUES ('2694', '0', '2689', '2', '513325', '雅江县');
INSERT INTO `mcc_region` VALUES ('2695', '0', '2689', '2', '513326', '道孚县');
INSERT INTO `mcc_region` VALUES ('2696', '0', '2689', '2', '513327', '炉霍县');
INSERT INTO `mcc_region` VALUES ('2697', '0', '2689', '2', '513328', '甘孜县');
INSERT INTO `mcc_region` VALUES ('2698', '0', '2689', '2', '513329', '新龙县');
INSERT INTO `mcc_region` VALUES ('2699', '0', '2689', '2', '513330', '德格县');
INSERT INTO `mcc_region` VALUES ('2700', '0', '2689', '2', '513331', '白玉县');
INSERT INTO `mcc_region` VALUES ('2701', '0', '2689', '2', '513332', '石渠县');
INSERT INTO `mcc_region` VALUES ('2702', '0', '2689', '2', '513333', '色达县');
INSERT INTO `mcc_region` VALUES ('2703', '0', '2689', '2', '513334', '理塘县');
INSERT INTO `mcc_region` VALUES ('2704', '0', '2689', '2', '513335', '巴塘县');
INSERT INTO `mcc_region` VALUES ('2705', '0', '2689', '2', '513336', '乡城县');
INSERT INTO `mcc_region` VALUES ('2706', '0', '2689', '2', '513337', '稻城县');
INSERT INTO `mcc_region` VALUES ('2707', '0', '2689', '2', '513338', '得荣县');
INSERT INTO `mcc_region` VALUES ('2708', '0', '2503', '1', '513400', '凉山彝族自治州');
INSERT INTO `mcc_region` VALUES ('2709', '0', '2708', '2', '513401', '西昌市');
INSERT INTO `mcc_region` VALUES ('2710', '0', '2708', '2', '513422', '木里藏族自治县');
INSERT INTO `mcc_region` VALUES ('2711', '0', '2708', '2', '513423', '盐源县');
INSERT INTO `mcc_region` VALUES ('2712', '0', '2708', '2', '513424', '德昌县');
INSERT INTO `mcc_region` VALUES ('2713', '0', '2708', '2', '513425', '会理县');
INSERT INTO `mcc_region` VALUES ('2714', '0', '2708', '2', '513426', '会东县');
INSERT INTO `mcc_region` VALUES ('2715', '0', '2708', '2', '513427', '宁南县');
INSERT INTO `mcc_region` VALUES ('2716', '0', '2708', '2', '513428', '普格县');
INSERT INTO `mcc_region` VALUES ('2717', '0', '2708', '2', '513429', '布拖县');
INSERT INTO `mcc_region` VALUES ('2718', '0', '2708', '2', '513430', '金阳县');
INSERT INTO `mcc_region` VALUES ('2719', '0', '2708', '2', '513431', '昭觉县');
INSERT INTO `mcc_region` VALUES ('2720', '0', '2708', '2', '513432', '喜德县');
INSERT INTO `mcc_region` VALUES ('2721', '0', '2708', '2', '513433', '冕宁县');
INSERT INTO `mcc_region` VALUES ('2722', '0', '2708', '2', '513434', '越西县');
INSERT INTO `mcc_region` VALUES ('2723', '0', '2708', '2', '513435', '甘洛县');
INSERT INTO `mcc_region` VALUES ('2724', '0', '2708', '2', '513436', '美姑县');
INSERT INTO `mcc_region` VALUES ('2725', '0', '2708', '2', '513437', '雷波县');
INSERT INTO `mcc_region` VALUES ('2726', '691', '0', '0', '520000', '贵州省');
INSERT INTO `mcc_region` VALUES ('2727', '0', '2726', '1', '520100', '贵阳市');
INSERT INTO `mcc_region` VALUES ('2728', '0', '2727', '2', '520101', '市辖区');
INSERT INTO `mcc_region` VALUES ('2729', '0', '2727', '2', '520102', '南明区');
INSERT INTO `mcc_region` VALUES ('2730', '0', '2727', '2', '520103', '云岩区');
INSERT INTO `mcc_region` VALUES ('2731', '0', '2727', '2', '520111', '花溪区');
INSERT INTO `mcc_region` VALUES ('2732', '0', '2727', '2', '520112', '乌当区');
INSERT INTO `mcc_region` VALUES ('2733', '0', '2727', '2', '520113', '白云区');
INSERT INTO `mcc_region` VALUES ('2734', '0', '2727', '2', '520115', '观山湖区');
INSERT INTO `mcc_region` VALUES ('2735', '0', '2727', '2', '520121', '开阳县');
INSERT INTO `mcc_region` VALUES ('2736', '0', '2727', '2', '520122', '息烽县');
INSERT INTO `mcc_region` VALUES ('2737', '0', '2727', '2', '520123', '修文县');
INSERT INTO `mcc_region` VALUES ('2738', '0', '2727', '2', '520181', '清镇市');
INSERT INTO `mcc_region` VALUES ('2739', '0', '2726', '1', '520200', '六盘水市');
INSERT INTO `mcc_region` VALUES ('2740', '0', '2739', '2', '520201', '钟山区');
INSERT INTO `mcc_region` VALUES ('2741', '0', '2739', '2', '520203', '六枝特区');
INSERT INTO `mcc_region` VALUES ('2742', '0', '2739', '2', '520221', '水城县');
INSERT INTO `mcc_region` VALUES ('2743', '0', '2739', '2', '520222', '盘县');
INSERT INTO `mcc_region` VALUES ('2744', '0', '2726', '1', '520300', '遵义市');
INSERT INTO `mcc_region` VALUES ('2745', '0', '2744', '2', '520301', '市辖区');
INSERT INTO `mcc_region` VALUES ('2746', '0', '2744', '2', '520302', '红花岗区');
INSERT INTO `mcc_region` VALUES ('2747', '0', '2744', '2', '520303', '汇川区');
INSERT INTO `mcc_region` VALUES ('2748', '0', '2744', '2', '520321', '遵义县');
INSERT INTO `mcc_region` VALUES ('2749', '0', '2744', '2', '520322', '桐梓县');
INSERT INTO `mcc_region` VALUES ('2750', '0', '2744', '2', '520323', '绥阳县');
INSERT INTO `mcc_region` VALUES ('2751', '0', '2744', '2', '520324', '正安县');
INSERT INTO `mcc_region` VALUES ('2752', '0', '2744', '2', '520325', '道真仡佬族苗族自治县');
INSERT INTO `mcc_region` VALUES ('2753', '0', '2744', '2', '520326', '务川仡佬族苗族自治县');
INSERT INTO `mcc_region` VALUES ('2754', '0', '2744', '2', '520327', '凤冈县');
INSERT INTO `mcc_region` VALUES ('2755', '0', '2744', '2', '520328', '湄潭县');
INSERT INTO `mcc_region` VALUES ('2756', '0', '2744', '2', '520329', '余庆县');
INSERT INTO `mcc_region` VALUES ('2757', '0', '2744', '2', '520330', '习水县');
INSERT INTO `mcc_region` VALUES ('2758', '0', '2744', '2', '520381', '赤水市');
INSERT INTO `mcc_region` VALUES ('2759', '0', '2744', '2', '520382', '仁怀市');
INSERT INTO `mcc_region` VALUES ('2760', '0', '2726', '1', '520400', '安顺市');
INSERT INTO `mcc_region` VALUES ('2761', '0', '2760', '2', '520401', '市辖区');
INSERT INTO `mcc_region` VALUES ('2762', '0', '2760', '2', '520402', '西秀区');
INSERT INTO `mcc_region` VALUES ('2763', '0', '2760', '2', '520421', '平坝县');
INSERT INTO `mcc_region` VALUES ('2764', '0', '2760', '2', '520422', '普定县');
INSERT INTO `mcc_region` VALUES ('2765', '0', '2760', '2', '520423', '镇宁布依族苗族自治县');
INSERT INTO `mcc_region` VALUES ('2766', '0', '2760', '2', '520424', '关岭布依族苗族自治县');
INSERT INTO `mcc_region` VALUES ('2767', '0', '2760', '2', '520425', '紫云苗族布依族自治县');
INSERT INTO `mcc_region` VALUES ('2768', '0', '2726', '1', '520500', '毕节市');
INSERT INTO `mcc_region` VALUES ('2769', '0', '2768', '2', '520501', '市辖区');
INSERT INTO `mcc_region` VALUES ('2770', '0', '2768', '2', '520502', '七星关区');
INSERT INTO `mcc_region` VALUES ('2771', '0', '2768', '2', '520521', '大方县');
INSERT INTO `mcc_region` VALUES ('2772', '0', '2768', '2', '520522', '黔西县');
INSERT INTO `mcc_region` VALUES ('2773', '0', '2768', '2', '520523', '金沙县');
INSERT INTO `mcc_region` VALUES ('2774', '0', '2768', '2', '520524', '织金县');
INSERT INTO `mcc_region` VALUES ('2775', '0', '2768', '2', '520525', '纳雍县');
INSERT INTO `mcc_region` VALUES ('2776', '0', '2768', '2', '520526', '威宁彝族回族苗族自治县');
INSERT INTO `mcc_region` VALUES ('2777', '0', '2768', '2', '520527', '赫章县');
INSERT INTO `mcc_region` VALUES ('2778', '0', '2726', '1', '520600', '铜仁市');
INSERT INTO `mcc_region` VALUES ('2779', '0', '2778', '2', '520601', '市辖区');
INSERT INTO `mcc_region` VALUES ('2780', '0', '2778', '2', '520602', '碧江区');
INSERT INTO `mcc_region` VALUES ('2781', '0', '2778', '2', '520603', '万山区');
INSERT INTO `mcc_region` VALUES ('2782', '0', '2778', '2', '520621', '江口县');
INSERT INTO `mcc_region` VALUES ('2783', '0', '2778', '2', '520622', '玉屏侗族自治县');
INSERT INTO `mcc_region` VALUES ('2784', '0', '2778', '2', '520623', '石阡县');
INSERT INTO `mcc_region` VALUES ('2785', '0', '2778', '2', '520624', '思南县');
INSERT INTO `mcc_region` VALUES ('2786', '0', '2778', '2', '520625', '印江土家族苗族自治县');
INSERT INTO `mcc_region` VALUES ('2787', '0', '2778', '2', '520626', '德江县');
INSERT INTO `mcc_region` VALUES ('2788', '0', '2778', '2', '520627', '沿河土家族自治县');
INSERT INTO `mcc_region` VALUES ('2789', '0', '2778', '2', '520628', '松桃苗族自治县');
INSERT INTO `mcc_region` VALUES ('2790', '0', '2726', '1', '522300', '黔西南布依族苗族自治州');
INSERT INTO `mcc_region` VALUES ('2791', '0', '2790', '2', '522301', '兴义市');
INSERT INTO `mcc_region` VALUES ('2792', '0', '2790', '2', '522322', '兴仁县');
INSERT INTO `mcc_region` VALUES ('2793', '0', '2790', '2', '522323', '普安县');
INSERT INTO `mcc_region` VALUES ('2794', '0', '2790', '2', '522324', '晴隆县');
INSERT INTO `mcc_region` VALUES ('2795', '0', '2790', '2', '522325', '贞丰县');
INSERT INTO `mcc_region` VALUES ('2796', '0', '2790', '2', '522326', '望谟县');
INSERT INTO `mcc_region` VALUES ('2797', '0', '2790', '2', '522327', '册亨县');
INSERT INTO `mcc_region` VALUES ('2798', '0', '2790', '2', '522328', '安龙县');
INSERT INTO `mcc_region` VALUES ('2799', '0', '2726', '1', '522600', '黔东南苗族侗族自治州');
INSERT INTO `mcc_region` VALUES ('2800', '0', '2799', '2', '522601', '凯里市');
INSERT INTO `mcc_region` VALUES ('2801', '0', '2799', '2', '522622', '黄平县');
INSERT INTO `mcc_region` VALUES ('2802', '0', '2799', '2', '522623', '施秉县');
INSERT INTO `mcc_region` VALUES ('2803', '0', '2799', '2', '522624', '三穗县');
INSERT INTO `mcc_region` VALUES ('2804', '0', '2799', '2', '522625', '镇远县');
INSERT INTO `mcc_region` VALUES ('2805', '0', '2799', '2', '522626', '岑巩县');
INSERT INTO `mcc_region` VALUES ('2806', '0', '2799', '2', '522627', '天柱县');
INSERT INTO `mcc_region` VALUES ('2807', '0', '2799', '2', '522628', '锦屏县');
INSERT INTO `mcc_region` VALUES ('2808', '0', '2799', '2', '522629', '剑河县');
INSERT INTO `mcc_region` VALUES ('2809', '0', '2799', '2', '522630', '台江县');
INSERT INTO `mcc_region` VALUES ('2810', '0', '2799', '2', '522631', '黎平县');
INSERT INTO `mcc_region` VALUES ('2811', '0', '2799', '2', '522632', '榕江县');
INSERT INTO `mcc_region` VALUES ('2812', '0', '2799', '2', '522633', '从江县');
INSERT INTO `mcc_region` VALUES ('2813', '0', '2799', '2', '522634', '雷山县');
INSERT INTO `mcc_region` VALUES ('2814', '0', '2799', '2', '522635', '麻江县');
INSERT INTO `mcc_region` VALUES ('2815', '0', '2799', '2', '522636', '丹寨县');
INSERT INTO `mcc_region` VALUES ('2816', '0', '2726', '1', '522700', '黔南布依族苗族自治州');
INSERT INTO `mcc_region` VALUES ('2817', '0', '2816', '2', '522701', '都匀市');
INSERT INTO `mcc_region` VALUES ('2818', '0', '2816', '2', '522702', '福泉市');
INSERT INTO `mcc_region` VALUES ('2819', '0', '2816', '2', '522722', '荔波县');
INSERT INTO `mcc_region` VALUES ('2820', '0', '2816', '2', '522723', '贵定县');
INSERT INTO `mcc_region` VALUES ('2821', '0', '2816', '2', '522725', '瓮安县');
INSERT INTO `mcc_region` VALUES ('2822', '0', '2816', '2', '522726', '独山县');
INSERT INTO `mcc_region` VALUES ('2823', '0', '2816', '2', '522727', '平塘县');
INSERT INTO `mcc_region` VALUES ('2824', '0', '2816', '2', '522728', '罗甸县');
INSERT INTO `mcc_region` VALUES ('2825', '0', '2816', '2', '522729', '长顺县');
INSERT INTO `mcc_region` VALUES ('2826', '0', '2816', '2', '522730', '龙里县');
INSERT INTO `mcc_region` VALUES ('2827', '0', '2816', '2', '522731', '惠水县');
INSERT INTO `mcc_region` VALUES ('2828', '0', '2816', '2', '522732', '三都水族自治县');
INSERT INTO `mcc_region` VALUES ('2829', '713', '0', '0', '530000', '云南省');
INSERT INTO `mcc_region` VALUES ('2830', '0', '2829', '1', '530100', '昆明市');
INSERT INTO `mcc_region` VALUES ('2831', '0', '2830', '2', '530101', '市辖区');
INSERT INTO `mcc_region` VALUES ('2832', '0', '2830', '2', '530102', '五华区');
INSERT INTO `mcc_region` VALUES ('2833', '0', '2830', '2', '530103', '盘龙区');
INSERT INTO `mcc_region` VALUES ('2834', '0', '2830', '2', '530111', '官渡区');
INSERT INTO `mcc_region` VALUES ('2835', '0', '2830', '2', '530112', '西山区');
INSERT INTO `mcc_region` VALUES ('2836', '0', '2830', '2', '530113', '东川区');
INSERT INTO `mcc_region` VALUES ('2837', '0', '2830', '2', '530114', '呈贡区');
INSERT INTO `mcc_region` VALUES ('2838', '0', '2830', '2', '530122', '晋宁县');
INSERT INTO `mcc_region` VALUES ('2839', '0', '2830', '2', '530124', '富民县');
INSERT INTO `mcc_region` VALUES ('2840', '0', '2830', '2', '530125', '宜良县');
INSERT INTO `mcc_region` VALUES ('2841', '0', '2830', '2', '530126', '石林彝族自治县');
INSERT INTO `mcc_region` VALUES ('2842', '0', '2830', '2', '530127', '嵩明县');
INSERT INTO `mcc_region` VALUES ('2843', '0', '2830', '2', '530128', '禄劝彝族苗族自治县');
INSERT INTO `mcc_region` VALUES ('2844', '0', '2830', '2', '530129', '寻甸回族彝族自治县');
INSERT INTO `mcc_region` VALUES ('2845', '0', '2830', '2', '530181', '安宁市');
INSERT INTO `mcc_region` VALUES ('2846', '0', '2829', '1', '530300', '曲靖市');
INSERT INTO `mcc_region` VALUES ('2847', '0', '2846', '2', '530301', '市辖区');
INSERT INTO `mcc_region` VALUES ('2848', '0', '2846', '2', '530302', '麒麟区');
INSERT INTO `mcc_region` VALUES ('2849', '0', '2846', '2', '530321', '马龙县');
INSERT INTO `mcc_region` VALUES ('2850', '0', '2846', '2', '530322', '陆良县');
INSERT INTO `mcc_region` VALUES ('2851', '0', '2846', '2', '530323', '师宗县');
INSERT INTO `mcc_region` VALUES ('2852', '0', '2846', '2', '530324', '罗平县');
INSERT INTO `mcc_region` VALUES ('2853', '0', '2846', '2', '530325', '富源县');
INSERT INTO `mcc_region` VALUES ('2854', '0', '2846', '2', '530326', '会泽县');
INSERT INTO `mcc_region` VALUES ('2855', '0', '2846', '2', '530328', '沾益县');
INSERT INTO `mcc_region` VALUES ('2856', '0', '2846', '2', '530381', '宣威市');
INSERT INTO `mcc_region` VALUES ('2857', '0', '2829', '1', '530400', '玉溪市');
INSERT INTO `mcc_region` VALUES ('2858', '0', '2857', '2', '530401', '市辖区');
INSERT INTO `mcc_region` VALUES ('2859', '0', '2857', '2', '530402', '红塔区');
INSERT INTO `mcc_region` VALUES ('2860', '0', '2857', '2', '530421', '江川县');
INSERT INTO `mcc_region` VALUES ('2861', '0', '2857', '2', '530422', '澄江县');
INSERT INTO `mcc_region` VALUES ('2862', '0', '2857', '2', '530423', '通海县');
INSERT INTO `mcc_region` VALUES ('2863', '0', '2857', '2', '530424', '华宁县');
INSERT INTO `mcc_region` VALUES ('2864', '0', '2857', '2', '530425', '易门县');
INSERT INTO `mcc_region` VALUES ('2865', '0', '2857', '2', '530426', '峨山彝族自治县');
INSERT INTO `mcc_region` VALUES ('2866', '0', '2857', '2', '530427', '新平彝族傣族自治县');
INSERT INTO `mcc_region` VALUES ('2867', '0', '2857', '2', '530428', '元江哈尼族彝族傣族自治县');
INSERT INTO `mcc_region` VALUES ('2868', '0', '2829', '1', '530500', '保山市');
INSERT INTO `mcc_region` VALUES ('2869', '0', '2868', '2', '530501', '市辖区');
INSERT INTO `mcc_region` VALUES ('2870', '0', '2868', '2', '530502', '隆阳区');
INSERT INTO `mcc_region` VALUES ('2871', '0', '2868', '2', '530521', '施甸县');
INSERT INTO `mcc_region` VALUES ('2872', '0', '2868', '2', '530522', '腾冲县');
INSERT INTO `mcc_region` VALUES ('2873', '0', '2868', '2', '530523', '龙陵县');
INSERT INTO `mcc_region` VALUES ('2874', '0', '2868', '2', '530524', '昌宁县');
INSERT INTO `mcc_region` VALUES ('2875', '0', '2829', '1', '530600', '昭通市');
INSERT INTO `mcc_region` VALUES ('2876', '0', '2875', '2', '530601', '市辖区');
INSERT INTO `mcc_region` VALUES ('2877', '0', '2875', '2', '530602', '昭阳区');
INSERT INTO `mcc_region` VALUES ('2878', '0', '2875', '2', '530621', '鲁甸县');
INSERT INTO `mcc_region` VALUES ('2879', '0', '2875', '2', '530622', '巧家县');
INSERT INTO `mcc_region` VALUES ('2880', '0', '2875', '2', '530623', '盐津县');
INSERT INTO `mcc_region` VALUES ('2881', '0', '2875', '2', '530624', '大关县');
INSERT INTO `mcc_region` VALUES ('2882', '0', '2875', '2', '530625', '永善县');
INSERT INTO `mcc_region` VALUES ('2883', '0', '2875', '2', '530626', '绥江县');
INSERT INTO `mcc_region` VALUES ('2884', '0', '2875', '2', '530627', '镇雄县');
INSERT INTO `mcc_region` VALUES ('2885', '0', '2875', '2', '530628', '彝良县');
INSERT INTO `mcc_region` VALUES ('2886', '0', '2875', '2', '530629', '威信县');
INSERT INTO `mcc_region` VALUES ('2887', '0', '2875', '2', '530630', '水富县');
INSERT INTO `mcc_region` VALUES ('2888', '0', '2829', '1', '530700', '丽江市');
INSERT INTO `mcc_region` VALUES ('2889', '0', '2888', '2', '530701', '市辖区');
INSERT INTO `mcc_region` VALUES ('2890', '0', '2888', '2', '530702', '古城区');
INSERT INTO `mcc_region` VALUES ('2891', '0', '2888', '2', '530721', '玉龙纳西族自治县');
INSERT INTO `mcc_region` VALUES ('2892', '0', '2888', '2', '530722', '永胜县');
INSERT INTO `mcc_region` VALUES ('2893', '0', '2888', '2', '530723', '华坪县');
INSERT INTO `mcc_region` VALUES ('2894', '0', '2888', '2', '530724', '宁蒗彝族自治县');
INSERT INTO `mcc_region` VALUES ('2895', '0', '2829', '1', '530800', '普洱市');
INSERT INTO `mcc_region` VALUES ('2896', '0', '2895', '2', '530801', '市辖区');
INSERT INTO `mcc_region` VALUES ('2897', '0', '2895', '2', '530802', '思茅区');
INSERT INTO `mcc_region` VALUES ('2898', '0', '2895', '2', '530821', '宁洱哈尼族彝族自治县');
INSERT INTO `mcc_region` VALUES ('2899', '0', '2895', '2', '530822', '墨江哈尼族自治县');
INSERT INTO `mcc_region` VALUES ('2900', '0', '2895', '2', '530823', '景东彝族自治县');
INSERT INTO `mcc_region` VALUES ('2901', '0', '2895', '2', '530824', '景谷傣族彝族自治县');
INSERT INTO `mcc_region` VALUES ('2902', '0', '2895', '2', '530825', '镇沅彝族哈尼族拉祜族自治县');
INSERT INTO `mcc_region` VALUES ('2903', '0', '2895', '2', '530826', '江城哈尼族彝族自治县');
INSERT INTO `mcc_region` VALUES ('2904', '0', '2895', '2', '530827', '孟连傣族拉祜族佤族自治县');
INSERT INTO `mcc_region` VALUES ('2905', '0', '2895', '2', '530828', '澜沧拉祜族自治县');
INSERT INTO `mcc_region` VALUES ('2906', '0', '2895', '2', '530829', '西盟佤族自治县');
INSERT INTO `mcc_region` VALUES ('2907', '0', '2829', '1', '530900', '临沧市');
INSERT INTO `mcc_region` VALUES ('2908', '0', '2907', '2', '530901', '市辖区');
INSERT INTO `mcc_region` VALUES ('2909', '0', '2907', '2', '530902', '临翔区');
INSERT INTO `mcc_region` VALUES ('2910', '0', '2907', '2', '530921', '凤庆县');
INSERT INTO `mcc_region` VALUES ('2911', '0', '2907', '2', '530922', '云县');
INSERT INTO `mcc_region` VALUES ('2912', '0', '2907', '2', '530923', '永德县');
INSERT INTO `mcc_region` VALUES ('2913', '0', '2907', '2', '530924', '镇康县');
INSERT INTO `mcc_region` VALUES ('2914', '0', '2907', '2', '530925', '双江拉祜族佤族布朗族傣族自治县');
INSERT INTO `mcc_region` VALUES ('2915', '0', '2907', '2', '530926', '耿马傣族佤族自治县');
INSERT INTO `mcc_region` VALUES ('2916', '0', '2907', '2', '530927', '沧源佤族自治县');
INSERT INTO `mcc_region` VALUES ('2917', '0', '2829', '1', '532300', '楚雄彝族自治州');
INSERT INTO `mcc_region` VALUES ('2918', '0', '2917', '2', '532301', '楚雄市');
INSERT INTO `mcc_region` VALUES ('2919', '0', '2917', '2', '532322', '双柏县');
INSERT INTO `mcc_region` VALUES ('2920', '0', '2917', '2', '532323', '牟定县');
INSERT INTO `mcc_region` VALUES ('2921', '0', '2917', '2', '532324', '南华县');
INSERT INTO `mcc_region` VALUES ('2922', '0', '2917', '2', '532325', '姚安县');
INSERT INTO `mcc_region` VALUES ('2923', '0', '2917', '2', '532326', '大姚县');
INSERT INTO `mcc_region` VALUES ('2924', '0', '2917', '2', '532327', '永仁县');
INSERT INTO `mcc_region` VALUES ('2925', '0', '2917', '2', '532328', '元谋县');
INSERT INTO `mcc_region` VALUES ('2926', '0', '2917', '2', '532329', '武定县');
INSERT INTO `mcc_region` VALUES ('2927', '0', '2917', '2', '532331', '禄丰县');
INSERT INTO `mcc_region` VALUES ('2928', '0', '2829', '1', '532500', '红河哈尼族彝族自治州');
INSERT INTO `mcc_region` VALUES ('2929', '0', '2928', '2', '532501', '个旧市');
INSERT INTO `mcc_region` VALUES ('2930', '0', '2928', '2', '532502', '开远市');
INSERT INTO `mcc_region` VALUES ('2931', '0', '2928', '2', '532503', '蒙自市');
INSERT INTO `mcc_region` VALUES ('2932', '0', '2928', '2', '532504', '弥勒市');
INSERT INTO `mcc_region` VALUES ('2933', '0', '2928', '2', '532523', '屏边苗族自治县');
INSERT INTO `mcc_region` VALUES ('2934', '0', '2928', '2', '532524', '建水县');
INSERT INTO `mcc_region` VALUES ('2935', '0', '2928', '2', '532525', '石屏县');
INSERT INTO `mcc_region` VALUES ('2936', '0', '2928', '2', '532527', '泸西县');
INSERT INTO `mcc_region` VALUES ('2937', '0', '2928', '2', '532528', '元阳县');
INSERT INTO `mcc_region` VALUES ('2938', '0', '2928', '2', '532529', '红河县');
INSERT INTO `mcc_region` VALUES ('2939', '0', '2928', '2', '532530', '金平苗族瑶族傣族自治县');
INSERT INTO `mcc_region` VALUES ('2940', '0', '2928', '2', '532531', '绿春县');
INSERT INTO `mcc_region` VALUES ('2941', '0', '2928', '2', '532532', '河口瑶族自治县');
INSERT INTO `mcc_region` VALUES ('2942', '0', '2829', '1', '532600', '文山壮族苗族自治州');
INSERT INTO `mcc_region` VALUES ('2943', '0', '2942', '2', '532601', '文山市');
INSERT INTO `mcc_region` VALUES ('2944', '0', '2942', '2', '532622', '砚山县');
INSERT INTO `mcc_region` VALUES ('2945', '0', '2942', '2', '532623', '西畴县');
INSERT INTO `mcc_region` VALUES ('2946', '0', '2942', '2', '532624', '麻栗坡县');
INSERT INTO `mcc_region` VALUES ('2947', '0', '2942', '2', '532625', '马关县');
INSERT INTO `mcc_region` VALUES ('2948', '0', '2942', '2', '532626', '丘北县');
INSERT INTO `mcc_region` VALUES ('2949', '0', '2942', '2', '532627', '广南县');
INSERT INTO `mcc_region` VALUES ('2950', '0', '2942', '2', '532628', '富宁县');
INSERT INTO `mcc_region` VALUES ('2951', '0', '2829', '1', '532800', '西双版纳傣族自治州');
INSERT INTO `mcc_region` VALUES ('2952', '0', '2951', '2', '532801', '景洪市');
INSERT INTO `mcc_region` VALUES ('2953', '0', '2951', '2', '532822', '勐海县');
INSERT INTO `mcc_region` VALUES ('2954', '0', '2951', '2', '532823', '勐腊县');
INSERT INTO `mcc_region` VALUES ('2955', '0', '2829', '1', '532900', '大理白族自治州');
INSERT INTO `mcc_region` VALUES ('2956', '0', '2955', '2', '532901', '大理市');
INSERT INTO `mcc_region` VALUES ('2957', '0', '2955', '2', '532922', '漾濞彝族自治县');
INSERT INTO `mcc_region` VALUES ('2958', '0', '2955', '2', '532923', '祥云县');
INSERT INTO `mcc_region` VALUES ('2959', '0', '2955', '2', '532924', '宾川县');
INSERT INTO `mcc_region` VALUES ('2960', '0', '2955', '2', '532925', '弥渡县');
INSERT INTO `mcc_region` VALUES ('2961', '0', '2955', '2', '532926', '南涧彝族自治县');
INSERT INTO `mcc_region` VALUES ('2962', '0', '2955', '2', '532927', '巍山彝族回族自治县');
INSERT INTO `mcc_region` VALUES ('2963', '0', '2955', '2', '532928', '永平县');
INSERT INTO `mcc_region` VALUES ('2964', '0', '2955', '2', '532929', '云龙县');
INSERT INTO `mcc_region` VALUES ('2965', '0', '2955', '2', '532930', '洱源县');
INSERT INTO `mcc_region` VALUES ('2966', '0', '2955', '2', '532931', '剑川县');
INSERT INTO `mcc_region` VALUES ('2967', '0', '2955', '2', '532932', '鹤庆县');
INSERT INTO `mcc_region` VALUES ('2968', '0', '2829', '1', '533100', '德宏傣族景颇族自治州');
INSERT INTO `mcc_region` VALUES ('2969', '0', '2968', '2', '533102', '瑞丽市');
INSERT INTO `mcc_region` VALUES ('2970', '0', '2968', '2', '533103', '芒市');
INSERT INTO `mcc_region` VALUES ('2971', '0', '2968', '2', '533122', '梁河县');
INSERT INTO `mcc_region` VALUES ('2972', '0', '2968', '2', '533123', '盈江县');
INSERT INTO `mcc_region` VALUES ('2973', '0', '2968', '2', '533124', '陇川县');
INSERT INTO `mcc_region` VALUES ('2974', '0', '2829', '1', '533300', '怒江傈僳族自治州');
INSERT INTO `mcc_region` VALUES ('2975', '0', '2974', '2', '533321', '泸水县');
INSERT INTO `mcc_region` VALUES ('2976', '0', '2974', '2', '533323', '福贡县');
INSERT INTO `mcc_region` VALUES ('2977', '0', '2974', '2', '533324', '贡山独龙族怒族自治县');
INSERT INTO `mcc_region` VALUES ('2978', '0', '2974', '2', '533325', '兰坪白族普米族自治县');
INSERT INTO `mcc_region` VALUES ('2979', '0', '2829', '1', '533400', '迪庆藏族自治州');
INSERT INTO `mcc_region` VALUES ('2980', '0', '2979', '2', '533421', '香格里拉县');
INSERT INTO `mcc_region` VALUES ('2981', '0', '2979', '2', '533422', '德钦县');
INSERT INTO `mcc_region` VALUES ('2982', '0', '2979', '2', '533423', '维西傈僳族自治县');
INSERT INTO `mcc_region` VALUES ('2983', '4225', '0', '0', '540000', '西藏自治区');
INSERT INTO `mcc_region` VALUES ('2984', '0', '2983', '1', '540100', '拉萨市');
INSERT INTO `mcc_region` VALUES ('2985', '0', '2984', '2', '540101', '市辖区');
INSERT INTO `mcc_region` VALUES ('2986', '0', '2984', '2', '540102', '城关区');
INSERT INTO `mcc_region` VALUES ('2987', '0', '2984', '2', '540121', '林周县');
INSERT INTO `mcc_region` VALUES ('2988', '0', '2984', '2', '540122', '当雄县');
INSERT INTO `mcc_region` VALUES ('2989', '0', '2984', '2', '540123', '尼木县');
INSERT INTO `mcc_region` VALUES ('2990', '0', '2984', '2', '540124', '曲水县');
INSERT INTO `mcc_region` VALUES ('2991', '0', '2984', '2', '540125', '堆龙德庆县');
INSERT INTO `mcc_region` VALUES ('2992', '0', '2984', '2', '540126', '达孜县');
INSERT INTO `mcc_region` VALUES ('2993', '0', '2984', '2', '540127', '墨竹工卡县');
INSERT INTO `mcc_region` VALUES ('2994', '0', '2983', '1', '540200', '日喀则市');
INSERT INTO `mcc_region` VALUES ('2995', '0', '2994', '2', '540202', '桑珠孜区');
INSERT INTO `mcc_region` VALUES ('2996', '0', '2994', '2', '540221', '南木林县');
INSERT INTO `mcc_region` VALUES ('2997', '0', '2994', '2', '540222', '江孜县');
INSERT INTO `mcc_region` VALUES ('2998', '0', '2994', '2', '540223', '定日县');
INSERT INTO `mcc_region` VALUES ('2999', '0', '2994', '2', '540224', '萨迦县');
INSERT INTO `mcc_region` VALUES ('3000', '0', '2994', '2', '540225', '拉孜县');
INSERT INTO `mcc_region` VALUES ('3001', '0', '2994', '2', '540226', '昂仁县');
INSERT INTO `mcc_region` VALUES ('3002', '0', '2994', '2', '540227', '谢通门县');
INSERT INTO `mcc_region` VALUES ('3003', '0', '2994', '2', '540228', '白朗县');
INSERT INTO `mcc_region` VALUES ('3004', '0', '2994', '2', '540229', '仁布县');
INSERT INTO `mcc_region` VALUES ('3005', '0', '2994', '2', '540230', '康马县');
INSERT INTO `mcc_region` VALUES ('3006', '0', '2994', '2', '540231', '定结县');
INSERT INTO `mcc_region` VALUES ('3007', '0', '2994', '2', '540232', '仲巴县');
INSERT INTO `mcc_region` VALUES ('3008', '0', '2994', '2', '540233', '亚东县');
INSERT INTO `mcc_region` VALUES ('3009', '0', '2994', '2', '540234', '吉隆县');
INSERT INTO `mcc_region` VALUES ('3010', '0', '2994', '2', '540235', '聂拉木县');
INSERT INTO `mcc_region` VALUES ('3011', '0', '2994', '2', '540236', '萨嘎县');
INSERT INTO `mcc_region` VALUES ('3012', '0', '2994', '2', '540237', '岗巴县');
INSERT INTO `mcc_region` VALUES ('3013', '0', '2983', '1', '542100', '昌都地区');
INSERT INTO `mcc_region` VALUES ('3014', '0', '3013', '2', '542121', '昌都县');
INSERT INTO `mcc_region` VALUES ('3015', '0', '3013', '2', '542122', '江达县');
INSERT INTO `mcc_region` VALUES ('3016', '0', '3013', '2', '542123', '贡觉县');
INSERT INTO `mcc_region` VALUES ('3017', '0', '3013', '2', '542124', '类乌齐县');
INSERT INTO `mcc_region` VALUES ('3018', '0', '3013', '2', '542125', '丁青县');
INSERT INTO `mcc_region` VALUES ('3019', '0', '3013', '2', '542126', '察雅县');
INSERT INTO `mcc_region` VALUES ('3020', '0', '3013', '2', '542127', '八宿县');
INSERT INTO `mcc_region` VALUES ('3021', '0', '3013', '2', '542128', '左贡县');
INSERT INTO `mcc_region` VALUES ('3022', '0', '3013', '2', '542129', '芒康县');
INSERT INTO `mcc_region` VALUES ('3023', '0', '3013', '2', '542132', '洛隆县');
INSERT INTO `mcc_region` VALUES ('3024', '0', '3013', '2', '542133', '边坝县');
INSERT INTO `mcc_region` VALUES ('3025', '0', '2983', '1', '542200', '山南地区');
INSERT INTO `mcc_region` VALUES ('3026', '0', '3025', '2', '542221', '乃东县');
INSERT INTO `mcc_region` VALUES ('3027', '0', '3025', '2', '542222', '扎囊县');
INSERT INTO `mcc_region` VALUES ('3028', '0', '3025', '2', '542223', '贡嘎县');
INSERT INTO `mcc_region` VALUES ('3029', '0', '3025', '2', '542224', '桑日县');
INSERT INTO `mcc_region` VALUES ('3030', '0', '3025', '2', '542225', '琼结县');
INSERT INTO `mcc_region` VALUES ('3031', '0', '3025', '2', '542226', '曲松县');
INSERT INTO `mcc_region` VALUES ('3032', '0', '3025', '2', '542227', '措美县');
INSERT INTO `mcc_region` VALUES ('3033', '0', '3025', '2', '542228', '洛扎县');
INSERT INTO `mcc_region` VALUES ('3034', '0', '3025', '2', '542229', '加查县');
INSERT INTO `mcc_region` VALUES ('3035', '0', '3025', '2', '542231', '隆子县');
INSERT INTO `mcc_region` VALUES ('3036', '0', '3025', '2', '542232', '错那县');
INSERT INTO `mcc_region` VALUES ('3037', '0', '3025', '2', '542233', '浪卡子县');
INSERT INTO `mcc_region` VALUES ('3038', '0', '2983', '1', '542400', '那曲地区');
INSERT INTO `mcc_region` VALUES ('3039', '0', '3038', '2', '542421', '那曲县');
INSERT INTO `mcc_region` VALUES ('3040', '0', '3038', '2', '542422', '嘉黎县');
INSERT INTO `mcc_region` VALUES ('3041', '0', '3038', '2', '542423', '比如县');
INSERT INTO `mcc_region` VALUES ('3042', '0', '3038', '2', '542424', '聂荣县');
INSERT INTO `mcc_region` VALUES ('3043', '0', '3038', '2', '542425', '安多县');
INSERT INTO `mcc_region` VALUES ('3044', '0', '3038', '2', '542426', '申扎县');
INSERT INTO `mcc_region` VALUES ('3045', '0', '3038', '2', '542427', '索县');
INSERT INTO `mcc_region` VALUES ('3046', '0', '3038', '2', '542428', '班戈县');
INSERT INTO `mcc_region` VALUES ('3047', '0', '3038', '2', '542429', '巴青县');
INSERT INTO `mcc_region` VALUES ('3048', '0', '3038', '2', '542430', '尼玛县');
INSERT INTO `mcc_region` VALUES ('3049', '0', '3038', '2', '542431', '双湖县');
INSERT INTO `mcc_region` VALUES ('3050', '0', '2983', '1', '542500', '阿里地区');
INSERT INTO `mcc_region` VALUES ('3051', '0', '3050', '2', '542521', '普兰县');
INSERT INTO `mcc_region` VALUES ('3052', '0', '3050', '2', '542522', '札达县');
INSERT INTO `mcc_region` VALUES ('3053', '0', '3050', '2', '542523', '噶尔县');
INSERT INTO `mcc_region` VALUES ('3054', '0', '3050', '2', '542524', '日土县');
INSERT INTO `mcc_region` VALUES ('3055', '0', '3050', '2', '542525', '革吉县');
INSERT INTO `mcc_region` VALUES ('3056', '0', '3050', '2', '542526', '改则县');
INSERT INTO `mcc_region` VALUES ('3057', '0', '3050', '2', '542527', '措勤县');
INSERT INTO `mcc_region` VALUES ('3058', '0', '2983', '1', '542600', '林芝地区');
INSERT INTO `mcc_region` VALUES ('3059', '0', '3058', '2', '542621', '林芝县');
INSERT INTO `mcc_region` VALUES ('3060', '0', '3058', '2', '542622', '工布江达县');
INSERT INTO `mcc_region` VALUES ('3061', '0', '3058', '2', '542623', '米林县');
INSERT INTO `mcc_region` VALUES ('3062', '0', '3058', '2', '542624', '墨脱县');
INSERT INTO `mcc_region` VALUES ('3063', '0', '3058', '2', '542625', '波密县');
INSERT INTO `mcc_region` VALUES ('3064', '0', '3058', '2', '542626', '察隅县');
INSERT INTO `mcc_region` VALUES ('3065', '0', '3058', '2', '542627', '朗县');
INSERT INTO `mcc_region` VALUES ('3066', '706', '0', '0', '610000', '陕西省');
INSERT INTO `mcc_region` VALUES ('3067', '0', '3066', '1', '610100', '西安市');
INSERT INTO `mcc_region` VALUES ('3068', '0', '3067', '2', '610101', '市辖区');
INSERT INTO `mcc_region` VALUES ('3069', '0', '3067', '2', '610102', '新城区');
INSERT INTO `mcc_region` VALUES ('3070', '0', '3067', '2', '610103', '碑林区');
INSERT INTO `mcc_region` VALUES ('3071', '0', '3067', '2', '610104', '莲湖区');
INSERT INTO `mcc_region` VALUES ('3072', '0', '3067', '2', '610111', '灞桥区');
INSERT INTO `mcc_region` VALUES ('3073', '0', '3067', '2', '610112', '未央区');
INSERT INTO `mcc_region` VALUES ('3074', '0', '3067', '2', '610113', '雁塔区');
INSERT INTO `mcc_region` VALUES ('3075', '0', '3067', '2', '610114', '阎良区');
INSERT INTO `mcc_region` VALUES ('3076', '0', '3067', '2', '610115', '临潼区');
INSERT INTO `mcc_region` VALUES ('3077', '0', '3067', '2', '610116', '长安区');
INSERT INTO `mcc_region` VALUES ('3078', '0', '3067', '2', '610122', '蓝田县');
INSERT INTO `mcc_region` VALUES ('3079', '0', '3067', '2', '610124', '周至县');
INSERT INTO `mcc_region` VALUES ('3080', '0', '3067', '2', '610125', '户县');
INSERT INTO `mcc_region` VALUES ('3081', '0', '3067', '2', '610126', '高陵县');
INSERT INTO `mcc_region` VALUES ('3082', '0', '3066', '1', '610200', '铜川市');
INSERT INTO `mcc_region` VALUES ('3083', '0', '3082', '2', '610201', '市辖区');
INSERT INTO `mcc_region` VALUES ('3084', '0', '3082', '2', '610202', '王益区');
INSERT INTO `mcc_region` VALUES ('3085', '0', '3082', '2', '610203', '印台区');
INSERT INTO `mcc_region` VALUES ('3086', '0', '3082', '2', '610204', '耀州区');
INSERT INTO `mcc_region` VALUES ('3087', '0', '3082', '2', '610222', '宜君县');
INSERT INTO `mcc_region` VALUES ('3088', '0', '3066', '1', '610300', '宝鸡市');
INSERT INTO `mcc_region` VALUES ('3089', '0', '3088', '2', '610301', '市辖区');
INSERT INTO `mcc_region` VALUES ('3090', '0', '3088', '2', '610302', '渭滨区');
INSERT INTO `mcc_region` VALUES ('3091', '0', '3088', '2', '610303', '金台区');
INSERT INTO `mcc_region` VALUES ('3092', '0', '3088', '2', '610304', '陈仓区');
INSERT INTO `mcc_region` VALUES ('3093', '0', '3088', '2', '610322', '凤翔县');
INSERT INTO `mcc_region` VALUES ('3094', '0', '3088', '2', '610323', '岐山县');
INSERT INTO `mcc_region` VALUES ('3095', '0', '3088', '2', '610324', '扶风县');
INSERT INTO `mcc_region` VALUES ('3096', '0', '3088', '2', '610326', '眉县');
INSERT INTO `mcc_region` VALUES ('3097', '0', '3088', '2', '610327', '陇县');
INSERT INTO `mcc_region` VALUES ('3098', '0', '3088', '2', '610328', '千阳县');
INSERT INTO `mcc_region` VALUES ('3099', '0', '3088', '2', '610329', '麟游县');
INSERT INTO `mcc_region` VALUES ('3100', '0', '3088', '2', '610330', '凤县');
INSERT INTO `mcc_region` VALUES ('3101', '0', '3088', '2', '610331', '太白县');
INSERT INTO `mcc_region` VALUES ('3102', '0', '3066', '1', '610400', '咸阳市');
INSERT INTO `mcc_region` VALUES ('3103', '0', '3102', '2', '610401', '市辖区');
INSERT INTO `mcc_region` VALUES ('3104', '0', '3102', '2', '610402', '秦都区');
INSERT INTO `mcc_region` VALUES ('3105', '0', '3102', '2', '610403', '杨陵区');
INSERT INTO `mcc_region` VALUES ('3106', '0', '3102', '2', '610404', '渭城区');
INSERT INTO `mcc_region` VALUES ('3107', '0', '3102', '2', '610422', '三原县');
INSERT INTO `mcc_region` VALUES ('3108', '0', '3102', '2', '610423', '泾阳县');
INSERT INTO `mcc_region` VALUES ('3109', '0', '3102', '2', '610424', '乾县');
INSERT INTO `mcc_region` VALUES ('3110', '0', '3102', '2', '610425', '礼泉县');
INSERT INTO `mcc_region` VALUES ('3111', '0', '3102', '2', '610426', '永寿县');
INSERT INTO `mcc_region` VALUES ('3112', '0', '3102', '2', '610427', '彬县');
INSERT INTO `mcc_region` VALUES ('3113', '0', '3102', '2', '610428', '长武县');
INSERT INTO `mcc_region` VALUES ('3114', '0', '3102', '2', '610429', '旬邑县');
INSERT INTO `mcc_region` VALUES ('3115', '0', '3102', '2', '610430', '淳化县');
INSERT INTO `mcc_region` VALUES ('3116', '0', '3102', '2', '610431', '武功县');
INSERT INTO `mcc_region` VALUES ('3117', '0', '3102', '2', '610481', '兴平市');
INSERT INTO `mcc_region` VALUES ('3118', '0', '3066', '1', '610500', '渭南市');
INSERT INTO `mcc_region` VALUES ('3119', '0', '3118', '2', '610501', '市辖区');
INSERT INTO `mcc_region` VALUES ('3120', '0', '3118', '2', '610502', '临渭区');
INSERT INTO `mcc_region` VALUES ('3121', '0', '3118', '2', '610521', '华县');
INSERT INTO `mcc_region` VALUES ('3122', '0', '3118', '2', '610522', '潼关县');
INSERT INTO `mcc_region` VALUES ('3123', '0', '3118', '2', '610523', '大荔县');
INSERT INTO `mcc_region` VALUES ('3124', '0', '3118', '2', '610524', '合阳县');
INSERT INTO `mcc_region` VALUES ('3125', '0', '3118', '2', '610525', '澄城县');
INSERT INTO `mcc_region` VALUES ('3126', '0', '3118', '2', '610526', '蒲城县');
INSERT INTO `mcc_region` VALUES ('3127', '0', '3118', '2', '610527', '白水县');
INSERT INTO `mcc_region` VALUES ('3128', '0', '3118', '2', '610528', '富平县');
INSERT INTO `mcc_region` VALUES ('3129', '0', '3118', '2', '610581', '韩城市');
INSERT INTO `mcc_region` VALUES ('3130', '0', '3118', '2', '610582', '华阴市');
INSERT INTO `mcc_region` VALUES ('3131', '0', '3066', '1', '610600', '延安市');
INSERT INTO `mcc_region` VALUES ('3132', '0', '3131', '2', '610601', '市辖区');
INSERT INTO `mcc_region` VALUES ('3133', '0', '3131', '2', '610602', '宝塔区');
INSERT INTO `mcc_region` VALUES ('3134', '0', '3131', '2', '610621', '延长县');
INSERT INTO `mcc_region` VALUES ('3135', '0', '3131', '2', '610622', '延川县');
INSERT INTO `mcc_region` VALUES ('3136', '0', '3131', '2', '610623', '子长县');
INSERT INTO `mcc_region` VALUES ('3137', '0', '3131', '2', '610624', '安塞县');
INSERT INTO `mcc_region` VALUES ('3138', '0', '3131', '2', '610625', '志丹县');
INSERT INTO `mcc_region` VALUES ('3139', '0', '3131', '2', '610626', '吴起县');
INSERT INTO `mcc_region` VALUES ('3140', '0', '3131', '2', '610627', '甘泉县');
INSERT INTO `mcc_region` VALUES ('3141', '0', '3131', '2', '610628', '富县');
INSERT INTO `mcc_region` VALUES ('3142', '0', '3131', '2', '610629', '洛川县');
INSERT INTO `mcc_region` VALUES ('3143', '0', '3131', '2', '610630', '宜川县');
INSERT INTO `mcc_region` VALUES ('3144', '0', '3131', '2', '610631', '黄龙县');
INSERT INTO `mcc_region` VALUES ('3145', '0', '3131', '2', '610632', '黄陵县');
INSERT INTO `mcc_region` VALUES ('3146', '0', '3066', '1', '610700', '汉中市');
INSERT INTO `mcc_region` VALUES ('3147', '0', '3146', '2', '610701', '市辖区');
INSERT INTO `mcc_region` VALUES ('3148', '0', '3146', '2', '610702', '汉台区');
INSERT INTO `mcc_region` VALUES ('3149', '0', '3146', '2', '610721', '南郑县');
INSERT INTO `mcc_region` VALUES ('3150', '0', '3146', '2', '610722', '城固县');
INSERT INTO `mcc_region` VALUES ('3151', '0', '3146', '2', '610723', '洋县');
INSERT INTO `mcc_region` VALUES ('3152', '0', '3146', '2', '610724', '西乡县');
INSERT INTO `mcc_region` VALUES ('3153', '0', '3146', '2', '610725', '勉县');
INSERT INTO `mcc_region` VALUES ('3154', '0', '3146', '2', '610726', '宁强县');
INSERT INTO `mcc_region` VALUES ('3155', '0', '3146', '2', '610727', '略阳县');
INSERT INTO `mcc_region` VALUES ('3156', '0', '3146', '2', '610728', '镇巴县');
INSERT INTO `mcc_region` VALUES ('3157', '0', '3146', '2', '610729', '留坝县');
INSERT INTO `mcc_region` VALUES ('3158', '0', '3146', '2', '610730', '佛坪县');
INSERT INTO `mcc_region` VALUES ('3159', '0', '3066', '1', '610800', '榆林市');
INSERT INTO `mcc_region` VALUES ('3160', '0', '3159', '2', '610801', '市辖区');
INSERT INTO `mcc_region` VALUES ('3161', '0', '3159', '2', '610802', '榆阳区');
INSERT INTO `mcc_region` VALUES ('3162', '0', '3159', '2', '610821', '神木县');
INSERT INTO `mcc_region` VALUES ('3163', '0', '3159', '2', '610822', '府谷县');
INSERT INTO `mcc_region` VALUES ('3164', '0', '3159', '2', '610823', '横山县');
INSERT INTO `mcc_region` VALUES ('3165', '0', '3159', '2', '610824', '靖边县');
INSERT INTO `mcc_region` VALUES ('3166', '0', '3159', '2', '610825', '定边县');
INSERT INTO `mcc_region` VALUES ('3167', '0', '3159', '2', '610826', '绥德县');
INSERT INTO `mcc_region` VALUES ('3168', '0', '3159', '2', '610827', '米脂县');
INSERT INTO `mcc_region` VALUES ('3169', '0', '3159', '2', '610828', '佳县');
INSERT INTO `mcc_region` VALUES ('3170', '0', '3159', '2', '610829', '吴堡县');
INSERT INTO `mcc_region` VALUES ('3171', '0', '3159', '2', '610830', '清涧县');
INSERT INTO `mcc_region` VALUES ('3172', '0', '3159', '2', '610831', '子洲县');
INSERT INTO `mcc_region` VALUES ('3173', '0', '3066', '1', '610900', '安康市');
INSERT INTO `mcc_region` VALUES ('3174', '0', '3173', '2', '610901', '市辖区');
INSERT INTO `mcc_region` VALUES ('3175', '0', '3173', '2', '610902', '汉滨区');
INSERT INTO `mcc_region` VALUES ('3176', '0', '3173', '2', '610921', '汉阴县');
INSERT INTO `mcc_region` VALUES ('3177', '0', '3173', '2', '610922', '石泉县');
INSERT INTO `mcc_region` VALUES ('3178', '0', '3173', '2', '610923', '宁陕县');
INSERT INTO `mcc_region` VALUES ('3179', '0', '3173', '2', '610924', '紫阳县');
INSERT INTO `mcc_region` VALUES ('3180', '0', '3173', '2', '610925', '岚皋县');
INSERT INTO `mcc_region` VALUES ('3181', '0', '3173', '2', '610926', '平利县');
INSERT INTO `mcc_region` VALUES ('3182', '0', '3173', '2', '610927', '镇坪县');
INSERT INTO `mcc_region` VALUES ('3183', '0', '3173', '2', '610928', '旬阳县');
INSERT INTO `mcc_region` VALUES ('3184', '0', '3173', '2', '610929', '白河县');
INSERT INTO `mcc_region` VALUES ('3185', '0', '3066', '1', '611000', '商洛市');
INSERT INTO `mcc_region` VALUES ('3186', '0', '3185', '2', '611001', '市辖区');
INSERT INTO `mcc_region` VALUES ('3187', '0', '3185', '2', '611002', '商州区');
INSERT INTO `mcc_region` VALUES ('3188', '0', '3185', '2', '611021', '洛南县');
INSERT INTO `mcc_region` VALUES ('3189', '0', '3185', '2', '611022', '丹凤县');
INSERT INTO `mcc_region` VALUES ('3190', '0', '3185', '2', '611023', '商南县');
INSERT INTO `mcc_region` VALUES ('3191', '0', '3185', '2', '611024', '山阳县');
INSERT INTO `mcc_region` VALUES ('3192', '0', '3185', '2', '611025', '镇安县');
INSERT INTO `mcc_region` VALUES ('3193', '0', '3185', '2', '611026', '柞水县');
INSERT INTO `mcc_region` VALUES ('3194', '688', '0', '0', '620000', '甘肃省');
INSERT INTO `mcc_region` VALUES ('3195', '0', '3194', '1', '620100', '兰州市');
INSERT INTO `mcc_region` VALUES ('3196', '0', '3195', '2', '620101', '市辖区');
INSERT INTO `mcc_region` VALUES ('3197', '0', '3195', '2', '620102', '城关区');
INSERT INTO `mcc_region` VALUES ('3198', '0', '3195', '2', '620103', '七里河区');
INSERT INTO `mcc_region` VALUES ('3199', '0', '3195', '2', '620104', '西固区');
INSERT INTO `mcc_region` VALUES ('3200', '0', '3195', '2', '620105', '安宁区');
INSERT INTO `mcc_region` VALUES ('3201', '0', '3195', '2', '620111', '红古区');
INSERT INTO `mcc_region` VALUES ('3202', '0', '3195', '2', '620121', '永登县');
INSERT INTO `mcc_region` VALUES ('3203', '0', '3195', '2', '620122', '皋兰县');
INSERT INTO `mcc_region` VALUES ('3204', '0', '3195', '2', '620123', '榆中县');
INSERT INTO `mcc_region` VALUES ('3205', '0', '3194', '1', '620200', '嘉峪关市');
INSERT INTO `mcc_region` VALUES ('3206', '0', '3205', '2', '620201', '市辖区');
INSERT INTO `mcc_region` VALUES ('3207', '0', '3194', '1', '620300', '金昌市');
INSERT INTO `mcc_region` VALUES ('3208', '0', '3207', '2', '620301', '市辖区');
INSERT INTO `mcc_region` VALUES ('3209', '0', '3207', '2', '620302', '金川区');
INSERT INTO `mcc_region` VALUES ('3210', '0', '3207', '2', '620321', '永昌县');
INSERT INTO `mcc_region` VALUES ('3211', '0', '3194', '1', '620400', '白银市');
INSERT INTO `mcc_region` VALUES ('3212', '0', '3211', '2', '620401', '市辖区');
INSERT INTO `mcc_region` VALUES ('3213', '0', '3211', '2', '620402', '白银区');
INSERT INTO `mcc_region` VALUES ('3214', '0', '3211', '2', '620403', '平川区');
INSERT INTO `mcc_region` VALUES ('3215', '0', '3211', '2', '620421', '靖远县');
INSERT INTO `mcc_region` VALUES ('3216', '0', '3211', '2', '620422', '会宁县');
INSERT INTO `mcc_region` VALUES ('3217', '0', '3211', '2', '620423', '景泰县');
INSERT INTO `mcc_region` VALUES ('3218', '0', '3194', '1', '620500', '天水市');
INSERT INTO `mcc_region` VALUES ('3219', '0', '3218', '2', '620501', '市辖区');
INSERT INTO `mcc_region` VALUES ('3220', '0', '3218', '2', '620502', '秦州区');
INSERT INTO `mcc_region` VALUES ('3221', '0', '3218', '2', '620503', '麦积区');
INSERT INTO `mcc_region` VALUES ('3222', '0', '3218', '2', '620521', '清水县');
INSERT INTO `mcc_region` VALUES ('3223', '0', '3218', '2', '620522', '秦安县');
INSERT INTO `mcc_region` VALUES ('3224', '0', '3218', '2', '620523', '甘谷县');
INSERT INTO `mcc_region` VALUES ('3225', '0', '3218', '2', '620524', '武山县');
INSERT INTO `mcc_region` VALUES ('3226', '0', '3218', '2', '620525', '张家川回族自治县');
INSERT INTO `mcc_region` VALUES ('3227', '0', '3194', '1', '620600', '武威市');
INSERT INTO `mcc_region` VALUES ('3228', '0', '3227', '2', '620601', '市辖区');
INSERT INTO `mcc_region` VALUES ('3229', '0', '3227', '2', '620602', '凉州区');
INSERT INTO `mcc_region` VALUES ('3230', '0', '3227', '2', '620621', '民勤县');
INSERT INTO `mcc_region` VALUES ('3231', '0', '3227', '2', '620622', '古浪县');
INSERT INTO `mcc_region` VALUES ('3232', '0', '3227', '2', '620623', '天祝藏族自治县');
INSERT INTO `mcc_region` VALUES ('3233', '0', '3194', '1', '620700', '张掖市');
INSERT INTO `mcc_region` VALUES ('3234', '0', '3233', '2', '620701', '市辖区');
INSERT INTO `mcc_region` VALUES ('3235', '0', '3233', '2', '620702', '甘州区');
INSERT INTO `mcc_region` VALUES ('3236', '0', '3233', '2', '620721', '肃南裕固族自治县');
INSERT INTO `mcc_region` VALUES ('3237', '0', '3233', '2', '620722', '民乐县');
INSERT INTO `mcc_region` VALUES ('3238', '0', '3233', '2', '620723', '临泽县');
INSERT INTO `mcc_region` VALUES ('3239', '0', '3233', '2', '620724', '高台县');
INSERT INTO `mcc_region` VALUES ('3240', '0', '3233', '2', '620725', '山丹县');
INSERT INTO `mcc_region` VALUES ('3241', '0', '3194', '1', '620800', '平凉市');
INSERT INTO `mcc_region` VALUES ('3242', '0', '3241', '2', '620801', '市辖区');
INSERT INTO `mcc_region` VALUES ('3243', '0', '3241', '2', '620802', '崆峒区');
INSERT INTO `mcc_region` VALUES ('3244', '0', '3241', '2', '620821', '泾川县');
INSERT INTO `mcc_region` VALUES ('3245', '0', '3241', '2', '620822', '灵台县');
INSERT INTO `mcc_region` VALUES ('3246', '0', '3241', '2', '620823', '崇信县');
INSERT INTO `mcc_region` VALUES ('3247', '0', '3241', '2', '620824', '华亭县');
INSERT INTO `mcc_region` VALUES ('3248', '0', '3241', '2', '620825', '庄浪县');
INSERT INTO `mcc_region` VALUES ('3249', '0', '3241', '2', '620826', '静宁县');
INSERT INTO `mcc_region` VALUES ('3250', '0', '3194', '1', '620900', '酒泉市');
INSERT INTO `mcc_region` VALUES ('3251', '0', '3250', '2', '620901', '市辖区');
INSERT INTO `mcc_region` VALUES ('3252', '0', '3250', '2', '620902', '肃州区');
INSERT INTO `mcc_region` VALUES ('3253', '0', '3250', '2', '620921', '金塔县');
INSERT INTO `mcc_region` VALUES ('3254', '0', '3250', '2', '620922', '瓜州县');
INSERT INTO `mcc_region` VALUES ('3255', '0', '3250', '2', '620923', '肃北蒙古族自治县');
INSERT INTO `mcc_region` VALUES ('3256', '0', '3250', '2', '620924', '阿克塞哈萨克族自治县');
INSERT INTO `mcc_region` VALUES ('3257', '0', '3250', '2', '620981', '玉门市');
INSERT INTO `mcc_region` VALUES ('3258', '0', '3250', '2', '620982', '敦煌市');
INSERT INTO `mcc_region` VALUES ('3259', '0', '3194', '1', '621000', '庆阳市');
INSERT INTO `mcc_region` VALUES ('3260', '0', '3259', '2', '621001', '市辖区');
INSERT INTO `mcc_region` VALUES ('3261', '0', '3259', '2', '621002', '西峰区');
INSERT INTO `mcc_region` VALUES ('3262', '0', '3259', '2', '621021', '庆城县');
INSERT INTO `mcc_region` VALUES ('3263', '0', '3259', '2', '621022', '环县');
INSERT INTO `mcc_region` VALUES ('3264', '0', '3259', '2', '621023', '华池县');
INSERT INTO `mcc_region` VALUES ('3265', '0', '3259', '2', '621024', '合水县');
INSERT INTO `mcc_region` VALUES ('3266', '0', '3259', '2', '621025', '正宁县');
INSERT INTO `mcc_region` VALUES ('3267', '0', '3259', '2', '621026', '宁县');
INSERT INTO `mcc_region` VALUES ('3268', '0', '3259', '2', '621027', '镇原县');
INSERT INTO `mcc_region` VALUES ('3269', '0', '3194', '1', '621100', '定西市');
INSERT INTO `mcc_region` VALUES ('3270', '0', '3269', '2', '621101', '市辖区');
INSERT INTO `mcc_region` VALUES ('3271', '0', '3269', '2', '621102', '安定区');
INSERT INTO `mcc_region` VALUES ('3272', '0', '3269', '2', '621121', '通渭县');
INSERT INTO `mcc_region` VALUES ('3273', '0', '3269', '2', '621122', '陇西县');
INSERT INTO `mcc_region` VALUES ('3274', '0', '3269', '2', '621123', '渭源县');
INSERT INTO `mcc_region` VALUES ('3275', '0', '3269', '2', '621124', '临洮县');
INSERT INTO `mcc_region` VALUES ('3276', '0', '3269', '2', '621125', '漳县');
INSERT INTO `mcc_region` VALUES ('3277', '0', '3269', '2', '621126', '岷县');
INSERT INTO `mcc_region` VALUES ('3278', '0', '3194', '1', '621200', '陇南市');
INSERT INTO `mcc_region` VALUES ('3279', '0', '3278', '2', '621201', '市辖区');
INSERT INTO `mcc_region` VALUES ('3280', '0', '3278', '2', '621202', '武都区');
INSERT INTO `mcc_region` VALUES ('3281', '0', '3278', '2', '621221', '成县');
INSERT INTO `mcc_region` VALUES ('3282', '0', '3278', '2', '621222', '文县');
INSERT INTO `mcc_region` VALUES ('3283', '0', '3278', '2', '621223', '宕昌县');
INSERT INTO `mcc_region` VALUES ('3284', '0', '3278', '2', '621224', '康县');
INSERT INTO `mcc_region` VALUES ('3285', '0', '3278', '2', '621225', '西和县');
INSERT INTO `mcc_region` VALUES ('3286', '0', '3278', '2', '621226', '礼县');
INSERT INTO `mcc_region` VALUES ('3287', '0', '3278', '2', '621227', '徽县');
INSERT INTO `mcc_region` VALUES ('3288', '0', '3278', '2', '621228', '两当县');
INSERT INTO `mcc_region` VALUES ('3289', '0', '3194', '1', '622900', '临夏回族自治州');
INSERT INTO `mcc_region` VALUES ('3290', '0', '3289', '2', '622901', '临夏市');
INSERT INTO `mcc_region` VALUES ('3291', '0', '3289', '2', '622921', '临夏县');
INSERT INTO `mcc_region` VALUES ('3292', '0', '3289', '2', '622922', '康乐县');
INSERT INTO `mcc_region` VALUES ('3293', '0', '3289', '2', '622923', '永靖县');
INSERT INTO `mcc_region` VALUES ('3294', '0', '3289', '2', '622924', '广河县');
INSERT INTO `mcc_region` VALUES ('3295', '0', '3289', '2', '622925', '和政县');
INSERT INTO `mcc_region` VALUES ('3296', '0', '3289', '2', '622926', '东乡族自治县');
INSERT INTO `mcc_region` VALUES ('3297', '0', '3289', '2', '622927', '积石山保安族东乡族撒拉族自治县');
INSERT INTO `mcc_region` VALUES ('3298', '0', '3194', '1', '623000', '甘南藏族自治州');
INSERT INTO `mcc_region` VALUES ('3299', '0', '3298', '2', '623001', '合作市');
INSERT INTO `mcc_region` VALUES ('3300', '0', '3298', '2', '623021', '临潭县');
INSERT INTO `mcc_region` VALUES ('3301', '0', '3298', '2', '623022', '卓尼县');
INSERT INTO `mcc_region` VALUES ('3302', '0', '3298', '2', '623023', '舟曲县');
INSERT INTO `mcc_region` VALUES ('3303', '0', '3298', '2', '623024', '迭部县');
INSERT INTO `mcc_region` VALUES ('3304', '0', '3298', '2', '623025', '玛曲县');
INSERT INTO `mcc_region` VALUES ('3305', '0', '3298', '2', '623026', '碌曲县');
INSERT INTO `mcc_region` VALUES ('3306', '0', '3298', '2', '623027', '夏河县');
INSERT INTO `mcc_region` VALUES ('3307', '4227', '0', '0', '630000', '青海省');
INSERT INTO `mcc_region` VALUES ('3308', '0', '3307', '1', '630100', '西宁市');
INSERT INTO `mcc_region` VALUES ('3309', '0', '3308', '2', '630101', '市辖区');
INSERT INTO `mcc_region` VALUES ('3310', '0', '3308', '2', '630102', '城东区');
INSERT INTO `mcc_region` VALUES ('3311', '0', '3308', '2', '630103', '城中区');
INSERT INTO `mcc_region` VALUES ('3312', '0', '3308', '2', '630104', '城西区');
INSERT INTO `mcc_region` VALUES ('3313', '0', '3308', '2', '630105', '城北区');
INSERT INTO `mcc_region` VALUES ('3314', '0', '3308', '2', '630121', '大通回族土族自治县');
INSERT INTO `mcc_region` VALUES ('3315', '0', '3308', '2', '630122', '湟中县');
INSERT INTO `mcc_region` VALUES ('3316', '0', '3308', '2', '630123', '湟源县');
INSERT INTO `mcc_region` VALUES ('3317', '0', '3307', '1', '630200', '海东市');
INSERT INTO `mcc_region` VALUES ('3318', '0', '3317', '2', '630202', '乐都区');
INSERT INTO `mcc_region` VALUES ('3319', '0', '3317', '2', '630221', '平安县');
INSERT INTO `mcc_region` VALUES ('3320', '0', '3317', '2', '630222', '民和回族土族自治县');
INSERT INTO `mcc_region` VALUES ('3321', '0', '3317', '2', '630223', '互助土族自治县');
INSERT INTO `mcc_region` VALUES ('3322', '0', '3317', '2', '630224', '化隆回族自治县');
INSERT INTO `mcc_region` VALUES ('3323', '0', '3317', '2', '630225', '循化撒拉族自治县');
INSERT INTO `mcc_region` VALUES ('3324', '0', '3307', '1', '632200', '海北藏族自治州');
INSERT INTO `mcc_region` VALUES ('3325', '0', '3324', '2', '632221', '门源回族自治县');
INSERT INTO `mcc_region` VALUES ('3326', '0', '3324', '2', '632222', '祁连县');
INSERT INTO `mcc_region` VALUES ('3327', '0', '3324', '2', '632223', '海晏县');
INSERT INTO `mcc_region` VALUES ('3328', '0', '3324', '2', '632224', '刚察县');
INSERT INTO `mcc_region` VALUES ('3329', '0', '3307', '1', '632300', '黄南藏族自治州');
INSERT INTO `mcc_region` VALUES ('3330', '0', '3329', '2', '632321', '同仁县');
INSERT INTO `mcc_region` VALUES ('3331', '0', '3329', '2', '632322', '尖扎县');
INSERT INTO `mcc_region` VALUES ('3332', '0', '3329', '2', '632323', '泽库县');
INSERT INTO `mcc_region` VALUES ('3333', '0', '3329', '2', '632324', '河南蒙古族自治县');
INSERT INTO `mcc_region` VALUES ('3334', '0', '3307', '1', '632500', '海南藏族自治州');
INSERT INTO `mcc_region` VALUES ('3335', '0', '3334', '2', '632521', '共和县');
INSERT INTO `mcc_region` VALUES ('3336', '0', '3334', '2', '632522', '同德县');
INSERT INTO `mcc_region` VALUES ('3337', '0', '3334', '2', '632523', '贵德县');
INSERT INTO `mcc_region` VALUES ('3338', '0', '3334', '2', '632524', '兴海县');
INSERT INTO `mcc_region` VALUES ('3339', '0', '3334', '2', '632525', '贵南县');
INSERT INTO `mcc_region` VALUES ('3340', '0', '3307', '1', '632600', '果洛藏族自治州');
INSERT INTO `mcc_region` VALUES ('3341', '0', '3340', '2', '632621', '玛沁县');
INSERT INTO `mcc_region` VALUES ('3342', '0', '3340', '2', '632622', '班玛县');
INSERT INTO `mcc_region` VALUES ('3343', '0', '3340', '2', '632623', '甘德县');
INSERT INTO `mcc_region` VALUES ('3344', '0', '3340', '2', '632624', '达日县');
INSERT INTO `mcc_region` VALUES ('3345', '0', '3340', '2', '632625', '久治县');
INSERT INTO `mcc_region` VALUES ('3346', '0', '3340', '2', '632626', '玛多县');
INSERT INTO `mcc_region` VALUES ('3347', '0', '3307', '1', '632700', '玉树藏族自治州');
INSERT INTO `mcc_region` VALUES ('3348', '0', '3347', '2', '632701', '玉树市');
INSERT INTO `mcc_region` VALUES ('3349', '0', '3347', '2', '632722', '杂多县');
INSERT INTO `mcc_region` VALUES ('3350', '0', '3347', '2', '632723', '称多县');
INSERT INTO `mcc_region` VALUES ('3351', '0', '3347', '2', '632724', '治多县');
INSERT INTO `mcc_region` VALUES ('3352', '0', '3347', '2', '632725', '囊谦县');
INSERT INTO `mcc_region` VALUES ('3353', '0', '3347', '2', '632726', '曲麻莱县');
INSERT INTO `mcc_region` VALUES ('3354', '0', '3307', '1', '632800', '海西蒙古族藏族自治州');
INSERT INTO `mcc_region` VALUES ('3355', '0', '3354', '2', '632801', '格尔木市');
INSERT INTO `mcc_region` VALUES ('3356', '0', '3354', '2', '632802', '德令哈市');
INSERT INTO `mcc_region` VALUES ('3357', '0', '3354', '2', '632821', '乌兰县');
INSERT INTO `mcc_region` VALUES ('3358', '0', '3354', '2', '632822', '都兰县');
INSERT INTO `mcc_region` VALUES ('3359', '0', '3354', '2', '632823', '天峻县');
INSERT INTO `mcc_region` VALUES ('3360', '705', '0', '0', '640000', '宁夏回族自治区');
INSERT INTO `mcc_region` VALUES ('3361', '0', '3360', '1', '640100', '银川市');
INSERT INTO `mcc_region` VALUES ('3362', '0', '3361', '2', '640101', '市辖区');
INSERT INTO `mcc_region` VALUES ('3363', '0', '3361', '2', '640104', '兴庆区');
INSERT INTO `mcc_region` VALUES ('3364', '0', '3361', '2', '640105', '西夏区');
INSERT INTO `mcc_region` VALUES ('3365', '0', '3361', '2', '640106', '金凤区');
INSERT INTO `mcc_region` VALUES ('3366', '0', '3361', '2', '640121', '永宁县');
INSERT INTO `mcc_region` VALUES ('3367', '0', '3361', '2', '640122', '贺兰县');
INSERT INTO `mcc_region` VALUES ('3368', '0', '3361', '2', '640181', '灵武市');
INSERT INTO `mcc_region` VALUES ('3369', '0', '3360', '1', '640200', '石嘴山市');
INSERT INTO `mcc_region` VALUES ('3370', '0', '3369', '2', '640201', '市辖区');
INSERT INTO `mcc_region` VALUES ('3371', '0', '3369', '2', '640202', '大武口区');
INSERT INTO `mcc_region` VALUES ('3372', '0', '3369', '2', '640205', '惠农区');
INSERT INTO `mcc_region` VALUES ('3373', '0', '3369', '2', '640221', '平罗县');
INSERT INTO `mcc_region` VALUES ('3374', '0', '3360', '1', '640300', '吴忠市');
INSERT INTO `mcc_region` VALUES ('3375', '0', '3374', '2', '640301', '市辖区');
INSERT INTO `mcc_region` VALUES ('3376', '0', '3374', '2', '640302', '利通区');
INSERT INTO `mcc_region` VALUES ('3377', '0', '3374', '2', '640303', '红寺堡区');
INSERT INTO `mcc_region` VALUES ('3378', '0', '3374', '2', '640323', '盐池县');
INSERT INTO `mcc_region` VALUES ('3379', '0', '3374', '2', '640324', '同心县');
INSERT INTO `mcc_region` VALUES ('3380', '0', '3374', '2', '640381', '青铜峡市');
INSERT INTO `mcc_region` VALUES ('3381', '0', '3360', '1', '640400', '固原市');
INSERT INTO `mcc_region` VALUES ('3382', '0', '3381', '2', '640401', '市辖区');
INSERT INTO `mcc_region` VALUES ('3383', '0', '3381', '2', '640402', '原州区');
INSERT INTO `mcc_region` VALUES ('3384', '0', '3381', '2', '640422', '西吉县');
INSERT INTO `mcc_region` VALUES ('3385', '0', '3381', '2', '640423', '隆德县');
INSERT INTO `mcc_region` VALUES ('3386', '0', '3381', '2', '640424', '泾源县');
INSERT INTO `mcc_region` VALUES ('3387', '0', '3381', '2', '640425', '彭阳县');
INSERT INTO `mcc_region` VALUES ('3388', '0', '3360', '1', '640500', '中卫市');
INSERT INTO `mcc_region` VALUES ('3389', '0', '3388', '2', '640501', '市辖区');
INSERT INTO `mcc_region` VALUES ('3390', '0', '3388', '2', '640502', '沙坡头区');
INSERT INTO `mcc_region` VALUES ('3391', '0', '3388', '2', '640521', '中宁县');
INSERT INTO `mcc_region` VALUES ('3392', '0', '3388', '2', '640522', '海原县');
INSERT INTO `mcc_region` VALUES ('3393', '712', '0', '0', '650000', '新疆维吾尔自治区');
INSERT INTO `mcc_region` VALUES ('3394', '0', '3393', '1', '650100', '乌鲁木齐市');
INSERT INTO `mcc_region` VALUES ('3395', '0', '3394', '2', '650101', '市辖区');
INSERT INTO `mcc_region` VALUES ('3396', '0', '3394', '2', '650102', '天山区');
INSERT INTO `mcc_region` VALUES ('3397', '0', '3394', '2', '650103', '沙依巴克区');
INSERT INTO `mcc_region` VALUES ('3398', '0', '3394', '2', '650104', '新市区');
INSERT INTO `mcc_region` VALUES ('3399', '0', '3394', '2', '650105', '水磨沟区');
INSERT INTO `mcc_region` VALUES ('3400', '0', '3394', '2', '650106', '头屯河区');
INSERT INTO `mcc_region` VALUES ('3401', '0', '3394', '2', '650107', '达坂城区');
INSERT INTO `mcc_region` VALUES ('3402', '0', '3394', '2', '650109', '米东区');
INSERT INTO `mcc_region` VALUES ('3403', '0', '3394', '2', '650121', '乌鲁木齐县');
INSERT INTO `mcc_region` VALUES ('3404', '0', '3393', '1', '650200', '克拉玛依市');
INSERT INTO `mcc_region` VALUES ('3405', '0', '3404', '2', '650201', '市辖区');
INSERT INTO `mcc_region` VALUES ('3406', '0', '3404', '2', '650202', '独山子区');
INSERT INTO `mcc_region` VALUES ('3407', '0', '3404', '2', '650203', '克拉玛依区');
INSERT INTO `mcc_region` VALUES ('3408', '0', '3404', '2', '650204', '白碱滩区');
INSERT INTO `mcc_region` VALUES ('3409', '0', '3404', '2', '650205', '乌尔禾区');
INSERT INTO `mcc_region` VALUES ('3410', '0', '3393', '1', '652100', '吐鲁番地区');
INSERT INTO `mcc_region` VALUES ('3411', '0', '3410', '2', '652101', '吐鲁番市');
INSERT INTO `mcc_region` VALUES ('3412', '0', '3410', '2', '652122', '鄯善县');
INSERT INTO `mcc_region` VALUES ('3413', '0', '3410', '2', '652123', '托克逊县');
INSERT INTO `mcc_region` VALUES ('3414', '0', '3393', '1', '652200', '哈密地区');
INSERT INTO `mcc_region` VALUES ('3415', '0', '3414', '2', '652201', '哈密市');
INSERT INTO `mcc_region` VALUES ('3416', '0', '3414', '2', '652222', '巴里坤哈萨克自治县');
INSERT INTO `mcc_region` VALUES ('3417', '0', '3414', '2', '652223', '伊吾县');
INSERT INTO `mcc_region` VALUES ('3418', '0', '3393', '1', '652300', '昌吉回族自治州');
INSERT INTO `mcc_region` VALUES ('3419', '0', '3418', '2', '652301', '昌吉市');
INSERT INTO `mcc_region` VALUES ('3420', '0', '3418', '2', '652302', '阜康市');
INSERT INTO `mcc_region` VALUES ('3421', '0', '3418', '2', '652323', '呼图壁县');
INSERT INTO `mcc_region` VALUES ('3422', '0', '3418', '2', '652324', '玛纳斯县');
INSERT INTO `mcc_region` VALUES ('3423', '0', '3418', '2', '652325', '奇台县');
INSERT INTO `mcc_region` VALUES ('3424', '0', '3418', '2', '652327', '吉木萨尔县');
INSERT INTO `mcc_region` VALUES ('3425', '0', '3418', '2', '652328', '木垒哈萨克自治县');
INSERT INTO `mcc_region` VALUES ('3426', '0', '3393', '1', '652700', '博尔塔拉蒙古自治州');
INSERT INTO `mcc_region` VALUES ('3427', '0', '3426', '2', '652701', '博乐市');
INSERT INTO `mcc_region` VALUES ('3428', '0', '3426', '2', '652702', '阿拉山口市');
INSERT INTO `mcc_region` VALUES ('3429', '0', '3426', '2', '652722', '精河县');
INSERT INTO `mcc_region` VALUES ('3430', '0', '3426', '2', '652723', '温泉县');
INSERT INTO `mcc_region` VALUES ('3431', '0', '3393', '1', '652800', '巴音郭楞蒙古自治州');
INSERT INTO `mcc_region` VALUES ('3432', '0', '3431', '2', '652801', '库尔勒市');
INSERT INTO `mcc_region` VALUES ('3433', '0', '3431', '2', '652822', '轮台县');
INSERT INTO `mcc_region` VALUES ('3434', '0', '3431', '2', '652823', '尉犁县');
INSERT INTO `mcc_region` VALUES ('3435', '0', '3431', '2', '652824', '若羌县');
INSERT INTO `mcc_region` VALUES ('3436', '0', '3431', '2', '652825', '且末县');
INSERT INTO `mcc_region` VALUES ('3437', '0', '3431', '2', '652826', '焉耆回族自治县');
INSERT INTO `mcc_region` VALUES ('3438', '0', '3431', '2', '652827', '和静县');
INSERT INTO `mcc_region` VALUES ('3439', '0', '3431', '2', '652828', '和硕县');
INSERT INTO `mcc_region` VALUES ('3440', '0', '3431', '2', '652829', '博湖县');
INSERT INTO `mcc_region` VALUES ('3441', '0', '3393', '1', '652900', '阿克苏地区');
INSERT INTO `mcc_region` VALUES ('3442', '0', '3441', '2', '652901', '阿克苏市');
INSERT INTO `mcc_region` VALUES ('3443', '0', '3441', '2', '652922', '温宿县');
INSERT INTO `mcc_region` VALUES ('3444', '0', '3441', '2', '652923', '库车县');
INSERT INTO `mcc_region` VALUES ('3445', '0', '3441', '2', '652924', '沙雅县');
INSERT INTO `mcc_region` VALUES ('3446', '0', '3441', '2', '652925', '新和县');
INSERT INTO `mcc_region` VALUES ('3447', '0', '3441', '2', '652926', '拜城县');
INSERT INTO `mcc_region` VALUES ('3448', '0', '3441', '2', '652927', '乌什县');
INSERT INTO `mcc_region` VALUES ('3449', '0', '3441', '2', '652928', '阿瓦提县');
INSERT INTO `mcc_region` VALUES ('3450', '0', '3441', '2', '652929', '柯坪县');
INSERT INTO `mcc_region` VALUES ('3451', '0', '3393', '1', '653000', '克孜勒苏柯尔克孜自治州');
INSERT INTO `mcc_region` VALUES ('3452', '0', '3451', '2', '653001', '阿图什市');
INSERT INTO `mcc_region` VALUES ('3453', '0', '3451', '2', '653022', '阿克陶县');
INSERT INTO `mcc_region` VALUES ('3454', '0', '3451', '2', '653023', '阿合奇县');
INSERT INTO `mcc_region` VALUES ('3455', '0', '3451', '2', '653024', '乌恰县');
INSERT INTO `mcc_region` VALUES ('3456', '0', '3393', '1', '653100', '喀什地区');
INSERT INTO `mcc_region` VALUES ('3457', '0', '3456', '2', '653101', '喀什市');
INSERT INTO `mcc_region` VALUES ('3458', '0', '3456', '2', '653121', '疏附县');
INSERT INTO `mcc_region` VALUES ('3459', '0', '3456', '2', '653122', '疏勒县');
INSERT INTO `mcc_region` VALUES ('3460', '0', '3456', '2', '653123', '英吉沙县');
INSERT INTO `mcc_region` VALUES ('3461', '0', '3456', '2', '653124', '泽普县');
INSERT INTO `mcc_region` VALUES ('3462', '0', '3456', '2', '653125', '莎车县');
INSERT INTO `mcc_region` VALUES ('3463', '0', '3456', '2', '653126', '叶城县');
INSERT INTO `mcc_region` VALUES ('3464', '0', '3456', '2', '653127', '麦盖提县');
INSERT INTO `mcc_region` VALUES ('3465', '0', '3456', '2', '653128', '岳普湖县');
INSERT INTO `mcc_region` VALUES ('3466', '0', '3456', '2', '653129', '伽师县');
INSERT INTO `mcc_region` VALUES ('3467', '0', '3456', '2', '653130', '巴楚县');
INSERT INTO `mcc_region` VALUES ('3468', '0', '3456', '2', '653131', '塔什库尔干塔吉克自治县');
INSERT INTO `mcc_region` VALUES ('3469', '0', '3393', '1', '653200', '和田地区');
INSERT INTO `mcc_region` VALUES ('3470', '0', '3469', '2', '653201', '和田市');
INSERT INTO `mcc_region` VALUES ('3471', '0', '3469', '2', '653221', '和田县');
INSERT INTO `mcc_region` VALUES ('3472', '0', '3469', '2', '653222', '墨玉县');
INSERT INTO `mcc_region` VALUES ('3473', '0', '3469', '2', '653223', '皮山县');
INSERT INTO `mcc_region` VALUES ('3474', '0', '3469', '2', '653224', '洛浦县');
INSERT INTO `mcc_region` VALUES ('3475', '0', '3469', '2', '653225', '策勒县');
INSERT INTO `mcc_region` VALUES ('3476', '0', '3469', '2', '653226', '于田县');
INSERT INTO `mcc_region` VALUES ('3477', '0', '3469', '2', '653227', '民丰县');
INSERT INTO `mcc_region` VALUES ('3478', '0', '3393', '1', '654000', '伊犁哈萨克自治州');
INSERT INTO `mcc_region` VALUES ('3479', '0', '3478', '2', '654002', '伊宁市');
INSERT INTO `mcc_region` VALUES ('3480', '0', '3478', '2', '654003', '奎屯市');
INSERT INTO `mcc_region` VALUES ('3481', '0', '3478', '2', '654021', '伊宁县');
INSERT INTO `mcc_region` VALUES ('3482', '0', '3478', '2', '654022', '察布查尔锡伯自治县');
INSERT INTO `mcc_region` VALUES ('3483', '0', '3478', '2', '654023', '霍城县');
INSERT INTO `mcc_region` VALUES ('3484', '0', '3478', '2', '654024', '巩留县');
INSERT INTO `mcc_region` VALUES ('3485', '0', '3478', '2', '654025', '新源县');
INSERT INTO `mcc_region` VALUES ('3486', '0', '3478', '2', '654026', '昭苏县');
INSERT INTO `mcc_region` VALUES ('3487', '0', '3478', '2', '654027', '特克斯县');
INSERT INTO `mcc_region` VALUES ('3488', '0', '3478', '2', '654028', '尼勒克县');
INSERT INTO `mcc_region` VALUES ('3489', '0', '3393', '1', '654200', '塔城地区');
INSERT INTO `mcc_region` VALUES ('3490', '0', '3489', '2', '654201', '塔城市');
INSERT INTO `mcc_region` VALUES ('3491', '0', '3489', '2', '654202', '乌苏市');
INSERT INTO `mcc_region` VALUES ('3492', '0', '3489', '2', '654221', '额敏县');
INSERT INTO `mcc_region` VALUES ('3493', '0', '3489', '2', '654223', '沙湾县');
INSERT INTO `mcc_region` VALUES ('3494', '0', '3489', '2', '654224', '托里县');
INSERT INTO `mcc_region` VALUES ('3495', '0', '3489', '2', '654225', '裕民县');
INSERT INTO `mcc_region` VALUES ('3496', '0', '3489', '2', '654226', '和布克赛尔蒙古自治县');
INSERT INTO `mcc_region` VALUES ('3497', '0', '3393', '1', '654300', '阿勒泰地区');
INSERT INTO `mcc_region` VALUES ('3498', '0', '3497', '2', '654301', '阿勒泰市');
INSERT INTO `mcc_region` VALUES ('3499', '0', '3497', '2', '654321', '布尔津县');
INSERT INTO `mcc_region` VALUES ('3500', '0', '3497', '2', '654322', '富蕴县');
INSERT INTO `mcc_region` VALUES ('3501', '0', '3497', '2', '654323', '福海县');
INSERT INTO `mcc_region` VALUES ('3502', '0', '3497', '2', '654324', '哈巴河县');
INSERT INTO `mcc_region` VALUES ('3503', '0', '3497', '2', '654325', '青河县');
INSERT INTO `mcc_region` VALUES ('3504', '0', '3497', '2', '654326', '吉木乃县');
INSERT INTO `mcc_region` VALUES ('3505', '0', '3393', '1', '659000', '自治区直辖县级行政区划');
INSERT INTO `mcc_region` VALUES ('3506', '0', '3505', '2', '659001', '石河子市');
INSERT INTO `mcc_region` VALUES ('3507', '0', '3505', '2', '659002', '阿拉尔市');
INSERT INTO `mcc_region` VALUES ('3508', '0', '3505', '2', '659003', '图木舒克市');
INSERT INTO `mcc_region` VALUES ('3509', '0', '3505', '2', '659004', '五家渠市');
INSERT INTO `mcc_region` VALUES ('3510', '4226', '0', '0', '710000', '台湾省');
INSERT INTO `mcc_region` VALUES ('3511', '696', '0', '0', '810000', '香港特别行政区');
INSERT INTO `mcc_region` VALUES ('3512', '704', '0', '0', '820000', '澳门特别行政区');

-- ----------------------------
-- Table structure for mcc_return
-- ----------------------------
DROP TABLE IF EXISTS `mcc_return`;
CREATE TABLE `mcc_return` (
  `return_id` int(11) NOT NULL AUTO_INCREMENT,
  `order_id` int(11) NOT NULL,
  `product_id` int(11) NOT NULL,
  `customer_id` int(11) NOT NULL,
  `fullname` varchar(32) NOT NULL,
  `email` varchar(96) NOT NULL,
  `telephone` varchar(32) NOT NULL,
  `product` varchar(255) NOT NULL,
  `model` varchar(64) NOT NULL,
  `quantity` int(4) NOT NULL,
  `opened` tinyint(1) NOT NULL,
  `return_reason_id` int(11) NOT NULL,
  `return_action_id` int(11) NOT NULL,
  `return_status_id` int(11) NOT NULL,
  `comment` text,
  `date_ordered` date NOT NULL DEFAULT '2016-01-01',
  `date_added` datetime NOT NULL,
  `date_modified` datetime NOT NULL,
  PRIMARY KEY (`return_id`)
) ENGINE=MyISAM AUTO_INCREMENT=5 DEFAULT CHARSET=utf8;

-- ----------------------------
-- Records of mcc_return
-- ----------------------------
INSERT INTO `mcc_return` VALUES ('4', '105', '0', '40', '戴思敏', '910493025@qq.com', '15622334285', 'EDG棒球帽 经典对标', '通款', '10', '0', '3', '0', '2', '', '2016-05-27', '2016-05-27 17:24:50', '2016-05-27 17:24:50');

-- ----------------------------
-- Table structure for mcc_return_action
-- ----------------------------
DROP TABLE IF EXISTS `mcc_return_action`;
CREATE TABLE `mcc_return_action` (
  `return_action_id` int(11) NOT NULL AUTO_INCREMENT,
  `language_id` int(11) NOT NULL DEFAULT '0',
  `name` varchar(64) NOT NULL,
  PRIMARY KEY (`return_action_id`,`language_id`)
) ENGINE=MyISAM AUTO_INCREMENT=4 DEFAULT CHARSET=utf8;

-- ----------------------------
-- Records of mcc_return_action
-- ----------------------------
INSERT INTO `mcc_return_action` VALUES ('1', '3', '已退款');
INSERT INTO `mcc_return_action` VALUES ('2', '3', '退款至账户余额');
INSERT INTO `mcc_return_action` VALUES ('1', '2', 'Refunded');
INSERT INTO `mcc_return_action` VALUES ('2', '2', 'Credit Issued');
INSERT INTO `mcc_return_action` VALUES ('3', '2', 'Replacement Sent');
INSERT INTO `mcc_return_action` VALUES ('1', '1', '已退款');
INSERT INTO `mcc_return_action` VALUES ('2', '1', '退款至账户余额');
INSERT INTO `mcc_return_action` VALUES ('3', '1', '已换货配送');
INSERT INTO `mcc_return_action` VALUES ('3', '3', '已换货配送');

-- ----------------------------
-- Table structure for mcc_return_history
-- ----------------------------
DROP TABLE IF EXISTS `mcc_return_history`;
CREATE TABLE `mcc_return_history` (
  `return_history_id` int(11) NOT NULL AUTO_INCREMENT,
  `return_id` int(11) NOT NULL,
  `return_status_id` int(11) NOT NULL,
  `notify` tinyint(1) NOT NULL,
  `comment` text NOT NULL,
  `date_added` datetime NOT NULL,
  PRIMARY KEY (`return_history_id`)
) ENGINE=MyISAM AUTO_INCREMENT=3 DEFAULT CHARSET=utf8;

-- ----------------------------
-- Records of mcc_return_history
-- ----------------------------

-- ----------------------------
-- Table structure for mcc_return_reason
-- ----------------------------
DROP TABLE IF EXISTS `mcc_return_reason`;
CREATE TABLE `mcc_return_reason` (
  `return_reason_id` int(11) NOT NULL AUTO_INCREMENT,
  `language_id` int(11) NOT NULL DEFAULT '0',
  `name` varchar(128) NOT NULL,
  PRIMARY KEY (`return_reason_id`,`language_id`)
) ENGINE=MyISAM AUTO_INCREMENT=6 DEFAULT CHARSET=utf8;

-- ----------------------------
-- Records of mcc_return_reason
-- ----------------------------
INSERT INTO `mcc_return_reason` VALUES ('2', '3', '收到错误物品');
INSERT INTO `mcc_return_reason` VALUES ('5', '3', '其他，请提供详细信息');
INSERT INTO `mcc_return_reason` VALUES ('1', '3', '收到货物时已使用不上');
INSERT INTO `mcc_return_reason` VALUES ('4', '3', '有瑕疵，请提供详细信息');
INSERT INTO `mcc_return_reason` VALUES ('3', '3', '订单错误');
INSERT INTO `mcc_return_reason` VALUES ('1', '2', 'Dead On Arrival');
INSERT INTO `mcc_return_reason` VALUES ('2', '2', 'Received Wrong Item');
INSERT INTO `mcc_return_reason` VALUES ('3', '2', 'Order Error');
INSERT INTO `mcc_return_reason` VALUES ('4', '2', 'Faulty, please supply details');
INSERT INTO `mcc_return_reason` VALUES ('5', '2', 'Other, please supply details');
INSERT INTO `mcc_return_reason` VALUES ('1', '1', '收到货物时已使用不上');
INSERT INTO `mcc_return_reason` VALUES ('2', '1', '收到错误物品');
INSERT INTO `mcc_return_reason` VALUES ('3', '1', '订单错误');
INSERT INTO `mcc_return_reason` VALUES ('4', '1', '有瑕疵，请提供详细信息');
INSERT INTO `mcc_return_reason` VALUES ('5', '1', '其他，请提供详细信息');

-- ----------------------------
-- Table structure for mcc_return_status
-- ----------------------------
DROP TABLE IF EXISTS `mcc_return_status`;
CREATE TABLE `mcc_return_status` (
  `return_status_id` int(11) NOT NULL AUTO_INCREMENT,
  `language_id` int(11) NOT NULL DEFAULT '0',
  `name` varchar(32) NOT NULL,
  PRIMARY KEY (`return_status_id`,`language_id`)
) ENGINE=MyISAM AUTO_INCREMENT=4 DEFAULT CHARSET=utf8;

-- ----------------------------
-- Records of mcc_return_status
-- ----------------------------
INSERT INTO `mcc_return_status` VALUES ('2', '3', '等待商品退回');
INSERT INTO `mcc_return_status` VALUES ('1', '3', '等待处理');
INSERT INTO `mcc_return_status` VALUES ('1', '2', 'Pending');
INSERT INTO `mcc_return_status` VALUES ('3', '2', 'Complete');
INSERT INTO `mcc_return_status` VALUES ('2', '2', 'Awaiting Products');
INSERT INTO `mcc_return_status` VALUES ('1', '1', '等待处理');
INSERT INTO `mcc_return_status` VALUES ('3', '1', '完成');
INSERT INTO `mcc_return_status` VALUES ('2', '1', '等待商品退回');
INSERT INTO `mcc_return_status` VALUES ('3', '3', '完成');

-- ----------------------------
-- Table structure for mcc_review
-- ----------------------------
DROP TABLE IF EXISTS `mcc_review`;
CREATE TABLE `mcc_review` (
  `review_id` int(11) NOT NULL AUTO_INCREMENT,
  `order_product_id` int(11) NOT NULL,
  `product_id` int(11) NOT NULL,
  `customer_id` int(11) NOT NULL,
  `author` varchar(64) NOT NULL,
  `text` text NOT NULL,
  `rating` int(1) NOT NULL,
  `status` tinyint(1) NOT NULL DEFAULT '0',
  `date_added` datetime NOT NULL,
  `date_modified` datetime NOT NULL,
  PRIMARY KEY (`review_id`),
  KEY `product_id` (`product_id`) USING BTREE
) ENGINE=MyISAM AUTO_INCREMENT=27 DEFAULT CHARSET=utf8;

-- ----------------------------
-- Records of mcc_review
-- ----------------------------
INSERT INTO `mcc_review` VALUES ('22', '88', '58', '1', '热卖商品', '不知点讲，还可以吧         不知点讲，还可以吧         不知点讲，还可以吧         不知点讲，还可以吧         不知点讲，还可以吧         不知点讲，还可以吧         不知点讲，还可以吧         不知点讲，还可以吧         不知点讲，还可以吧         不知点讲，还可以吧         不知点讲，还可以吧         不知点讲，还可以吧         不知点讲，还可以吧         不知点讲，还可以吧         ', '4', '0', '2016-05-13 17:14:03', '0000-00-00 00:00:00');
INSERT INTO `mcc_review` VALUES ('23', '43', '1', '1', '韦庆磊', '$review_query-&gt;row$review_query-&gt;row$review_query-&gt;row$review_query-&gt;row', '4', '0', '2016-05-13 19:44:53', '0000-00-00 00:00:00');
INSERT INTO `mcc_review` VALUES ('24', '57', '78', '1', '韦庆磊', '总不在总不在总不在总不在总不在总不在总不在总不在总不在总不在总不在总不在总不在总不在总不在总不在总不在总不在总不在总不在总不在总不在总不在总不在总不在总不在总不在总不在总不在总不在总不在总不在总不在总不在总不在总不在总不在总不在总不在总不在总不在总不在总不在总不在总不在总不在总不在总不在总不在总不在总不在总不在总不在总不在总不在总不在总不在总不在总不在总不在总不在总不在总不在总不在总不在总不在总不', '4', '0', '2016-05-17 18:19:04', '0000-00-00 00:00:00');
INSERT INTO `mcc_review` VALUES ('25', '57', '125', '1', '韦庆磊', '只能给三分，怕你骄傲', '4', '0', '2016-05-18 15:47:36', '0000-00-00 00:00:00');
INSERT INTO `mcc_review` VALUES ('26', '125', '57', '1', '韦庆磊', '只能给三个星，怕你真的骄傲', '3', '0', '2016-05-18 15:49:34', '0000-00-00 00:00:00');

-- ----------------------------
-- Table structure for mcc_setting
-- ----------------------------
DROP TABLE IF EXISTS `mcc_setting`;
CREATE TABLE `mcc_setting` (
  `setting_id` int(11) NOT NULL AUTO_INCREMENT,
  `store_id` int(11) NOT NULL DEFAULT '0',
  `code` varchar(32) NOT NULL,
  `key` varchar(64) NOT NULL,
  `value` text NOT NULL,
  `serialized` tinyint(1) NOT NULL,
  PRIMARY KEY (`setting_id`)
) ENGINE=MyISAM AUTO_INCREMENT=3856 DEFAULT CHARSET=utf8;

-- ----------------------------
-- Records of mcc_setting
-- ----------------------------
INSERT INTO `mcc_setting` VALUES ('2462', '0', 'bank_transfer', 'bank_transfer_order_status_id', '2', '0');
INSERT INTO `mcc_setting` VALUES ('2461', '0', 'bank_transfer', 'bank_transfer_total', '0.01', '0');
INSERT INTO `mcc_setting` VALUES ('3841', '0', 'theme_default', 'theme_default_image_location_height', '100', '0');
INSERT INTO `mcc_setting` VALUES ('3840', '0', 'theme_default', 'theme_default_image_location_width', '268', '0');
INSERT INTO `mcc_setting` VALUES ('3839', '0', 'theme_default', 'theme_default_image_cart_height', '128', '0');
INSERT INTO `mcc_setting` VALUES ('3838', '0', 'theme_default', 'theme_default_image_cart_width', '143', '0');
INSERT INTO `mcc_setting` VALUES ('3837', '0', 'theme_default', 'theme_default_image_wishlist_height', '128', '0');
INSERT INTO `mcc_setting` VALUES ('3836', '0', 'theme_default', 'theme_default_image_wishlist_width', '143', '0');
INSERT INTO `mcc_setting` VALUES ('3835', '0', 'theme_default', 'theme_default_image_compare_height', '90', '0');
INSERT INTO `mcc_setting` VALUES ('3834', '0', 'theme_default', 'theme_default_image_compare_width', '90', '0');
INSERT INTO `mcc_setting` VALUES ('3833', '0', 'theme_default', 'theme_default_image_related_height', '80', '0');
INSERT INTO `mcc_setting` VALUES ('3832', '0', 'theme_default', 'theme_default_image_related_width', '80', '0');
INSERT INTO `mcc_setting` VALUES ('3831', '0', 'theme_default', 'theme_default_image_additional_height', '94', '0');
INSERT INTO `mcc_setting` VALUES ('3830', '0', 'theme_default', 'theme_default_image_additional_width', '94', '0');
INSERT INTO `mcc_setting` VALUES ('3829', '0', 'theme_default', 'theme_default_image_product_height', '228', '0');
INSERT INTO `mcc_setting` VALUES ('3828', '0', 'theme_default', 'theme_default_image_product_width', '228', '0');
INSERT INTO `mcc_setting` VALUES ('3827', '0', 'theme_default', 'theme_default_image_popup_height', '510', '0');
INSERT INTO `mcc_setting` VALUES ('3826', '0', 'theme_default', 'theme_default_image_popup_width', '420', '0');
INSERT INTO `mcc_setting` VALUES ('3825', '0', 'theme_default', 'theme_default_image_thumb_height', '510', '0');
INSERT INTO `mcc_setting` VALUES ('3824', '0', 'theme_default', 'theme_default_image_thumb_width', '420', '0');
INSERT INTO `mcc_setting` VALUES ('1814', '0', 'cms_faq', 'cms_faq_items_per_page', '10', '0');
INSERT INTO `mcc_setting` VALUES ('893', '0', 'press_latest', 'press_latest_status', '1', '0');
INSERT INTO `mcc_setting` VALUES ('892', '0', 'press_category', 'press_category_status', '1', '0');
INSERT INTO `mcc_setting` VALUES ('3076', '0', 'alipay_direct', 'alipay_direct_trade_finished_status_id', '5', '0');
INSERT INTO `mcc_setting` VALUES ('3006', '0', 'wxpay', 'wxpay_log', '1', '0');
INSERT INTO `mcc_setting` VALUES ('3005', '0', 'wxpay', 'wxpay_status', '1', '0');
INSERT INTO `mcc_setting` VALUES ('2997', '0', 'cod', 'cod_sort_order', '1', '0');
INSERT INTO `mcc_setting` VALUES ('3817', '0', 'config', 'config_youzan_appsecret', '5', '0');
INSERT INTO `mcc_setting` VALUES ('3816', '0', 'config', 'config_youzan_appid', '4', '0');
INSERT INTO `mcc_setting` VALUES ('3815', '0', 'config', 'config_weidian_secret', '3', '0');
INSERT INTO `mcc_setting` VALUES ('3808', '0', 'config', 'config_file_ext_allowed', 'php\r\nzip\r\ntxt\r\npng\r\njpe\r\njpeg\r\njpg\r\ngif\r\nbmp\r\nico\r\ntiff\r\ntif\r\nsvg\r\nsvgz\r\nzip\r\nrar\r\nmsi\r\ncab\r\nmp3\r\nqt\r\nmov\r\npdf\r\npsd\r\nai\r\neps\r\nps\r\ndoc', '0');
INSERT INTO `mcc_setting` VALUES ('3809', '0', 'config', 'config_file_mime_allowed', 'application/octet-stream\r\ntext/plain\r\nimage/png\r\nimage/jpeg\r\nimage/gif\r\nimage/bmp\r\nimage/tiff\r\nimage/svg+xml\r\napplication/zip\r\n&quot;application/zip&quot;\r\napplication/x-zip\r\n&quot;application/x-zip&quot;\r\napplication/x-zip-compressed\r\n&quot;application/x-zip-compressed&quot;\r\napplication/rar\r\n&quot;application/rar&quot;\r\napplication/x-rar\r\n&quot;application/x-rar&quot;\r\napplication/x-rar-compressed\r\n&quot;application/x-rar-compressed&quot;\r\napplication/octet-stream\r\n&quot;application/octet-stream&quot;\r\naudio/mpeg\r\nvideo/quicktime\r\napplication/pdf', '0');
INSERT INTO `mcc_setting` VALUES ('3810', '0', 'config', 'config_error_display', '1', '0');
INSERT INTO `mcc_setting` VALUES ('3811', '0', 'config', 'config_error_log', '1', '0');
INSERT INTO `mcc_setting` VALUES ('3812', '0', 'config', 'config_error_filename', 'error.log', '0');
INSERT INTO `mcc_setting` VALUES ('3813', '0', 'config', 'config_baidu_api', '1', '0');
INSERT INTO `mcc_setting` VALUES ('3814', '0', 'config', 'config_weidian_appkey', '2', '0');
INSERT INTO `mcc_setting` VALUES ('3807', '0', 'config', 'config_file_max_size', '300000', '0');
INSERT INTO `mcc_setting` VALUES ('3799', '0', 'config', 'config_maintenance', '0', '0');
INSERT INTO `mcc_setting` VALUES ('3800', '0', 'config', 'config_seo_url', '0', '0');
INSERT INTO `mcc_setting` VALUES ('3801', '0', 'config', 'config_robots', 'abot\r\ndbot\r\nebot\r\nhbot\r\nkbot\r\nlbot\r\nmbot\r\nnbot\r\nobot\r\npbot\r\nrbot\r\nsbot\r\ntbot\r\nvbot\r\nybot\r\nzbot\r\nbot.\r\nbot/\r\n_bot\r\n.bot\r\n/bot\r\n-bot\r\n:bot\r\n(bot\r\ncrawl\r\nslurp\r\nspider\r\nseek\r\naccoona\r\nacoon\r\nadressendeutschland\r\nah-ha.com\r\nahoy\r\naltavista\r\nananzi\r\nanthill\r\nappie\r\narachnophilia\r\narale\r\naraneo\r\naranha\r\narchitext\r\naretha\r\narks\r\nasterias\r\natlocal\r\natn\r\natomz\r\naugurfind\r\nbackrub\r\nbannana_bot\r\nbaypup\r\nbdfetch\r\nbig brother\r\nbiglotron\r\nbjaaland\r\nblackwidow\r\nblaiz\r\nblog\r\nblo.\r\nbloodhound\r\nboitho\r\nbooch\r\nbradley\r\nbutterfly\r\ncalif\r\ncassandra\r\nccubee\r\ncfetch\r\ncharlotte\r\nchurl\r\ncienciaficcion\r\ncmc\r\ncollective\r\ncomagent\r\ncombine\r\ncomputingsite\r\ncsci\r\ncurl\r\ncusco\r\ndaumoa\r\ndeepindex\r\ndelorie\r\ndepspid\r\ndeweb\r\ndie blinde kuh\r\ndigger\r\nditto\r\ndmoz\r\ndocomo\r\ndownload express\r\ndtaagent\r\ndwcp\r\nebiness\r\nebingbong\r\ne-collector\r\nejupiter\r\nemacs-w3 search engine\r\nesther\r\nevliya celebi\r\nezresult\r\nfalcon\r\nfelix ide\r\nferret\r\nfetchrover\r\nfido\r\nfindlinks\r\nfireball\r\nfish search\r\nfouineur\r\nfunnelweb\r\ngazz\r\ngcreep\r\ngenieknows\r\ngetterroboplus\r\ngeturl\r\nglx\r\ngoforit\r\ngolem\r\ngrabber\r\ngrapnel\r\ngralon\r\ngriffon\r\ngromit\r\ngrub\r\ngulliver\r\nhamahakki\r\nharvest\r\nhavindex\r\nhelix\r\nheritrix\r\nhku www octopus\r\nhomerweb\r\nhtdig\r\nhtml index\r\nhtml_analyzer\r\nhtmlgobble\r\nhubater\r\nhyper-decontextualizer\r\nia_archiver\r\nibm_planetwide\r\nichiro\r\niconsurf\r\niltrovatore\r\nimage.kapsi.net\r\nimagelock\r\nincywincy\r\nindexer\r\ninfobee\r\ninformant\r\ningrid\r\ninktomisearch.com\r\ninspector web\r\nintelliagent\r\ninternet shinchakubin\r\nip3000\r\niron33\r\nisraeli-search\r\nivia\r\njack\r\njakarta\r\njavabee\r\njetbot\r\njumpstation\r\nkatipo\r\nkdd-explorer\r\nkilroy\r\nknowledge\r\nkototoi\r\nkretrieve\r\nlabelgrabber\r\nlachesis\r\nlarbin\r\nlegs\r\nlibwww\r\nlinkalarm\r\nlink validator\r\nlinkscan\r\nlockon\r\nlwp\r\nlycos\r\nmagpie\r\nmantraagent\r\nmapoftheinternet\r\nmarvin/\r\nmattie\r\nmediafox\r\nmediapartners\r\nmercator\r\nmerzscope\r\nmicrosoft url control\r\nminirank\r\nmiva\r\nmj12\r\nmnogosearch\r\nmoget\r\nmonster\r\nmoose\r\nmotor\r\nmultitext\r\nmuncher\r\nmuscatferret\r\nmwd.search\r\nmyweb\r\nnajdi\r\nnameprotect\r\nnationaldirectory\r\nnazilla\r\nncsa beta\r\nnec-meshexplorer\r\nnederland.zoek\r\nnetcarta webmap engine\r\nnetmechanic\r\nnetresearchserver\r\nnetscoop\r\nnewscan-online\r\nnhse\r\nnokia6682/\r\nnomad\r\nnoyona\r\nnutch\r\nnzexplorer\r\nobjectssearch\r\noccam\r\nomni\r\nopen text\r\nopenfind\r\nopenintelligencedata\r\norb search\r\nosis-project\r\npack rat\r\npageboy\r\npagebull\r\npage_verifier\r\npanscient\r\nparasite\r\npartnersite\r\npatric\r\npear.\r\npegasus\r\nperegrinator\r\npgp key agent\r\nphantom\r\nphpdig\r\npicosearch\r\npiltdownman\r\npimptrain\r\npinpoint\r\npioneer\r\npiranha\r\nplumtreewebaccessor\r\npogodak\r\npoirot\r\npompos\r\npoppelsdorf\r\npoppi\r\npopular iconoclast\r\npsycheclone\r\npublisher\r\npython\r\nrambler\r\nraven search\r\nroach\r\nroad runner\r\nroadhouse\r\nrobbie\r\nrobofox\r\nrobozilla\r\nrules\r\nsalty\r\nsbider\r\nscooter\r\nscoutjet\r\nscrubby\r\nsearch.\r\nsearchprocess\r\nsemanticdiscovery\r\nsenrigan\r\nsg-scout\r\nshai\'hulud\r\nshark\r\nshopwiki\r\nsidewinder\r\nsift\r\nsilk\r\nsimmany\r\nsite searcher\r\nsite valet\r\nsitetech-rover\r\nskymob.com\r\nsleek\r\nsmartwit\r\nsna-\r\nsnappy\r\nsnooper\r\nsohu\r\nspeedfind\r\nsphere\r\nsphider\r\nspinner\r\nspyder\r\nsteeler/\r\nsuke\r\nsuntek\r\nsupersnooper\r\nsurfnomore\r\nsven\r\nsygol\r\nszukacz\r\ntach black widow\r\ntarantula\r\ntempleton\r\n/teoma\r\nt-h-u-n-d-e-r-s-t-o-n-e\r\ntheophrastus\r\ntitan\r\ntitin\r\ntkwww\r\ntoutatis\r\nt-rex\r\ntutorgig\r\ntwiceler\r\ntwisted\r\nucsd\r\nudmsearch\r\nurl check\r\nupdated\r\nvagabondo\r\nvalkyrie\r\nverticrawl\r\nvictoria\r\nvision-search\r\nvolcano\r\nvoyager/\r\nvoyager-hc\r\nw3c_validator\r\nw3m2\r\nw3mir\r\nwalker\r\nwallpaper\r\nwanderer\r\nwauuu\r\nwavefire\r\nweb core\r\nweb hopper\r\nweb wombat\r\nwebbandit\r\nwebcatcher\r\nwebcopy\r\nwebfoot\r\nweblayers\r\nweblinker\r\nweblog monitor\r\nwebmirror\r\nwebmonkey\r\nwebquest\r\nwebreaper\r\nwebsitepulse\r\nwebsnarf\r\nwebstolperer\r\nwebvac\r\nwebwalk\r\nwebwatch\r\nwebwombat\r\nwebzinger\r\nwhizbang\r\nwhowhere\r\nwild ferret\r\nworldlight\r\nwwwc\r\nwwwster\r\nxenu\r\nxget\r\nxift\r\nxirq\r\nyandex\r\nyanga\r\nyeti\r\nyodao\r\nzao\r\nzippp\r\nzyborg', '0');
INSERT INTO `mcc_setting` VALUES ('1583', '0', 'basic_captcha', 'basic_captcha_status', '1', '0');
INSERT INTO `mcc_setting` VALUES ('2996', '0', 'cod', 'cod_status', '0', '0');
INSERT INTO `mcc_setting` VALUES ('2995', '0', 'cod', 'cod_geo_zone_id', '0', '0');
INSERT INTO `mcc_setting` VALUES ('2994', '0', 'cod', 'cod_order_status_id', '2', '0');
INSERT INTO `mcc_setting` VALUES ('3089', '0', 'flat', 'flat_status', '1', '0');
INSERT INTO `mcc_setting` VALUES ('3088', '0', 'flat', 'flat_geo_zone_id', '0', '0');
INSERT INTO `mcc_setting` VALUES ('3087', '0', 'flat', 'flat_tax_class_id', '0', '0');
INSERT INTO `mcc_setting` VALUES ('3086', '0', 'flat', 'flat_cost', '12', '0');
INSERT INTO `mcc_setting` VALUES ('2993', '0', 'cod', 'cod_total', '0.01', '0');
INSERT INTO `mcc_setting` VALUES ('1824', '0', 'free_checkout', 'free_checkout_status', '1', '0');
INSERT INTO `mcc_setting` VALUES ('1823', '0', 'free_checkout', 'free_checkout_order_status_id', '2', '0');
INSERT INTO `mcc_setting` VALUES ('135', '0', 'precharge', 'precharge_total', '0.01', '0');
INSERT INTO `mcc_setting` VALUES ('136', '0', 'precharge', 'precharge_order_status_id', '2', '0');
INSERT INTO `mcc_setting` VALUES ('137', '0', 'precharge', 'precharge_geo_zone_id', '0', '0');
INSERT INTO `mcc_setting` VALUES ('138', '0', 'precharge', 'precharge_status', '1', '0');
INSERT INTO `mcc_setting` VALUES ('139', '0', 'precharge', 'precharge_sort_order', '', '0');
INSERT INTO `mcc_setting` VALUES ('145', '0', 'coupon', 'coupon_sort_order', '4', '0');
INSERT INTO `mcc_setting` VALUES ('144', '0', 'coupon', 'coupon_status', '1', '0');
INSERT INTO `mcc_setting` VALUES ('147', '0', 'credit', 'credit_sort_order', '7', '0');
INSERT INTO `mcc_setting` VALUES ('146', '0', 'credit', 'credit_status', '1', '0');
INSERT INTO `mcc_setting` VALUES ('148', '0', 'reward', 'reward_status', '1', '0');
INSERT INTO `mcc_setting` VALUES ('149', '0', 'reward', 'reward_sort_order', '2', '0');
INSERT INTO `mcc_setting` VALUES ('150', '0', 'shipping', 'shipping_estimator', '1', '0');
INSERT INTO `mcc_setting` VALUES ('151', '0', 'shipping', 'shipping_status', '1', '0');
INSERT INTO `mcc_setting` VALUES ('152', '0', 'shipping', 'shipping_sort_order', '3', '0');
INSERT INTO `mcc_setting` VALUES ('153', '0', 'sub_total', 'sub_total_status', '1', '0');
INSERT INTO `mcc_setting` VALUES ('154', '0', 'sub_total', 'sub_total_sort_order', '1', '0');
INSERT INTO `mcc_setting` VALUES ('155', '0', 'tax', 'tax_status', '1', '0');
INSERT INTO `mcc_setting` VALUES ('156', '0', 'tax', 'tax_sort_order', '5', '0');
INSERT INTO `mcc_setting` VALUES ('157', '0', 'total', 'total_status', '1', '0');
INSERT INTO `mcc_setting` VALUES ('158', '0', 'total', 'total_sort_order', '9', '0');
INSERT INTO `mcc_setting` VALUES ('159', '0', 'voucher', 'voucher_status', '1', '0');
INSERT INTO `mcc_setting` VALUES ('160', '0', 'voucher', 'voucher_sort_order', '8', '0');
INSERT INTO `mcc_setting` VALUES ('161', '0', 'youzan', 'youzan_appid', '79f376e99d1f0cf2cf', '0');
INSERT INTO `mcc_setting` VALUES ('162', '0', 'youzan', 'youzan_appsecret', 'dd960bafcd962a2e3381ca830d3cdf01', '0');
INSERT INTO `mcc_setting` VALUES ('3802', '0', 'config', 'config_compression', '0', '0');
INSERT INTO `mcc_setting` VALUES ('3803', '0', 'config', 'config_secure', '0', '0');
INSERT INTO `mcc_setting` VALUES ('3804', '0', 'config', 'config_password', '1', '0');
INSERT INTO `mcc_setting` VALUES ('3805', '0', 'config', 'config_shared', '0', '0');
INSERT INTO `mcc_setting` VALUES ('3806', '0', 'config', 'config_encryption', 'afNYlBZRWHrbHEWZNxqF1JW3YaMhFUGB4Nh6ambJ0gPV9MdSvxVfmAA2v4EXZDNjeSPzUCiLnBmymlfX39WMIRQUDebiVimkqi8NuiZEF2670OfshcP3G6CBzJAc9ggeUpJUuuz5DTriLEXix82LmWxl0OtXvGrlw5fFy0VRGgOZrSPsFur0WD1A1o6UxukXbaTk3cHiykdk7SeiOTRcWKeUq8WIXO0wxOtGFahSSHBKEbZOTRrHQpYMdF8LP1YPvmxvpviUmbkO71sKRntuOilZnhfiNcHSwltTWbELOOPj8MNzjaFnlq2fgu6ne7YuQ8ObM6FXr3yN8jYz0MkPwJOPdvrBbI3OUJ3dI9CGxbJj6tJ9NpBDF7Z27A1tMLCPj4BJ8tiEUjTKMQfIhpdBwMlVKzQmctS7nQtxhiRzNl0KbI7KP2JqQRT8DkitszTBzM9UzGUTwc2cvVfo0RNYnVh7nZzALFeciRtkXSovPYBbS59F4uv824nrsD7xhfBGeD5GURGElDeyrmQnGW4VOfcFGYYtmFlD8IWEcpo5FyaBcOMPfPA2Sl5qegh2z2INA6pHFtG3eHcWnTbg1AXM2ggym1e7Ad0ZUEDF2zeZAwSspX07NfpBoZC7IgPknia4I1ELauESCoLSp6eL0Xfyw4RJPpAMVaG4UodVYpwCyueTPvBVZMWLPoJczKBMpWI7U7oo7EXJOendEV6sZ969G0t8MH8Wcsqet8IUbhd72ojJ4uHIHacRmvuiPnKeKtX5cvUHuqRGQNLByXy55q8Mfmw2v4NM2Q3LIqa7mudFbrVTZBWhYJNenJpWYR6fwDt9GpUeIqWmC2J3C6FYBtwyxMzjEETZFNykSweUEKOeOJeIzGwmUJAUtL1iP07K7bwgC83bGNz8ufGXFcQBpHrMB7YpvlqEEbywwmaQrfrjxnBf4Hj3TufVTgtZdDYTg99zKwwZ07LZbbuPGZocNplpo7RHwH1EVmm7MVXt5ziVtLM2X6n3nFZMUFpLndGTAjeh', '0');
INSERT INTO `mcc_setting` VALUES ('1813', '0', 'cms_faq', 'cms_faq_seo_keyword', 'faq', '0');
INSERT INTO `mcc_setting` VALUES ('1247', '0', 'cms_blog', 'cms_blog_comment_length', '20', '0');
INSERT INTO `mcc_setting` VALUES ('1246', '0', 'cms_blog', 'cms_blog_brief_length', '200', '0');
INSERT INTO `mcc_setting` VALUES ('1245', '0', 'cms_blog', 'cms_blog_show_need_login_to_comment', '0', '0');
INSERT INTO `mcc_setting` VALUES ('1244', '0', 'cms_blog', 'cms_blog_show_recaptcha', '1', '0');
INSERT INTO `mcc_setting` VALUES ('1243', '0', 'cms_blog', 'cms_blog_comment_email', '0', '0');
INSERT INTO `mcc_setting` VALUES ('1242', '0', 'cms_blog', 'cms_blog_show_auto_publish_comment', '1', '0');
INSERT INTO `mcc_setting` VALUES ('1241', '0', 'cms_blog', 'cms_blog_show_comment_form', '1', '0');
INSERT INTO `mcc_setting` VALUES ('1240', '0', 'cms_blog', 'cms_blog_show_comment_counter', '1', '0');
INSERT INTO `mcc_setting` VALUES ('1239', '0', 'cms_blog', 'cms_blog_show_hits', '1', '0');
INSERT INTO `mcc_setting` VALUES ('1238', '0', 'cms_blog', 'cms_blog_show_created_date', '1', '0');
INSERT INTO `mcc_setting` VALUES ('1237', '0', 'cms_blog', 'cms_blog_show_blog_related', '1', '0');
INSERT INTO `mcc_setting` VALUES ('1236', '0', 'cms_blog', 'cms_blog_show_product_related', '1', '0');
INSERT INTO `mcc_setting` VALUES ('1235', '0', 'cms_blog', 'cms_blog_show_author', '1', '0');
INSERT INTO `mcc_setting` VALUES ('1234', '0', 'cms_blog', 'cms_blog_show_image', '1', '0');
INSERT INTO `mcc_setting` VALUES ('1233', '0', 'cms_blog', 'cms_blog_show_title', '1', '0');
INSERT INTO `mcc_setting` VALUES ('1232', '0', 'cms_blog', 'cms_blog_image_type', 'l', '0');
INSERT INTO `mcc_setting` VALUES ('1230', '0', 'cms_blog', 'cms_blog_category_page_show_hits', '1', '0');
INSERT INTO `mcc_setting` VALUES ('1231', '0', 'cms_blog', 'cms_blog_category_page_show_comment_counter', '1', '0');
INSERT INTO `mcc_setting` VALUES ('1229', '0', 'cms_blog', 'cms_blog_category_page_show_created_date', '1', '0');
INSERT INTO `mcc_setting` VALUES ('1228', '0', 'cms_blog', 'cms_blog_category_page_show_author', '1', '0');
INSERT INTO `mcc_setting` VALUES ('1227', '0', 'cms_blog', 'cms_blog_category_page_show_image', '1', '0');
INSERT INTO `mcc_setting` VALUES ('1226', '0', 'cms_blog', 'cms_blog_category_page_show_readmore', '1', '0');
INSERT INTO `mcc_setting` VALUES ('1225', '0', 'cms_blog', 'cms_blog_category_page_show_brief', '1', '0');
INSERT INTO `mcc_setting` VALUES ('1224', '0', 'cms_blog', 'cms_blog_category_page_show_title', '1', '0');
INSERT INTO `mcc_setting` VALUES ('1223', '0', 'cms_blog', 'cms_blog_items_per_page', '10', '0');
INSERT INTO `mcc_setting` VALUES ('1222', '0', 'cms_blog', 'cms_blog_small_image_height', '80', '0');
INSERT INTO `mcc_setting` VALUES ('1221', '0', 'cms_blog', 'cms_blog_small_image_width', '80', '0');
INSERT INTO `mcc_setting` VALUES ('1220', '0', 'cms_blog', 'cms_blog_middle_image_height', '250', '0');
INSERT INTO `mcc_setting` VALUES ('1215', '0', 'cms_blog', 'cms_blog_description', '{\"1\":{\"title\":\"MyCnCart\\u535a\\u5ba2\",\"meta_title\":\"MyCnCart\\u535a\\u5ba2\",\"meta_description\":\"MyCnCart\\u535a\\u5ba2\",\"meta_keyword\":\"MyCnCart\\u535a\\u5ba2\"},\"2\":{\"title\":\"MyCnCart Blog\",\"meta_title\":\"MyCnCart Blog\",\"meta_description\":\"MyCnCart Blog\",\"meta_keyword\":\"MyCnCart Blog\"},\"3\":{\"title\":\"MyCnCart\\u535a\\u5ba2\",\"meta_title\":\"MyCnCart\\u535a\\u5ba2\",\"meta_description\":\"MyCnCart\\u535a\\u5ba2\",\"meta_keyword\":\"MyCnCart\\u535a\\u5ba2\"}}', '1');
INSERT INTO `mcc_setting` VALUES ('511', '0', 'category', 'category_status', '1', '0');
INSERT INTO `mcc_setting` VALUES ('891', '0', 'blog_category', 'blog_category_status', '1', '0');
INSERT INTO `mcc_setting` VALUES ('3798', '0', 'config', 'config_mail_alert', '', '0');
INSERT INTO `mcc_setting` VALUES ('3797', '0', 'config', 'config_mail_smtp_timeout', '5', '0');
INSERT INTO `mcc_setting` VALUES ('3796', '0', 'config', 'config_mail_smtp_port', '25', '0');
INSERT INTO `mcc_setting` VALUES ('3795', '0', 'config', 'config_mail_smtp_password', '', '0');
INSERT INTO `mcc_setting` VALUES ('3794', '0', 'config', 'config_mail_smtp_username', '', '0');
INSERT INTO `mcc_setting` VALUES ('3793', '0', 'config', 'config_mail_smtp_hostname', '', '0');
INSERT INTO `mcc_setting` VALUES ('3790', '0', 'config', 'config_ftp_status', '0', '0');
INSERT INTO `mcc_setting` VALUES ('3791', '0', 'config', 'config_mail_protocol', 'mail', '0');
INSERT INTO `mcc_setting` VALUES ('3792', '0', 'config', 'config_mail_parameter', '', '0');
INSERT INTO `mcc_setting` VALUES ('1219', '0', 'cms_blog', 'cms_blog_middle_image_width', '250', '0');
INSERT INTO `mcc_setting` VALUES ('1218', '0', 'cms_blog', 'cms_blog_large_image_height', '300', '0');
INSERT INTO `mcc_setting` VALUES ('843', '0', 'blog_search', 'blog_search_status', '1', '0');
INSERT INTO `mcc_setting` VALUES ('1811', '0', 'cms_press', 'cms_press_items_per_page', '10', '0');
INSERT INTO `mcc_setting` VALUES ('2479', '0', 'paydollar', 'paydollar_voided_status_id', '16', '0');
INSERT INTO `mcc_setting` VALUES ('2478', '0', 'paydollar', 'paydollar_failed_status_id', '10', '0');
INSERT INTO `mcc_setting` VALUES ('2477', '0', 'paydollar', 'paydollar_completed_status_id', '2', '0');
INSERT INTO `mcc_setting` VALUES ('2476', '0', 'paydollar', 'paydollar_status', '0', '0');
INSERT INTO `mcc_setting` VALUES ('2475', '0', 'paydollar', 'paydollar_geo_zone_id', '0', '0');
INSERT INTO `mcc_setting` VALUES ('2474', '0', 'paydollar', 'paydollar_sort_order', '1', '0');
INSERT INTO `mcc_setting` VALUES ('2473', '0', 'paydollar', 'paydollar_total', '0.01', '0');
INSERT INTO `mcc_setting` VALUES ('2472', '0', 'paydollar', 'paydollar_paymethod', 'ALL', '0');
INSERT INTO `mcc_setting` VALUES ('2471', '0', 'paydollar', 'paydollar_mpsmode', 'NIL', '0');
INSERT INTO `mcc_setting` VALUES ('2470', '0', 'paydollar', 'paydollar_paytype', 'N', '0');
INSERT INTO `mcc_setting` VALUES ('2469', '0', 'paydollar', 'paydollar_debug', '1', '0');
INSERT INTO `mcc_setting` VALUES ('2468', '0', 'paydollar', 'paydollar_test', '0', '0');
INSERT INTO `mcc_setting` VALUES ('2467', '0', 'paydollar', 'paydollar_securehash', '', '0');
INSERT INTO `mcc_setting` VALUES ('2466', '0', 'paydollar', 'paydollar_merchantid', 'testmerchant', '0');
INSERT INTO `mcc_setting` VALUES ('1812', '0', 'cms_faq', 'cms_faq_description', '{\"1\":{\"title\":\"\\u5e38\\u89c1\\u95ee\\u9898\\u4e0e\\u89e3\\u7b54\",\"meta_title\":\"\\u5e38\\u89c1\\u95ee\\u9898\\u4e0e\\u89e3\\u7b54\",\"meta_description\":\"\\u5e38\\u89c1\\u95ee\\u9898\\u4e0e\\u89e3\\u7b54\",\"meta_keyword\":\"\\u5e38\\u89c1\\u95ee\\u9898\\u4e0e\\u89e3\\u7b54\"},\"2\":{\"title\":\"\\u5e38\\u89c1\\u95ee\\u9898\\u4e0e\\u89e3\\u7b54\",\"meta_title\":\"\\u5e38\\u89c1\\u95ee\\u9898\\u4e0e\\u89e3\\u7b54\",\"meta_description\":\"\\u5e38\\u89c1\\u95ee\\u9898\\u4e0e\\u89e3\\u7b54\",\"meta_keyword\":\"\\u5e38\\u89c1\\u95ee\\u9898\\u4e0e\\u89e3\\u7b54\"},\"3\":{\"title\":\"\\u5e38\\u89c1\\u95ee\\u9898\\u4e0e\\u89e3\\u7b54\",\"meta_title\":\"\\u5e38\\u89c1\\u95ee\\u9898\\u4e0e\\u89e3\\u7b54\",\"meta_description\":\"\\u5e38\\u89c1\\u95ee\\u9898\\u4e0e\\u89e3\\u7b54\",\"meta_keyword\":\"\\u5e38\\u89c1\\u95ee\\u9898\\u4e0e\\u89e3\\u7b54\"}}', '1');
INSERT INTO `mcc_setting` VALUES ('896', '0', 'faq_category', 'faq_category_status', '1', '0');
INSERT INTO `mcc_setting` VALUES ('3789', '0', 'config', 'config_ftp_root', '', '0');
INSERT INTO `mcc_setting` VALUES ('3788', '0', 'config', 'config_ftp_password', '', '0');
INSERT INTO `mcc_setting` VALUES ('3004', '0', 'wxpay', 'wxpay_geo_zone_id', '0', '0');
INSERT INTO `mcc_setting` VALUES ('3003', '0', 'wxpay', 'wxpay_sort_order', '', '0');
INSERT INTO `mcc_setting` VALUES ('3002', '0', 'wxpay', 'wxpay_total', '0.01', '0');
INSERT INTO `mcc_setting` VALUES ('3001', '0', 'wxpay', 'wxpay_appsecret', 'bf53cf4ca96f227aaee08398a83f847c', '0');
INSERT INTO `mcc_setting` VALUES ('3000', '0', 'wxpay', 'wxpay_key', 'keyEDGadmin2015cptbtptpbcptdtptp', '0');
INSERT INTO `mcc_setting` VALUES ('2999', '0', 'wxpay', 'wxpay_appid', 'wx22dc33341e6ca174', '0');
INSERT INTO `mcc_setting` VALUES ('2998', '0', 'wxpay', 'wxpay_mchid', '1326301701', '0');
INSERT INTO `mcc_setting` VALUES ('3787', '0', 'config', 'config_ftp_username', '', '0');
INSERT INTO `mcc_setting` VALUES ('1216', '0', 'cms_blog', 'cms_blog_seo_keyword', 'blog', '0');
INSERT INTO `mcc_setting` VALUES ('1217', '0', 'cms_blog', 'cms_blog_large_image_width', '620', '0');
INSERT INTO `mcc_setting` VALUES ('1809', '0', 'cms_press', 'cms_press_seo_keyword', 'press', '0');
INSERT INTO `mcc_setting` VALUES ('1810', '0', 'cms_press', 'cms_press_brief_length', '50', '0');
INSERT INTO `mcc_setting` VALUES ('1808', '0', 'cms_press', 'cms_press_description', '{\"1\":{\"title\":\"MyCnCart \\u65b0\\u95fb\",\"meta_title\":\"MyCnCart \\u65b0\\u95fb\",\"meta_description\":\"MyCnCart \\u65b0\\u95fb\",\"meta_keyword\":\"MyCnCart \\u65b0\\u95fb\"},\"2\":{\"title\":\"MyCnCart Press\",\"meta_title\":\"MyCnCart Press\",\"meta_description\":\"MyCnCart Press\",\"meta_keyword\":\"MyCnCart Press\"},\"3\":{\"title\":\"MyCnCart \\u65b0\\u805e\",\"meta_title\":\"MyCnCart \\u65b0\\u805e\",\"meta_description\":\"MyCnCart \\u65b0\\u805e\",\"meta_keyword\":\"MyCnCart \\u65b0\\u805e\"}}', '1');
INSERT INTO `mcc_setting` VALUES ('3823', '0', 'theme_default', 'theme_default_image_category_height', '80', '0');
INSERT INTO `mcc_setting` VALUES ('3822', '0', 'theme_default', 'theme_default_image_category_width', '80', '0');
INSERT INTO `mcc_setting` VALUES ('3821', '0', 'theme_default', 'theme_default_product_description_length', '100', '0');
INSERT INTO `mcc_setting` VALUES ('3820', '0', 'theme_default', 'theme_default_product_limit', '15', '0');
INSERT INTO `mcc_setting` VALUES ('3819', '0', 'theme_default', 'theme_default_status', '1', '0');
INSERT INTO `mcc_setting` VALUES ('3818', '0', 'theme_default', 'theme_default_directory', 'default', '0');
INSERT INTO `mcc_setting` VALUES ('2460', '0', 'bank_transfer', 'bank_transfer_bank3', '測試信息', '0');
INSERT INTO `mcc_setting` VALUES ('2459', '0', 'bank_transfer', 'bank_transfer_bank2', 'Testing Info', '0');
INSERT INTO `mcc_setting` VALUES ('2458', '0', 'bank_transfer', 'bank_transfer_bank1', '测试信息', '0');
INSERT INTO `mcc_setting` VALUES ('1825', '0', 'free_checkout', 'free_checkout_sort_order', '2', '0');
INSERT INTO `mcc_setting` VALUES ('3785', '0', 'config', 'config_ftp_hostname', 'localhost', '0');
INSERT INTO `mcc_setting` VALUES ('3786', '0', 'config', 'config_ftp_port', '21', '0');
INSERT INTO `mcc_setting` VALUES ('3783', '0', 'config', 'config_logo', 'catalog/edg_logo.png', '0');
INSERT INTO `mcc_setting` VALUES ('3784', '0', 'config', 'config_icon', 'catalog/cart.png', '0');
INSERT INTO `mcc_setting` VALUES ('3782', '0', 'config', 'config_captcha', 'basic_captcha', '0');
INSERT INTO `mcc_setting` VALUES ('3780', '0', 'config', 'config_return_id', '0', '0');
INSERT INTO `mcc_setting` VALUES ('3781', '0', 'config', 'config_return_status_id', '2', '0');
INSERT INTO `mcc_setting` VALUES ('3779', '0', 'config', 'config_affiliate_mail', '0', '0');
INSERT INTO `mcc_setting` VALUES ('3778', '0', 'config', 'config_affiliate_id', '4', '0');
INSERT INTO `mcc_setting` VALUES ('3777', '0', 'config', 'config_affiliate_commission', '5', '0');
INSERT INTO `mcc_setting` VALUES ('3776', '0', 'config', 'config_affiliate_auto', '0', '0');
INSERT INTO `mcc_setting` VALUES ('3775', '0', 'config', 'config_affiliate_approval', '1', '0');
INSERT INTO `mcc_setting` VALUES ('3774', '0', 'config', 'config_stock_checkout', '0', '0');
INSERT INTO `mcc_setting` VALUES ('3773', '0', 'config', 'config_stock_warning', '1', '0');
INSERT INTO `mcc_setting` VALUES ('3772', '0', 'config', 'config_stock_display', '1', '0');
INSERT INTO `mcc_setting` VALUES ('3771', '0', 'config', 'config_api_id', '1', '0');
INSERT INTO `mcc_setting` VALUES ('3770', '0', 'config', 'config_order_mail', '0', '0');
INSERT INTO `mcc_setting` VALUES ('3769', '0', 'config', 'config_fraud_status_id', '7', '0');
INSERT INTO `mcc_setting` VALUES ('3768', '0', 'config', 'config_complete_status', '[\"5\",\"3\"]', '1');
INSERT INTO `mcc_setting` VALUES ('3767', '0', 'config', 'config_processing_status', '[\"17\",\"2\",\"5\",\"3\"]', '1');
INSERT INTO `mcc_setting` VALUES ('3766', '0', 'config', 'config_order_status_id', '1', '0');
INSERT INTO `mcc_setting` VALUES ('3765', '0', 'config', 'config_checkout_id', '5', '0');
INSERT INTO `mcc_setting` VALUES ('3764', '0', 'config', 'config_checkout_guest', '0', '0');
INSERT INTO `mcc_setting` VALUES ('3763', '0', 'config', 'config_cart_weight', '0', '0');
INSERT INTO `mcc_setting` VALUES ('3762', '0', 'config', 'config_invoice_prefix', 'INV-1000', '0');
INSERT INTO `mcc_setting` VALUES ('3761', '0', 'config', 'config_account_mail', '1', '0');
INSERT INTO `mcc_setting` VALUES ('3760', '0', 'config', 'config_account_id', '3', '0');
INSERT INTO `mcc_setting` VALUES ('3759', '0', 'config', 'config_login_attempts', '5', '0');
INSERT INTO `mcc_setting` VALUES ('3758', '0', 'config', 'config_customer_price', '0', '0');
INSERT INTO `mcc_setting` VALUES ('3757', '0', 'config', 'config_customer_group_display', '[\"1\"]', '1');
INSERT INTO `mcc_setting` VALUES ('3756', '0', 'config', 'config_customer_group_id', '1', '0');
INSERT INTO `mcc_setting` VALUES ('3755', '0', 'config', 'config_customer_online', '0', '0');
INSERT INTO `mcc_setting` VALUES ('3754', '0', 'config', 'config_tax_customer', '', '0');
INSERT INTO `mcc_setting` VALUES ('3753', '0', 'config', 'config_tax_default', '', '0');
INSERT INTO `mcc_setting` VALUES ('3752', '0', 'config', 'config_tax', '0', '0');
INSERT INTO `mcc_setting` VALUES ('3077', '0', 'alipay_direct', 'alipay_direct_trade_success_status_id', '17', '0');
INSERT INTO `mcc_setting` VALUES ('3075', '0', 'alipay_direct', 'alipay_direct_log', '1', '0');
INSERT INTO `mcc_setting` VALUES ('3074', '0', 'alipay_direct', 'alipay_direct_status', '1', '0');
INSERT INTO `mcc_setting` VALUES ('3073', '0', 'alipay_direct', 'alipay_direct_geo_zone_id', '0', '0');
INSERT INTO `mcc_setting` VALUES ('3072', '0', 'alipay_direct', 'alipay_direct_sort_order', '', '0');
INSERT INTO `mcc_setting` VALUES ('3070', '0', 'alipay_direct', 'alipay_direct_security_code', 'xxxxxxxxxxxxxxxxxxxxxxxx', '0');
INSERT INTO `mcc_setting` VALUES ('3071', '0', 'alipay_direct', 'alipay_direct_total', '0.01', '0');
INSERT INTO `mcc_setting` VALUES ('3037', '0', 'qrcode_wxpay', 'qrcode_wxpay_trade_success_status_id', '17', '0');
INSERT INTO `mcc_setting` VALUES ('3036', '0', 'qrcode_wxpay', 'qrcode_wxpay_log', '1', '0');
INSERT INTO `mcc_setting` VALUES ('3035', '0', 'qrcode_wxpay', 'qrcode_wxpay_status', '1', '0');
INSERT INTO `mcc_setting` VALUES ('3033', '0', 'qrcode_wxpay', 'qrcode_wxpay_sort_order', '', '0');
INSERT INTO `mcc_setting` VALUES ('3034', '0', 'qrcode_wxpay', 'qrcode_wxpay_geo_zone_id', '0', '0');
INSERT INTO `mcc_setting` VALUES ('3031', '0', 'qrcode_wxpay', 'qrcode_wxpay_appsecret', 'bf53cf4ca96f227aaee08398a83f847c', '0');
INSERT INTO `mcc_setting` VALUES ('3032', '0', 'qrcode_wxpay', 'qrcode_wxpay_total', '0.01', '0');
INSERT INTO `mcc_setting` VALUES ('3849', '0', 'upop', 'upop_pm_business_key', '', '0');
INSERT INTO `mcc_setting` VALUES ('3844', '0', 'upop', 'upop_business_name', '商户名称', '0');
INSERT INTO `mcc_setting` VALUES ('3845', '0', 'upop', 'upop_environment_type', '0', '0');
INSERT INTO `mcc_setting` VALUES ('3846', '0', 'upop', 'upop_test_business_account', '105550149170027', '0');
INSERT INTO `mcc_setting` VALUES ('3847', '0', 'upop', 'upop_test_business_key', '88888888', '0');
INSERT INTO `mcc_setting` VALUES ('3848', '0', 'upop', 'upop_pm_business_account', '', '0');
INSERT INTO `mcc_setting` VALUES ('3843', '0', 'upop', 'upop_pay_desc', '银联在线支付是中国银联推出的网上支付平台，支持多家发卡银行，涵盖借记卡和信用卡等，包含认证支付、快捷支付和网银支付多种方式，其中认证和快捷支付无需开通网银，仅需一张银行卡，即可享受安全、快捷的网上支付服务！', '0');
INSERT INTO `mcc_setting` VALUES ('3842', '0', 'upop', 'upop_pay_name', '银联在线支付', '0');
INSERT INTO `mcc_setting` VALUES ('2463', '0', 'bank_transfer', 'bank_transfer_geo_zone_id', '0', '0');
INSERT INTO `mcc_setting` VALUES ('2464', '0', 'bank_transfer', 'bank_transfer_status', '0', '0');
INSERT INTO `mcc_setting` VALUES ('2465', '0', 'bank_transfer', 'bank_transfer_sort_order', '', '0');
INSERT INTO `mcc_setting` VALUES ('3103', '0', 'filter', 'filter_status', '1', '0');
INSERT INTO `mcc_setting` VALUES ('3751', '0', 'config', 'config_voucher_max', '1000', '0');
INSERT INTO `mcc_setting` VALUES ('3007', '0', 'wxpay', 'wxpay_trade_success_status_id', '5', '0');
INSERT INTO `mcc_setting` VALUES ('3030', '0', 'qrcode_wxpay', 'qrcode_wxpay_key', 'keyEDGadmin2015cptbtptpbcptdtptp', '0');
INSERT INTO `mcc_setting` VALUES ('3029', '0', 'qrcode_wxpay', 'qrcode_wxpay_appid', 'wx22dc33341e6ca174', '0');
INSERT INTO `mcc_setting` VALUES ('3028', '0', 'qrcode_wxpay', 'qrcode_wxpay_mchid', '1326301701', '0');
INSERT INTO `mcc_setting` VALUES ('3069', '0', 'alipay_direct', 'alipay_direct_partner', '2088121637586900', '0');
INSERT INTO `mcc_setting` VALUES ('3068', '0', 'alipay_direct', 'alipay_direct_seller_email', 'edg1@edgteam.cn', '0');
INSERT INTO `mcc_setting` VALUES ('3107', '0', 'free', 'free_sort_order', '', '0');
INSERT INTO `mcc_setting` VALUES ('3106', '0', 'free', 'free_status', '1', '0');
INSERT INTO `mcc_setting` VALUES ('3105', '0', 'free', 'free_geo_zone_id', '0', '0');
INSERT INTO `mcc_setting` VALUES ('3104', '0', 'free', 'free_total', '128', '0');
INSERT INTO `mcc_setting` VALUES ('3090', '0', 'flat', 'flat_sort_order', '', '0');
INSERT INTO `mcc_setting` VALUES ('3750', '0', 'config', 'config_voucher_min', '1', '0');
INSERT INTO `mcc_setting` VALUES ('3749', '0', 'config', 'config_review_mail', '0', '0');
INSERT INTO `mcc_setting` VALUES ('3748', '0', 'config', 'config_review_guest', '0', '0');
INSERT INTO `mcc_setting` VALUES ('3747', '0', 'config', 'config_review_status', '1', '0');
INSERT INTO `mcc_setting` VALUES ('3746', '0', 'config', 'config_limit_admin', '20', '0');
INSERT INTO `mcc_setting` VALUES ('3745', '0', 'config', 'config_product_count', '0', '0');
INSERT INTO `mcc_setting` VALUES ('3744', '0', 'config', 'config_weight_class_id', '1', '0');
INSERT INTO `mcc_setting` VALUES ('3743', '0', 'config', 'config_length_class_id', '3', '0');
INSERT INTO `mcc_setting` VALUES ('3742', '0', 'config', 'config_currency_auto', '0', '0');
INSERT INTO `mcc_setting` VALUES ('3741', '0', 'config', 'config_currency', 'CNY', '0');
INSERT INTO `mcc_setting` VALUES ('3740', '0', 'config', 'config_admin_language', 'zh-CN', '0');
INSERT INTO `mcc_setting` VALUES ('3739', '0', 'config', 'config_language', 'zh-CN', '0');
INSERT INTO `mcc_setting` VALUES ('3738', '0', 'config', 'config_zone_id', '689', '0');
INSERT INTO `mcc_setting` VALUES ('3737', '0', 'config', 'config_country_id', '44', '0');
INSERT INTO `mcc_setting` VALUES ('3736', '0', 'config', 'config_comment', '', '0');
INSERT INTO `mcc_setting` VALUES ('3735', '0', 'config', 'config_open', '', '0');
INSERT INTO `mcc_setting` VALUES ('3734', '0', 'config', 'config_image', '', '0');
INSERT INTO `mcc_setting` VALUES ('3733', '0', 'config', 'config_fax', '', '0');
INSERT INTO `mcc_setting` VALUES ('3732', '0', 'config', 'config_telephone', '123456789', '0');
INSERT INTO `mcc_setting` VALUES ('3731', '0', 'config', 'config_email', 'edg.master@guzhi.me', '0');
INSERT INTO `mcc_setting` VALUES ('3730', '0', 'config', 'config_geocode', '116.403887,39.915232', '0');
INSERT INTO `mcc_setting` VALUES ('3729', '0', 'config', 'config_map_select', 'baidu', '0');
INSERT INTO `mcc_setting` VALUES ('3727', '0', 'config', 'config_address', '中国广州市', '0');
INSERT INTO `mcc_setting` VALUES ('3728', '0', 'config', 'config_miit', '', '0');
INSERT INTO `mcc_setting` VALUES ('3726', '0', 'config', 'config_owner', 'EDG', '0');
INSERT INTO `mcc_setting` VALUES ('3725', '0', 'config', 'config_name', 'EDG商城', '0');
INSERT INTO `mcc_setting` VALUES ('3724', '0', 'config', 'config_layout_id', '4', '0');
INSERT INTO `mcc_setting` VALUES ('3722', '0', 'config', 'config_meta_keyword', 'EDG商城', '0');
INSERT INTO `mcc_setting` VALUES ('3723', '0', 'config', 'config_theme', 'theme_default', '0');
INSERT INTO `mcc_setting` VALUES ('3721', '0', 'config', 'config_meta_description', 'EDG商城', '0');
INSERT INTO `mcc_setting` VALUES ('3720', '0', 'config', 'config_meta_title', 'EDG商城', '0');
INSERT INTO `mcc_setting` VALUES ('3850', '0', 'upop', 'upop_production_business_account', '', '0');
INSERT INTO `mcc_setting` VALUES ('3851', '0', 'upop', 'upop_production_business_key', '', '0');
INSERT INTO `mcc_setting` VALUES ('3852', '0', 'upop', 'upop_sort_order', '', '0');
INSERT INTO `mcc_setting` VALUES ('3853', '0', 'upop', 'upop_geo_zone_id', '0', '0');
INSERT INTO `mcc_setting` VALUES ('3854', '0', 'upop', 'upop_status', '1', '0');
INSERT INTO `mcc_setting` VALUES ('3855', '0', 'upop', 'upop_order_status_id', '17', '0');

-- ----------------------------
-- Table structure for mcc_sms_mobile
-- ----------------------------
DROP TABLE IF EXISTS `mcc_sms_mobile`;
CREATE TABLE `mcc_sms_mobile` (
  `sms_mobile_id` int(11) NOT NULL AUTO_INCREMENT,
  `sms_mobile` varchar(15) CHARACTER SET utf8 NOT NULL,
  `verify_code` varchar(6) CHARACTER SET utf8 NOT NULL,
  PRIMARY KEY (`sms_mobile_id`)
) ENGINE=MyISAM DEFAULT CHARSET=latin1;

-- ----------------------------
-- Records of mcc_sms_mobile
-- ----------------------------

-- ----------------------------
-- Table structure for mcc_stock_status
-- ----------------------------
DROP TABLE IF EXISTS `mcc_stock_status`;
CREATE TABLE `mcc_stock_status` (
  `stock_status_id` int(11) NOT NULL AUTO_INCREMENT,
  `language_id` int(11) NOT NULL,
  `name` varchar(32) NOT NULL,
  PRIMARY KEY (`stock_status_id`,`language_id`)
) ENGINE=MyISAM AUTO_INCREMENT=9 DEFAULT CHARSET=utf8;

-- ----------------------------
-- Records of mcc_stock_status
-- ----------------------------
INSERT INTO `mcc_stock_status` VALUES ('7', '3', '有库存');
INSERT INTO `mcc_stock_status` VALUES ('5', '3', '库存不足');
INSERT INTO `mcc_stock_status` VALUES ('6', '3', '等待 2 -3 天');
INSERT INTO `mcc_stock_status` VALUES ('8', '3', '需要预订');
INSERT INTO `mcc_stock_status` VALUES ('7', '2', 'In Stock');
INSERT INTO `mcc_stock_status` VALUES ('8', '2', 'Pre-Order');
INSERT INTO `mcc_stock_status` VALUES ('5', '2', 'Out Of Stock');
INSERT INTO `mcc_stock_status` VALUES ('6', '2', '2-3 Days');
INSERT INTO `mcc_stock_status` VALUES ('7', '1', '有库存');
INSERT INTO `mcc_stock_status` VALUES ('8', '1', '需要预订');
INSERT INTO `mcc_stock_status` VALUES ('5', '1', '库存不足');
INSERT INTO `mcc_stock_status` VALUES ('6', '1', '等待 2 -3 天');

-- ----------------------------
-- Table structure for mcc_store
-- ----------------------------
DROP TABLE IF EXISTS `mcc_store`;
CREATE TABLE `mcc_store` (
  `store_id` int(11) NOT NULL AUTO_INCREMENT,
  `name` varchar(64) NOT NULL,
  `url` varchar(255) NOT NULL,
  `ssl` varchar(255) NOT NULL,
  PRIMARY KEY (`store_id`)
) ENGINE=MyISAM DEFAULT CHARSET=utf8;

-- ----------------------------
-- Records of mcc_store
-- ----------------------------

-- ----------------------------
-- Table structure for mcc_tax_class
-- ----------------------------
DROP TABLE IF EXISTS `mcc_tax_class`;
CREATE TABLE `mcc_tax_class` (
  `tax_class_id` int(11) NOT NULL AUTO_INCREMENT,
  `title` varchar(32) NOT NULL,
  `description` varchar(255) NOT NULL,
  `date_added` datetime NOT NULL,
  `date_modified` datetime NOT NULL,
  PRIMARY KEY (`tax_class_id`)
) ENGINE=MyISAM AUTO_INCREMENT=11 DEFAULT CHARSET=utf8;

-- ----------------------------
-- Records of mcc_tax_class
-- ----------------------------
INSERT INTO `mcc_tax_class` VALUES ('9', '应税商品', '应税商品', '2009-01-06 23:21:53', '2015-04-01 22:30:09');
INSERT INTO `mcc_tax_class` VALUES ('10', '下载类商品', '下载类', '2011-09-21 22:19:39', '2015-04-01 22:29:46');

-- ----------------------------
-- Table structure for mcc_tax_rate
-- ----------------------------
DROP TABLE IF EXISTS `mcc_tax_rate`;
CREATE TABLE `mcc_tax_rate` (
  `tax_rate_id` int(11) NOT NULL AUTO_INCREMENT,
  `geo_zone_id` int(11) NOT NULL DEFAULT '0',
  `name` varchar(32) NOT NULL,
  `rate` decimal(15,4) NOT NULL DEFAULT '0.0000',
  `type` char(1) NOT NULL,
  `date_added` datetime NOT NULL,
  `date_modified` datetime NOT NULL,
  PRIMARY KEY (`tax_rate_id`)
) ENGINE=MyISAM AUTO_INCREMENT=88 DEFAULT CHARSET=utf8;

-- ----------------------------
-- Records of mcc_tax_rate
-- ----------------------------
INSERT INTO `mcc_tax_rate` VALUES ('86', '3', '增值税 (20%)', '20.0000', 'P', '2011-03-09 21:17:10', '2015-04-01 22:33:10');
INSERT INTO `mcc_tax_rate` VALUES ('87', '3', '生态税(-2.00)', '2.0000', 'F', '2011-09-21 21:49:23', '2015-04-01 22:33:22');

-- ----------------------------
-- Table structure for mcc_tax_rate_to_customer_group
-- ----------------------------
DROP TABLE IF EXISTS `mcc_tax_rate_to_customer_group`;
CREATE TABLE `mcc_tax_rate_to_customer_group` (
  `tax_rate_id` int(11) NOT NULL,
  `customer_group_id` int(11) NOT NULL,
  PRIMARY KEY (`tax_rate_id`,`customer_group_id`)
) ENGINE=MyISAM DEFAULT CHARSET=utf8;

-- ----------------------------
-- Records of mcc_tax_rate_to_customer_group
-- ----------------------------
INSERT INTO `mcc_tax_rate_to_customer_group` VALUES ('86', '1');
INSERT INTO `mcc_tax_rate_to_customer_group` VALUES ('87', '1');

-- ----------------------------
-- Table structure for mcc_tax_rule
-- ----------------------------
DROP TABLE IF EXISTS `mcc_tax_rule`;
CREATE TABLE `mcc_tax_rule` (
  `tax_rule_id` int(11) NOT NULL AUTO_INCREMENT,
  `tax_class_id` int(11) NOT NULL,
  `tax_rate_id` int(11) NOT NULL,
  `based` varchar(10) NOT NULL,
  `priority` int(5) NOT NULL DEFAULT '1',
  PRIMARY KEY (`tax_rule_id`)
) ENGINE=MyISAM AUTO_INCREMENT=133 DEFAULT CHARSET=utf8;

-- ----------------------------
-- Records of mcc_tax_rule
-- ----------------------------
INSERT INTO `mcc_tax_rule` VALUES ('129', '10', '86', 'payment', '1');
INSERT INTO `mcc_tax_rule` VALUES ('132', '9', '87', 'shipping', '2');
INSERT INTO `mcc_tax_rule` VALUES ('131', '9', '86', 'shipping', '1');
INSERT INTO `mcc_tax_rule` VALUES ('130', '10', '87', 'store', '0');

-- ----------------------------
-- Table structure for mcc_upload
-- ----------------------------
DROP TABLE IF EXISTS `mcc_upload`;
CREATE TABLE `mcc_upload` (
  `upload_id` int(11) NOT NULL AUTO_INCREMENT,
  `name` varchar(255) NOT NULL,
  `filename` varchar(255) NOT NULL,
  `code` varchar(255) NOT NULL,
  `date_added` datetime NOT NULL,
  PRIMARY KEY (`upload_id`)
) ENGINE=MyISAM DEFAULT CHARSET=utf8;

-- ----------------------------
-- Records of mcc_upload
-- ----------------------------

-- ----------------------------
-- Table structure for mcc_url_alias
-- ----------------------------
DROP TABLE IF EXISTS `mcc_url_alias`;
CREATE TABLE `mcc_url_alias` (
  `url_alias_id` int(11) NOT NULL AUTO_INCREMENT,
  `query` varchar(255) NOT NULL,
  `keyword` varchar(255) NOT NULL,
  PRIMARY KEY (`url_alias_id`),
  KEY `query` (`query`) USING BTREE,
  KEY `keyword` (`keyword`) USING BTREE
) ENGINE=MyISAM AUTO_INCREMENT=1421 DEFAULT CHARSET=utf8;

-- ----------------------------
-- Records of mcc_url_alias
-- ----------------------------
INSERT INTO `mcc_url_alias` VALUES ('1152', 'manufacturer_id=8', 'apple');
INSERT INTO `mcc_url_alias` VALUES ('897', 'information_id=4', 'about_us');
INSERT INTO `mcc_url_alias` VALUES ('1407', 'product_id=66', 'product-66.html');
INSERT INTO `mcc_url_alias` VALUES ('1408', 'product_id=67', 'product-67.html');
INSERT INTO `mcc_url_alias` VALUES ('1409', 'product_id=68', 'product-68.html');
INSERT INTO `mcc_url_alias` VALUES ('828', 'manufacturer_id=9', 'canon');
INSERT INTO `mcc_url_alias` VALUES ('829', 'manufacturer_id=5', 'htc');
INSERT INTO `mcc_url_alias` VALUES ('830', 'manufacturer_id=7', 'hewlett-packard');
INSERT INTO `mcc_url_alias` VALUES ('831', 'manufacturer_id=6', 'palm');
INSERT INTO `mcc_url_alias` VALUES ('832', 'manufacturer_id=10', 'sony');
INSERT INTO `mcc_url_alias` VALUES ('894', 'information_id=6', 'delivery');
INSERT INTO `mcc_url_alias` VALUES ('896', 'information_id=3', 'privacy');
INSERT INTO `mcc_url_alias` VALUES ('895', 'information_id=5', 'terms');
INSERT INTO `mcc_url_alias` VALUES ('1120', 'press_category_id=1', 'press-category-one1');
INSERT INTO `mcc_url_alias` VALUES ('1121', 'press_category_id=2', 'press-category-two');
INSERT INTO `mcc_url_alias` VALUES ('1144', 'press_id=1', 'pressone');
INSERT INTO `mcc_url_alias` VALUES ('1398', 'product_id=58', 'product-58.html');
INSERT INTO `mcc_url_alias` VALUES ('1420', 'product_id=65', 'product-65.html');
INSERT INTO `mcc_url_alias` VALUES ('1406', 'product_id=60', 'product-60.html');
INSERT INTO `mcc_url_alias` VALUES ('1267', 'category_id=20', 'desktops');
INSERT INTO `mcc_url_alias` VALUES ('1412', 'product_id=61', 'product-61.html');
INSERT INTO `mcc_url_alias` VALUES ('1418', 'product_id=62', 'product-62.html');
INSERT INTO `mcc_url_alias` VALUES ('1397', 'product_id=57', 'product-57.html');
INSERT INTO `mcc_url_alias` VALUES ('1095', 'blog_category_id=1', 'blog_category_one');
INSERT INTO `mcc_url_alias` VALUES ('1171', 'blog_id=2', 'blogtwo');
INSERT INTO `mcc_url_alias` VALUES ('1179', 'blog_id=6', 'blog-6.html');
INSERT INTO `mcc_url_alias` VALUES ('1176', 'blog_id=8', 'blog-8.html');
INSERT INTO `mcc_url_alias` VALUES ('1175', 'blog_id=7', 'blog-7.html');
INSERT INTO `mcc_url_alias` VALUES ('1123', 'press_id=2', 'press-2.html');
INSERT INTO `mcc_url_alias` VALUES ('1124', 'press_id=3', 'press-3.html');
INSERT INTO `mcc_url_alias` VALUES ('1125', 'faq_category_id=13', 'faq-category-one');
INSERT INTO `mcc_url_alias` VALUES ('1126', 'faq_category_id=14', 'faq-category-two');
INSERT INTO `mcc_url_alias` VALUES ('1127', 'faq_category_id=15', 'faq-category-apple');
INSERT INTO `mcc_url_alias` VALUES ('1130', 'faq_category_id=16', 'faq-category-orange');
INSERT INTO `mcc_url_alias` VALUES ('1181', 'blog_id=3', 'blog-3.html');
INSERT INTO `mcc_url_alias` VALUES ('1184', 'blog_id=4', 'blog-4.html');
INSERT INTO `mcc_url_alias` VALUES ('1182', 'blog_id=5', 'blog-5.html');
INSERT INTO `mcc_url_alias` VALUES ('1135', 'press_id=4', 'press-4.html');
INSERT INTO `mcc_url_alias` VALUES ('1136', 'press_id=5', 'press-5.html');
INSERT INTO `mcc_url_alias` VALUES ('1137', 'press_id=6', 'press-6.html');
INSERT INTO `mcc_url_alias` VALUES ('1138', 'press_id=7', 'press-7.html');
INSERT INTO `mcc_url_alias` VALUES ('1139', 'press_id=8', 'press-8.html');
INSERT INTO `mcc_url_alias` VALUES ('1140', 'press_id=9', 'press-9.html');
INSERT INTO `mcc_url_alias` VALUES ('1141', 'press_id=10', 'press-10.html');
INSERT INTO `mcc_url_alias` VALUES ('1156', 'blog_id=1', 'blog-1.html');
INSERT INTO `mcc_url_alias` VALUES ('1183', 'blog_id=9', 'blog-9.html');
INSERT INTO `mcc_url_alias` VALUES ('1174', 'blog_id=10', 'blog-10.html');
INSERT INTO `mcc_url_alias` VALUES ('1178', 'blog_id=11', 'blog-11.html');
INSERT INTO `mcc_url_alias` VALUES ('1173', 'blog_id=12', 'blog-12.html');
INSERT INTO `mcc_url_alias` VALUES ('1180', 'blog_id=13', 'blog-13.html');
INSERT INTO `mcc_url_alias` VALUES ('1177', 'blog_id=14', 'blog-14.html');
INSERT INTO `mcc_url_alias` VALUES ('1172', 'blog_id=15', 'blog-15.html');
INSERT INTO `mcc_url_alias` VALUES ('1417', 'product_id=69', 'product-69.html');

-- ----------------------------
-- Table structure for mcc_user
-- ----------------------------
DROP TABLE IF EXISTS `mcc_user`;
CREATE TABLE `mcc_user` (
  `user_id` int(11) NOT NULL AUTO_INCREMENT,
  `user_group_id` int(11) NOT NULL,
  `username` varchar(20) NOT NULL,
  `password` varchar(40) NOT NULL,
  `salt` varchar(9) NOT NULL,
  `fullname` varchar(32) NOT NULL,
  `email` varchar(96) NOT NULL,
  `image` varchar(255) NOT NULL,
  `code` varchar(40) NOT NULL,
  `ip` varchar(40) NOT NULL,
  `status` tinyint(1) NOT NULL,
  `date_added` datetime NOT NULL,
  PRIMARY KEY (`user_id`)
) ENGINE=MyISAM AUTO_INCREMENT=4 DEFAULT CHARSET=utf8;

-- ----------------------------
-- Records of mcc_user
-- ----------------------------
INSERT INTO `mcc_user` VALUES ('1', '1', 'admin', '0f7fc6971699fafbcd368d2f375d4456ddde2b6b', 'Vp8eenZ1s', 'superadmin', '527482068@qq.com', '', '', '127.0.0.1', '1', '2016-03-25 19:06:35');
INSERT INTO `mcc_user` VALUES ('2', '1', 'QianWei', 'bb02768c9db346913c4247b4c1d5e4a9d19c0e44', 'XutdtJiDR', '钱巍', '', '', '', '', '1', '2016-06-06 13:34:27');
INSERT INTO `mcc_user` VALUES ('3', '1', 'Eric', '01e6d31b2e18aab0c676e9c88db1a601b65e9bb9', 'SeIvzmYGh', 'Eric', 'eric@guzhi.me', '', '', '', '1', '2016-06-06 13:35:48');

-- ----------------------------
-- Table structure for mcc_user_group
-- ----------------------------
DROP TABLE IF EXISTS `mcc_user_group`;
CREATE TABLE `mcc_user_group` (
  `user_group_id` int(11) NOT NULL AUTO_INCREMENT,
  `name` varchar(64) NOT NULL,
  `permission` text NOT NULL,
  PRIMARY KEY (`user_group_id`)
) ENGINE=MyISAM AUTO_INCREMENT=11 DEFAULT CHARSET=utf8;

-- ----------------------------
-- Records of mcc_user_group
-- ----------------------------
INSERT INTO `mcc_user_group` VALUES ('1', '超级管理员群组', '{\"access\":[\"analytics\\/google_analytics\",\"baidu\\/pushurl\",\"captcha\\/basic_captcha\",\"captcha\\/google_captcha\",\"catalog\\/attribute\",\"catalog\\/attribute_group\",\"catalog\\/category\",\"catalog\\/download\",\"catalog\\/filter\",\"catalog\\/information\",\"catalog\\/manufacturer\",\"catalog\\/option\",\"catalog\\/product\",\"catalog\\/recurring\",\"catalog\\/review\",\"catalog\\/url_alias\",\"cms\\/blog\",\"cms\\/blog_category\",\"cms\\/blog_comment\",\"cms\\/blog_config\",\"cms\\/faq\",\"cms\\/faq_category\",\"cms\\/faq_config\",\"cms\\/press\",\"cms\\/press_category\",\"cms\\/press_config\",\"common\\/column_left\",\"common\\/filemanager\",\"common\\/menu\",\"common\\/profile\",\"common\\/stats\",\"customer\\/custom_field\",\"customer\\/customer\",\"customer\\/customer_group\",\"design\\/banner\",\"design\\/language\",\"design\\/layout\",\"design\\/theme\",\"event\\/theme\",\"extension\\/analytics\",\"extension\\/captcha\",\"extension\\/feed\",\"extension\\/fraud\",\"extension\\/installer\",\"extension\\/modification\",\"extension\\/module\",\"extension\\/openbay\",\"extension\\/payment\",\"extension\\/shipping\",\"extension\\/sms\",\"extension\\/theme\",\"extension\\/total\",\"feed\\/google_base\",\"feed\\/google_sitemap\",\"feed\\/openbaypro\",\"fraud\\/fraudlabspro\",\"fraud\\/ip\",\"fraud\\/maxmind\",\"localisation\\/country\",\"localisation\\/currency\",\"localisation\\/geo_zone\",\"localisation\\/language\",\"localisation\\/length_class\",\"localisation\\/location\",\"localisation\\/order_status\",\"localisation\\/return_action\",\"localisation\\/return_reason\",\"localisation\\/return_status\",\"localisation\\/stock_status\",\"localisation\\/tax_class\",\"localisation\\/tax_rate\",\"localisation\\/weight_class\",\"localisation\\/zone\",\"marketing\\/affiliate\",\"marketing\\/contact\",\"marketing\\/coupon\",\"marketing\\/marketing\",\"module\\/account\",\"module\\/affiliate\",\"module\\/banner\",\"module\\/bestseller\",\"module\\/blog_category\",\"module\\/blog_comment\",\"module\\/blog_latest\",\"module\\/blog_search\",\"module\\/carousel\",\"module\\/category\",\"module\\/faq_category\",\"module\\/featured\",\"module\\/filter\",\"module\\/html\",\"module\\/information\",\"module\\/latest\",\"module\\/laybuy_layout\",\"module\\/pp_button\",\"module\\/pp_login\",\"module\\/press_category\",\"module\\/press_latest\",\"module\\/sagepay_direct_cards\",\"module\\/sagepay_server_cards\",\"module\\/slideshow\",\"module\\/special\",\"module\\/store\",\"module\\/wx_login\",\"openbay\\/amazon\",\"openbay\\/amazon_listing\",\"openbay\\/amazon_product\",\"openbay\\/amazonus\",\"openbay\\/amazonus_listing\",\"openbay\\/amazonus_product\",\"openbay\\/ebay\",\"openbay\\/ebay_profile\",\"openbay\\/ebay_template\",\"openbay\\/etsy\",\"openbay\\/etsy_product\",\"openbay\\/etsy_shipping\",\"openbay\\/etsy_shop\",\"openbay\\/fba\",\"payment\\/alipay_direct\",\"payment\\/alipay_guarantee\",\"payment\\/alipay_wap\",\"payment\\/amazon_login_pay\",\"payment\\/authorizenet_aim\",\"payment\\/authorizenet_sim\",\"payment\\/bank_transfer\",\"payment\\/bluepay_hosted\",\"payment\\/bluepay_redirect\",\"payment\\/cardinity\",\"payment\\/cheque\",\"payment\\/chinapay\",\"payment\\/cod\",\"payment\\/ebatong\",\"payment\\/eway\",\"payment\\/firstdata\",\"payment\\/firstdata_remote\",\"payment\\/free_checkout\",\"payment\\/g2apay\",\"payment\\/globalpay\",\"payment\\/globalpay_remote\",\"payment\\/klarna_account\",\"payment\\/klarna_invoice\",\"payment\\/laybuy\",\"payment\\/liqpay\",\"payment\\/nochex\",\"payment\\/paydollar\",\"payment\\/paymate\",\"payment\\/paypoint\",\"payment\\/payza\",\"payment\\/perpetual_payments\",\"payment\\/pp_express\",\"payment\\/pp_payflow\",\"payment\\/pp_payflow_iframe\",\"payment\\/pp_pro\",\"payment\\/pp_pro_iframe\",\"payment\\/pp_standard\",\"payment\\/precharge\",\"payment\\/qrcode_wxpay\",\"payment\\/realex\",\"payment\\/realex_remote\",\"payment\\/sagepay_direct\",\"payment\\/sagepay_server\",\"payment\\/sagepay_us\",\"payment\\/securetrading_pp\",\"payment\\/securetrading_ws\",\"payment\\/skrill\",\"payment\\/twocheckout\",\"payment\\/upop\",\"payment\\/web_payment_software\",\"payment\\/worldpay\",\"payment\\/wxpay\",\"report\\/affiliate\",\"report\\/affiliate_activity\",\"report\\/affiliate_login\",\"report\\/customer_activity\",\"report\\/customer_credit\",\"report\\/customer_login\",\"report\\/customer_online\",\"report\\/customer_order\",\"report\\/customer_reward\",\"report\\/marketing\",\"report\\/product_purchased\",\"report\\/product_viewed\",\"report\\/sale_coupon\",\"report\\/sale_order\",\"report\\/sale_return\",\"report\\/sale_shipping\",\"report\\/sale_tax\",\"sale\\/order\",\"sale\\/recurring\",\"sale\\/return\",\"sale\\/voucher\",\"sale\\/voucher_theme\",\"setting\\/setting\",\"setting\\/store\",\"shipping\\/auspost\",\"shipping\\/citylink\",\"shipping\\/fedex\",\"shipping\\/flat\",\"shipping\\/free\",\"shipping\\/item\",\"shipping\\/parcelforce_48\",\"shipping\\/pickup\",\"shipping\\/royal_mail\",\"shipping\\/ups\",\"shipping\\/usps\",\"shipping\\/weight\",\"sms\\/chengyu\",\"startup\\/error\",\"startup\\/event\",\"startup\\/login\",\"startup\\/permission\",\"startup\\/router\",\"startup\\/sass\",\"startup\\/startup\",\"theme\\/theme_default\",\"tool\\/backup\",\"tool\\/error_log\",\"tool\\/excelexportimport\",\"tool\\/upload\",\"total\\/coupon\",\"total\\/credit\",\"total\\/handling\",\"total\\/klarna_fee\",\"total\\/low_order_fee\",\"total\\/reward\",\"total\\/shipping\",\"total\\/sub_total\",\"total\\/tax\",\"total\\/total\",\"total\\/voucher\",\"user\\/api\",\"user\\/user\",\"user\\/user_permission\",\"weidian\\/category\",\"weidian\\/product\",\"youzan\\/product\",\"payment\\/bank_transfer\",\"module\\/wx_login\",\"module\\/bestseller\",\"module\\/latest\",\"payment\\/alipay_direct\",\"payment\\/qrcode_wxpay\",\"payment\\/upop\",\"module\\/filter\",\"shipping\\/free\",\"shipping\\/auspost\"],\"modify\":[\"analytics\\/google_analytics\",\"baidu\\/pushurl\",\"captcha\\/basic_captcha\",\"captcha\\/google_captcha\",\"catalog\\/attribute\",\"catalog\\/attribute_group\",\"catalog\\/category\",\"catalog\\/download\",\"catalog\\/filter\",\"catalog\\/information\",\"catalog\\/manufacturer\",\"catalog\\/option\",\"catalog\\/product\",\"catalog\\/recurring\",\"catalog\\/review\",\"catalog\\/url_alias\",\"cms\\/blog\",\"cms\\/blog_category\",\"cms\\/blog_comment\",\"cms\\/blog_config\",\"cms\\/faq\",\"cms\\/faq_category\",\"cms\\/faq_config\",\"cms\\/press\",\"cms\\/press_category\",\"cms\\/press_config\",\"common\\/column_left\",\"common\\/filemanager\",\"common\\/menu\",\"common\\/profile\",\"common\\/stats\",\"customer\\/custom_field\",\"customer\\/customer\",\"customer\\/customer_group\",\"design\\/banner\",\"design\\/language\",\"design\\/layout\",\"design\\/theme\",\"event\\/theme\",\"extension\\/analytics\",\"extension\\/captcha\",\"extension\\/feed\",\"extension\\/fraud\",\"extension\\/installer\",\"extension\\/modification\",\"extension\\/module\",\"extension\\/openbay\",\"extension\\/payment\",\"extension\\/shipping\",\"extension\\/sms\",\"extension\\/theme\",\"extension\\/total\",\"feed\\/google_base\",\"feed\\/google_sitemap\",\"feed\\/openbaypro\",\"fraud\\/fraudlabspro\",\"fraud\\/ip\",\"fraud\\/maxmind\",\"localisation\\/country\",\"localisation\\/currency\",\"localisation\\/geo_zone\",\"localisation\\/language\",\"localisation\\/length_class\",\"localisation\\/location\",\"localisation\\/order_status\",\"localisation\\/return_action\",\"localisation\\/return_reason\",\"localisation\\/return_status\",\"localisation\\/stock_status\",\"localisation\\/tax_class\",\"localisation\\/tax_rate\",\"localisation\\/weight_class\",\"localisation\\/zone\",\"marketing\\/affiliate\",\"marketing\\/contact\",\"marketing\\/coupon\",\"marketing\\/marketing\",\"module\\/account\",\"module\\/affiliate\",\"module\\/banner\",\"module\\/bestseller\",\"module\\/blog_category\",\"module\\/blog_comment\",\"module\\/blog_latest\",\"module\\/blog_search\",\"module\\/carousel\",\"module\\/category\",\"module\\/faq_category\",\"module\\/featured\",\"module\\/filter\",\"module\\/html\",\"module\\/information\",\"module\\/latest\",\"module\\/laybuy_layout\",\"module\\/pp_button\",\"module\\/pp_login\",\"module\\/press_category\",\"module\\/press_latest\",\"module\\/sagepay_direct_cards\",\"module\\/sagepay_server_cards\",\"module\\/slideshow\",\"module\\/special\",\"module\\/store\",\"module\\/wx_login\",\"openbay\\/amazon\",\"openbay\\/amazon_listing\",\"openbay\\/amazon_product\",\"openbay\\/amazonus\",\"openbay\\/amazonus_listing\",\"openbay\\/amazonus_product\",\"openbay\\/ebay\",\"openbay\\/ebay_profile\",\"openbay\\/ebay_template\",\"openbay\\/etsy\",\"openbay\\/etsy_product\",\"openbay\\/etsy_shipping\",\"openbay\\/etsy_shop\",\"openbay\\/fba\",\"payment\\/alipay_direct\",\"payment\\/alipay_guarantee\",\"payment\\/alipay_wap\",\"payment\\/amazon_login_pay\",\"payment\\/authorizenet_aim\",\"payment\\/authorizenet_sim\",\"payment\\/bank_transfer\",\"payment\\/bluepay_hosted\",\"payment\\/bluepay_redirect\",\"payment\\/cardinity\",\"payment\\/cheque\",\"payment\\/chinapay\",\"payment\\/cod\",\"payment\\/ebatong\",\"payment\\/eway\",\"payment\\/firstdata\",\"payment\\/firstdata_remote\",\"payment\\/free_checkout\",\"payment\\/g2apay\",\"payment\\/globalpay\",\"payment\\/globalpay_remote\",\"payment\\/klarna_account\",\"payment\\/klarna_invoice\",\"payment\\/laybuy\",\"payment\\/liqpay\",\"payment\\/nochex\",\"payment\\/paydollar\",\"payment\\/paymate\",\"payment\\/paypoint\",\"payment\\/payza\",\"payment\\/perpetual_payments\",\"payment\\/pp_express\",\"payment\\/pp_payflow\",\"payment\\/pp_payflow_iframe\",\"payment\\/pp_pro\",\"payment\\/pp_pro_iframe\",\"payment\\/pp_standard\",\"payment\\/precharge\",\"payment\\/qrcode_wxpay\",\"payment\\/realex\",\"payment\\/realex_remote\",\"payment\\/sagepay_direct\",\"payment\\/sagepay_server\",\"payment\\/sagepay_us\",\"payment\\/securetrading_pp\",\"payment\\/securetrading_ws\",\"payment\\/skrill\",\"payment\\/twocheckout\",\"payment\\/upop\",\"payment\\/web_payment_software\",\"payment\\/worldpay\",\"payment\\/wxpay\",\"report\\/affiliate\",\"report\\/affiliate_activity\",\"report\\/affiliate_login\",\"report\\/customer_activity\",\"report\\/customer_credit\",\"report\\/customer_login\",\"report\\/customer_online\",\"report\\/customer_order\",\"report\\/customer_reward\",\"report\\/marketing\",\"report\\/product_purchased\",\"report\\/product_viewed\",\"report\\/sale_coupon\",\"report\\/sale_order\",\"report\\/sale_return\",\"report\\/sale_shipping\",\"report\\/sale_tax\",\"sale\\/order\",\"sale\\/recurring\",\"sale\\/return\",\"sale\\/voucher\",\"sale\\/voucher_theme\",\"setting\\/setting\",\"setting\\/store\",\"shipping\\/auspost\",\"shipping\\/citylink\",\"shipping\\/fedex\",\"shipping\\/flat\",\"shipping\\/free\",\"shipping\\/item\",\"shipping\\/parcelforce_48\",\"shipping\\/pickup\",\"shipping\\/royal_mail\",\"shipping\\/ups\",\"shipping\\/usps\",\"shipping\\/weight\",\"sms\\/chengyu\",\"startup\\/error\",\"startup\\/event\",\"startup\\/login\",\"startup\\/permission\",\"startup\\/router\",\"startup\\/sass\",\"startup\\/startup\",\"theme\\/theme_default\",\"tool\\/backup\",\"tool\\/error_log\",\"tool\\/excelexportimport\",\"tool\\/upload\",\"total\\/coupon\",\"total\\/credit\",\"total\\/handling\",\"total\\/klarna_fee\",\"total\\/low_order_fee\",\"total\\/reward\",\"total\\/shipping\",\"total\\/sub_total\",\"total\\/tax\",\"total\\/total\",\"total\\/voucher\",\"user\\/api\",\"user\\/user\",\"user\\/user_permission\",\"weidian\\/category\",\"weidian\\/product\",\"youzan\\/product\",\"payment\\/bank_transfer\",\"module\\/wx_login\",\"module\\/bestseller\",\"module\\/latest\",\"payment\\/alipay_direct\",\"payment\\/qrcode_wxpay\",\"payment\\/upop\",\"module\\/filter\",\"shipping\\/free\",\"shipping\\/auspost\"]}');
INSERT INTO `mcc_user_group` VALUES ('10', '演示用管理员群组', '');

-- ----------------------------
-- Table structure for mcc_voucher
-- ----------------------------
DROP TABLE IF EXISTS `mcc_voucher`;
CREATE TABLE `mcc_voucher` (
  `voucher_id` int(11) NOT NULL AUTO_INCREMENT,
  `order_id` int(11) NOT NULL,
  `code` varchar(10) NOT NULL,
  `from_name` varchar(64) NOT NULL,
  `from_email` varchar(96) NOT NULL,
  `to_name` varchar(64) NOT NULL,
  `to_email` varchar(96) NOT NULL,
  `voucher_theme_id` int(11) NOT NULL,
  `message` text NOT NULL,
  `amount` decimal(15,4) NOT NULL,
  `status` tinyint(1) NOT NULL,
  `date_added` datetime NOT NULL,
  PRIMARY KEY (`voucher_id`)
) ENGINE=MyISAM DEFAULT CHARSET=utf8;

-- ----------------------------
-- Records of mcc_voucher
-- ----------------------------

-- ----------------------------
-- Table structure for mcc_voucher_history
-- ----------------------------
DROP TABLE IF EXISTS `mcc_voucher_history`;
CREATE TABLE `mcc_voucher_history` (
  `voucher_history_id` int(11) NOT NULL AUTO_INCREMENT,
  `voucher_id` int(11) NOT NULL,
  `order_id` int(11) NOT NULL,
  `amount` decimal(15,4) NOT NULL,
  `date_added` datetime NOT NULL,
  PRIMARY KEY (`voucher_history_id`)
) ENGINE=MyISAM DEFAULT CHARSET=utf8;

-- ----------------------------
-- Records of mcc_voucher_history
-- ----------------------------

-- ----------------------------
-- Table structure for mcc_voucher_theme
-- ----------------------------
DROP TABLE IF EXISTS `mcc_voucher_theme`;
CREATE TABLE `mcc_voucher_theme` (
  `voucher_theme_id` int(11) NOT NULL AUTO_INCREMENT,
  `image` varchar(255) NOT NULL,
  PRIMARY KEY (`voucher_theme_id`)
) ENGINE=MyISAM AUTO_INCREMENT=9 DEFAULT CHARSET=utf8;

-- ----------------------------
-- Records of mcc_voucher_theme
-- ----------------------------
INSERT INTO `mcc_voucher_theme` VALUES ('8', 'catalog/demo/canon_eos_5d_2.jpg');
INSERT INTO `mcc_voucher_theme` VALUES ('7', 'catalog/demo/gift-voucher-birthday.jpg');
INSERT INTO `mcc_voucher_theme` VALUES ('6', 'catalog/demo/apple_logo.jpg');

-- ----------------------------
-- Table structure for mcc_voucher_theme_description
-- ----------------------------
DROP TABLE IF EXISTS `mcc_voucher_theme_description`;
CREATE TABLE `mcc_voucher_theme_description` (
  `voucher_theme_id` int(11) NOT NULL,
  `language_id` int(11) NOT NULL,
  `name` varchar(32) NOT NULL,
  PRIMARY KEY (`voucher_theme_id`,`language_id`)
) ENGINE=MyISAM DEFAULT CHARSET=utf8;

-- ----------------------------
-- Records of mcc_voucher_theme_description
-- ----------------------------
INSERT INTO `mcc_voucher_theme_description` VALUES ('6', '2', 'Spring Festival');
INSERT INTO `mcc_voucher_theme_description` VALUES ('8', '3', '通用');
INSERT INTO `mcc_voucher_theme_description` VALUES ('7', '2', 'Birthday');
INSERT INTO `mcc_voucher_theme_description` VALUES ('8', '2', 'General');
INSERT INTO `mcc_voucher_theme_description` VALUES ('6', '3', '春节');
INSERT INTO `mcc_voucher_theme_description` VALUES ('7', '1', '生日');
INSERT INTO `mcc_voucher_theme_description` VALUES ('8', '1', '通用');
INSERT INTO `mcc_voucher_theme_description` VALUES ('6', '1', '春节');
INSERT INTO `mcc_voucher_theme_description` VALUES ('7', '3', '生日');

-- ----------------------------
-- Table structure for mcc_weight_class
-- ----------------------------
DROP TABLE IF EXISTS `mcc_weight_class`;
CREATE TABLE `mcc_weight_class` (
  `weight_class_id` int(11) NOT NULL AUTO_INCREMENT,
  `value` decimal(15,8) NOT NULL DEFAULT '0.00000000',
  PRIMARY KEY (`weight_class_id`)
) ENGINE=MyISAM AUTO_INCREMENT=7 DEFAULT CHARSET=utf8;

-- ----------------------------
-- Records of mcc_weight_class
-- ----------------------------
INSERT INTO `mcc_weight_class` VALUES ('1', '1.00000000');
INSERT INTO `mcc_weight_class` VALUES ('2', '1000.00000000');
INSERT INTO `mcc_weight_class` VALUES ('5', '2.20460000');
INSERT INTO `mcc_weight_class` VALUES ('6', '35.27400000');

-- ----------------------------
-- Table structure for mcc_weight_class_description
-- ----------------------------
DROP TABLE IF EXISTS `mcc_weight_class_description`;
CREATE TABLE `mcc_weight_class_description` (
  `weight_class_id` int(11) NOT NULL,
  `language_id` int(11) NOT NULL,
  `title` varchar(32) NOT NULL,
  `unit` varchar(4) NOT NULL,
  PRIMARY KEY (`weight_class_id`,`language_id`)
) ENGINE=MyISAM DEFAULT CHARSET=utf8;

-- ----------------------------
-- Records of mcc_weight_class_description
-- ----------------------------
INSERT INTO `mcc_weight_class_description` VALUES ('1', '3', '公斤', 'kg');
INSERT INTO `mcc_weight_class_description` VALUES ('2', '3', '克', 'g');
INSERT INTO `mcc_weight_class_description` VALUES ('6', '3', '盎司', 'oz');
INSERT INTO `mcc_weight_class_description` VALUES ('1', '2', 'Kilogram', 'kg');
INSERT INTO `mcc_weight_class_description` VALUES ('2', '2', 'Gram', 'g');
INSERT INTO `mcc_weight_class_description` VALUES ('5', '2', 'Pound', 'lb');
INSERT INTO `mcc_weight_class_description` VALUES ('6', '2', 'Ounce', 'oz');
INSERT INTO `mcc_weight_class_description` VALUES ('1', '1', '公斤', 'kg');
INSERT INTO `mcc_weight_class_description` VALUES ('2', '1', '克', 'g');
INSERT INTO `mcc_weight_class_description` VALUES ('5', '1', '磅', 'lb');
INSERT INTO `mcc_weight_class_description` VALUES ('6', '1', '盎司', 'oz');
INSERT INTO `mcc_weight_class_description` VALUES ('5', '3', '磅', 'lb');

-- ----------------------------
-- Table structure for mcc_zone
-- ----------------------------
DROP TABLE IF EXISTS `mcc_zone`;
CREATE TABLE `mcc_zone` (
  `zone_id` int(11) NOT NULL AUTO_INCREMENT,
  `country_id` int(11) NOT NULL,
  `name` varchar(128) NOT NULL,
  `code` varchar(32) NOT NULL,
  `status` tinyint(1) NOT NULL DEFAULT '1',
  PRIMARY KEY (`zone_id`)
) ENGINE=MyISAM AUTO_INCREMENT=4228 DEFAULT CHARSET=utf8;

-- ----------------------------
-- Records of mcc_zone
-- ----------------------------
INSERT INTO `mcc_zone` VALUES ('1', '1', 'Badakhshan', 'BDS', '1');
INSERT INTO `mcc_zone` VALUES ('2', '1', 'Badghis', 'BDG', '1');
INSERT INTO `mcc_zone` VALUES ('3', '1', 'Baghlan', 'BGL', '1');
INSERT INTO `mcc_zone` VALUES ('4', '1', 'Balkh', 'BAL', '1');
INSERT INTO `mcc_zone` VALUES ('5', '1', 'Bamian', 'BAM', '1');
INSERT INTO `mcc_zone` VALUES ('6', '1', 'Farah', 'FRA', '1');
INSERT INTO `mcc_zone` VALUES ('7', '1', 'Faryab', 'FYB', '1');
INSERT INTO `mcc_zone` VALUES ('8', '1', 'Ghazni', 'GHA', '1');
INSERT INTO `mcc_zone` VALUES ('9', '1', 'Ghowr', 'GHO', '1');
INSERT INTO `mcc_zone` VALUES ('10', '1', 'Helmand', 'HEL', '1');
INSERT INTO `mcc_zone` VALUES ('11', '1', 'Herat', 'HER', '1');
INSERT INTO `mcc_zone` VALUES ('12', '1', 'Jowzjan', 'JOW', '1');
INSERT INTO `mcc_zone` VALUES ('13', '1', 'Kabul', 'KAB', '1');
INSERT INTO `mcc_zone` VALUES ('14', '1', 'Kandahar', 'KAN', '1');
INSERT INTO `mcc_zone` VALUES ('15', '1', 'Kapisa', 'KAP', '1');
INSERT INTO `mcc_zone` VALUES ('16', '1', 'Khost', 'KHO', '1');
INSERT INTO `mcc_zone` VALUES ('17', '1', 'Konar', 'KNR', '1');
INSERT INTO `mcc_zone` VALUES ('18', '1', 'Kondoz', 'KDZ', '1');
INSERT INTO `mcc_zone` VALUES ('19', '1', 'Laghman', 'LAG', '1');
INSERT INTO `mcc_zone` VALUES ('20', '1', 'Lowgar', 'LOW', '1');
INSERT INTO `mcc_zone` VALUES ('21', '1', 'Nangrahar', 'NAN', '1');
INSERT INTO `mcc_zone` VALUES ('22', '1', 'Nimruz', 'NIM', '1');
INSERT INTO `mcc_zone` VALUES ('23', '1', 'Nurestan', 'NUR', '1');
INSERT INTO `mcc_zone` VALUES ('24', '1', 'Oruzgan', 'ORU', '1');
INSERT INTO `mcc_zone` VALUES ('25', '1', 'Paktia', 'PIA', '1');
INSERT INTO `mcc_zone` VALUES ('26', '1', 'Paktika', 'PKA', '1');
INSERT INTO `mcc_zone` VALUES ('27', '1', 'Parwan', 'PAR', '1');
INSERT INTO `mcc_zone` VALUES ('28', '1', 'Samangan', 'SAM', '1');
INSERT INTO `mcc_zone` VALUES ('29', '1', 'Sar-e Pol', 'SAR', '1');
INSERT INTO `mcc_zone` VALUES ('30', '1', 'Takhar', 'TAK', '1');
INSERT INTO `mcc_zone` VALUES ('31', '1', 'Wardak', 'WAR', '1');
INSERT INTO `mcc_zone` VALUES ('32', '1', 'Zabol', 'ZAB', '1');
INSERT INTO `mcc_zone` VALUES ('33', '2', 'Berat', 'BR', '1');
INSERT INTO `mcc_zone` VALUES ('34', '2', 'Bulqize', 'BU', '1');
INSERT INTO `mcc_zone` VALUES ('35', '2', 'Delvine', 'DL', '1');
INSERT INTO `mcc_zone` VALUES ('36', '2', 'Devoll', 'DV', '1');
INSERT INTO `mcc_zone` VALUES ('37', '2', 'Diber', 'DI', '1');
INSERT INTO `mcc_zone` VALUES ('38', '2', 'Durres', 'DR', '1');
INSERT INTO `mcc_zone` VALUES ('39', '2', 'Elbasan', 'EL', '1');
INSERT INTO `mcc_zone` VALUES ('40', '2', 'Kolonje', 'ER', '1');
INSERT INTO `mcc_zone` VALUES ('41', '2', 'Fier', 'FR', '1');
INSERT INTO `mcc_zone` VALUES ('42', '2', 'Gjirokaster', 'GJ', '1');
INSERT INTO `mcc_zone` VALUES ('43', '2', 'Gramsh', 'GR', '1');
INSERT INTO `mcc_zone` VALUES ('44', '2', 'Has', 'HA', '1');
INSERT INTO `mcc_zone` VALUES ('45', '2', 'Kavaje', 'KA', '1');
INSERT INTO `mcc_zone` VALUES ('46', '2', 'Kurbin', 'KB', '1');
INSERT INTO `mcc_zone` VALUES ('47', '2', 'Kucove', 'KC', '1');
INSERT INTO `mcc_zone` VALUES ('48', '2', 'Korce', 'KO', '1');
INSERT INTO `mcc_zone` VALUES ('49', '2', 'Kruje', 'KR', '1');
INSERT INTO `mcc_zone` VALUES ('50', '2', 'Kukes', 'KU', '1');
INSERT INTO `mcc_zone` VALUES ('51', '2', 'Librazhd', 'LB', '1');
INSERT INTO `mcc_zone` VALUES ('52', '2', 'Lezhe', 'LE', '1');
INSERT INTO `mcc_zone` VALUES ('53', '2', 'Lushnje', 'LU', '1');
INSERT INTO `mcc_zone` VALUES ('54', '2', 'Malesi e Madhe', 'MM', '1');
INSERT INTO `mcc_zone` VALUES ('55', '2', 'Mallakaster', 'MK', '1');
INSERT INTO `mcc_zone` VALUES ('56', '2', 'Mat', 'MT', '1');
INSERT INTO `mcc_zone` VALUES ('57', '2', 'Mirdite', 'MR', '1');
INSERT INTO `mcc_zone` VALUES ('58', '2', 'Peqin', 'PQ', '1');
INSERT INTO `mcc_zone` VALUES ('59', '2', 'Permet', 'PR', '1');
INSERT INTO `mcc_zone` VALUES ('60', '2', 'Pogradec', 'PG', '1');
INSERT INTO `mcc_zone` VALUES ('61', '2', 'Puke', 'PU', '1');
INSERT INTO `mcc_zone` VALUES ('62', '2', 'Shkoder', 'SH', '1');
INSERT INTO `mcc_zone` VALUES ('63', '2', 'Skrapar', 'SK', '1');
INSERT INTO `mcc_zone` VALUES ('64', '2', 'Sarande', 'SR', '1');
INSERT INTO `mcc_zone` VALUES ('65', '2', 'Tepelene', 'TE', '1');
INSERT INTO `mcc_zone` VALUES ('66', '2', 'Tropoje', 'TP', '1');
INSERT INTO `mcc_zone` VALUES ('67', '2', 'Tirane', 'TR', '1');
INSERT INTO `mcc_zone` VALUES ('68', '2', 'Vlore', 'VL', '1');
INSERT INTO `mcc_zone` VALUES ('69', '3', 'Adrar', 'ADR', '1');
INSERT INTO `mcc_zone` VALUES ('70', '3', 'Ain Defla', 'ADE', '1');
INSERT INTO `mcc_zone` VALUES ('71', '3', 'Ain Temouchent', 'ATE', '1');
INSERT INTO `mcc_zone` VALUES ('72', '3', 'Alger', 'ALG', '1');
INSERT INTO `mcc_zone` VALUES ('73', '3', 'Annaba', 'ANN', '1');
INSERT INTO `mcc_zone` VALUES ('74', '3', 'Batna', 'BAT', '1');
INSERT INTO `mcc_zone` VALUES ('75', '3', 'Bechar', 'BEC', '1');
INSERT INTO `mcc_zone` VALUES ('76', '3', 'Bejaia', 'BEJ', '1');
INSERT INTO `mcc_zone` VALUES ('77', '3', 'Biskra', 'BIS', '1');
INSERT INTO `mcc_zone` VALUES ('78', '3', 'Blida', 'BLI', '1');
INSERT INTO `mcc_zone` VALUES ('79', '3', 'Bordj Bou Arreridj', 'BBA', '1');
INSERT INTO `mcc_zone` VALUES ('80', '3', 'Bouira', 'BOA', '1');
INSERT INTO `mcc_zone` VALUES ('81', '3', 'Boumerdes', 'BMD', '1');
INSERT INTO `mcc_zone` VALUES ('82', '3', 'Chlef', 'CHL', '1');
INSERT INTO `mcc_zone` VALUES ('83', '3', 'Constantine', 'CON', '1');
INSERT INTO `mcc_zone` VALUES ('84', '3', 'Djelfa', 'DJE', '1');
INSERT INTO `mcc_zone` VALUES ('85', '3', 'El Bayadh', 'EBA', '1');
INSERT INTO `mcc_zone` VALUES ('86', '3', 'El Oued', 'EOU', '1');
INSERT INTO `mcc_zone` VALUES ('87', '3', 'El Tarf', 'ETA', '1');
INSERT INTO `mcc_zone` VALUES ('88', '3', 'Ghardaia', 'GHA', '1');
INSERT INTO `mcc_zone` VALUES ('89', '3', 'Guelma', 'GUE', '1');
INSERT INTO `mcc_zone` VALUES ('90', '3', 'Illizi', 'ILL', '1');
INSERT INTO `mcc_zone` VALUES ('91', '3', 'Jijel', 'JIJ', '1');
INSERT INTO `mcc_zone` VALUES ('92', '3', 'Khenchela', 'KHE', '1');
INSERT INTO `mcc_zone` VALUES ('93', '3', 'Laghouat', 'LAG', '1');
INSERT INTO `mcc_zone` VALUES ('94', '3', 'Muaskar', 'MUA', '1');
INSERT INTO `mcc_zone` VALUES ('95', '3', 'Medea', 'MED', '1');
INSERT INTO `mcc_zone` VALUES ('96', '3', 'Mila', 'MIL', '1');
INSERT INTO `mcc_zone` VALUES ('97', '3', 'Mostaganem', 'MOS', '1');
INSERT INTO `mcc_zone` VALUES ('98', '3', 'M\'Sila', 'MSI', '1');
INSERT INTO `mcc_zone` VALUES ('99', '3', 'Naama', 'NAA', '1');
INSERT INTO `mcc_zone` VALUES ('100', '3', 'Oran', 'ORA', '1');
INSERT INTO `mcc_zone` VALUES ('101', '3', 'Ouargla', 'OUA', '1');
INSERT INTO `mcc_zone` VALUES ('102', '3', 'Oum el-Bouaghi', 'OEB', '1');
INSERT INTO `mcc_zone` VALUES ('103', '3', 'Relizane', 'REL', '1');
INSERT INTO `mcc_zone` VALUES ('104', '3', 'Saida', 'SAI', '1');
INSERT INTO `mcc_zone` VALUES ('105', '3', 'Setif', 'SET', '1');
INSERT INTO `mcc_zone` VALUES ('106', '3', 'Sidi Bel Abbes', 'SBA', '1');
INSERT INTO `mcc_zone` VALUES ('107', '3', 'Skikda', 'SKI', '1');
INSERT INTO `mcc_zone` VALUES ('108', '3', 'Souk Ahras', 'SAH', '1');
INSERT INTO `mcc_zone` VALUES ('109', '3', 'Tamanghasset', 'TAM', '1');
INSERT INTO `mcc_zone` VALUES ('110', '3', 'Tebessa', 'TEB', '1');
INSERT INTO `mcc_zone` VALUES ('111', '3', 'Tiaret', 'TIA', '1');
INSERT INTO `mcc_zone` VALUES ('112', '3', 'Tindouf', 'TIN', '1');
INSERT INTO `mcc_zone` VALUES ('113', '3', 'Tipaza', 'TIP', '1');
INSERT INTO `mcc_zone` VALUES ('114', '3', 'Tissemsilt', 'TIS', '1');
INSERT INTO `mcc_zone` VALUES ('115', '3', 'Tizi Ouzou', 'TOU', '1');
INSERT INTO `mcc_zone` VALUES ('116', '3', 'Tlemcen', 'TLE', '1');
INSERT INTO `mcc_zone` VALUES ('117', '4', 'Eastern', 'E', '1');
INSERT INTO `mcc_zone` VALUES ('118', '4', 'Manu\'a', 'M', '1');
INSERT INTO `mcc_zone` VALUES ('119', '4', 'Rose Island', 'R', '1');
INSERT INTO `mcc_zone` VALUES ('120', '4', 'Swains Island', 'S', '1');
INSERT INTO `mcc_zone` VALUES ('121', '4', 'Western', 'W', '1');
INSERT INTO `mcc_zone` VALUES ('122', '5', 'Andorra la Vella', 'ALV', '1');
INSERT INTO `mcc_zone` VALUES ('123', '5', 'Canillo', 'CAN', '1');
INSERT INTO `mcc_zone` VALUES ('124', '5', 'Encamp', 'ENC', '1');
INSERT INTO `mcc_zone` VALUES ('125', '5', 'Escaldes-Engordany', 'ESE', '1');
INSERT INTO `mcc_zone` VALUES ('126', '5', 'La Massana', 'LMA', '1');
INSERT INTO `mcc_zone` VALUES ('127', '5', 'Ordino', 'ORD', '1');
INSERT INTO `mcc_zone` VALUES ('128', '5', 'Sant Julia de Loria', 'SJL', '1');
INSERT INTO `mcc_zone` VALUES ('129', '6', 'Bengo', 'BGO', '1');
INSERT INTO `mcc_zone` VALUES ('130', '6', 'Benguela', 'BGU', '1');
INSERT INTO `mcc_zone` VALUES ('131', '6', 'Bie', 'BIE', '1');
INSERT INTO `mcc_zone` VALUES ('132', '6', 'Cabinda', 'CAB', '1');
INSERT INTO `mcc_zone` VALUES ('133', '6', 'Cuando-Cubango', 'CCU', '1');
INSERT INTO `mcc_zone` VALUES ('134', '6', 'Cuanza Norte', 'CNO', '1');
INSERT INTO `mcc_zone` VALUES ('135', '6', 'Cuanza Sul', 'CUS', '1');
INSERT INTO `mcc_zone` VALUES ('136', '6', 'Cunene', 'CNN', '1');
INSERT INTO `mcc_zone` VALUES ('137', '6', 'Huambo', 'HUA', '1');
INSERT INTO `mcc_zone` VALUES ('138', '6', 'Huila', 'HUI', '1');
INSERT INTO `mcc_zone` VALUES ('139', '6', 'Luanda', 'LUA', '1');
INSERT INTO `mcc_zone` VALUES ('140', '6', 'Lunda Norte', 'LNO', '1');
INSERT INTO `mcc_zone` VALUES ('141', '6', 'Lunda Sul', 'LSU', '1');
INSERT INTO `mcc_zone` VALUES ('142', '6', 'Malange', 'MAL', '1');
INSERT INTO `mcc_zone` VALUES ('143', '6', 'Moxico', 'MOX', '1');
INSERT INTO `mcc_zone` VALUES ('144', '6', 'Namibe', 'NAM', '1');
INSERT INTO `mcc_zone` VALUES ('145', '6', 'Uige', 'UIG', '1');
INSERT INTO `mcc_zone` VALUES ('146', '6', 'Zaire', 'ZAI', '1');
INSERT INTO `mcc_zone` VALUES ('147', '9', 'Saint George', 'ASG', '1');
INSERT INTO `mcc_zone` VALUES ('148', '9', 'Saint John', 'ASJ', '1');
INSERT INTO `mcc_zone` VALUES ('149', '9', 'Saint Mary', 'ASM', '1');
INSERT INTO `mcc_zone` VALUES ('150', '9', 'Saint Paul', 'ASL', '1');
INSERT INTO `mcc_zone` VALUES ('151', '9', 'Saint Peter', 'ASR', '1');
INSERT INTO `mcc_zone` VALUES ('152', '9', 'Saint Philip', 'ASH', '1');
INSERT INTO `mcc_zone` VALUES ('153', '9', 'Barbuda', 'BAR', '1');
INSERT INTO `mcc_zone` VALUES ('154', '9', 'Redonda', 'RED', '1');
INSERT INTO `mcc_zone` VALUES ('155', '10', 'Antartida e Islas del Atlantico', 'AN', '1');
INSERT INTO `mcc_zone` VALUES ('156', '10', 'Buenos Aires', 'BA', '1');
INSERT INTO `mcc_zone` VALUES ('157', '10', 'Catamarca', 'CA', '1');
INSERT INTO `mcc_zone` VALUES ('158', '10', 'Chaco', 'CH', '1');
INSERT INTO `mcc_zone` VALUES ('159', '10', 'Chubut', 'CU', '1');
INSERT INTO `mcc_zone` VALUES ('160', '10', 'Cordoba', 'CO', '1');
INSERT INTO `mcc_zone` VALUES ('161', '10', 'Corrientes', 'CR', '1');
INSERT INTO `mcc_zone` VALUES ('162', '10', 'Distrito Federal', 'DF', '1');
INSERT INTO `mcc_zone` VALUES ('163', '10', 'Entre Rios', 'ER', '1');
INSERT INTO `mcc_zone` VALUES ('164', '10', 'Formosa', 'FO', '1');
INSERT INTO `mcc_zone` VALUES ('165', '10', 'Jujuy', 'JU', '1');
INSERT INTO `mcc_zone` VALUES ('166', '10', 'La Pampa', 'LP', '1');
INSERT INTO `mcc_zone` VALUES ('167', '10', 'La Rioja', 'LR', '1');
INSERT INTO `mcc_zone` VALUES ('168', '10', 'Mendoza', 'ME', '1');
INSERT INTO `mcc_zone` VALUES ('169', '10', 'Misiones', 'MI', '1');
INSERT INTO `mcc_zone` VALUES ('170', '10', 'Neuquen', 'NE', '1');
INSERT INTO `mcc_zone` VALUES ('171', '10', 'Rio Negro', 'RN', '1');
INSERT INTO `mcc_zone` VALUES ('172', '10', 'Salta', 'SA', '1');
INSERT INTO `mcc_zone` VALUES ('173', '10', 'San Juan', 'SJ', '1');
INSERT INTO `mcc_zone` VALUES ('174', '10', 'San Luis', 'SL', '1');
INSERT INTO `mcc_zone` VALUES ('175', '10', 'Santa Cruz', 'SC', '1');
INSERT INTO `mcc_zone` VALUES ('176', '10', 'Santa Fe', 'SF', '1');
INSERT INTO `mcc_zone` VALUES ('177', '10', 'Santiago del Estero', 'SD', '1');
INSERT INTO `mcc_zone` VALUES ('178', '10', 'Tierra del Fuego', 'TF', '1');
INSERT INTO `mcc_zone` VALUES ('179', '10', 'Tucuman', 'TU', '1');
INSERT INTO `mcc_zone` VALUES ('180', '11', 'Aragatsotn', 'AGT', '1');
INSERT INTO `mcc_zone` VALUES ('181', '11', 'Ararat', 'ARR', '1');
INSERT INTO `mcc_zone` VALUES ('182', '11', 'Armavir', 'ARM', '1');
INSERT INTO `mcc_zone` VALUES ('183', '11', 'Geghark\'unik\'', 'GEG', '1');
INSERT INTO `mcc_zone` VALUES ('184', '11', 'Kotayk\'', 'KOT', '1');
INSERT INTO `mcc_zone` VALUES ('185', '11', 'Lorri', 'LOR', '1');
INSERT INTO `mcc_zone` VALUES ('186', '11', 'Shirak', 'SHI', '1');
INSERT INTO `mcc_zone` VALUES ('187', '11', 'Syunik\'', 'SYU', '1');
INSERT INTO `mcc_zone` VALUES ('188', '11', 'Tavush', 'TAV', '1');
INSERT INTO `mcc_zone` VALUES ('189', '11', 'Vayots\' Dzor', 'VAY', '1');
INSERT INTO `mcc_zone` VALUES ('190', '11', 'Yerevan', 'YER', '1');
INSERT INTO `mcc_zone` VALUES ('191', '13', 'Australian Capital Territory', 'ACT', '1');
INSERT INTO `mcc_zone` VALUES ('192', '13', 'New South Wales', 'NSW', '1');
INSERT INTO `mcc_zone` VALUES ('193', '13', 'Northern Territory', 'NT', '1');
INSERT INTO `mcc_zone` VALUES ('194', '13', 'Queensland', 'QLD', '1');
INSERT INTO `mcc_zone` VALUES ('195', '13', 'South Australia', 'SA', '1');
INSERT INTO `mcc_zone` VALUES ('196', '13', 'Tasmania', 'TAS', '1');
INSERT INTO `mcc_zone` VALUES ('197', '13', 'Victoria', 'VIC', '1');
INSERT INTO `mcc_zone` VALUES ('198', '13', 'Western Australia', 'WA', '1');
INSERT INTO `mcc_zone` VALUES ('199', '14', 'Burgenland', 'BUR', '1');
INSERT INTO `mcc_zone` VALUES ('200', '14', 'Kärnten', 'KAR', '1');
INSERT INTO `mcc_zone` VALUES ('201', '14', 'Nieder&ouml;sterreich', 'NOS', '1');
INSERT INTO `mcc_zone` VALUES ('202', '14', 'Ober&ouml;sterreich', 'OOS', '1');
INSERT INTO `mcc_zone` VALUES ('203', '14', 'Salzburg', 'SAL', '1');
INSERT INTO `mcc_zone` VALUES ('204', '14', 'Steiermark', 'STE', '1');
INSERT INTO `mcc_zone` VALUES ('205', '14', 'Tirol', 'TIR', '1');
INSERT INTO `mcc_zone` VALUES ('206', '14', 'Vorarlberg', 'VOR', '1');
INSERT INTO `mcc_zone` VALUES ('207', '14', 'Wien', 'WIE', '1');
INSERT INTO `mcc_zone` VALUES ('208', '15', 'Ali Bayramli', 'AB', '1');
INSERT INTO `mcc_zone` VALUES ('209', '15', 'Abseron', 'ABS', '1');
INSERT INTO `mcc_zone` VALUES ('210', '15', 'AgcabAdi', 'AGC', '1');
INSERT INTO `mcc_zone` VALUES ('211', '15', 'Agdam', 'AGM', '1');
INSERT INTO `mcc_zone` VALUES ('212', '15', 'Agdas', 'AGS', '1');
INSERT INTO `mcc_zone` VALUES ('213', '15', 'Agstafa', 'AGA', '1');
INSERT INTO `mcc_zone` VALUES ('214', '15', 'Agsu', 'AGU', '1');
INSERT INTO `mcc_zone` VALUES ('215', '15', 'Astara', 'AST', '1');
INSERT INTO `mcc_zone` VALUES ('216', '15', 'Baki', 'BA', '1');
INSERT INTO `mcc_zone` VALUES ('217', '15', 'BabAk', 'BAB', '1');
INSERT INTO `mcc_zone` VALUES ('218', '15', 'BalakAn', 'BAL', '1');
INSERT INTO `mcc_zone` VALUES ('219', '15', 'BArdA', 'BAR', '1');
INSERT INTO `mcc_zone` VALUES ('220', '15', 'Beylaqan', 'BEY', '1');
INSERT INTO `mcc_zone` VALUES ('221', '15', 'Bilasuvar', 'BIL', '1');
INSERT INTO `mcc_zone` VALUES ('222', '15', 'Cabrayil', 'CAB', '1');
INSERT INTO `mcc_zone` VALUES ('223', '15', 'Calilabab', 'CAL', '1');
INSERT INTO `mcc_zone` VALUES ('224', '15', 'Culfa', 'CUL', '1');
INSERT INTO `mcc_zone` VALUES ('225', '15', 'Daskasan', 'DAS', '1');
INSERT INTO `mcc_zone` VALUES ('226', '15', 'Davaci', 'DAV', '1');
INSERT INTO `mcc_zone` VALUES ('227', '15', 'Fuzuli', 'FUZ', '1');
INSERT INTO `mcc_zone` VALUES ('228', '15', 'Ganca', 'GA', '1');
INSERT INTO `mcc_zone` VALUES ('229', '15', 'Gadabay', 'GAD', '1');
INSERT INTO `mcc_zone` VALUES ('230', '15', 'Goranboy', 'GOR', '1');
INSERT INTO `mcc_zone` VALUES ('231', '15', 'Goycay', 'GOY', '1');
INSERT INTO `mcc_zone` VALUES ('232', '15', 'Haciqabul', 'HAC', '1');
INSERT INTO `mcc_zone` VALUES ('233', '15', 'Imisli', 'IMI', '1');
INSERT INTO `mcc_zone` VALUES ('234', '15', 'Ismayilli', 'ISM', '1');
INSERT INTO `mcc_zone` VALUES ('235', '15', 'Kalbacar', 'KAL', '1');
INSERT INTO `mcc_zone` VALUES ('236', '15', 'Kurdamir', 'KUR', '1');
INSERT INTO `mcc_zone` VALUES ('237', '15', 'Lankaran', 'LA', '1');
INSERT INTO `mcc_zone` VALUES ('238', '15', 'Lacin', 'LAC', '1');
INSERT INTO `mcc_zone` VALUES ('239', '15', 'Lankaran', 'LAN', '1');
INSERT INTO `mcc_zone` VALUES ('240', '15', 'Lerik', 'LER', '1');
INSERT INTO `mcc_zone` VALUES ('241', '15', 'Masalli', 'MAS', '1');
INSERT INTO `mcc_zone` VALUES ('242', '15', 'Mingacevir', 'MI', '1');
INSERT INTO `mcc_zone` VALUES ('243', '15', 'Naftalan', 'NA', '1');
INSERT INTO `mcc_zone` VALUES ('244', '15', 'Neftcala', 'NEF', '1');
INSERT INTO `mcc_zone` VALUES ('245', '15', 'Oguz', 'OGU', '1');
INSERT INTO `mcc_zone` VALUES ('246', '15', 'Ordubad', 'ORD', '1');
INSERT INTO `mcc_zone` VALUES ('247', '15', 'Qabala', 'QAB', '1');
INSERT INTO `mcc_zone` VALUES ('248', '15', 'Qax', 'QAX', '1');
INSERT INTO `mcc_zone` VALUES ('249', '15', 'Qazax', 'QAZ', '1');
INSERT INTO `mcc_zone` VALUES ('250', '15', 'Qobustan', 'QOB', '1');
INSERT INTO `mcc_zone` VALUES ('251', '15', 'Quba', 'QBA', '1');
INSERT INTO `mcc_zone` VALUES ('252', '15', 'Qubadli', 'QBI', '1');
INSERT INTO `mcc_zone` VALUES ('253', '15', 'Qusar', 'QUS', '1');
INSERT INTO `mcc_zone` VALUES ('254', '15', 'Saki', 'SA', '1');
INSERT INTO `mcc_zone` VALUES ('255', '15', 'Saatli', 'SAT', '1');
INSERT INTO `mcc_zone` VALUES ('256', '15', 'Sabirabad', 'SAB', '1');
INSERT INTO `mcc_zone` VALUES ('257', '15', 'Sadarak', 'SAD', '1');
INSERT INTO `mcc_zone` VALUES ('258', '15', 'Sahbuz', 'SAH', '1');
INSERT INTO `mcc_zone` VALUES ('259', '15', 'Saki', 'SAK', '1');
INSERT INTO `mcc_zone` VALUES ('260', '15', 'Salyan', 'SAL', '1');
INSERT INTO `mcc_zone` VALUES ('261', '15', 'Sumqayit', 'SM', '1');
INSERT INTO `mcc_zone` VALUES ('262', '15', 'Samaxi', 'SMI', '1');
INSERT INTO `mcc_zone` VALUES ('263', '15', 'Samkir', 'SKR', '1');
INSERT INTO `mcc_zone` VALUES ('264', '15', 'Samux', 'SMX', '1');
INSERT INTO `mcc_zone` VALUES ('265', '15', 'Sarur', 'SAR', '1');
INSERT INTO `mcc_zone` VALUES ('266', '15', 'Siyazan', 'SIY', '1');
INSERT INTO `mcc_zone` VALUES ('267', '15', 'Susa', 'SS', '1');
INSERT INTO `mcc_zone` VALUES ('268', '15', 'Susa', 'SUS', '1');
INSERT INTO `mcc_zone` VALUES ('269', '15', 'Tartar', 'TAR', '1');
INSERT INTO `mcc_zone` VALUES ('270', '15', 'Tovuz', 'TOV', '1');
INSERT INTO `mcc_zone` VALUES ('271', '15', 'Ucar', 'UCA', '1');
INSERT INTO `mcc_zone` VALUES ('272', '15', 'Xankandi', 'XA', '1');
INSERT INTO `mcc_zone` VALUES ('273', '15', 'Xacmaz', 'XAC', '1');
INSERT INTO `mcc_zone` VALUES ('274', '15', 'Xanlar', 'XAN', '1');
INSERT INTO `mcc_zone` VALUES ('275', '15', 'Xizi', 'XIZ', '1');
INSERT INTO `mcc_zone` VALUES ('276', '15', 'Xocali', 'XCI', '1');
INSERT INTO `mcc_zone` VALUES ('277', '15', 'Xocavand', 'XVD', '1');
INSERT INTO `mcc_zone` VALUES ('278', '15', 'Yardimli', 'YAR', '1');
INSERT INTO `mcc_zone` VALUES ('279', '15', 'Yevlax', 'YEV', '1');
INSERT INTO `mcc_zone` VALUES ('280', '15', 'Zangilan', 'ZAN', '1');
INSERT INTO `mcc_zone` VALUES ('281', '15', 'Zaqatala', 'ZAQ', '1');
INSERT INTO `mcc_zone` VALUES ('282', '15', 'Zardab', 'ZAR', '1');
INSERT INTO `mcc_zone` VALUES ('283', '15', 'Naxcivan', 'NX', '1');
INSERT INTO `mcc_zone` VALUES ('284', '16', 'Acklins', 'ACK', '1');
INSERT INTO `mcc_zone` VALUES ('285', '16', 'Berry Islands', 'BER', '1');
INSERT INTO `mcc_zone` VALUES ('286', '16', 'Bimini', 'BIM', '1');
INSERT INTO `mcc_zone` VALUES ('287', '16', 'Black Point', 'BLK', '1');
INSERT INTO `mcc_zone` VALUES ('288', '16', 'Cat Island', 'CAT', '1');
INSERT INTO `mcc_zone` VALUES ('289', '16', 'Central Abaco', 'CAB', '1');
INSERT INTO `mcc_zone` VALUES ('290', '16', 'Central Andros', 'CAN', '1');
INSERT INTO `mcc_zone` VALUES ('291', '16', 'Central Eleuthera', 'CEL', '1');
INSERT INTO `mcc_zone` VALUES ('292', '16', 'City of Freeport', 'FRE', '1');
INSERT INTO `mcc_zone` VALUES ('293', '16', 'Crooked Island', 'CRO', '1');
INSERT INTO `mcc_zone` VALUES ('294', '16', 'East Grand Bahama', 'EGB', '1');
INSERT INTO `mcc_zone` VALUES ('295', '16', 'Exuma', 'EXU', '1');
INSERT INTO `mcc_zone` VALUES ('296', '16', 'Grand Cay', 'GRD', '1');
INSERT INTO `mcc_zone` VALUES ('297', '16', 'Harbour Island', 'HAR', '1');
INSERT INTO `mcc_zone` VALUES ('298', '16', 'Hope Town', 'HOP', '1');
INSERT INTO `mcc_zone` VALUES ('299', '16', 'Inagua', 'INA', '1');
INSERT INTO `mcc_zone` VALUES ('300', '16', 'Long Island', 'LNG', '1');
INSERT INTO `mcc_zone` VALUES ('301', '16', 'Mangrove Cay', 'MAN', '1');
INSERT INTO `mcc_zone` VALUES ('302', '16', 'Mayaguana', 'MAY', '1');
INSERT INTO `mcc_zone` VALUES ('303', '16', 'Moore\'s Island', 'MOO', '1');
INSERT INTO `mcc_zone` VALUES ('304', '16', 'North Abaco', 'NAB', '1');
INSERT INTO `mcc_zone` VALUES ('305', '16', 'North Andros', 'NAN', '1');
INSERT INTO `mcc_zone` VALUES ('306', '16', 'North Eleuthera', 'NEL', '1');
INSERT INTO `mcc_zone` VALUES ('307', '16', 'Ragged Island', 'RAG', '1');
INSERT INTO `mcc_zone` VALUES ('308', '16', 'Rum Cay', 'RUM', '1');
INSERT INTO `mcc_zone` VALUES ('309', '16', 'San Salvador', 'SAL', '1');
INSERT INTO `mcc_zone` VALUES ('310', '16', 'South Abaco', 'SAB', '1');
INSERT INTO `mcc_zone` VALUES ('311', '16', 'South Andros', 'SAN', '1');
INSERT INTO `mcc_zone` VALUES ('312', '16', 'South Eleuthera', 'SEL', '1');
INSERT INTO `mcc_zone` VALUES ('313', '16', 'Spanish Wells', 'SWE', '1');
INSERT INTO `mcc_zone` VALUES ('314', '16', 'West Grand Bahama', 'WGB', '1');
INSERT INTO `mcc_zone` VALUES ('315', '17', 'Capital', 'CAP', '1');
INSERT INTO `mcc_zone` VALUES ('316', '17', 'Central', 'CEN', '1');
INSERT INTO `mcc_zone` VALUES ('317', '17', 'Muharraq', 'MUH', '1');
INSERT INTO `mcc_zone` VALUES ('318', '17', 'Northern', 'NOR', '1');
INSERT INTO `mcc_zone` VALUES ('319', '17', 'Southern', 'SOU', '1');
INSERT INTO `mcc_zone` VALUES ('320', '18', 'Barisal', 'BAR', '1');
INSERT INTO `mcc_zone` VALUES ('321', '18', 'Chittagong', 'CHI', '1');
INSERT INTO `mcc_zone` VALUES ('322', '18', 'Dhaka', 'DHA', '1');
INSERT INTO `mcc_zone` VALUES ('323', '18', 'Khulna', 'KHU', '1');
INSERT INTO `mcc_zone` VALUES ('324', '18', 'Rajshahi', 'RAJ', '1');
INSERT INTO `mcc_zone` VALUES ('325', '18', 'Sylhet', 'SYL', '1');
INSERT INTO `mcc_zone` VALUES ('326', '19', 'Christ Church', 'CC', '1');
INSERT INTO `mcc_zone` VALUES ('327', '19', 'Saint Andrew', 'AND', '1');
INSERT INTO `mcc_zone` VALUES ('328', '19', 'Saint George', 'GEO', '1');
INSERT INTO `mcc_zone` VALUES ('329', '19', 'Saint James', 'JAM', '1');
INSERT INTO `mcc_zone` VALUES ('330', '19', 'Saint John', 'JOH', '1');
INSERT INTO `mcc_zone` VALUES ('331', '19', 'Saint Joseph', 'JOS', '1');
INSERT INTO `mcc_zone` VALUES ('332', '19', 'Saint Lucy', 'LUC', '1');
INSERT INTO `mcc_zone` VALUES ('333', '19', 'Saint Michael', 'MIC', '1');
INSERT INTO `mcc_zone` VALUES ('334', '19', 'Saint Peter', 'PET', '1');
INSERT INTO `mcc_zone` VALUES ('335', '19', 'Saint Philip', 'PHI', '1');
INSERT INTO `mcc_zone` VALUES ('336', '19', 'Saint Thomas', 'THO', '1');
INSERT INTO `mcc_zone` VALUES ('337', '20', 'Brestskaya (Brest)', 'BR', '1');
INSERT INTO `mcc_zone` VALUES ('338', '20', 'Homyel\'skaya (Homyel\')', 'HO', '1');
INSERT INTO `mcc_zone` VALUES ('339', '20', 'Horad Minsk', 'HM', '1');
INSERT INTO `mcc_zone` VALUES ('340', '20', 'Hrodzyenskaya (Hrodna)', 'HR', '1');
INSERT INTO `mcc_zone` VALUES ('341', '20', 'Mahilyowskaya (Mahilyow)', 'MA', '1');
INSERT INTO `mcc_zone` VALUES ('342', '20', 'Minskaya', 'MI', '1');
INSERT INTO `mcc_zone` VALUES ('343', '20', 'Vitsyebskaya (Vitsyebsk)', 'VI', '1');
INSERT INTO `mcc_zone` VALUES ('344', '21', 'Antwerpen', 'VAN', '1');
INSERT INTO `mcc_zone` VALUES ('345', '21', 'Brabant Wallon', 'WBR', '1');
INSERT INTO `mcc_zone` VALUES ('346', '21', 'Hainaut', 'WHT', '1');
INSERT INTO `mcc_zone` VALUES ('347', '21', 'Liège', 'WLG', '1');
INSERT INTO `mcc_zone` VALUES ('348', '21', 'Limburg', 'VLI', '1');
INSERT INTO `mcc_zone` VALUES ('349', '21', 'Luxembourg', 'WLX', '1');
INSERT INTO `mcc_zone` VALUES ('350', '21', 'Namur', 'WNA', '1');
INSERT INTO `mcc_zone` VALUES ('351', '21', 'Oost-Vlaanderen', 'VOV', '1');
INSERT INTO `mcc_zone` VALUES ('352', '21', 'Vlaams Brabant', 'VBR', '1');
INSERT INTO `mcc_zone` VALUES ('353', '21', 'West-Vlaanderen', 'VWV', '1');
INSERT INTO `mcc_zone` VALUES ('354', '22', 'Belize', 'BZ', '1');
INSERT INTO `mcc_zone` VALUES ('355', '22', 'Cayo', 'CY', '1');
INSERT INTO `mcc_zone` VALUES ('356', '22', 'Corozal', 'CR', '1');
INSERT INTO `mcc_zone` VALUES ('357', '22', 'Orange Walk', 'OW', '1');
INSERT INTO `mcc_zone` VALUES ('358', '22', 'Stann Creek', 'SC', '1');
INSERT INTO `mcc_zone` VALUES ('359', '22', 'Toledo', 'TO', '1');
INSERT INTO `mcc_zone` VALUES ('360', '23', 'Alibori', 'AL', '1');
INSERT INTO `mcc_zone` VALUES ('361', '23', 'Atakora', 'AK', '1');
INSERT INTO `mcc_zone` VALUES ('362', '23', 'Atlantique', 'AQ', '1');
INSERT INTO `mcc_zone` VALUES ('363', '23', 'Borgou', 'BO', '1');
INSERT INTO `mcc_zone` VALUES ('364', '23', 'Collines', 'CO', '1');
INSERT INTO `mcc_zone` VALUES ('365', '23', 'Donga', 'DO', '1');
INSERT INTO `mcc_zone` VALUES ('366', '23', 'Kouffo', 'KO', '1');
INSERT INTO `mcc_zone` VALUES ('367', '23', 'Littoral', 'LI', '1');
INSERT INTO `mcc_zone` VALUES ('368', '23', 'Mono', 'MO', '1');
INSERT INTO `mcc_zone` VALUES ('369', '23', 'Oueme', 'OU', '1');
INSERT INTO `mcc_zone` VALUES ('370', '23', 'Plateau', 'PL', '1');
INSERT INTO `mcc_zone` VALUES ('371', '23', 'Zou', 'ZO', '1');
INSERT INTO `mcc_zone` VALUES ('372', '24', 'Devonshire', 'DS', '1');
INSERT INTO `mcc_zone` VALUES ('373', '24', 'Hamilton City', 'HC', '1');
INSERT INTO `mcc_zone` VALUES ('374', '24', 'Hamilton', 'HA', '1');
INSERT INTO `mcc_zone` VALUES ('375', '24', 'Paget', 'PG', '1');
INSERT INTO `mcc_zone` VALUES ('376', '24', 'Pembroke', 'PB', '1');
INSERT INTO `mcc_zone` VALUES ('377', '24', 'Saint George City', 'GC', '1');
INSERT INTO `mcc_zone` VALUES ('378', '24', 'Saint George\'s', 'SG', '1');
INSERT INTO `mcc_zone` VALUES ('379', '24', 'Sandys', 'SA', '1');
INSERT INTO `mcc_zone` VALUES ('380', '24', 'Smith\'s', 'SM', '1');
INSERT INTO `mcc_zone` VALUES ('381', '24', 'Southampton', 'SH', '1');
INSERT INTO `mcc_zone` VALUES ('382', '24', 'Warwick', 'WA', '1');
INSERT INTO `mcc_zone` VALUES ('383', '25', 'Bumthang', 'BUM', '1');
INSERT INTO `mcc_zone` VALUES ('384', '25', 'Chukha', 'CHU', '1');
INSERT INTO `mcc_zone` VALUES ('385', '25', 'Dagana', 'DAG', '1');
INSERT INTO `mcc_zone` VALUES ('386', '25', 'Gasa', 'GAS', '1');
INSERT INTO `mcc_zone` VALUES ('387', '25', 'Haa', 'HAA', '1');
INSERT INTO `mcc_zone` VALUES ('388', '25', 'Lhuntse', 'LHU', '1');
INSERT INTO `mcc_zone` VALUES ('389', '25', 'Mongar', 'MON', '1');
INSERT INTO `mcc_zone` VALUES ('390', '25', 'Paro', 'PAR', '1');
INSERT INTO `mcc_zone` VALUES ('391', '25', 'Pemagatshel', 'PEM', '1');
INSERT INTO `mcc_zone` VALUES ('392', '25', 'Punakha', 'PUN', '1');
INSERT INTO `mcc_zone` VALUES ('393', '25', 'Samdrup Jongkhar', 'SJO', '1');
INSERT INTO `mcc_zone` VALUES ('394', '25', 'Samtse', 'SAT', '1');
INSERT INTO `mcc_zone` VALUES ('395', '25', 'Sarpang', 'SAR', '1');
INSERT INTO `mcc_zone` VALUES ('396', '25', 'Thimphu', 'THI', '1');
INSERT INTO `mcc_zone` VALUES ('397', '25', 'Trashigang', 'TRG', '1');
INSERT INTO `mcc_zone` VALUES ('398', '25', 'Trashiyangste', 'TRY', '1');
INSERT INTO `mcc_zone` VALUES ('399', '25', 'Trongsa', 'TRO', '1');
INSERT INTO `mcc_zone` VALUES ('400', '25', 'Tsirang', 'TSI', '1');
INSERT INTO `mcc_zone` VALUES ('401', '25', 'Wangdue Phodrang', 'WPH', '1');
INSERT INTO `mcc_zone` VALUES ('402', '25', 'Zhemgang', 'ZHE', '1');
INSERT INTO `mcc_zone` VALUES ('403', '26', 'Beni', 'BEN', '1');
INSERT INTO `mcc_zone` VALUES ('404', '26', 'Chuquisaca', 'CHU', '1');
INSERT INTO `mcc_zone` VALUES ('405', '26', 'Cochabamba', 'COC', '1');
INSERT INTO `mcc_zone` VALUES ('406', '26', 'La Paz', 'LPZ', '1');
INSERT INTO `mcc_zone` VALUES ('407', '26', 'Oruro', 'ORU', '1');
INSERT INTO `mcc_zone` VALUES ('408', '26', 'Pando', 'PAN', '1');
INSERT INTO `mcc_zone` VALUES ('409', '26', 'Potosi', 'POT', '1');
INSERT INTO `mcc_zone` VALUES ('410', '26', 'Santa Cruz', 'SCZ', '1');
INSERT INTO `mcc_zone` VALUES ('411', '26', 'Tarija', 'TAR', '1');
INSERT INTO `mcc_zone` VALUES ('412', '27', 'Brcko district', 'BRO', '1');
INSERT INTO `mcc_zone` VALUES ('413', '27', 'Unsko-Sanski Kanton', 'FUS', '1');
INSERT INTO `mcc_zone` VALUES ('414', '27', 'Posavski Kanton', 'FPO', '1');
INSERT INTO `mcc_zone` VALUES ('415', '27', 'Tuzlanski Kanton', 'FTU', '1');
INSERT INTO `mcc_zone` VALUES ('416', '27', 'Zenicko-Dobojski Kanton', 'FZE', '1');
INSERT INTO `mcc_zone` VALUES ('417', '27', 'Bosanskopodrinjski Kanton', 'FBP', '1');
INSERT INTO `mcc_zone` VALUES ('418', '27', 'Srednjebosanski Kanton', 'FSB', '1');
INSERT INTO `mcc_zone` VALUES ('419', '27', 'Hercegovacko-neretvanski Kanton', 'FHN', '1');
INSERT INTO `mcc_zone` VALUES ('420', '27', 'Zapadnohercegovacka Zupanija', 'FZH', '1');
INSERT INTO `mcc_zone` VALUES ('421', '27', 'Kanton Sarajevo', 'FSA', '1');
INSERT INTO `mcc_zone` VALUES ('422', '27', 'Zapadnobosanska', 'FZA', '1');
INSERT INTO `mcc_zone` VALUES ('423', '27', 'Banja Luka', 'SBL', '1');
INSERT INTO `mcc_zone` VALUES ('424', '27', 'Doboj', 'SDO', '1');
INSERT INTO `mcc_zone` VALUES ('425', '27', 'Bijeljina', 'SBI', '1');
INSERT INTO `mcc_zone` VALUES ('426', '27', 'Vlasenica', 'SVL', '1');
INSERT INTO `mcc_zone` VALUES ('427', '27', 'Sarajevo-Romanija or Sokolac', 'SSR', '1');
INSERT INTO `mcc_zone` VALUES ('428', '27', 'Foca', 'SFO', '1');
INSERT INTO `mcc_zone` VALUES ('429', '27', 'Trebinje', 'STR', '1');
INSERT INTO `mcc_zone` VALUES ('430', '28', 'Central', 'CE', '1');
INSERT INTO `mcc_zone` VALUES ('431', '28', 'Ghanzi', 'GH', '1');
INSERT INTO `mcc_zone` VALUES ('432', '28', 'Kgalagadi', 'KD', '1');
INSERT INTO `mcc_zone` VALUES ('433', '28', 'Kgatleng', 'KT', '1');
INSERT INTO `mcc_zone` VALUES ('434', '28', 'Kweneng', 'KW', '1');
INSERT INTO `mcc_zone` VALUES ('435', '28', 'Ngamiland', 'NG', '1');
INSERT INTO `mcc_zone` VALUES ('436', '28', 'North East', 'NE', '1');
INSERT INTO `mcc_zone` VALUES ('437', '28', 'North West', 'NW', '1');
INSERT INTO `mcc_zone` VALUES ('438', '28', 'South East', 'SE', '1');
INSERT INTO `mcc_zone` VALUES ('439', '28', 'Southern', 'SO', '1');
INSERT INTO `mcc_zone` VALUES ('440', '30', 'Acre', 'AC', '1');
INSERT INTO `mcc_zone` VALUES ('441', '30', 'Alagoas', 'AL', '1');
INSERT INTO `mcc_zone` VALUES ('442', '30', 'Amapá', 'AP', '1');
INSERT INTO `mcc_zone` VALUES ('443', '30', 'Amazonas', 'AM', '1');
INSERT INTO `mcc_zone` VALUES ('444', '30', 'Bahia', 'BA', '1');
INSERT INTO `mcc_zone` VALUES ('445', '30', 'Ceará', 'CE', '1');
INSERT INTO `mcc_zone` VALUES ('446', '30', 'Distrito Federal', 'DF', '1');
INSERT INTO `mcc_zone` VALUES ('447', '30', 'Espírito Santo', 'ES', '1');
INSERT INTO `mcc_zone` VALUES ('448', '30', 'Goiás', 'GO', '1');
INSERT INTO `mcc_zone` VALUES ('449', '30', 'Maranhão', 'MA', '1');
INSERT INTO `mcc_zone` VALUES ('450', '30', 'Mato Grosso', 'MT', '1');
INSERT INTO `mcc_zone` VALUES ('451', '30', 'Mato Grosso do Sul', 'MS', '1');
INSERT INTO `mcc_zone` VALUES ('452', '30', 'Minas Gerais', 'MG', '1');
INSERT INTO `mcc_zone` VALUES ('453', '30', 'Pará', 'PA', '1');
INSERT INTO `mcc_zone` VALUES ('454', '30', 'Paraíba', 'PB', '1');
INSERT INTO `mcc_zone` VALUES ('455', '30', 'Paraná', 'PR', '1');
INSERT INTO `mcc_zone` VALUES ('456', '30', 'Pernambuco', 'PE', '1');
INSERT INTO `mcc_zone` VALUES ('457', '30', 'Piauí', 'PI', '1');
INSERT INTO `mcc_zone` VALUES ('458', '30', 'Rio de Janeiro', 'RJ', '1');
INSERT INTO `mcc_zone` VALUES ('459', '30', 'Rio Grande do Norte', 'RN', '1');
INSERT INTO `mcc_zone` VALUES ('460', '30', 'Rio Grande do Sul', 'RS', '1');
INSERT INTO `mcc_zone` VALUES ('461', '30', 'Rondônia', 'RO', '1');
INSERT INTO `mcc_zone` VALUES ('462', '30', 'Roraima', 'RR', '1');
INSERT INTO `mcc_zone` VALUES ('463', '30', 'Santa Catarina', 'SC', '1');
INSERT INTO `mcc_zone` VALUES ('464', '30', 'São Paulo', 'SP', '1');
INSERT INTO `mcc_zone` VALUES ('465', '30', 'Sergipe', 'SE', '1');
INSERT INTO `mcc_zone` VALUES ('466', '30', 'Tocantins', 'TO', '1');
INSERT INTO `mcc_zone` VALUES ('467', '31', 'Peros Banhos', 'PB', '1');
INSERT INTO `mcc_zone` VALUES ('468', '31', 'Salomon Islands', 'SI', '1');
INSERT INTO `mcc_zone` VALUES ('469', '31', 'Nelsons Island', 'NI', '1');
INSERT INTO `mcc_zone` VALUES ('470', '31', 'Three Brothers', 'TB', '1');
INSERT INTO `mcc_zone` VALUES ('471', '31', 'Eagle Islands', 'EA', '1');
INSERT INTO `mcc_zone` VALUES ('472', '31', 'Danger Island', 'DI', '1');
INSERT INTO `mcc_zone` VALUES ('473', '31', 'Egmont Islands', 'EG', '1');
INSERT INTO `mcc_zone` VALUES ('474', '31', 'Diego Garcia', 'DG', '1');
INSERT INTO `mcc_zone` VALUES ('475', '32', 'Belait', 'BEL', '1');
INSERT INTO `mcc_zone` VALUES ('476', '32', 'Brunei and Muara', 'BRM', '1');
INSERT INTO `mcc_zone` VALUES ('477', '32', 'Temburong', 'TEM', '1');
INSERT INTO `mcc_zone` VALUES ('478', '32', 'Tutong', 'TUT', '1');
INSERT INTO `mcc_zone` VALUES ('479', '33', 'Blagoevgrad', '', '1');
INSERT INTO `mcc_zone` VALUES ('480', '33', 'Burgas', '', '1');
INSERT INTO `mcc_zone` VALUES ('481', '33', 'Dobrich', '', '1');
INSERT INTO `mcc_zone` VALUES ('482', '33', 'Gabrovo', '', '1');
INSERT INTO `mcc_zone` VALUES ('483', '33', 'Haskovo', '', '1');
INSERT INTO `mcc_zone` VALUES ('484', '33', 'Kardjali', '', '1');
INSERT INTO `mcc_zone` VALUES ('485', '33', 'Kyustendil', '', '1');
INSERT INTO `mcc_zone` VALUES ('486', '33', 'Lovech', '', '1');
INSERT INTO `mcc_zone` VALUES ('487', '33', 'Montana', '', '1');
INSERT INTO `mcc_zone` VALUES ('488', '33', 'Pazardjik', '', '1');
INSERT INTO `mcc_zone` VALUES ('489', '33', 'Pernik', '', '1');
INSERT INTO `mcc_zone` VALUES ('490', '33', 'Pleven', '', '1');
INSERT INTO `mcc_zone` VALUES ('491', '33', 'Plovdiv', '', '1');
INSERT INTO `mcc_zone` VALUES ('492', '33', 'Razgrad', '', '1');
INSERT INTO `mcc_zone` VALUES ('493', '33', 'Shumen', '', '1');
INSERT INTO `mcc_zone` VALUES ('494', '33', 'Silistra', '', '1');
INSERT INTO `mcc_zone` VALUES ('495', '33', 'Sliven', '', '1');
INSERT INTO `mcc_zone` VALUES ('496', '33', 'Smolyan', '', '1');
INSERT INTO `mcc_zone` VALUES ('497', '33', 'Sofia', '', '1');
INSERT INTO `mcc_zone` VALUES ('498', '33', 'Sofia - town', '', '1');
INSERT INTO `mcc_zone` VALUES ('499', '33', 'Stara Zagora', '', '1');
INSERT INTO `mcc_zone` VALUES ('500', '33', 'Targovishte', '', '1');
INSERT INTO `mcc_zone` VALUES ('501', '33', 'Varna', '', '1');
INSERT INTO `mcc_zone` VALUES ('502', '33', 'Veliko Tarnovo', '', '1');
INSERT INTO `mcc_zone` VALUES ('503', '33', 'Vidin', '', '1');
INSERT INTO `mcc_zone` VALUES ('504', '33', 'Vratza', '', '1');
INSERT INTO `mcc_zone` VALUES ('505', '33', 'Yambol', '', '1');
INSERT INTO `mcc_zone` VALUES ('506', '34', 'Bale', 'BAL', '1');
INSERT INTO `mcc_zone` VALUES ('507', '34', 'Bam', 'BAM', '1');
INSERT INTO `mcc_zone` VALUES ('508', '34', 'Banwa', 'BAN', '1');
INSERT INTO `mcc_zone` VALUES ('509', '34', 'Bazega', 'BAZ', '1');
INSERT INTO `mcc_zone` VALUES ('510', '34', 'Bougouriba', 'BOR', '1');
INSERT INTO `mcc_zone` VALUES ('511', '34', 'Boulgou', 'BLG', '1');
INSERT INTO `mcc_zone` VALUES ('512', '34', 'Boulkiemde', 'BOK', '1');
INSERT INTO `mcc_zone` VALUES ('513', '34', 'Comoe', 'COM', '1');
INSERT INTO `mcc_zone` VALUES ('514', '34', 'Ganzourgou', 'GAN', '1');
INSERT INTO `mcc_zone` VALUES ('515', '34', 'Gnagna', 'GNA', '1');
INSERT INTO `mcc_zone` VALUES ('516', '34', 'Gourma', 'GOU', '1');
INSERT INTO `mcc_zone` VALUES ('517', '34', 'Houet', 'HOU', '1');
INSERT INTO `mcc_zone` VALUES ('518', '34', 'Ioba', 'IOA', '1');
INSERT INTO `mcc_zone` VALUES ('519', '34', 'Kadiogo', 'KAD', '1');
INSERT INTO `mcc_zone` VALUES ('520', '34', 'Kenedougou', 'KEN', '1');
INSERT INTO `mcc_zone` VALUES ('521', '34', 'Komondjari', 'KOD', '1');
INSERT INTO `mcc_zone` VALUES ('522', '34', 'Kompienga', 'KOP', '1');
INSERT INTO `mcc_zone` VALUES ('523', '34', 'Kossi', 'KOS', '1');
INSERT INTO `mcc_zone` VALUES ('524', '34', 'Koulpelogo', 'KOL', '1');
INSERT INTO `mcc_zone` VALUES ('525', '34', 'Kouritenga', 'KOT', '1');
INSERT INTO `mcc_zone` VALUES ('526', '34', 'Kourweogo', 'KOW', '1');
INSERT INTO `mcc_zone` VALUES ('527', '34', 'Leraba', 'LER', '1');
INSERT INTO `mcc_zone` VALUES ('528', '34', 'Loroum', 'LOR', '1');
INSERT INTO `mcc_zone` VALUES ('529', '34', 'Mouhoun', 'MOU', '1');
INSERT INTO `mcc_zone` VALUES ('530', '34', 'Nahouri', 'NAH', '1');
INSERT INTO `mcc_zone` VALUES ('531', '34', 'Namentenga', 'NAM', '1');
INSERT INTO `mcc_zone` VALUES ('532', '34', 'Nayala', 'NAY', '1');
INSERT INTO `mcc_zone` VALUES ('533', '34', 'Noumbiel', 'NOU', '1');
INSERT INTO `mcc_zone` VALUES ('534', '34', 'Oubritenga', 'OUB', '1');
INSERT INTO `mcc_zone` VALUES ('535', '34', 'Oudalan', 'OUD', '1');
INSERT INTO `mcc_zone` VALUES ('536', '34', 'Passore', 'PAS', '1');
INSERT INTO `mcc_zone` VALUES ('537', '34', 'Poni', 'PON', '1');
INSERT INTO `mcc_zone` VALUES ('538', '34', 'Sanguie', 'SAG', '1');
INSERT INTO `mcc_zone` VALUES ('539', '34', 'Sanmatenga', 'SAM', '1');
INSERT INTO `mcc_zone` VALUES ('540', '34', 'Seno', 'SEN', '1');
INSERT INTO `mcc_zone` VALUES ('541', '34', 'Sissili', 'SIS', '1');
INSERT INTO `mcc_zone` VALUES ('542', '34', 'Soum', 'SOM', '1');
INSERT INTO `mcc_zone` VALUES ('543', '34', 'Sourou', 'SOR', '1');
INSERT INTO `mcc_zone` VALUES ('544', '34', 'Tapoa', 'TAP', '1');
INSERT INTO `mcc_zone` VALUES ('545', '34', 'Tuy', 'TUY', '1');
INSERT INTO `mcc_zone` VALUES ('546', '34', 'Yagha', 'YAG', '1');
INSERT INTO `mcc_zone` VALUES ('547', '34', 'Yatenga', 'YAT', '1');
INSERT INTO `mcc_zone` VALUES ('548', '34', 'Ziro', 'ZIR', '1');
INSERT INTO `mcc_zone` VALUES ('549', '34', 'Zondoma', 'ZOD', '1');
INSERT INTO `mcc_zone` VALUES ('550', '34', 'Zoundweogo', 'ZOW', '1');
INSERT INTO `mcc_zone` VALUES ('551', '35', 'Bubanza', 'BB', '1');
INSERT INTO `mcc_zone` VALUES ('552', '35', 'Bujumbura', 'BJ', '1');
INSERT INTO `mcc_zone` VALUES ('553', '35', 'Bururi', 'BR', '1');
INSERT INTO `mcc_zone` VALUES ('554', '35', 'Cankuzo', 'CA', '1');
INSERT INTO `mcc_zone` VALUES ('555', '35', 'Cibitoke', 'CI', '1');
INSERT INTO `mcc_zone` VALUES ('556', '35', 'Gitega', 'GI', '1');
INSERT INTO `mcc_zone` VALUES ('557', '35', 'Karuzi', 'KR', '1');
INSERT INTO `mcc_zone` VALUES ('558', '35', 'Kayanza', 'KY', '1');
INSERT INTO `mcc_zone` VALUES ('559', '35', 'Kirundo', 'KI', '1');
INSERT INTO `mcc_zone` VALUES ('560', '35', 'Makamba', 'MA', '1');
INSERT INTO `mcc_zone` VALUES ('561', '35', 'Muramvya', 'MU', '1');
INSERT INTO `mcc_zone` VALUES ('562', '35', 'Muyinga', 'MY', '1');
INSERT INTO `mcc_zone` VALUES ('563', '35', 'Mwaro', 'MW', '1');
INSERT INTO `mcc_zone` VALUES ('564', '35', 'Ngozi', 'NG', '1');
INSERT INTO `mcc_zone` VALUES ('565', '35', 'Rutana', 'RT', '1');
INSERT INTO `mcc_zone` VALUES ('566', '35', 'Ruyigi', 'RY', '1');
INSERT INTO `mcc_zone` VALUES ('567', '36', 'Phnom Penh', 'PP', '1');
INSERT INTO `mcc_zone` VALUES ('568', '36', 'Preah Seihanu (Kompong Som or Sihanoukville)', 'PS', '1');
INSERT INTO `mcc_zone` VALUES ('569', '36', 'Pailin', 'PA', '1');
INSERT INTO `mcc_zone` VALUES ('570', '36', 'Keb', 'KB', '1');
INSERT INTO `mcc_zone` VALUES ('571', '36', 'Banteay Meanchey', 'BM', '1');
INSERT INTO `mcc_zone` VALUES ('572', '36', 'Battambang', 'BA', '1');
INSERT INTO `mcc_zone` VALUES ('573', '36', 'Kampong Cham', 'KM', '1');
INSERT INTO `mcc_zone` VALUES ('574', '36', 'Kampong Chhnang', 'KN', '1');
INSERT INTO `mcc_zone` VALUES ('575', '36', 'Kampong Speu', 'KU', '1');
INSERT INTO `mcc_zone` VALUES ('576', '36', 'Kampong Som', 'KO', '1');
INSERT INTO `mcc_zone` VALUES ('577', '36', 'Kampong Thom', 'KT', '1');
INSERT INTO `mcc_zone` VALUES ('578', '36', 'Kampot', 'KP', '1');
INSERT INTO `mcc_zone` VALUES ('579', '36', 'Kandal', 'KL', '1');
INSERT INTO `mcc_zone` VALUES ('580', '36', 'Kaoh Kong', 'KK', '1');
INSERT INTO `mcc_zone` VALUES ('581', '36', 'Kratie', 'KR', '1');
INSERT INTO `mcc_zone` VALUES ('582', '36', 'Mondul Kiri', 'MK', '1');
INSERT INTO `mcc_zone` VALUES ('583', '36', 'Oddar Meancheay', 'OM', '1');
INSERT INTO `mcc_zone` VALUES ('584', '36', 'Pursat', 'PU', '1');
INSERT INTO `mcc_zone` VALUES ('585', '36', 'Preah Vihear', 'PR', '1');
INSERT INTO `mcc_zone` VALUES ('586', '36', 'Prey Veng', 'PG', '1');
INSERT INTO `mcc_zone` VALUES ('587', '36', 'Ratanak Kiri', 'RK', '1');
INSERT INTO `mcc_zone` VALUES ('588', '36', 'Siemreap', 'SI', '1');
INSERT INTO `mcc_zone` VALUES ('589', '36', 'Stung Treng', 'ST', '1');
INSERT INTO `mcc_zone` VALUES ('590', '36', 'Svay Rieng', 'SR', '1');
INSERT INTO `mcc_zone` VALUES ('591', '36', 'Takeo', 'TK', '1');
INSERT INTO `mcc_zone` VALUES ('592', '37', 'Adamawa (Adamaoua)', 'ADA', '1');
INSERT INTO `mcc_zone` VALUES ('593', '37', 'Centre', 'CEN', '1');
INSERT INTO `mcc_zone` VALUES ('594', '37', 'East (Est)', 'EST', '1');
INSERT INTO `mcc_zone` VALUES ('595', '37', 'Extreme North (Extreme-Nord)', 'EXN', '1');
INSERT INTO `mcc_zone` VALUES ('596', '37', 'Littoral', 'LIT', '1');
INSERT INTO `mcc_zone` VALUES ('597', '37', 'North (Nord)', 'NOR', '1');
INSERT INTO `mcc_zone` VALUES ('598', '37', 'Northwest (Nord-Ouest)', 'NOT', '1');
INSERT INTO `mcc_zone` VALUES ('599', '37', 'West (Ouest)', 'OUE', '1');
INSERT INTO `mcc_zone` VALUES ('600', '37', 'South (Sud)', 'SUD', '1');
INSERT INTO `mcc_zone` VALUES ('601', '37', 'Southwest (Sud-Ouest).', 'SOU', '1');
INSERT INTO `mcc_zone` VALUES ('602', '38', 'Alberta', 'AB', '1');
INSERT INTO `mcc_zone` VALUES ('603', '38', 'British Columbia', 'BC', '1');
INSERT INTO `mcc_zone` VALUES ('604', '38', 'Manitoba', 'MB', '1');
INSERT INTO `mcc_zone` VALUES ('605', '38', 'New Brunswick', 'NB', '1');
INSERT INTO `mcc_zone` VALUES ('606', '38', 'Newfoundland and Labrador', 'NL', '1');
INSERT INTO `mcc_zone` VALUES ('607', '38', 'Northwest Territories', 'NT', '1');
INSERT INTO `mcc_zone` VALUES ('608', '38', 'Nova Scotia', 'NS', '1');
INSERT INTO `mcc_zone` VALUES ('609', '38', 'Nunavut', 'NU', '1');
INSERT INTO `mcc_zone` VALUES ('610', '38', 'Ontario', 'ON', '1');
INSERT INTO `mcc_zone` VALUES ('611', '38', 'Prince Edward Island', 'PE', '1');
INSERT INTO `mcc_zone` VALUES ('612', '38', 'Qu&eacute;bec', 'QC', '1');
INSERT INTO `mcc_zone` VALUES ('613', '38', 'Saskatchewan', 'SK', '1');
INSERT INTO `mcc_zone` VALUES ('614', '38', 'Yukon Territory', 'YT', '1');
INSERT INTO `mcc_zone` VALUES ('615', '39', 'Boa Vista', 'BV', '1');
INSERT INTO `mcc_zone` VALUES ('616', '39', 'Brava', 'BR', '1');
INSERT INTO `mcc_zone` VALUES ('617', '39', 'Calheta de Sao Miguel', 'CS', '1');
INSERT INTO `mcc_zone` VALUES ('618', '39', 'Maio', 'MA', '1');
INSERT INTO `mcc_zone` VALUES ('619', '39', 'Mosteiros', 'MO', '1');
INSERT INTO `mcc_zone` VALUES ('620', '39', 'Paul', 'PA', '1');
INSERT INTO `mcc_zone` VALUES ('621', '39', 'Porto Novo', 'PN', '1');
INSERT INTO `mcc_zone` VALUES ('622', '39', 'Praia', 'PR', '1');
INSERT INTO `mcc_zone` VALUES ('623', '39', 'Ribeira Grande', 'RG', '1');
INSERT INTO `mcc_zone` VALUES ('624', '39', 'Sal', 'SL', '1');
INSERT INTO `mcc_zone` VALUES ('625', '39', 'Santa Catarina', 'CA', '1');
INSERT INTO `mcc_zone` VALUES ('626', '39', 'Santa Cruz', 'CR', '1');
INSERT INTO `mcc_zone` VALUES ('627', '39', 'Sao Domingos', 'SD', '1');
INSERT INTO `mcc_zone` VALUES ('628', '39', 'Sao Filipe', 'SF', '1');
INSERT INTO `mcc_zone` VALUES ('629', '39', 'Sao Nicolau', 'SN', '1');
INSERT INTO `mcc_zone` VALUES ('630', '39', 'Sao Vicente', 'SV', '1');
INSERT INTO `mcc_zone` VALUES ('631', '39', 'Tarrafal', 'TA', '1');
INSERT INTO `mcc_zone` VALUES ('632', '40', 'Creek', 'CR', '1');
INSERT INTO `mcc_zone` VALUES ('633', '40', 'Eastern', 'EA', '1');
INSERT INTO `mcc_zone` VALUES ('634', '40', 'Midland', 'ML', '1');
INSERT INTO `mcc_zone` VALUES ('635', '40', 'South Town', 'ST', '1');
INSERT INTO `mcc_zone` VALUES ('636', '40', 'Spot Bay', 'SP', '1');
INSERT INTO `mcc_zone` VALUES ('637', '40', 'Stake Bay', 'SK', '1');
INSERT INTO `mcc_zone` VALUES ('638', '40', 'West End', 'WD', '1');
INSERT INTO `mcc_zone` VALUES ('639', '40', 'Western', 'WN', '1');
INSERT INTO `mcc_zone` VALUES ('640', '41', 'Bamingui-Bangoran', 'BBA', '1');
INSERT INTO `mcc_zone` VALUES ('641', '41', 'Basse-Kotto', 'BKO', '1');
INSERT INTO `mcc_zone` VALUES ('642', '41', 'Haute-Kotto', 'HKO', '1');
INSERT INTO `mcc_zone` VALUES ('643', '41', 'Haut-Mbomou', 'HMB', '1');
INSERT INTO `mcc_zone` VALUES ('644', '41', 'Kemo', 'KEM', '1');
INSERT INTO `mcc_zone` VALUES ('645', '41', 'Lobaye', 'LOB', '1');
INSERT INTO `mcc_zone` VALUES ('646', '41', 'Mambere-KadeÔ', 'MKD', '1');
INSERT INTO `mcc_zone` VALUES ('647', '41', 'Mbomou', 'MBO', '1');
INSERT INTO `mcc_zone` VALUES ('648', '41', 'Nana-Mambere', 'NMM', '1');
INSERT INTO `mcc_zone` VALUES ('649', '41', 'Ombella-M\'Poko', 'OMP', '1');
INSERT INTO `mcc_zone` VALUES ('650', '41', 'Ouaka', 'OUK', '1');
INSERT INTO `mcc_zone` VALUES ('651', '41', 'Ouham', 'OUH', '1');
INSERT INTO `mcc_zone` VALUES ('652', '41', 'Ouham-Pende', 'OPE', '1');
INSERT INTO `mcc_zone` VALUES ('653', '41', 'Vakaga', 'VAK', '1');
INSERT INTO `mcc_zone` VALUES ('654', '41', 'Nana-Grebizi', 'NGR', '1');
INSERT INTO `mcc_zone` VALUES ('655', '41', 'Sangha-Mbaere', 'SMB', '1');
INSERT INTO `mcc_zone` VALUES ('656', '41', 'Bangui', 'BAN', '1');
INSERT INTO `mcc_zone` VALUES ('657', '42', 'Batha', 'BA', '1');
INSERT INTO `mcc_zone` VALUES ('658', '42', 'Biltine', 'BI', '1');
INSERT INTO `mcc_zone` VALUES ('659', '42', 'Borkou-Ennedi-Tibesti', 'BE', '1');
INSERT INTO `mcc_zone` VALUES ('660', '42', 'Chari-Baguirmi', 'CB', '1');
INSERT INTO `mcc_zone` VALUES ('661', '42', 'Guera', 'GU', '1');
INSERT INTO `mcc_zone` VALUES ('662', '42', 'Kanem', 'KA', '1');
INSERT INTO `mcc_zone` VALUES ('663', '42', 'Lac', 'LA', '1');
INSERT INTO `mcc_zone` VALUES ('664', '42', 'Logone Occidental', 'LC', '1');
INSERT INTO `mcc_zone` VALUES ('665', '42', 'Logone Oriental', 'LR', '1');
INSERT INTO `mcc_zone` VALUES ('666', '42', 'Mayo-Kebbi', 'MK', '1');
INSERT INTO `mcc_zone` VALUES ('667', '42', 'Moyen-Chari', 'MC', '1');
INSERT INTO `mcc_zone` VALUES ('668', '42', 'Ouaddai', 'OU', '1');
INSERT INTO `mcc_zone` VALUES ('669', '42', 'Salamat', 'SA', '1');
INSERT INTO `mcc_zone` VALUES ('670', '42', 'Tandjile', 'TA', '1');
INSERT INTO `mcc_zone` VALUES ('671', '43', 'Aisen del General Carlos Ibanez', 'AI', '1');
INSERT INTO `mcc_zone` VALUES ('672', '43', 'Antofagasta', 'AN', '1');
INSERT INTO `mcc_zone` VALUES ('673', '43', 'Araucania', 'AR', '1');
INSERT INTO `mcc_zone` VALUES ('674', '43', 'Atacama', 'AT', '1');
INSERT INTO `mcc_zone` VALUES ('675', '43', 'Bio-Bio', 'BI', '1');
INSERT INTO `mcc_zone` VALUES ('676', '43', 'Coquimbo', 'CO', '1');
INSERT INTO `mcc_zone` VALUES ('677', '43', 'Libertador General Bernardo O\'Higgins', 'LI', '1');
INSERT INTO `mcc_zone` VALUES ('678', '43', 'Los Lagos', 'LL', '1');
INSERT INTO `mcc_zone` VALUES ('679', '43', 'Magallanes y de la Antartica Chilena', 'MA', '1');
INSERT INTO `mcc_zone` VALUES ('680', '43', 'Maule', 'ML', '1');
INSERT INTO `mcc_zone` VALUES ('681', '43', 'Region Metropolitana', 'RM', '1');
INSERT INTO `mcc_zone` VALUES ('682', '43', 'Tarapaca', 'TA', '1');
INSERT INTO `mcc_zone` VALUES ('683', '43', 'Valparaiso', 'VS', '1');
INSERT INTO `mcc_zone` VALUES ('684', '44', '安徽省', 'AN', '1');
INSERT INTO `mcc_zone` VALUES ('685', '44', '北京市', 'BE', '1');
INSERT INTO `mcc_zone` VALUES ('686', '44', '重庆', 'CH', '1');
INSERT INTO `mcc_zone` VALUES ('687', '44', '福建省', 'FU', '1');
INSERT INTO `mcc_zone` VALUES ('688', '44', '甘肃省', 'GA', '1');
INSERT INTO `mcc_zone` VALUES ('689', '44', '广东省', 'GU', '1');
INSERT INTO `mcc_zone` VALUES ('690', '44', '广西壮族自治区', 'GX', '1');
INSERT INTO `mcc_zone` VALUES ('691', '44', '贵州省', 'GZ', '1');
INSERT INTO `mcc_zone` VALUES ('692', '44', '海南省', 'HA', '1');
INSERT INTO `mcc_zone` VALUES ('693', '44', '河北省', 'HB', '1');
INSERT INTO `mcc_zone` VALUES ('694', '44', '黑龙江省', 'HL', '1');
INSERT INTO `mcc_zone` VALUES ('695', '44', '河南省', 'HE', '1');
INSERT INTO `mcc_zone` VALUES ('696', '44', '香港特别行政区', 'HK', '1');
INSERT INTO `mcc_zone` VALUES ('697', '44', '湖北省', 'HU', '1');
INSERT INTO `mcc_zone` VALUES ('698', '44', '湖南省', 'HN', '1');
INSERT INTO `mcc_zone` VALUES ('699', '44', '内蒙古自治区', 'IM', '1');
INSERT INTO `mcc_zone` VALUES ('700', '44', '江苏省', 'JI', '1');
INSERT INTO `mcc_zone` VALUES ('701', '44', '江西省', 'JX', '1');
INSERT INTO `mcc_zone` VALUES ('702', '44', '吉林省', 'JL', '1');
INSERT INTO `mcc_zone` VALUES ('703', '44', '辽宁省', 'LI', '1');
INSERT INTO `mcc_zone` VALUES ('704', '44', '澳门特别行政区', 'MA', '1');
INSERT INTO `mcc_zone` VALUES ('705', '44', '宁夏回族自治区', 'NI', '1');
INSERT INTO `mcc_zone` VALUES ('706', '44', '陕西省', 'SH', '1');
INSERT INTO `mcc_zone` VALUES ('707', '44', '山东省', 'SA', '1');
INSERT INTO `mcc_zone` VALUES ('708', '44', '上海市', 'SG', '1');
INSERT INTO `mcc_zone` VALUES ('709', '44', '山西省', 'SX', '1');
INSERT INTO `mcc_zone` VALUES ('710', '44', '四川省', 'SI', '1');
INSERT INTO `mcc_zone` VALUES ('711', '44', '天津市', 'TI', '1');
INSERT INTO `mcc_zone` VALUES ('712', '44', '新疆维吾尔自治区', 'XI', '1');
INSERT INTO `mcc_zone` VALUES ('713', '44', '云南省', 'YU', '1');
INSERT INTO `mcc_zone` VALUES ('714', '44', '浙江省', 'ZH', '1');
INSERT INTO `mcc_zone` VALUES ('715', '46', 'Direction Island', 'D', '1');
INSERT INTO `mcc_zone` VALUES ('716', '46', 'Home Island', 'H', '1');
INSERT INTO `mcc_zone` VALUES ('717', '46', 'Horsburgh Island', 'O', '1');
INSERT INTO `mcc_zone` VALUES ('718', '46', 'South Island', 'S', '1');
INSERT INTO `mcc_zone` VALUES ('719', '46', 'West Island', 'W', '1');
INSERT INTO `mcc_zone` VALUES ('720', '47', 'Amazonas', 'AMZ', '1');
INSERT INTO `mcc_zone` VALUES ('721', '47', 'Antioquia', 'ANT', '1');
INSERT INTO `mcc_zone` VALUES ('722', '47', 'Arauca', 'ARA', '1');
INSERT INTO `mcc_zone` VALUES ('723', '47', 'Atlantico', 'ATL', '1');
INSERT INTO `mcc_zone` VALUES ('724', '47', 'Bogota D.C.', 'BDC', '1');
INSERT INTO `mcc_zone` VALUES ('725', '47', 'Bolivar', 'BOL', '1');
INSERT INTO `mcc_zone` VALUES ('726', '47', 'Boyaca', 'BOY', '1');
INSERT INTO `mcc_zone` VALUES ('727', '47', 'Caldas', 'CAL', '1');
INSERT INTO `mcc_zone` VALUES ('728', '47', 'Caqueta', 'CAQ', '1');
INSERT INTO `mcc_zone` VALUES ('729', '47', 'Casanare', 'CAS', '1');
INSERT INTO `mcc_zone` VALUES ('730', '47', 'Cauca', 'CAU', '1');
INSERT INTO `mcc_zone` VALUES ('731', '47', 'Cesar', 'CES', '1');
INSERT INTO `mcc_zone` VALUES ('732', '47', 'Choco', 'CHO', '1');
INSERT INTO `mcc_zone` VALUES ('733', '47', 'Cordoba', 'COR', '1');
INSERT INTO `mcc_zone` VALUES ('734', '47', 'Cundinamarca', 'CAM', '1');
INSERT INTO `mcc_zone` VALUES ('735', '47', 'Guainia', 'GNA', '1');
INSERT INTO `mcc_zone` VALUES ('736', '47', 'Guajira', 'GJR', '1');
INSERT INTO `mcc_zone` VALUES ('737', '47', 'Guaviare', 'GVR', '1');
INSERT INTO `mcc_zone` VALUES ('738', '47', 'Huila', 'HUI', '1');
INSERT INTO `mcc_zone` VALUES ('739', '47', 'Magdalena', 'MAG', '1');
INSERT INTO `mcc_zone` VALUES ('740', '47', 'Meta', 'MET', '1');
INSERT INTO `mcc_zone` VALUES ('741', '47', 'Narino', 'NAR', '1');
INSERT INTO `mcc_zone` VALUES ('742', '47', 'Norte de Santander', 'NDS', '1');
INSERT INTO `mcc_zone` VALUES ('743', '47', 'Putumayo', 'PUT', '1');
INSERT INTO `mcc_zone` VALUES ('744', '47', 'Quindio', 'QUI', '1');
INSERT INTO `mcc_zone` VALUES ('745', '47', 'Risaralda', 'RIS', '1');
INSERT INTO `mcc_zone` VALUES ('746', '47', 'San Andres y Providencia', 'SAP', '1');
INSERT INTO `mcc_zone` VALUES ('747', '47', 'Santander', 'SAN', '1');
INSERT INTO `mcc_zone` VALUES ('748', '47', 'Sucre', 'SUC', '1');
INSERT INTO `mcc_zone` VALUES ('749', '47', 'Tolima', 'TOL', '1');
INSERT INTO `mcc_zone` VALUES ('750', '47', 'Valle del Cauca', 'VDC', '1');
INSERT INTO `mcc_zone` VALUES ('751', '47', 'Vaupes', 'VAU', '1');
INSERT INTO `mcc_zone` VALUES ('752', '47', 'Vichada', 'VIC', '1');
INSERT INTO `mcc_zone` VALUES ('753', '48', 'Grande Comore', 'G', '1');
INSERT INTO `mcc_zone` VALUES ('754', '48', 'Anjouan', 'A', '1');
INSERT INTO `mcc_zone` VALUES ('755', '48', 'Moheli', 'M', '1');
INSERT INTO `mcc_zone` VALUES ('756', '49', 'Bouenza', 'BO', '1');
INSERT INTO `mcc_zone` VALUES ('757', '49', 'Brazzaville', 'BR', '1');
INSERT INTO `mcc_zone` VALUES ('758', '49', 'Cuvette', 'CU', '1');
INSERT INTO `mcc_zone` VALUES ('759', '49', 'Cuvette-Ouest', 'CO', '1');
INSERT INTO `mcc_zone` VALUES ('760', '49', 'Kouilou', 'KO', '1');
INSERT INTO `mcc_zone` VALUES ('761', '49', 'Lekoumou', 'LE', '1');
INSERT INTO `mcc_zone` VALUES ('762', '49', 'Likouala', 'LI', '1');
INSERT INTO `mcc_zone` VALUES ('763', '49', 'Niari', 'NI', '1');
INSERT INTO `mcc_zone` VALUES ('764', '49', 'Plateaux', 'PL', '1');
INSERT INTO `mcc_zone` VALUES ('765', '49', 'Pool', 'PO', '1');
INSERT INTO `mcc_zone` VALUES ('766', '49', 'Sangha', 'SA', '1');
INSERT INTO `mcc_zone` VALUES ('767', '50', 'Pukapuka', 'PU', '1');
INSERT INTO `mcc_zone` VALUES ('768', '50', 'Rakahanga', 'RK', '1');
INSERT INTO `mcc_zone` VALUES ('769', '50', 'Manihiki', 'MK', '1');
INSERT INTO `mcc_zone` VALUES ('770', '50', 'Penrhyn', 'PE', '1');
INSERT INTO `mcc_zone` VALUES ('771', '50', 'Nassau Island', 'NI', '1');
INSERT INTO `mcc_zone` VALUES ('772', '50', 'Surwarrow', 'SU', '1');
INSERT INTO `mcc_zone` VALUES ('773', '50', 'Palmerston', 'PA', '1');
INSERT INTO `mcc_zone` VALUES ('774', '50', 'Aitutaki', 'AI', '1');
INSERT INTO `mcc_zone` VALUES ('775', '50', 'Manuae', 'MA', '1');
INSERT INTO `mcc_zone` VALUES ('776', '50', 'Takutea', 'TA', '1');
INSERT INTO `mcc_zone` VALUES ('777', '50', 'Mitiaro', 'MT', '1');
INSERT INTO `mcc_zone` VALUES ('778', '50', 'Atiu', 'AT', '1');
INSERT INTO `mcc_zone` VALUES ('779', '50', 'Mauke', 'MU', '1');
INSERT INTO `mcc_zone` VALUES ('780', '50', 'Rarotonga', 'RR', '1');
INSERT INTO `mcc_zone` VALUES ('781', '50', 'Mangaia', 'MG', '1');
INSERT INTO `mcc_zone` VALUES ('782', '51', 'Alajuela', 'AL', '1');
INSERT INTO `mcc_zone` VALUES ('783', '51', 'Cartago', 'CA', '1');
INSERT INTO `mcc_zone` VALUES ('784', '51', 'Guanacaste', 'GU', '1');
INSERT INTO `mcc_zone` VALUES ('785', '51', 'Heredia', 'HE', '1');
INSERT INTO `mcc_zone` VALUES ('786', '51', 'Limon', 'LI', '1');
INSERT INTO `mcc_zone` VALUES ('787', '51', 'Puntarenas', 'PU', '1');
INSERT INTO `mcc_zone` VALUES ('788', '51', 'San Jose', 'SJ', '1');
INSERT INTO `mcc_zone` VALUES ('789', '52', 'Abengourou', 'ABE', '1');
INSERT INTO `mcc_zone` VALUES ('790', '52', 'Abidjan', 'ABI', '1');
INSERT INTO `mcc_zone` VALUES ('791', '52', 'Aboisso', 'ABO', '1');
INSERT INTO `mcc_zone` VALUES ('792', '52', 'Adiake', 'ADI', '1');
INSERT INTO `mcc_zone` VALUES ('793', '52', 'Adzope', 'ADZ', '1');
INSERT INTO `mcc_zone` VALUES ('794', '52', 'Agboville', 'AGB', '1');
INSERT INTO `mcc_zone` VALUES ('795', '52', 'Agnibilekrou', 'AGN', '1');
INSERT INTO `mcc_zone` VALUES ('796', '52', 'Alepe', 'ALE', '1');
INSERT INTO `mcc_zone` VALUES ('797', '52', 'Bocanda', 'BOC', '1');
INSERT INTO `mcc_zone` VALUES ('798', '52', 'Bangolo', 'BAN', '1');
INSERT INTO `mcc_zone` VALUES ('799', '52', 'Beoumi', 'BEO', '1');
INSERT INTO `mcc_zone` VALUES ('800', '52', 'Biankouma', 'BIA', '1');
INSERT INTO `mcc_zone` VALUES ('801', '52', 'Bondoukou', 'BDK', '1');
INSERT INTO `mcc_zone` VALUES ('802', '52', 'Bongouanou', 'BGN', '1');
INSERT INTO `mcc_zone` VALUES ('803', '52', 'Bouafle', 'BFL', '1');
INSERT INTO `mcc_zone` VALUES ('804', '52', 'Bouake', 'BKE', '1');
INSERT INTO `mcc_zone` VALUES ('805', '52', 'Bouna', 'BNA', '1');
INSERT INTO `mcc_zone` VALUES ('806', '52', 'Boundiali', 'BDL', '1');
INSERT INTO `mcc_zone` VALUES ('807', '52', 'Dabakala', 'DKL', '1');
INSERT INTO `mcc_zone` VALUES ('808', '52', 'Dabou', 'DBU', '1');
INSERT INTO `mcc_zone` VALUES ('809', '52', 'Daloa', 'DAL', '1');
INSERT INTO `mcc_zone` VALUES ('810', '52', 'Danane', 'DAN', '1');
INSERT INTO `mcc_zone` VALUES ('811', '52', 'Daoukro', 'DAO', '1');
INSERT INTO `mcc_zone` VALUES ('812', '52', 'Dimbokro', 'DIM', '1');
INSERT INTO `mcc_zone` VALUES ('813', '52', 'Divo', 'DIV', '1');
INSERT INTO `mcc_zone` VALUES ('814', '52', 'Duekoue', 'DUE', '1');
INSERT INTO `mcc_zone` VALUES ('815', '52', 'Ferkessedougou', 'FER', '1');
INSERT INTO `mcc_zone` VALUES ('816', '52', 'Gagnoa', 'GAG', '1');
INSERT INTO `mcc_zone` VALUES ('817', '52', 'Grand-Bassam', 'GBA', '1');
INSERT INTO `mcc_zone` VALUES ('818', '52', 'Grand-Lahou', 'GLA', '1');
INSERT INTO `mcc_zone` VALUES ('819', '52', 'Guiglo', 'GUI', '1');
INSERT INTO `mcc_zone` VALUES ('820', '52', 'Issia', 'ISS', '1');
INSERT INTO `mcc_zone` VALUES ('821', '52', 'Jacqueville', 'JAC', '1');
INSERT INTO `mcc_zone` VALUES ('822', '52', 'Katiola', 'KAT', '1');
INSERT INTO `mcc_zone` VALUES ('823', '52', 'Korhogo', 'KOR', '1');
INSERT INTO `mcc_zone` VALUES ('824', '52', 'Lakota', 'LAK', '1');
INSERT INTO `mcc_zone` VALUES ('825', '52', 'Man', 'MAN', '1');
INSERT INTO `mcc_zone` VALUES ('826', '52', 'Mankono', 'MKN', '1');
INSERT INTO `mcc_zone` VALUES ('827', '52', 'Mbahiakro', 'MBA', '1');
INSERT INTO `mcc_zone` VALUES ('828', '52', 'Odienne', 'ODI', '1');
INSERT INTO `mcc_zone` VALUES ('829', '52', 'Oume', 'OUM', '1');
INSERT INTO `mcc_zone` VALUES ('830', '52', 'Sakassou', 'SAK', '1');
INSERT INTO `mcc_zone` VALUES ('831', '52', 'San-Pedro', 'SPE', '1');
INSERT INTO `mcc_zone` VALUES ('832', '52', 'Sassandra', 'SAS', '1');
INSERT INTO `mcc_zone` VALUES ('833', '52', 'Seguela', 'SEG', '1');
INSERT INTO `mcc_zone` VALUES ('834', '52', 'Sinfra', 'SIN', '1');
INSERT INTO `mcc_zone` VALUES ('835', '52', 'Soubre', 'SOU', '1');
INSERT INTO `mcc_zone` VALUES ('836', '52', 'Tabou', 'TAB', '1');
INSERT INTO `mcc_zone` VALUES ('837', '52', 'Tanda', 'TAN', '1');
INSERT INTO `mcc_zone` VALUES ('838', '52', 'Tiebissou', 'TIE', '1');
INSERT INTO `mcc_zone` VALUES ('839', '52', 'Tingrela', 'TIN', '1');
INSERT INTO `mcc_zone` VALUES ('840', '52', 'Tiassale', 'TIA', '1');
INSERT INTO `mcc_zone` VALUES ('841', '52', 'Touba', 'TBA', '1');
INSERT INTO `mcc_zone` VALUES ('842', '52', 'Toulepleu', 'TLP', '1');
INSERT INTO `mcc_zone` VALUES ('843', '52', 'Toumodi', 'TMD', '1');
INSERT INTO `mcc_zone` VALUES ('844', '52', 'Vavoua', 'VAV', '1');
INSERT INTO `mcc_zone` VALUES ('845', '52', 'Yamoussoukro', 'YAM', '1');
INSERT INTO `mcc_zone` VALUES ('846', '52', 'Zuenoula', 'ZUE', '1');
INSERT INTO `mcc_zone` VALUES ('847', '53', 'Bjelovarsko-bilogorska', 'BB', '1');
INSERT INTO `mcc_zone` VALUES ('848', '53', 'Grad Zagreb', 'GZ', '1');
INSERT INTO `mcc_zone` VALUES ('849', '53', 'Dubrovačko-neretvanska', 'DN', '1');
INSERT INTO `mcc_zone` VALUES ('850', '53', 'Istarska', 'IS', '1');
INSERT INTO `mcc_zone` VALUES ('851', '53', 'Karlovačka', 'KA', '1');
INSERT INTO `mcc_zone` VALUES ('852', '53', 'Koprivničko-križevačka', 'KK', '1');
INSERT INTO `mcc_zone` VALUES ('853', '53', 'Krapinsko-zagorska', 'KZ', '1');
INSERT INTO `mcc_zone` VALUES ('854', '53', 'Ličko-senjska', 'LS', '1');
INSERT INTO `mcc_zone` VALUES ('855', '53', 'Međimurska', 'ME', '1');
INSERT INTO `mcc_zone` VALUES ('856', '53', 'Osječko-baranjska', 'OB', '1');
INSERT INTO `mcc_zone` VALUES ('857', '53', 'Požeško-slavonska', 'PS', '1');
INSERT INTO `mcc_zone` VALUES ('858', '53', 'Primorsko-goranska', 'PG', '1');
INSERT INTO `mcc_zone` VALUES ('859', '53', 'Šibensko-kninska', 'SK', '1');
INSERT INTO `mcc_zone` VALUES ('860', '53', 'Sisačko-moslavačka', 'SM', '1');
INSERT INTO `mcc_zone` VALUES ('861', '53', 'Brodsko-posavska', 'BP', '1');
INSERT INTO `mcc_zone` VALUES ('862', '53', 'Splitsko-dalmatinska', 'SD', '1');
INSERT INTO `mcc_zone` VALUES ('863', '53', 'Varaždinska', 'VA', '1');
INSERT INTO `mcc_zone` VALUES ('864', '53', 'Virovitičko-podravska', 'VP', '1');
INSERT INTO `mcc_zone` VALUES ('865', '53', 'Vukovarsko-srijemska', 'VS', '1');
INSERT INTO `mcc_zone` VALUES ('866', '53', 'Zadarska', 'ZA', '1');
INSERT INTO `mcc_zone` VALUES ('867', '53', 'Zagrebačka', 'ZG', '1');
INSERT INTO `mcc_zone` VALUES ('868', '54', 'Camaguey', 'CA', '1');
INSERT INTO `mcc_zone` VALUES ('869', '54', 'Ciego de Avila', 'CD', '1');
INSERT INTO `mcc_zone` VALUES ('870', '54', 'Cienfuegos', 'CI', '1');
INSERT INTO `mcc_zone` VALUES ('871', '54', 'Ciudad de La Habana', 'CH', '1');
INSERT INTO `mcc_zone` VALUES ('872', '54', 'Granma', 'GR', '1');
INSERT INTO `mcc_zone` VALUES ('873', '54', 'Guantanamo', 'GU', '1');
INSERT INTO `mcc_zone` VALUES ('874', '54', 'Holguin', 'HO', '1');
INSERT INTO `mcc_zone` VALUES ('875', '54', 'Isla de la Juventud', 'IJ', '1');
INSERT INTO `mcc_zone` VALUES ('876', '54', 'La Habana', 'LH', '1');
INSERT INTO `mcc_zone` VALUES ('877', '54', 'Las Tunas', 'LT', '1');
INSERT INTO `mcc_zone` VALUES ('878', '54', 'Matanzas', 'MA', '1');
INSERT INTO `mcc_zone` VALUES ('879', '54', 'Pinar del Rio', 'PR', '1');
INSERT INTO `mcc_zone` VALUES ('880', '54', 'Sancti Spiritus', 'SS', '1');
INSERT INTO `mcc_zone` VALUES ('881', '54', 'Santiago de Cuba', 'SC', '1');
INSERT INTO `mcc_zone` VALUES ('882', '54', 'Villa Clara', 'VC', '1');
INSERT INTO `mcc_zone` VALUES ('883', '55', 'Famagusta', 'F', '1');
INSERT INTO `mcc_zone` VALUES ('884', '55', 'Kyrenia', 'K', '1');
INSERT INTO `mcc_zone` VALUES ('885', '55', 'Larnaca', 'A', '1');
INSERT INTO `mcc_zone` VALUES ('886', '55', 'Limassol', 'I', '1');
INSERT INTO `mcc_zone` VALUES ('887', '55', 'Nicosia', 'N', '1');
INSERT INTO `mcc_zone` VALUES ('888', '55', 'Paphos', 'P', '1');
INSERT INTO `mcc_zone` VALUES ('889', '56', 'Ústecký', 'U', '1');
INSERT INTO `mcc_zone` VALUES ('890', '56', 'Jihočeský', 'C', '1');
INSERT INTO `mcc_zone` VALUES ('891', '56', 'Jihomoravský', 'B', '1');
INSERT INTO `mcc_zone` VALUES ('892', '56', 'Karlovarský', 'K', '1');
INSERT INTO `mcc_zone` VALUES ('893', '56', 'Královehradecký', 'H', '1');
INSERT INTO `mcc_zone` VALUES ('894', '56', 'Liberecký', 'L', '1');
INSERT INTO `mcc_zone` VALUES ('895', '56', 'Moravskoslezský', 'T', '1');
INSERT INTO `mcc_zone` VALUES ('896', '56', 'Olomoucký', 'M', '1');
INSERT INTO `mcc_zone` VALUES ('897', '56', 'Pardubický', 'E', '1');
INSERT INTO `mcc_zone` VALUES ('898', '56', 'Plzeňský', 'P', '1');
INSERT INTO `mcc_zone` VALUES ('899', '56', 'Praha', 'A', '1');
INSERT INTO `mcc_zone` VALUES ('900', '56', 'Středočeský', 'S', '1');
INSERT INTO `mcc_zone` VALUES ('901', '56', 'Vysočina', 'J', '1');
INSERT INTO `mcc_zone` VALUES ('902', '56', 'Zlínský', 'Z', '1');
INSERT INTO `mcc_zone` VALUES ('903', '57', 'Arhus', 'AR', '1');
INSERT INTO `mcc_zone` VALUES ('904', '57', 'Bornholm', 'BH', '1');
INSERT INTO `mcc_zone` VALUES ('905', '57', 'Copenhagen', 'CO', '1');
INSERT INTO `mcc_zone` VALUES ('906', '57', 'Faroe Islands', 'FO', '1');
INSERT INTO `mcc_zone` VALUES ('907', '57', 'Frederiksborg', 'FR', '1');
INSERT INTO `mcc_zone` VALUES ('908', '57', 'Fyn', 'FY', '1');
INSERT INTO `mcc_zone` VALUES ('909', '57', 'Kobenhavn', 'KO', '1');
INSERT INTO `mcc_zone` VALUES ('910', '57', 'Nordjylland', 'NO', '1');
INSERT INTO `mcc_zone` VALUES ('911', '57', 'Ribe', 'RI', '1');
INSERT INTO `mcc_zone` VALUES ('912', '57', 'Ringkobing', 'RK', '1');
INSERT INTO `mcc_zone` VALUES ('913', '57', 'Roskilde', 'RO', '1');
INSERT INTO `mcc_zone` VALUES ('914', '57', 'Sonderjylland', 'SO', '1');
INSERT INTO `mcc_zone` VALUES ('915', '57', 'Storstrom', 'ST', '1');
INSERT INTO `mcc_zone` VALUES ('916', '57', 'Vejle', 'VK', '1');
INSERT INTO `mcc_zone` VALUES ('917', '57', 'Vestj&aelig;lland', 'VJ', '1');
INSERT INTO `mcc_zone` VALUES ('918', '57', 'Viborg', 'VB', '1');
INSERT INTO `mcc_zone` VALUES ('919', '58', '\'Ali Sabih', 'S', '1');
INSERT INTO `mcc_zone` VALUES ('920', '58', 'Dikhil', 'K', '1');
INSERT INTO `mcc_zone` VALUES ('921', '58', 'Djibouti', 'J', '1');
INSERT INTO `mcc_zone` VALUES ('922', '58', 'Obock', 'O', '1');
INSERT INTO `mcc_zone` VALUES ('923', '58', 'Tadjoura', 'T', '1');
INSERT INTO `mcc_zone` VALUES ('924', '59', 'Saint Andrew Parish', 'AND', '1');
INSERT INTO `mcc_zone` VALUES ('925', '59', 'Saint David Parish', 'DAV', '1');
INSERT INTO `mcc_zone` VALUES ('926', '59', 'Saint George Parish', 'GEO', '1');
INSERT INTO `mcc_zone` VALUES ('927', '59', 'Saint John Parish', 'JOH', '1');
INSERT INTO `mcc_zone` VALUES ('928', '59', 'Saint Joseph Parish', 'JOS', '1');
INSERT INTO `mcc_zone` VALUES ('929', '59', 'Saint Luke Parish', 'LUK', '1');
INSERT INTO `mcc_zone` VALUES ('930', '59', 'Saint Mark Parish', 'MAR', '1');
INSERT INTO `mcc_zone` VALUES ('931', '59', 'Saint Patrick Parish', 'PAT', '1');
INSERT INTO `mcc_zone` VALUES ('932', '59', 'Saint Paul Parish', 'PAU', '1');
INSERT INTO `mcc_zone` VALUES ('933', '59', 'Saint Peter Parish', 'PET', '1');
INSERT INTO `mcc_zone` VALUES ('934', '60', 'Distrito Nacional', 'DN', '1');
INSERT INTO `mcc_zone` VALUES ('935', '60', 'Azua', 'AZ', '1');
INSERT INTO `mcc_zone` VALUES ('936', '60', 'Baoruco', 'BC', '1');
INSERT INTO `mcc_zone` VALUES ('937', '60', 'Barahona', 'BH', '1');
INSERT INTO `mcc_zone` VALUES ('938', '60', 'Dajabon', 'DJ', '1');
INSERT INTO `mcc_zone` VALUES ('939', '60', 'Duarte', 'DU', '1');
INSERT INTO `mcc_zone` VALUES ('940', '60', 'Elias Pina', 'EL', '1');
INSERT INTO `mcc_zone` VALUES ('941', '60', 'El Seybo', 'SY', '1');
INSERT INTO `mcc_zone` VALUES ('942', '60', 'Espaillat', 'ET', '1');
INSERT INTO `mcc_zone` VALUES ('943', '60', 'Hato Mayor', 'HM', '1');
INSERT INTO `mcc_zone` VALUES ('944', '60', 'Independencia', 'IN', '1');
INSERT INTO `mcc_zone` VALUES ('945', '60', 'La Altagracia', 'AL', '1');
INSERT INTO `mcc_zone` VALUES ('946', '60', 'La Romana', 'RO', '1');
INSERT INTO `mcc_zone` VALUES ('947', '60', 'La Vega', 'VE', '1');
INSERT INTO `mcc_zone` VALUES ('948', '60', 'Maria Trinidad Sanchez', 'MT', '1');
INSERT INTO `mcc_zone` VALUES ('949', '60', 'Monsenor Nouel', 'MN', '1');
INSERT INTO `mcc_zone` VALUES ('950', '60', 'Monte Cristi', 'MC', '1');
INSERT INTO `mcc_zone` VALUES ('951', '60', 'Monte Plata', 'MP', '1');
INSERT INTO `mcc_zone` VALUES ('952', '60', 'Pedernales', 'PD', '1');
INSERT INTO `mcc_zone` VALUES ('953', '60', 'Peravia (Bani)', 'PR', '1');
INSERT INTO `mcc_zone` VALUES ('954', '60', 'Puerto Plata', 'PP', '1');
INSERT INTO `mcc_zone` VALUES ('955', '60', 'Salcedo', 'SL', '1');
INSERT INTO `mcc_zone` VALUES ('956', '60', 'Samana', 'SM', '1');
INSERT INTO `mcc_zone` VALUES ('957', '60', 'Sanchez Ramirez', 'SH', '1');
INSERT INTO `mcc_zone` VALUES ('958', '60', 'San Cristobal', 'SC', '1');
INSERT INTO `mcc_zone` VALUES ('959', '60', 'San Jose de Ocoa', 'JO', '1');
INSERT INTO `mcc_zone` VALUES ('960', '60', 'San Juan', 'SJ', '1');
INSERT INTO `mcc_zone` VALUES ('961', '60', 'San Pedro de Macoris', 'PM', '1');
INSERT INTO `mcc_zone` VALUES ('962', '60', 'Santiago', 'SA', '1');
INSERT INTO `mcc_zone` VALUES ('963', '60', 'Santiago Rodriguez', 'ST', '1');
INSERT INTO `mcc_zone` VALUES ('964', '60', 'Santo Domingo', 'SD', '1');
INSERT INTO `mcc_zone` VALUES ('965', '60', 'Valverde', 'VA', '1');
INSERT INTO `mcc_zone` VALUES ('966', '61', 'Aileu', 'AL', '1');
INSERT INTO `mcc_zone` VALUES ('967', '61', 'Ainaro', 'AN', '1');
INSERT INTO `mcc_zone` VALUES ('968', '61', 'Baucau', 'BA', '1');
INSERT INTO `mcc_zone` VALUES ('969', '61', 'Bobonaro', 'BO', '1');
INSERT INTO `mcc_zone` VALUES ('970', '61', 'Cova Lima', 'CO', '1');
INSERT INTO `mcc_zone` VALUES ('971', '61', 'Dili', 'DI', '1');
INSERT INTO `mcc_zone` VALUES ('972', '61', 'Ermera', 'ER', '1');
INSERT INTO `mcc_zone` VALUES ('973', '61', 'Lautem', 'LA', '1');
INSERT INTO `mcc_zone` VALUES ('974', '61', 'Liquica', 'LI', '1');
INSERT INTO `mcc_zone` VALUES ('975', '61', 'Manatuto', 'MT', '1');
INSERT INTO `mcc_zone` VALUES ('976', '61', 'Manufahi', 'MF', '1');
INSERT INTO `mcc_zone` VALUES ('977', '61', 'Oecussi', 'OE', '1');
INSERT INTO `mcc_zone` VALUES ('978', '61', 'Viqueque', 'VI', '1');
INSERT INTO `mcc_zone` VALUES ('979', '62', 'Azuay', 'AZU', '1');
INSERT INTO `mcc_zone` VALUES ('980', '62', 'Bolivar', 'BOL', '1');
INSERT INTO `mcc_zone` VALUES ('981', '62', 'Ca&ntilde;ar', 'CAN', '1');
INSERT INTO `mcc_zone` VALUES ('982', '62', 'Carchi', 'CAR', '1');
INSERT INTO `mcc_zone` VALUES ('983', '62', 'Chimborazo', 'CHI', '1');
INSERT INTO `mcc_zone` VALUES ('984', '62', 'Cotopaxi', 'COT', '1');
INSERT INTO `mcc_zone` VALUES ('985', '62', 'El Oro', 'EOR', '1');
INSERT INTO `mcc_zone` VALUES ('986', '62', 'Esmeraldas', 'ESM', '1');
INSERT INTO `mcc_zone` VALUES ('987', '62', 'Gal&aacute;pagos', 'GPS', '1');
INSERT INTO `mcc_zone` VALUES ('988', '62', 'Guayas', 'GUA', '1');
INSERT INTO `mcc_zone` VALUES ('989', '62', 'Imbabura', 'IMB', '1');
INSERT INTO `mcc_zone` VALUES ('990', '62', 'Loja', 'LOJ', '1');
INSERT INTO `mcc_zone` VALUES ('991', '62', 'Los Rios', 'LRO', '1');
INSERT INTO `mcc_zone` VALUES ('992', '62', 'Manab&iacute;', 'MAN', '1');
INSERT INTO `mcc_zone` VALUES ('993', '62', 'Morona Santiago', 'MSA', '1');
INSERT INTO `mcc_zone` VALUES ('994', '62', 'Napo', 'NAP', '1');
INSERT INTO `mcc_zone` VALUES ('995', '62', 'Orellana', 'ORE', '1');
INSERT INTO `mcc_zone` VALUES ('996', '62', 'Pastaza', 'PAS', '1');
INSERT INTO `mcc_zone` VALUES ('997', '62', 'Pichincha', 'PIC', '1');
INSERT INTO `mcc_zone` VALUES ('998', '62', 'Sucumb&iacute;os', 'SUC', '1');
INSERT INTO `mcc_zone` VALUES ('999', '62', 'Tungurahua', 'TUN', '1');
INSERT INTO `mcc_zone` VALUES ('1000', '62', 'Zamora Chinchipe', 'ZCH', '1');
INSERT INTO `mcc_zone` VALUES ('1001', '63', 'Ad Daqahliyah', 'DHY', '1');
INSERT INTO `mcc_zone` VALUES ('1002', '63', 'Al Bahr al Ahmar', 'BAM', '1');
INSERT INTO `mcc_zone` VALUES ('1003', '63', 'Al Buhayrah', 'BHY', '1');
INSERT INTO `mcc_zone` VALUES ('1004', '63', 'Al Fayyum', 'FYM', '1');
INSERT INTO `mcc_zone` VALUES ('1005', '63', 'Al Gharbiyah', 'GBY', '1');
INSERT INTO `mcc_zone` VALUES ('1006', '63', 'Al Iskandariyah', 'IDR', '1');
INSERT INTO `mcc_zone` VALUES ('1007', '63', 'Al Isma\'iliyah', 'IML', '1');
INSERT INTO `mcc_zone` VALUES ('1008', '63', 'Al Jizah', 'JZH', '1');
INSERT INTO `mcc_zone` VALUES ('1009', '63', 'Al Minufiyah', 'MFY', '1');
INSERT INTO `mcc_zone` VALUES ('1010', '63', 'Al Minya', 'MNY', '1');
INSERT INTO `mcc_zone` VALUES ('1011', '63', 'Al Qahirah', 'QHR', '1');
INSERT INTO `mcc_zone` VALUES ('1012', '63', 'Al Qalyubiyah', 'QLY', '1');
INSERT INTO `mcc_zone` VALUES ('1013', '63', 'Al Wadi al Jadid', 'WJD', '1');
INSERT INTO `mcc_zone` VALUES ('1014', '63', 'Ash Sharqiyah', 'SHQ', '1');
INSERT INTO `mcc_zone` VALUES ('1015', '63', 'As Suways', 'SWY', '1');
INSERT INTO `mcc_zone` VALUES ('1016', '63', 'Aswan', 'ASW', '1');
INSERT INTO `mcc_zone` VALUES ('1017', '63', 'Asyut', 'ASY', '1');
INSERT INTO `mcc_zone` VALUES ('1018', '63', 'Bani Suwayf', 'BSW', '1');
INSERT INTO `mcc_zone` VALUES ('1019', '63', 'Bur Sa\'id', 'BSD', '1');
INSERT INTO `mcc_zone` VALUES ('1020', '63', 'Dumyat', 'DMY', '1');
INSERT INTO `mcc_zone` VALUES ('1021', '63', 'Janub Sina\'', 'JNS', '1');
INSERT INTO `mcc_zone` VALUES ('1022', '63', 'Kafr ash Shaykh', 'KSH', '1');
INSERT INTO `mcc_zone` VALUES ('1023', '63', 'Matruh', 'MAT', '1');
INSERT INTO `mcc_zone` VALUES ('1024', '63', 'Qina', 'QIN', '1');
INSERT INTO `mcc_zone` VALUES ('1025', '63', 'Shamal Sina\'', 'SHS', '1');
INSERT INTO `mcc_zone` VALUES ('1026', '63', 'Suhaj', 'SUH', '1');
INSERT INTO `mcc_zone` VALUES ('1027', '64', 'Ahuachapan', 'AH', '1');
INSERT INTO `mcc_zone` VALUES ('1028', '64', 'Cabanas', 'CA', '1');
INSERT INTO `mcc_zone` VALUES ('1029', '64', 'Chalatenango', 'CH', '1');
INSERT INTO `mcc_zone` VALUES ('1030', '64', 'Cuscatlan', 'CU', '1');
INSERT INTO `mcc_zone` VALUES ('1031', '64', 'La Libertad', 'LB', '1');
INSERT INTO `mcc_zone` VALUES ('1032', '64', 'La Paz', 'PZ', '1');
INSERT INTO `mcc_zone` VALUES ('1033', '64', 'La Union', 'UN', '1');
INSERT INTO `mcc_zone` VALUES ('1034', '64', 'Morazan', 'MO', '1');
INSERT INTO `mcc_zone` VALUES ('1035', '64', 'San Miguel', 'SM', '1');
INSERT INTO `mcc_zone` VALUES ('1036', '64', 'San Salvador', 'SS', '1');
INSERT INTO `mcc_zone` VALUES ('1037', '64', 'San Vicente', 'SV', '1');
INSERT INTO `mcc_zone` VALUES ('1038', '64', 'Santa Ana', 'SA', '1');
INSERT INTO `mcc_zone` VALUES ('1039', '64', 'Sonsonate', 'SO', '1');
INSERT INTO `mcc_zone` VALUES ('1040', '64', 'Usulutan', 'US', '1');
INSERT INTO `mcc_zone` VALUES ('1041', '65', 'Provincia Annobon', 'AN', '1');
INSERT INTO `mcc_zone` VALUES ('1042', '65', 'Provincia Bioko Norte', 'BN', '1');
INSERT INTO `mcc_zone` VALUES ('1043', '65', 'Provincia Bioko Sur', 'BS', '1');
INSERT INTO `mcc_zone` VALUES ('1044', '65', 'Provincia Centro Sur', 'CS', '1');
INSERT INTO `mcc_zone` VALUES ('1045', '65', 'Provincia Kie-Ntem', 'KN', '1');
INSERT INTO `mcc_zone` VALUES ('1046', '65', 'Provincia Litoral', 'LI', '1');
INSERT INTO `mcc_zone` VALUES ('1047', '65', 'Provincia Wele-Nzas', 'WN', '1');
INSERT INTO `mcc_zone` VALUES ('1048', '66', 'Central (Maekel)', 'MA', '1');
INSERT INTO `mcc_zone` VALUES ('1049', '66', 'Anseba (Keren)', 'KE', '1');
INSERT INTO `mcc_zone` VALUES ('1050', '66', 'Southern Red Sea (Debub-Keih-Bahri)', 'DK', '1');
INSERT INTO `mcc_zone` VALUES ('1051', '66', 'Northern Red Sea (Semien-Keih-Bahri)', 'SK', '1');
INSERT INTO `mcc_zone` VALUES ('1052', '66', 'Southern (Debub)', 'DE', '1');
INSERT INTO `mcc_zone` VALUES ('1053', '66', 'Gash-Barka (Barentu)', 'BR', '1');
INSERT INTO `mcc_zone` VALUES ('1054', '67', 'Harjumaa (Tallinn)', 'HA', '1');
INSERT INTO `mcc_zone` VALUES ('1055', '67', 'Hiiumaa (Kardla)', 'HI', '1');
INSERT INTO `mcc_zone` VALUES ('1056', '67', 'Ida-Virumaa (Johvi)', 'IV', '1');
INSERT INTO `mcc_zone` VALUES ('1057', '67', 'Jarvamaa (Paide)', 'JA', '1');
INSERT INTO `mcc_zone` VALUES ('1058', '67', 'Jogevamaa (Jogeva)', 'JO', '1');
INSERT INTO `mcc_zone` VALUES ('1059', '67', 'Laane-Virumaa (Rakvere)', 'LV', '1');
INSERT INTO `mcc_zone` VALUES ('1060', '67', 'Laanemaa (Haapsalu)', 'LA', '1');
INSERT INTO `mcc_zone` VALUES ('1061', '67', 'Parnumaa (Parnu)', 'PA', '1');
INSERT INTO `mcc_zone` VALUES ('1062', '67', 'Polvamaa (Polva)', 'PO', '1');
INSERT INTO `mcc_zone` VALUES ('1063', '67', 'Raplamaa (Rapla)', 'RA', '1');
INSERT INTO `mcc_zone` VALUES ('1064', '67', 'Saaremaa (Kuessaare)', 'SA', '1');
INSERT INTO `mcc_zone` VALUES ('1065', '67', 'Tartumaa (Tartu)', 'TA', '1');
INSERT INTO `mcc_zone` VALUES ('1066', '67', 'Valgamaa (Valga)', 'VA', '1');
INSERT INTO `mcc_zone` VALUES ('1067', '67', 'Viljandimaa (Viljandi)', 'VI', '1');
INSERT INTO `mcc_zone` VALUES ('1068', '67', 'Vorumaa (Voru)', 'VO', '1');
INSERT INTO `mcc_zone` VALUES ('1069', '68', 'Afar', 'AF', '1');
INSERT INTO `mcc_zone` VALUES ('1070', '68', 'Amhara', 'AH', '1');
INSERT INTO `mcc_zone` VALUES ('1071', '68', 'Benishangul-Gumaz', 'BG', '1');
INSERT INTO `mcc_zone` VALUES ('1072', '68', 'Gambela', 'GB', '1');
INSERT INTO `mcc_zone` VALUES ('1073', '68', 'Hariai', 'HR', '1');
INSERT INTO `mcc_zone` VALUES ('1074', '68', 'Oromia', 'OR', '1');
INSERT INTO `mcc_zone` VALUES ('1075', '68', 'Somali', 'SM', '1');
INSERT INTO `mcc_zone` VALUES ('1076', '68', 'Southern Nations - Nationalities and Peoples Region', 'SN', '1');
INSERT INTO `mcc_zone` VALUES ('1077', '68', 'Tigray', 'TG', '1');
INSERT INTO `mcc_zone` VALUES ('1078', '68', 'Addis Ababa', 'AA', '1');
INSERT INTO `mcc_zone` VALUES ('1079', '68', 'Dire Dawa', 'DD', '1');
INSERT INTO `mcc_zone` VALUES ('1080', '71', 'Central Division', 'C', '1');
INSERT INTO `mcc_zone` VALUES ('1081', '71', 'Northern Division', 'N', '1');
INSERT INTO `mcc_zone` VALUES ('1082', '71', 'Eastern Division', 'E', '1');
INSERT INTO `mcc_zone` VALUES ('1083', '71', 'Western Division', 'W', '1');
INSERT INTO `mcc_zone` VALUES ('1084', '71', 'Rotuma', 'R', '1');
INSERT INTO `mcc_zone` VALUES ('1085', '72', 'Ahvenanmaan lääni', 'AL', '1');
INSERT INTO `mcc_zone` VALUES ('1086', '72', 'Etelä-Suomen lääni', 'ES', '1');
INSERT INTO `mcc_zone` VALUES ('1087', '72', 'Itä-Suomen lääni', 'IS', '1');
INSERT INTO `mcc_zone` VALUES ('1088', '72', 'Länsi-Suomen lääni', 'LS', '1');
INSERT INTO `mcc_zone` VALUES ('1089', '72', 'Lapin lääni', 'LA', '1');
INSERT INTO `mcc_zone` VALUES ('1090', '72', 'Oulun lääni', 'OU', '1');
INSERT INTO `mcc_zone` VALUES ('1114', '74', 'Ain', '01', '1');
INSERT INTO `mcc_zone` VALUES ('1115', '74', 'Aisne', '02', '1');
INSERT INTO `mcc_zone` VALUES ('1116', '74', 'Allier', '03', '1');
INSERT INTO `mcc_zone` VALUES ('1117', '74', 'Alpes de Haute Provence', '04', '1');
INSERT INTO `mcc_zone` VALUES ('1118', '74', 'Hautes-Alpes', '05', '1');
INSERT INTO `mcc_zone` VALUES ('1119', '74', 'Alpes Maritimes', '06', '1');
INSERT INTO `mcc_zone` VALUES ('1120', '74', 'Ard&egrave;che', '07', '1');
INSERT INTO `mcc_zone` VALUES ('1121', '74', 'Ardennes', '08', '1');
INSERT INTO `mcc_zone` VALUES ('1122', '74', 'Ari&egrave;ge', '09', '1');
INSERT INTO `mcc_zone` VALUES ('1123', '74', 'Aube', '10', '1');
INSERT INTO `mcc_zone` VALUES ('1124', '74', 'Aude', '11', '1');
INSERT INTO `mcc_zone` VALUES ('1125', '74', 'Aveyron', '12', '1');
INSERT INTO `mcc_zone` VALUES ('1126', '74', 'Bouches du Rh&ocirc;ne', '13', '1');
INSERT INTO `mcc_zone` VALUES ('1127', '74', 'Calvados', '14', '1');
INSERT INTO `mcc_zone` VALUES ('1128', '74', 'Cantal', '15', '1');
INSERT INTO `mcc_zone` VALUES ('1129', '74', 'Charente', '16', '1');
INSERT INTO `mcc_zone` VALUES ('1130', '74', 'Charente Maritime', '17', '1');
INSERT INTO `mcc_zone` VALUES ('1131', '74', 'Cher', '18', '1');
INSERT INTO `mcc_zone` VALUES ('1132', '74', 'Corr&egrave;ze', '19', '1');
INSERT INTO `mcc_zone` VALUES ('1133', '74', 'Corse du Sud', '2A', '1');
INSERT INTO `mcc_zone` VALUES ('1134', '74', 'Haute Corse', '2B', '1');
INSERT INTO `mcc_zone` VALUES ('1135', '74', 'C&ocirc;te d&#039;or', '21', '1');
INSERT INTO `mcc_zone` VALUES ('1136', '74', 'C&ocirc;tes d&#039;Armor', '22', '1');
INSERT INTO `mcc_zone` VALUES ('1137', '74', 'Creuse', '23', '1');
INSERT INTO `mcc_zone` VALUES ('1138', '74', 'Dordogne', '24', '1');
INSERT INTO `mcc_zone` VALUES ('1139', '74', 'Doubs', '25', '1');
INSERT INTO `mcc_zone` VALUES ('1140', '74', 'Dr&ocirc;me', '26', '1');
INSERT INTO `mcc_zone` VALUES ('1141', '74', 'Eure', '27', '1');
INSERT INTO `mcc_zone` VALUES ('1142', '74', 'Eure et Loir', '28', '1');
INSERT INTO `mcc_zone` VALUES ('1143', '74', 'Finist&egrave;re', '29', '1');
INSERT INTO `mcc_zone` VALUES ('1144', '74', 'Gard', '30', '1');
INSERT INTO `mcc_zone` VALUES ('1145', '74', 'Haute Garonne', '31', '1');
INSERT INTO `mcc_zone` VALUES ('1146', '74', 'Gers', '32', '1');
INSERT INTO `mcc_zone` VALUES ('1147', '74', 'Gironde', '33', '1');
INSERT INTO `mcc_zone` VALUES ('1148', '74', 'H&eacute;rault', '34', '1');
INSERT INTO `mcc_zone` VALUES ('1149', '74', 'Ille et Vilaine', '35', '1');
INSERT INTO `mcc_zone` VALUES ('1150', '74', 'Indre', '36', '1');
INSERT INTO `mcc_zone` VALUES ('1151', '74', 'Indre et Loire', '37', '1');
INSERT INTO `mcc_zone` VALUES ('1152', '74', 'Is&eacute;re', '38', '1');
INSERT INTO `mcc_zone` VALUES ('1153', '74', 'Jura', '39', '1');
INSERT INTO `mcc_zone` VALUES ('1154', '74', 'Landes', '40', '1');
INSERT INTO `mcc_zone` VALUES ('1155', '74', 'Loir et Cher', '41', '1');
INSERT INTO `mcc_zone` VALUES ('1156', '74', 'Loire', '42', '1');
INSERT INTO `mcc_zone` VALUES ('1157', '74', 'Haute Loire', '43', '1');
INSERT INTO `mcc_zone` VALUES ('1158', '74', 'Loire Atlantique', '44', '1');
INSERT INTO `mcc_zone` VALUES ('1159', '74', 'Loiret', '45', '1');
INSERT INTO `mcc_zone` VALUES ('1160', '74', 'Lot', '46', '1');
INSERT INTO `mcc_zone` VALUES ('1161', '74', 'Lot et Garonne', '47', '1');
INSERT INTO `mcc_zone` VALUES ('1162', '74', 'Loz&egrave;re', '48', '1');
INSERT INTO `mcc_zone` VALUES ('1163', '74', 'Maine et Loire', '49', '1');
INSERT INTO `mcc_zone` VALUES ('1164', '74', 'Manche', '50', '1');
INSERT INTO `mcc_zone` VALUES ('1165', '74', 'Marne', '51', '1');
INSERT INTO `mcc_zone` VALUES ('1166', '74', 'Haute Marne', '52', '1');
INSERT INTO `mcc_zone` VALUES ('1167', '74', 'Mayenne', '53', '1');
INSERT INTO `mcc_zone` VALUES ('1168', '74', 'Meurthe et Moselle', '54', '1');
INSERT INTO `mcc_zone` VALUES ('1169', '74', 'Meuse', '55', '1');
INSERT INTO `mcc_zone` VALUES ('1170', '74', 'Morbihan', '56', '1');
INSERT INTO `mcc_zone` VALUES ('1171', '74', 'Moselle', '57', '1');
INSERT INTO `mcc_zone` VALUES ('1172', '74', 'Ni&egrave;vre', '58', '1');
INSERT INTO `mcc_zone` VALUES ('1173', '74', 'Nord', '59', '1');
INSERT INTO `mcc_zone` VALUES ('1174', '74', 'Oise', '60', '1');
INSERT INTO `mcc_zone` VALUES ('1175', '74', 'Orne', '61', '1');
INSERT INTO `mcc_zone` VALUES ('1176', '74', 'Pas de Calais', '62', '1');
INSERT INTO `mcc_zone` VALUES ('1177', '74', 'Puy de D&ocirc;me', '63', '1');
INSERT INTO `mcc_zone` VALUES ('1178', '74', 'Pyr&eacute;n&eacute;es Atlantiques', '64', '1');
INSERT INTO `mcc_zone` VALUES ('1179', '74', 'Hautes Pyr&eacute;n&eacute;es', '65', '1');
INSERT INTO `mcc_zone` VALUES ('1180', '74', 'Pyr&eacute;n&eacute;es Orientales', '66', '1');
INSERT INTO `mcc_zone` VALUES ('1181', '74', 'Bas Rhin', '67', '1');
INSERT INTO `mcc_zone` VALUES ('1182', '74', 'Haut Rhin', '68', '1');
INSERT INTO `mcc_zone` VALUES ('1183', '74', 'Rh&ocirc;ne', '69', '1');
INSERT INTO `mcc_zone` VALUES ('1184', '74', 'Haute Sa&ocirc;ne', '70', '1');
INSERT INTO `mcc_zone` VALUES ('1185', '74', 'Sa&ocirc;ne et Loire', '71', '1');
INSERT INTO `mcc_zone` VALUES ('1186', '74', 'Sarthe', '72', '1');
INSERT INTO `mcc_zone` VALUES ('1187', '74', 'Savoie', '73', '1');
INSERT INTO `mcc_zone` VALUES ('1188', '74', 'Haute Savoie', '74', '1');
INSERT INTO `mcc_zone` VALUES ('1189', '74', 'Paris', '75', '1');
INSERT INTO `mcc_zone` VALUES ('1190', '74', 'Seine Maritime', '76', '1');
INSERT INTO `mcc_zone` VALUES ('1191', '74', 'Seine et Marne', '77', '1');
INSERT INTO `mcc_zone` VALUES ('1192', '74', 'Yvelines', '78', '1');
INSERT INTO `mcc_zone` VALUES ('1193', '74', 'Deux S&egrave;vres', '79', '1');
INSERT INTO `mcc_zone` VALUES ('1194', '74', 'Somme', '80', '1');
INSERT INTO `mcc_zone` VALUES ('1195', '74', 'Tarn', '81', '1');
INSERT INTO `mcc_zone` VALUES ('1196', '74', 'Tarn et Garonne', '82', '1');
INSERT INTO `mcc_zone` VALUES ('1197', '74', 'Var', '83', '1');
INSERT INTO `mcc_zone` VALUES ('1198', '74', 'Vaucluse', '84', '1');
INSERT INTO `mcc_zone` VALUES ('1199', '74', 'Vend&eacute;e', '85', '1');
INSERT INTO `mcc_zone` VALUES ('1200', '74', 'Vienne', '86', '1');
INSERT INTO `mcc_zone` VALUES ('1201', '74', 'Haute Vienne', '87', '1');
INSERT INTO `mcc_zone` VALUES ('1202', '74', 'Vosges', '88', '1');
INSERT INTO `mcc_zone` VALUES ('1203', '74', 'Yonne', '89', '1');
INSERT INTO `mcc_zone` VALUES ('1204', '74', 'Territoire de Belfort', '90', '1');
INSERT INTO `mcc_zone` VALUES ('1205', '74', 'Essonne', '91', '1');
INSERT INTO `mcc_zone` VALUES ('1206', '74', 'Hauts de Seine', '92', '1');
INSERT INTO `mcc_zone` VALUES ('1207', '74', 'Seine St-Denis', '93', '1');
INSERT INTO `mcc_zone` VALUES ('1208', '74', 'Val de Marne', '94', '1');
INSERT INTO `mcc_zone` VALUES ('1209', '74', 'Val d\'Oise', '95', '1');
INSERT INTO `mcc_zone` VALUES ('1210', '76', 'Archipel des Marquises', 'M', '1');
INSERT INTO `mcc_zone` VALUES ('1211', '76', 'Archipel des Tuamotu', 'T', '1');
INSERT INTO `mcc_zone` VALUES ('1212', '76', 'Archipel des Tubuai', 'I', '1');
INSERT INTO `mcc_zone` VALUES ('1213', '76', 'Iles du Vent', 'V', '1');
INSERT INTO `mcc_zone` VALUES ('1214', '76', 'Iles Sous-le-Vent', 'S', '1');
INSERT INTO `mcc_zone` VALUES ('1215', '77', 'Iles Crozet', 'C', '1');
INSERT INTO `mcc_zone` VALUES ('1216', '77', 'Iles Kerguelen', 'K', '1');
INSERT INTO `mcc_zone` VALUES ('1217', '77', 'Ile Amsterdam', 'A', '1');
INSERT INTO `mcc_zone` VALUES ('1218', '77', 'Ile Saint-Paul', 'P', '1');
INSERT INTO `mcc_zone` VALUES ('1219', '77', 'Adelie Land', 'D', '1');
INSERT INTO `mcc_zone` VALUES ('1220', '78', 'Estuaire', 'ES', '1');
INSERT INTO `mcc_zone` VALUES ('1221', '78', 'Haut-Ogooue', 'HO', '1');
INSERT INTO `mcc_zone` VALUES ('1222', '78', 'Moyen-Ogooue', 'MO', '1');
INSERT INTO `mcc_zone` VALUES ('1223', '78', 'Ngounie', 'NG', '1');
INSERT INTO `mcc_zone` VALUES ('1224', '78', 'Nyanga', 'NY', '1');
INSERT INTO `mcc_zone` VALUES ('1225', '78', 'Ogooue-Ivindo', 'OI', '1');
INSERT INTO `mcc_zone` VALUES ('1226', '78', 'Ogooue-Lolo', 'OL', '1');
INSERT INTO `mcc_zone` VALUES ('1227', '78', 'Ogooue-Maritime', 'OM', '1');
INSERT INTO `mcc_zone` VALUES ('1228', '78', 'Woleu-Ntem', 'WN', '1');
INSERT INTO `mcc_zone` VALUES ('1229', '79', 'Banjul', 'BJ', '1');
INSERT INTO `mcc_zone` VALUES ('1230', '79', 'Basse', 'BS', '1');
INSERT INTO `mcc_zone` VALUES ('1231', '79', 'Brikama', 'BR', '1');
INSERT INTO `mcc_zone` VALUES ('1232', '79', 'Janjangbure', 'JA', '1');
INSERT INTO `mcc_zone` VALUES ('1233', '79', 'Kanifeng', 'KA', '1');
INSERT INTO `mcc_zone` VALUES ('1234', '79', 'Kerewan', 'KE', '1');
INSERT INTO `mcc_zone` VALUES ('1235', '79', 'Kuntaur', 'KU', '1');
INSERT INTO `mcc_zone` VALUES ('1236', '79', 'Mansakonko', 'MA', '1');
INSERT INTO `mcc_zone` VALUES ('1237', '79', 'Lower River', 'LR', '1');
INSERT INTO `mcc_zone` VALUES ('1238', '79', 'Central River', 'CR', '1');
INSERT INTO `mcc_zone` VALUES ('1239', '79', 'North Bank', 'NB', '1');
INSERT INTO `mcc_zone` VALUES ('1240', '79', 'Upper River', 'UR', '1');
INSERT INTO `mcc_zone` VALUES ('1241', '79', 'Western', 'WE', '1');
INSERT INTO `mcc_zone` VALUES ('1242', '80', 'Abkhazia', 'AB', '1');
INSERT INTO `mcc_zone` VALUES ('1243', '80', 'Ajaria', 'AJ', '1');
INSERT INTO `mcc_zone` VALUES ('1244', '80', 'Tbilisi', 'TB', '1');
INSERT INTO `mcc_zone` VALUES ('1245', '80', 'Guria', 'GU', '1');
INSERT INTO `mcc_zone` VALUES ('1246', '80', 'Imereti', 'IM', '1');
INSERT INTO `mcc_zone` VALUES ('1247', '80', 'Kakheti', 'KA', '1');
INSERT INTO `mcc_zone` VALUES ('1248', '80', 'Kvemo Kartli', 'KK', '1');
INSERT INTO `mcc_zone` VALUES ('1249', '80', 'Mtskheta-Mtianeti', 'MM', '1');
INSERT INTO `mcc_zone` VALUES ('1250', '80', 'Racha Lechkhumi and Kvemo Svanet', 'RL', '1');
INSERT INTO `mcc_zone` VALUES ('1251', '80', 'Samegrelo-Zemo Svaneti', 'SZ', '1');
INSERT INTO `mcc_zone` VALUES ('1252', '80', 'Samtskhe-Javakheti', 'SJ', '1');
INSERT INTO `mcc_zone` VALUES ('1253', '80', 'Shida Kartli', 'SK', '1');
INSERT INTO `mcc_zone` VALUES ('1254', '81', 'Baden-W&uuml;rttemberg', 'BAW', '1');
INSERT INTO `mcc_zone` VALUES ('1255', '81', 'Bayern', 'BAY', '1');
INSERT INTO `mcc_zone` VALUES ('1256', '81', 'Berlin', 'BER', '1');
INSERT INTO `mcc_zone` VALUES ('1257', '81', 'Brandenburg', 'BRG', '1');
INSERT INTO `mcc_zone` VALUES ('1258', '81', 'Bremen', 'BRE', '1');
INSERT INTO `mcc_zone` VALUES ('1259', '81', 'Hamburg', 'HAM', '1');
INSERT INTO `mcc_zone` VALUES ('1260', '81', 'Hessen', 'HES', '1');
INSERT INTO `mcc_zone` VALUES ('1261', '81', 'Mecklenburg-Vorpommern', 'MEC', '1');
INSERT INTO `mcc_zone` VALUES ('1262', '81', 'Niedersachsen', 'NDS', '1');
INSERT INTO `mcc_zone` VALUES ('1263', '81', 'Nordrhein-Westfalen', 'NRW', '1');
INSERT INTO `mcc_zone` VALUES ('1264', '81', 'Rheinland-Pfalz', 'RHE', '1');
INSERT INTO `mcc_zone` VALUES ('1265', '81', 'Saarland', 'SAR', '1');
INSERT INTO `mcc_zone` VALUES ('1266', '81', 'Sachsen', 'SAS', '1');
INSERT INTO `mcc_zone` VALUES ('1267', '81', 'Sachsen-Anhalt', 'SAC', '1');
INSERT INTO `mcc_zone` VALUES ('1268', '81', 'Schleswig-Holstein', 'SCN', '1');
INSERT INTO `mcc_zone` VALUES ('1269', '81', 'Th&uuml;ringen', 'THE', '1');
INSERT INTO `mcc_zone` VALUES ('1270', '82', 'Ashanti Region', 'AS', '1');
INSERT INTO `mcc_zone` VALUES ('1271', '82', 'Brong-Ahafo Region', 'BA', '1');
INSERT INTO `mcc_zone` VALUES ('1272', '82', 'Central Region', 'CE', '1');
INSERT INTO `mcc_zone` VALUES ('1273', '82', 'Eastern Region', 'EA', '1');
INSERT INTO `mcc_zone` VALUES ('1274', '82', 'Greater Accra Region', 'GA', '1');
INSERT INTO `mcc_zone` VALUES ('1275', '82', 'Northern Region', 'NO', '1');
INSERT INTO `mcc_zone` VALUES ('1276', '82', 'Upper East Region', 'UE', '1');
INSERT INTO `mcc_zone` VALUES ('1277', '82', 'Upper West Region', 'UW', '1');
INSERT INTO `mcc_zone` VALUES ('1278', '82', 'Volta Region', 'VO', '1');
INSERT INTO `mcc_zone` VALUES ('1279', '82', 'Western Region', 'WE', '1');
INSERT INTO `mcc_zone` VALUES ('1280', '84', 'Attica', 'AT', '1');
INSERT INTO `mcc_zone` VALUES ('1281', '84', 'Central Greece', 'CN', '1');
INSERT INTO `mcc_zone` VALUES ('1282', '84', 'Central Macedonia', 'CM', '1');
INSERT INTO `mcc_zone` VALUES ('1283', '84', 'Crete', 'CR', '1');
INSERT INTO `mcc_zone` VALUES ('1284', '84', 'East Macedonia and Thrace', 'EM', '1');
INSERT INTO `mcc_zone` VALUES ('1285', '84', 'Epirus', 'EP', '1');
INSERT INTO `mcc_zone` VALUES ('1286', '84', 'Ionian Islands', 'II', '1');
INSERT INTO `mcc_zone` VALUES ('1287', '84', 'North Aegean', 'NA', '1');
INSERT INTO `mcc_zone` VALUES ('1288', '84', 'Peloponnesos', 'PP', '1');
INSERT INTO `mcc_zone` VALUES ('1289', '84', 'South Aegean', 'SA', '1');
INSERT INTO `mcc_zone` VALUES ('1290', '84', 'Thessaly', 'TH', '1');
INSERT INTO `mcc_zone` VALUES ('1291', '84', 'West Greece', 'WG', '1');
INSERT INTO `mcc_zone` VALUES ('1292', '84', 'West Macedonia', 'WM', '1');
INSERT INTO `mcc_zone` VALUES ('1293', '85', 'Avannaa', 'A', '1');
INSERT INTO `mcc_zone` VALUES ('1294', '85', 'Tunu', 'T', '1');
INSERT INTO `mcc_zone` VALUES ('1295', '85', 'Kitaa', 'K', '1');
INSERT INTO `mcc_zone` VALUES ('1296', '86', 'Saint Andrew', 'A', '1');
INSERT INTO `mcc_zone` VALUES ('1297', '86', 'Saint David', 'D', '1');
INSERT INTO `mcc_zone` VALUES ('1298', '86', 'Saint George', 'G', '1');
INSERT INTO `mcc_zone` VALUES ('1299', '86', 'Saint John', 'J', '1');
INSERT INTO `mcc_zone` VALUES ('1300', '86', 'Saint Mark', 'M', '1');
INSERT INTO `mcc_zone` VALUES ('1301', '86', 'Saint Patrick', 'P', '1');
INSERT INTO `mcc_zone` VALUES ('1302', '86', 'Carriacou', 'C', '1');
INSERT INTO `mcc_zone` VALUES ('1303', '86', 'Petit Martinique', 'Q', '1');
INSERT INTO `mcc_zone` VALUES ('1304', '89', 'Alta Verapaz', 'AV', '1');
INSERT INTO `mcc_zone` VALUES ('1305', '89', 'Baja Verapaz', 'BV', '1');
INSERT INTO `mcc_zone` VALUES ('1306', '89', 'Chimaltenango', 'CM', '1');
INSERT INTO `mcc_zone` VALUES ('1307', '89', 'Chiquimula', 'CQ', '1');
INSERT INTO `mcc_zone` VALUES ('1308', '89', 'El Peten', 'PE', '1');
INSERT INTO `mcc_zone` VALUES ('1309', '89', 'El Progreso', 'PR', '1');
INSERT INTO `mcc_zone` VALUES ('1310', '89', 'El Quiche', 'QC', '1');
INSERT INTO `mcc_zone` VALUES ('1311', '89', 'Escuintla', 'ES', '1');
INSERT INTO `mcc_zone` VALUES ('1312', '89', 'Guatemala', 'GU', '1');
INSERT INTO `mcc_zone` VALUES ('1313', '89', 'Huehuetenango', 'HU', '1');
INSERT INTO `mcc_zone` VALUES ('1314', '89', 'Izabal', 'IZ', '1');
INSERT INTO `mcc_zone` VALUES ('1315', '89', 'Jalapa', 'JA', '1');
INSERT INTO `mcc_zone` VALUES ('1316', '89', 'Jutiapa', 'JU', '1');
INSERT INTO `mcc_zone` VALUES ('1317', '89', 'Quetzaltenango', 'QZ', '1');
INSERT INTO `mcc_zone` VALUES ('1318', '89', 'Retalhuleu', 'RE', '1');
INSERT INTO `mcc_zone` VALUES ('1319', '89', 'Sacatepequez', 'ST', '1');
INSERT INTO `mcc_zone` VALUES ('1320', '89', 'San Marcos', 'SM', '1');
INSERT INTO `mcc_zone` VALUES ('1321', '89', 'Santa Rosa', 'SR', '1');
INSERT INTO `mcc_zone` VALUES ('1322', '89', 'Solola', 'SO', '1');
INSERT INTO `mcc_zone` VALUES ('1323', '89', 'Suchitepequez', 'SU', '1');
INSERT INTO `mcc_zone` VALUES ('1324', '89', 'Totonicapan', 'TO', '1');
INSERT INTO `mcc_zone` VALUES ('1325', '89', 'Zacapa', 'ZA', '1');
INSERT INTO `mcc_zone` VALUES ('1326', '90', 'Conakry', 'CNK', '1');
INSERT INTO `mcc_zone` VALUES ('1327', '90', 'Beyla', 'BYL', '1');
INSERT INTO `mcc_zone` VALUES ('1328', '90', 'Boffa', 'BFA', '1');
INSERT INTO `mcc_zone` VALUES ('1329', '90', 'Boke', 'BOK', '1');
INSERT INTO `mcc_zone` VALUES ('1330', '90', 'Coyah', 'COY', '1');
INSERT INTO `mcc_zone` VALUES ('1331', '90', 'Dabola', 'DBL', '1');
INSERT INTO `mcc_zone` VALUES ('1332', '90', 'Dalaba', 'DLB', '1');
INSERT INTO `mcc_zone` VALUES ('1333', '90', 'Dinguiraye', 'DGR', '1');
INSERT INTO `mcc_zone` VALUES ('1334', '90', 'Dubreka', 'DBR', '1');
INSERT INTO `mcc_zone` VALUES ('1335', '90', 'Faranah', 'FRN', '1');
INSERT INTO `mcc_zone` VALUES ('1336', '90', 'Forecariah', 'FRC', '1');
INSERT INTO `mcc_zone` VALUES ('1337', '90', 'Fria', 'FRI', '1');
INSERT INTO `mcc_zone` VALUES ('1338', '90', 'Gaoual', 'GAO', '1');
INSERT INTO `mcc_zone` VALUES ('1339', '90', 'Gueckedou', 'GCD', '1');
INSERT INTO `mcc_zone` VALUES ('1340', '90', 'Kankan', 'KNK', '1');
INSERT INTO `mcc_zone` VALUES ('1341', '90', 'Kerouane', 'KRN', '1');
INSERT INTO `mcc_zone` VALUES ('1342', '90', 'Kindia', 'KND', '1');
INSERT INTO `mcc_zone` VALUES ('1343', '90', 'Kissidougou', 'KSD', '1');
INSERT INTO `mcc_zone` VALUES ('1344', '90', 'Koubia', 'KBA', '1');
INSERT INTO `mcc_zone` VALUES ('1345', '90', 'Koundara', 'KDA', '1');
INSERT INTO `mcc_zone` VALUES ('1346', '90', 'Kouroussa', 'KRA', '1');
INSERT INTO `mcc_zone` VALUES ('1347', '90', 'Labe', 'LAB', '1');
INSERT INTO `mcc_zone` VALUES ('1348', '90', 'Lelouma', 'LLM', '1');
INSERT INTO `mcc_zone` VALUES ('1349', '90', 'Lola', 'LOL', '1');
INSERT INTO `mcc_zone` VALUES ('1350', '90', 'Macenta', 'MCT', '1');
INSERT INTO `mcc_zone` VALUES ('1351', '90', 'Mali', 'MAL', '1');
INSERT INTO `mcc_zone` VALUES ('1352', '90', 'Mamou', 'MAM', '1');
INSERT INTO `mcc_zone` VALUES ('1353', '90', 'Mandiana', 'MAN', '1');
INSERT INTO `mcc_zone` VALUES ('1354', '90', 'Nzerekore', 'NZR', '1');
INSERT INTO `mcc_zone` VALUES ('1355', '90', 'Pita', 'PIT', '1');
INSERT INTO `mcc_zone` VALUES ('1356', '90', 'Siguiri', 'SIG', '1');
INSERT INTO `mcc_zone` VALUES ('1357', '90', 'Telimele', 'TLM', '1');
INSERT INTO `mcc_zone` VALUES ('1358', '90', 'Tougue', 'TOG', '1');
INSERT INTO `mcc_zone` VALUES ('1359', '90', 'Yomou', 'YOM', '1');
INSERT INTO `mcc_zone` VALUES ('1360', '91', 'Bafata Region', 'BF', '1');
INSERT INTO `mcc_zone` VALUES ('1361', '91', 'Biombo Region', 'BB', '1');
INSERT INTO `mcc_zone` VALUES ('1362', '91', 'Bissau Region', 'BS', '1');
INSERT INTO `mcc_zone` VALUES ('1363', '91', 'Bolama Region', 'BL', '1');
INSERT INTO `mcc_zone` VALUES ('1364', '91', 'Cacheu Region', 'CA', '1');
INSERT INTO `mcc_zone` VALUES ('1365', '91', 'Gabu Region', 'GA', '1');
INSERT INTO `mcc_zone` VALUES ('1366', '91', 'Oio Region', 'OI', '1');
INSERT INTO `mcc_zone` VALUES ('1367', '91', 'Quinara Region', 'QU', '1');
INSERT INTO `mcc_zone` VALUES ('1368', '91', 'Tombali Region', 'TO', '1');
INSERT INTO `mcc_zone` VALUES ('1369', '92', 'Barima-Waini', 'BW', '1');
INSERT INTO `mcc_zone` VALUES ('1370', '92', 'Cuyuni-Mazaruni', 'CM', '1');
INSERT INTO `mcc_zone` VALUES ('1371', '92', 'Demerara-Mahaica', 'DM', '1');
INSERT INTO `mcc_zone` VALUES ('1372', '92', 'East Berbice-Corentyne', 'EC', '1');
INSERT INTO `mcc_zone` VALUES ('1373', '92', 'Essequibo Islands-West Demerara', 'EW', '1');
INSERT INTO `mcc_zone` VALUES ('1374', '92', 'Mahaica-Berbice', 'MB', '1');
INSERT INTO `mcc_zone` VALUES ('1375', '92', 'Pomeroon-Supenaam', 'PM', '1');
INSERT INTO `mcc_zone` VALUES ('1376', '92', 'Potaro-Siparuni', 'PI', '1');
INSERT INTO `mcc_zone` VALUES ('1377', '92', 'Upper Demerara-Berbice', 'UD', '1');
INSERT INTO `mcc_zone` VALUES ('1378', '92', 'Upper Takutu-Upper Essequibo', 'UT', '1');
INSERT INTO `mcc_zone` VALUES ('1379', '93', 'Artibonite', 'AR', '1');
INSERT INTO `mcc_zone` VALUES ('1380', '93', 'Centre', 'CE', '1');
INSERT INTO `mcc_zone` VALUES ('1381', '93', 'Grand\'Anse', 'GA', '1');
INSERT INTO `mcc_zone` VALUES ('1382', '93', 'Nord', 'ND', '1');
INSERT INTO `mcc_zone` VALUES ('1383', '93', 'Nord-Est', 'NE', '1');
INSERT INTO `mcc_zone` VALUES ('1384', '93', 'Nord-Ouest', 'NO', '1');
INSERT INTO `mcc_zone` VALUES ('1385', '93', 'Ouest', 'OU', '1');
INSERT INTO `mcc_zone` VALUES ('1386', '93', 'Sud', 'SD', '1');
INSERT INTO `mcc_zone` VALUES ('1387', '93', 'Sud-Est', 'SE', '1');
INSERT INTO `mcc_zone` VALUES ('1388', '94', 'Flat Island', 'F', '1');
INSERT INTO `mcc_zone` VALUES ('1389', '94', 'McDonald Island', 'M', '1');
INSERT INTO `mcc_zone` VALUES ('1390', '94', 'Shag Island', 'S', '1');
INSERT INTO `mcc_zone` VALUES ('1391', '94', 'Heard Island', 'H', '1');
INSERT INTO `mcc_zone` VALUES ('1392', '95', 'Atlantida', 'AT', '1');
INSERT INTO `mcc_zone` VALUES ('1393', '95', 'Choluteca', 'CH', '1');
INSERT INTO `mcc_zone` VALUES ('1394', '95', 'Colon', 'CL', '1');
INSERT INTO `mcc_zone` VALUES ('1395', '95', 'Comayagua', 'CM', '1');
INSERT INTO `mcc_zone` VALUES ('1396', '95', 'Copan', 'CP', '1');
INSERT INTO `mcc_zone` VALUES ('1397', '95', 'Cortes', 'CR', '1');
INSERT INTO `mcc_zone` VALUES ('1398', '95', 'El Paraiso', 'PA', '1');
INSERT INTO `mcc_zone` VALUES ('1399', '95', 'Francisco Morazan', 'FM', '1');
INSERT INTO `mcc_zone` VALUES ('1400', '95', 'Gracias a Dios', 'GD', '1');
INSERT INTO `mcc_zone` VALUES ('1401', '95', 'Intibuca', 'IN', '1');
INSERT INTO `mcc_zone` VALUES ('1402', '95', 'Islas de la Bahia (Bay Islands)', 'IB', '1');
INSERT INTO `mcc_zone` VALUES ('1403', '95', 'La Paz', 'PZ', '1');
INSERT INTO `mcc_zone` VALUES ('1404', '95', 'Lempira', 'LE', '1');
INSERT INTO `mcc_zone` VALUES ('1405', '95', 'Ocotepeque', 'OC', '1');
INSERT INTO `mcc_zone` VALUES ('1406', '95', 'Olancho', 'OL', '1');
INSERT INTO `mcc_zone` VALUES ('1407', '95', 'Santa Barbara', 'SB', '1');
INSERT INTO `mcc_zone` VALUES ('1408', '95', 'Valle', 'VA', '1');
INSERT INTO `mcc_zone` VALUES ('1409', '95', 'Yoro', 'YO', '1');
INSERT INTO `mcc_zone` VALUES ('1410', '96', 'Central and Western Hong Kong Island', 'HCW', '1');
INSERT INTO `mcc_zone` VALUES ('1411', '96', 'Eastern Hong Kong Island', 'HEA', '1');
INSERT INTO `mcc_zone` VALUES ('1412', '96', 'Southern Hong Kong Island', 'HSO', '1');
INSERT INTO `mcc_zone` VALUES ('1413', '96', 'Wan Chai Hong Kong Island', 'HWC', '1');
INSERT INTO `mcc_zone` VALUES ('1414', '96', 'Kowloon City Kowloon', 'KKC', '1');
INSERT INTO `mcc_zone` VALUES ('1415', '96', 'Kwun Tong Kowloon', 'KKT', '1');
INSERT INTO `mcc_zone` VALUES ('1416', '96', 'Sham Shui Po Kowloon', 'KSS', '1');
INSERT INTO `mcc_zone` VALUES ('1417', '96', 'Wong Tai Sin Kowloon', 'KWT', '1');
INSERT INTO `mcc_zone` VALUES ('1418', '96', 'Yau Tsim Mong Kowloon', 'KYT', '1');
INSERT INTO `mcc_zone` VALUES ('1419', '96', 'Islands New Territories', 'NIS', '1');
INSERT INTO `mcc_zone` VALUES ('1420', '96', 'Kwai Tsing New Territories', 'NKT', '1');
INSERT INTO `mcc_zone` VALUES ('1421', '96', 'North New Territories', 'NNO', '1');
INSERT INTO `mcc_zone` VALUES ('1422', '96', 'Sai Kung New Territories', 'NSK', '1');
INSERT INTO `mcc_zone` VALUES ('1423', '96', 'Sha Tin New Territories', 'NST', '1');
INSERT INTO `mcc_zone` VALUES ('1424', '96', 'Tai Po New Territories', 'NTP', '1');
INSERT INTO `mcc_zone` VALUES ('1425', '96', 'Tsuen Wan New Territories', 'NTW', '1');
INSERT INTO `mcc_zone` VALUES ('1426', '96', 'Tuen Mun New Territories', 'NTM', '1');
INSERT INTO `mcc_zone` VALUES ('1427', '96', 'Yuen Long New Territories', 'NYL', '1');
INSERT INTO `mcc_zone` VALUES ('1467', '98', 'Austurland', 'AL', '1');
INSERT INTO `mcc_zone` VALUES ('1468', '98', 'Hofuoborgarsvaeoi', 'HF', '1');
INSERT INTO `mcc_zone` VALUES ('1469', '98', 'Norourland eystra', 'NE', '1');
INSERT INTO `mcc_zone` VALUES ('1470', '98', 'Norourland vestra', 'NV', '1');
INSERT INTO `mcc_zone` VALUES ('1471', '98', 'Suourland', 'SL', '1');
INSERT INTO `mcc_zone` VALUES ('1472', '98', 'Suournes', 'SN', '1');
INSERT INTO `mcc_zone` VALUES ('1473', '98', 'Vestfiroir', 'VF', '1');
INSERT INTO `mcc_zone` VALUES ('1474', '98', 'Vesturland', 'VL', '1');
INSERT INTO `mcc_zone` VALUES ('1475', '99', 'Andaman and Nicobar Islands', 'AN', '1');
INSERT INTO `mcc_zone` VALUES ('1476', '99', 'Andhra Pradesh', 'AP', '1');
INSERT INTO `mcc_zone` VALUES ('1477', '99', 'Arunachal Pradesh', 'AR', '1');
INSERT INTO `mcc_zone` VALUES ('1478', '99', 'Assam', 'AS', '1');
INSERT INTO `mcc_zone` VALUES ('1479', '99', 'Bihar', 'BI', '1');
INSERT INTO `mcc_zone` VALUES ('1480', '99', 'Chandigarh', 'CH', '1');
INSERT INTO `mcc_zone` VALUES ('1481', '99', 'Dadra and Nagar Haveli', 'DA', '1');
INSERT INTO `mcc_zone` VALUES ('1482', '99', 'Daman and Diu', 'DM', '1');
INSERT INTO `mcc_zone` VALUES ('1483', '99', 'Delhi', 'DE', '1');
INSERT INTO `mcc_zone` VALUES ('1484', '99', 'Goa', 'GO', '1');
INSERT INTO `mcc_zone` VALUES ('1485', '99', 'Gujarat', 'GU', '1');
INSERT INTO `mcc_zone` VALUES ('1486', '99', 'Haryana', 'HA', '1');
INSERT INTO `mcc_zone` VALUES ('1487', '99', 'Himachal Pradesh', 'HP', '1');
INSERT INTO `mcc_zone` VALUES ('1488', '99', 'Jammu and Kashmir', 'JA', '1');
INSERT INTO `mcc_zone` VALUES ('1489', '99', 'Karnataka', 'KA', '1');
INSERT INTO `mcc_zone` VALUES ('1490', '99', 'Kerala', 'KE', '1');
INSERT INTO `mcc_zone` VALUES ('1491', '99', 'Lakshadweep Islands', 'LI', '1');
INSERT INTO `mcc_zone` VALUES ('1492', '99', 'Madhya Pradesh', 'MP', '1');
INSERT INTO `mcc_zone` VALUES ('1493', '99', 'Maharashtra', 'MA', '1');
INSERT INTO `mcc_zone` VALUES ('1494', '99', 'Manipur', 'MN', '1');
INSERT INTO `mcc_zone` VALUES ('1495', '99', 'Meghalaya', 'ME', '1');
INSERT INTO `mcc_zone` VALUES ('1496', '99', 'Mizoram', 'MI', '1');
INSERT INTO `mcc_zone` VALUES ('1497', '99', 'Nagaland', 'NA', '1');
INSERT INTO `mcc_zone` VALUES ('1498', '99', 'Orissa', 'OR', '1');
INSERT INTO `mcc_zone` VALUES ('1499', '99', 'Pondicherry', 'PO', '1');
INSERT INTO `mcc_zone` VALUES ('1500', '99', 'Punjab', 'PU', '1');
INSERT INTO `mcc_zone` VALUES ('1501', '99', 'Rajasthan', 'RA', '1');
INSERT INTO `mcc_zone` VALUES ('1502', '99', 'Sikkim', 'SI', '1');
INSERT INTO `mcc_zone` VALUES ('1503', '99', 'Tamil Nadu', 'TN', '1');
INSERT INTO `mcc_zone` VALUES ('1504', '99', 'Tripura', 'TR', '1');
INSERT INTO `mcc_zone` VALUES ('1505', '99', 'Uttar Pradesh', 'UP', '1');
INSERT INTO `mcc_zone` VALUES ('1506', '99', 'West Bengal', 'WB', '1');
INSERT INTO `mcc_zone` VALUES ('1507', '100', 'Aceh', 'AC', '1');
INSERT INTO `mcc_zone` VALUES ('1508', '100', 'Bali', 'BA', '1');
INSERT INTO `mcc_zone` VALUES ('1509', '100', 'Banten', 'BT', '1');
INSERT INTO `mcc_zone` VALUES ('1510', '100', 'Bengkulu', 'BE', '1');
INSERT INTO `mcc_zone` VALUES ('1511', '100', 'BoDeTaBek', 'BD', '1');
INSERT INTO `mcc_zone` VALUES ('1512', '100', 'Gorontalo', 'GO', '1');
INSERT INTO `mcc_zone` VALUES ('1513', '100', 'Jakarta Raya', 'JK', '1');
INSERT INTO `mcc_zone` VALUES ('1514', '100', 'Jambi', 'JA', '1');
INSERT INTO `mcc_zone` VALUES ('1515', '100', 'Jawa Barat', 'JB', '1');
INSERT INTO `mcc_zone` VALUES ('1516', '100', 'Jawa Tengah', 'JT', '1');
INSERT INTO `mcc_zone` VALUES ('1517', '100', 'Jawa Timur', 'JI', '1');
INSERT INTO `mcc_zone` VALUES ('1518', '100', 'Kalimantan Barat', 'KB', '1');
INSERT INTO `mcc_zone` VALUES ('1519', '100', 'Kalimantan Selatan', 'KS', '1');
INSERT INTO `mcc_zone` VALUES ('1520', '100', 'Kalimantan Tengah', 'KT', '1');
INSERT INTO `mcc_zone` VALUES ('1521', '100', 'Kalimantan Timur', 'KI', '1');
INSERT INTO `mcc_zone` VALUES ('1522', '100', 'Kepulauan Bangka Belitung', 'BB', '1');
INSERT INTO `mcc_zone` VALUES ('1523', '100', 'Lampung', 'LA', '1');
INSERT INTO `mcc_zone` VALUES ('1524', '100', 'Maluku', 'MA', '1');
INSERT INTO `mcc_zone` VALUES ('1525', '100', 'Maluku Utara', 'MU', '1');
INSERT INTO `mcc_zone` VALUES ('1526', '100', 'Nusa Tenggara Barat', 'NB', '1');
INSERT INTO `mcc_zone` VALUES ('1527', '100', 'Nusa Tenggara Timur', 'NT', '1');
INSERT INTO `mcc_zone` VALUES ('1528', '100', 'Papua', 'PA', '1');
INSERT INTO `mcc_zone` VALUES ('1529', '100', 'Riau', 'RI', '1');
INSERT INTO `mcc_zone` VALUES ('1530', '100', 'Sulawesi Selatan', 'SN', '1');
INSERT INTO `mcc_zone` VALUES ('1531', '100', 'Sulawesi Tengah', 'ST', '1');
INSERT INTO `mcc_zone` VALUES ('1532', '100', 'Sulawesi Tenggara', 'SG', '1');
INSERT INTO `mcc_zone` VALUES ('1533', '100', 'Sulawesi Utara', 'SA', '1');
INSERT INTO `mcc_zone` VALUES ('1534', '100', 'Sumatera Barat', 'SB', '1');
INSERT INTO `mcc_zone` VALUES ('1535', '100', 'Sumatera Selatan', 'SS', '1');
INSERT INTO `mcc_zone` VALUES ('1536', '100', 'Sumatera Utara', 'SU', '1');
INSERT INTO `mcc_zone` VALUES ('1537', '100', 'Yogyakarta', 'YO', '1');
INSERT INTO `mcc_zone` VALUES ('1538', '101', 'Tehran', 'TEH', '1');
INSERT INTO `mcc_zone` VALUES ('1539', '101', 'Qom', 'QOM', '1');
INSERT INTO `mcc_zone` VALUES ('1540', '101', 'Markazi', 'MKZ', '1');
INSERT INTO `mcc_zone` VALUES ('1541', '101', 'Qazvin', 'QAZ', '1');
INSERT INTO `mcc_zone` VALUES ('1542', '101', 'Gilan', 'GIL', '1');
INSERT INTO `mcc_zone` VALUES ('1543', '101', 'Ardabil', 'ARD', '1');
INSERT INTO `mcc_zone` VALUES ('1544', '101', 'Zanjan', 'ZAN', '1');
INSERT INTO `mcc_zone` VALUES ('1545', '101', 'East Azarbaijan', 'EAZ', '1');
INSERT INTO `mcc_zone` VALUES ('1546', '101', 'West Azarbaijan', 'WEZ', '1');
INSERT INTO `mcc_zone` VALUES ('1547', '101', 'Kurdistan', 'KRD', '1');
INSERT INTO `mcc_zone` VALUES ('1548', '101', 'Hamadan', 'HMD', '1');
INSERT INTO `mcc_zone` VALUES ('1549', '101', 'Kermanshah', 'KRM', '1');
INSERT INTO `mcc_zone` VALUES ('1550', '101', 'Ilam', 'ILM', '1');
INSERT INTO `mcc_zone` VALUES ('1551', '101', 'Lorestan', 'LRS', '1');
INSERT INTO `mcc_zone` VALUES ('1552', '101', 'Khuzestan', 'KZT', '1');
INSERT INTO `mcc_zone` VALUES ('1553', '101', 'Chahar Mahaal and Bakhtiari', 'CMB', '1');
INSERT INTO `mcc_zone` VALUES ('1554', '101', 'Kohkiluyeh and Buyer Ahmad', 'KBA', '1');
INSERT INTO `mcc_zone` VALUES ('1555', '101', 'Bushehr', 'BSH', '1');
INSERT INTO `mcc_zone` VALUES ('1556', '101', 'Fars', 'FAR', '1');
INSERT INTO `mcc_zone` VALUES ('1557', '101', 'Hormozgan', 'HRM', '1');
INSERT INTO `mcc_zone` VALUES ('1558', '101', 'Sistan and Baluchistan', 'SBL', '1');
INSERT INTO `mcc_zone` VALUES ('1559', '101', 'Kerman', 'KRB', '1');
INSERT INTO `mcc_zone` VALUES ('1560', '101', 'Yazd', 'YZD', '1');
INSERT INTO `mcc_zone` VALUES ('1561', '101', 'Esfahan', 'EFH', '1');
INSERT INTO `mcc_zone` VALUES ('1562', '101', 'Semnan', 'SMN', '1');
INSERT INTO `mcc_zone` VALUES ('1563', '101', 'Mazandaran', 'MZD', '1');
INSERT INTO `mcc_zone` VALUES ('1564', '101', 'Golestan', 'GLS', '1');
INSERT INTO `mcc_zone` VALUES ('1565', '101', 'North Khorasan', 'NKH', '1');
INSERT INTO `mcc_zone` VALUES ('1566', '101', 'Razavi Khorasan', 'RKH', '1');
INSERT INTO `mcc_zone` VALUES ('1567', '101', 'South Khorasan', 'SKH', '1');
INSERT INTO `mcc_zone` VALUES ('1568', '102', 'Baghdad', 'BD', '1');
INSERT INTO `mcc_zone` VALUES ('1569', '102', 'Salah ad Din', 'SD', '1');
INSERT INTO `mcc_zone` VALUES ('1570', '102', 'Diyala', 'DY', '1');
INSERT INTO `mcc_zone` VALUES ('1571', '102', 'Wasit', 'WS', '1');
INSERT INTO `mcc_zone` VALUES ('1572', '102', 'Maysan', 'MY', '1');
INSERT INTO `mcc_zone` VALUES ('1573', '102', 'Al Basrah', 'BA', '1');
INSERT INTO `mcc_zone` VALUES ('1574', '102', 'Dhi Qar', 'DQ', '1');
INSERT INTO `mcc_zone` VALUES ('1575', '102', 'Al Muthanna', 'MU', '1');
INSERT INTO `mcc_zone` VALUES ('1576', '102', 'Al Qadisyah', 'QA', '1');
INSERT INTO `mcc_zone` VALUES ('1577', '102', 'Babil', 'BB', '1');
INSERT INTO `mcc_zone` VALUES ('1578', '102', 'Al Karbala', 'KB', '1');
INSERT INTO `mcc_zone` VALUES ('1579', '102', 'An Najaf', 'NJ', '1');
INSERT INTO `mcc_zone` VALUES ('1580', '102', 'Al Anbar', 'AB', '1');
INSERT INTO `mcc_zone` VALUES ('1581', '102', 'Ninawa', 'NN', '1');
INSERT INTO `mcc_zone` VALUES ('1582', '102', 'Dahuk', 'DH', '1');
INSERT INTO `mcc_zone` VALUES ('1583', '102', 'Arbil', 'AL', '1');
INSERT INTO `mcc_zone` VALUES ('1584', '102', 'At Ta\'mim', 'TM', '1');
INSERT INTO `mcc_zone` VALUES ('1585', '102', 'As Sulaymaniyah', 'SL', '1');
INSERT INTO `mcc_zone` VALUES ('1586', '103', 'Carlow', 'CA', '1');
INSERT INTO `mcc_zone` VALUES ('1587', '103', 'Cavan', 'CV', '1');
INSERT INTO `mcc_zone` VALUES ('1588', '103', 'Clare', 'CL', '1');
INSERT INTO `mcc_zone` VALUES ('1589', '103', 'Cork', 'CO', '1');
INSERT INTO `mcc_zone` VALUES ('1590', '103', 'Donegal', 'DO', '1');
INSERT INTO `mcc_zone` VALUES ('1591', '103', 'Dublin', 'DU', '1');
INSERT INTO `mcc_zone` VALUES ('1592', '103', 'Galway', 'GA', '1');
INSERT INTO `mcc_zone` VALUES ('1593', '103', 'Kerry', 'KE', '1');
INSERT INTO `mcc_zone` VALUES ('1594', '103', 'Kildare', 'KI', '1');
INSERT INTO `mcc_zone` VALUES ('1595', '103', 'Kilkenny', 'KL', '1');
INSERT INTO `mcc_zone` VALUES ('1596', '103', 'Laois', 'LA', '1');
INSERT INTO `mcc_zone` VALUES ('1597', '103', 'Leitrim', 'LE', '1');
INSERT INTO `mcc_zone` VALUES ('1598', '103', 'Limerick', 'LI', '1');
INSERT INTO `mcc_zone` VALUES ('1599', '103', 'Longford', 'LO', '1');
INSERT INTO `mcc_zone` VALUES ('1600', '103', 'Louth', 'LU', '1');
INSERT INTO `mcc_zone` VALUES ('1601', '103', 'Mayo', 'MA', '1');
INSERT INTO `mcc_zone` VALUES ('1602', '103', 'Meath', 'ME', '1');
INSERT INTO `mcc_zone` VALUES ('1603', '103', 'Monaghan', 'MO', '1');
INSERT INTO `mcc_zone` VALUES ('1604', '103', 'Offaly', 'OF', '1');
INSERT INTO `mcc_zone` VALUES ('1605', '103', 'Roscommon', 'RO', '1');
INSERT INTO `mcc_zone` VALUES ('1606', '103', 'Sligo', 'SL', '1');
INSERT INTO `mcc_zone` VALUES ('1607', '103', 'Tipperary', 'TI', '1');
INSERT INTO `mcc_zone` VALUES ('1608', '103', 'Waterford', 'WA', '1');
INSERT INTO `mcc_zone` VALUES ('1609', '103', 'Westmeath', 'WE', '1');
INSERT INTO `mcc_zone` VALUES ('1610', '103', 'Wexford', 'WX', '1');
INSERT INTO `mcc_zone` VALUES ('1611', '103', 'Wicklow', 'WI', '1');
INSERT INTO `mcc_zone` VALUES ('1612', '104', 'Be\'er Sheva', 'BS', '1');
INSERT INTO `mcc_zone` VALUES ('1613', '104', 'Bika\'at Hayarden', 'BH', '1');
INSERT INTO `mcc_zone` VALUES ('1614', '104', 'Eilat and Arava', 'EA', '1');
INSERT INTO `mcc_zone` VALUES ('1615', '104', 'Galil', 'GA', '1');
INSERT INTO `mcc_zone` VALUES ('1616', '104', 'Haifa', 'HA', '1');
INSERT INTO `mcc_zone` VALUES ('1617', '104', 'Jehuda Mountains', 'JM', '1');
INSERT INTO `mcc_zone` VALUES ('1618', '104', 'Jerusalem', 'JE', '1');
INSERT INTO `mcc_zone` VALUES ('1619', '104', 'Negev', 'NE', '1');
INSERT INTO `mcc_zone` VALUES ('1620', '104', 'Semaria', 'SE', '1');
INSERT INTO `mcc_zone` VALUES ('1621', '104', 'Sharon', 'SH', '1');
INSERT INTO `mcc_zone` VALUES ('1622', '104', 'Tel Aviv (Gosh Dan)', 'TA', '1');
INSERT INTO `mcc_zone` VALUES ('3860', '105', 'Caltanissetta', 'CL', '1');
INSERT INTO `mcc_zone` VALUES ('3842', '105', 'Agrigento', 'AG', '1');
INSERT INTO `mcc_zone` VALUES ('3843', '105', 'Alessandria', 'AL', '1');
INSERT INTO `mcc_zone` VALUES ('3844', '105', 'Ancona', 'AN', '1');
INSERT INTO `mcc_zone` VALUES ('3845', '105', 'Aosta', 'AO', '1');
INSERT INTO `mcc_zone` VALUES ('3846', '105', 'Arezzo', 'AR', '1');
INSERT INTO `mcc_zone` VALUES ('3847', '105', 'Ascoli Piceno', 'AP', '1');
INSERT INTO `mcc_zone` VALUES ('3848', '105', 'Asti', 'AT', '1');
INSERT INTO `mcc_zone` VALUES ('3849', '105', 'Avellino', 'AV', '1');
INSERT INTO `mcc_zone` VALUES ('3850', '105', 'Bari', 'BA', '1');
INSERT INTO `mcc_zone` VALUES ('3851', '105', 'Belluno', 'BL', '1');
INSERT INTO `mcc_zone` VALUES ('3852', '105', 'Benevento', 'BN', '1');
INSERT INTO `mcc_zone` VALUES ('3853', '105', 'Bergamo', 'BG', '1');
INSERT INTO `mcc_zone` VALUES ('3854', '105', 'Biella', 'BI', '1');
INSERT INTO `mcc_zone` VALUES ('3855', '105', 'Bologna', 'BO', '1');
INSERT INTO `mcc_zone` VALUES ('3856', '105', 'Bolzano', 'BZ', '1');
INSERT INTO `mcc_zone` VALUES ('3857', '105', 'Brescia', 'BS', '1');
INSERT INTO `mcc_zone` VALUES ('3858', '105', 'Brindisi', 'BR', '1');
INSERT INTO `mcc_zone` VALUES ('3859', '105', 'Cagliari', 'CA', '1');
INSERT INTO `mcc_zone` VALUES ('1643', '106', 'Clarendon Parish', 'CLA', '1');
INSERT INTO `mcc_zone` VALUES ('1644', '106', 'Hanover Parish', 'HAN', '1');
INSERT INTO `mcc_zone` VALUES ('1645', '106', 'Kingston Parish', 'KIN', '1');
INSERT INTO `mcc_zone` VALUES ('1646', '106', 'Manchester Parish', 'MAN', '1');
INSERT INTO `mcc_zone` VALUES ('1647', '106', 'Portland Parish', 'POR', '1');
INSERT INTO `mcc_zone` VALUES ('1648', '106', 'Saint Andrew Parish', 'AND', '1');
INSERT INTO `mcc_zone` VALUES ('1649', '106', 'Saint Ann Parish', 'ANN', '1');
INSERT INTO `mcc_zone` VALUES ('1650', '106', 'Saint Catherine Parish', 'CAT', '1');
INSERT INTO `mcc_zone` VALUES ('1651', '106', 'Saint Elizabeth Parish', 'ELI', '1');
INSERT INTO `mcc_zone` VALUES ('1652', '106', 'Saint James Parish', 'JAM', '1');
INSERT INTO `mcc_zone` VALUES ('1653', '106', 'Saint Mary Parish', 'MAR', '1');
INSERT INTO `mcc_zone` VALUES ('1654', '106', 'Saint Thomas Parish', 'THO', '1');
INSERT INTO `mcc_zone` VALUES ('1655', '106', 'Trelawny Parish', 'TRL', '1');
INSERT INTO `mcc_zone` VALUES ('1656', '106', 'Westmoreland Parish', 'WML', '1');
INSERT INTO `mcc_zone` VALUES ('1657', '107', 'Aichi', 'AI', '1');
INSERT INTO `mcc_zone` VALUES ('1658', '107', 'Akita', 'AK', '1');
INSERT INTO `mcc_zone` VALUES ('1659', '107', 'Aomori', 'AO', '1');
INSERT INTO `mcc_zone` VALUES ('1660', '107', 'Chiba', 'CH', '1');
INSERT INTO `mcc_zone` VALUES ('1661', '107', 'Ehime', 'EH', '1');
INSERT INTO `mcc_zone` VALUES ('1662', '107', 'Fukui', 'FK', '1');
INSERT INTO `mcc_zone` VALUES ('1663', '107', 'Fukuoka', 'FU', '1');
INSERT INTO `mcc_zone` VALUES ('1664', '107', 'Fukushima', 'FS', '1');
INSERT INTO `mcc_zone` VALUES ('1665', '107', 'Gifu', 'GI', '1');
INSERT INTO `mcc_zone` VALUES ('1666', '107', 'Gumma', 'GU', '1');
INSERT INTO `mcc_zone` VALUES ('1667', '107', 'Hiroshima', 'HI', '1');
INSERT INTO `mcc_zone` VALUES ('1668', '107', 'Hokkaido', 'HO', '1');
INSERT INTO `mcc_zone` VALUES ('1669', '107', 'Hyogo', 'HY', '1');
INSERT INTO `mcc_zone` VALUES ('1670', '107', 'Ibaraki', 'IB', '1');
INSERT INTO `mcc_zone` VALUES ('1671', '107', 'Ishikawa', 'IS', '1');
INSERT INTO `mcc_zone` VALUES ('1672', '107', 'Iwate', 'IW', '1');
INSERT INTO `mcc_zone` VALUES ('1673', '107', 'Kagawa', 'KA', '1');
INSERT INTO `mcc_zone` VALUES ('1674', '107', 'Kagoshima', 'KG', '1');
INSERT INTO `mcc_zone` VALUES ('1675', '107', 'Kanagawa', 'KN', '1');
INSERT INTO `mcc_zone` VALUES ('1676', '107', 'Kochi', 'KO', '1');
INSERT INTO `mcc_zone` VALUES ('1677', '107', 'Kumamoto', 'KU', '1');
INSERT INTO `mcc_zone` VALUES ('1678', '107', 'Kyoto', 'KY', '1');
INSERT INTO `mcc_zone` VALUES ('1679', '107', 'Mie', 'MI', '1');
INSERT INTO `mcc_zone` VALUES ('1680', '107', 'Miyagi', 'MY', '1');
INSERT INTO `mcc_zone` VALUES ('1681', '107', 'Miyazaki', 'MZ', '1');
INSERT INTO `mcc_zone` VALUES ('1682', '107', 'Nagano', 'NA', '1');
INSERT INTO `mcc_zone` VALUES ('1683', '107', 'Nagasaki', 'NG', '1');
INSERT INTO `mcc_zone` VALUES ('1684', '107', 'Nara', 'NR', '1');
INSERT INTO `mcc_zone` VALUES ('1685', '107', 'Niigata', 'NI', '1');
INSERT INTO `mcc_zone` VALUES ('1686', '107', 'Oita', 'OI', '1');
INSERT INTO `mcc_zone` VALUES ('1687', '107', 'Okayama', 'OK', '1');
INSERT INTO `mcc_zone` VALUES ('1688', '107', 'Okinawa', 'ON', '1');
INSERT INTO `mcc_zone` VALUES ('1689', '107', 'Osaka', 'OS', '1');
INSERT INTO `mcc_zone` VALUES ('1690', '107', 'Saga', 'SA', '1');
INSERT INTO `mcc_zone` VALUES ('1691', '107', 'Saitama', 'SI', '1');
INSERT INTO `mcc_zone` VALUES ('1692', '107', 'Shiga', 'SH', '1');
INSERT INTO `mcc_zone` VALUES ('1693', '107', 'Shimane', 'SM', '1');
INSERT INTO `mcc_zone` VALUES ('1694', '107', 'Shizuoka', 'SZ', '1');
INSERT INTO `mcc_zone` VALUES ('1695', '107', 'Tochigi', 'TO', '1');
INSERT INTO `mcc_zone` VALUES ('1696', '107', 'Tokushima', 'TS', '1');
INSERT INTO `mcc_zone` VALUES ('1697', '107', 'Tokyo', 'TK', '1');
INSERT INTO `mcc_zone` VALUES ('1698', '107', 'Tottori', 'TT', '1');
INSERT INTO `mcc_zone` VALUES ('1699', '107', 'Toyama', 'TY', '1');
INSERT INTO `mcc_zone` VALUES ('1700', '107', 'Wakayama', 'WA', '1');
INSERT INTO `mcc_zone` VALUES ('1701', '107', 'Yamagata', 'YA', '1');
INSERT INTO `mcc_zone` VALUES ('1702', '107', 'Yamaguchi', 'YM', '1');
INSERT INTO `mcc_zone` VALUES ('1703', '107', 'Yamanashi', 'YN', '1');
INSERT INTO `mcc_zone` VALUES ('1704', '108', '\'Amman', 'AM', '1');
INSERT INTO `mcc_zone` VALUES ('1705', '108', 'Ajlun', 'AJ', '1');
INSERT INTO `mcc_zone` VALUES ('1706', '108', 'Al \'Aqabah', 'AA', '1');
INSERT INTO `mcc_zone` VALUES ('1707', '108', 'Al Balqa\'', 'AB', '1');
INSERT INTO `mcc_zone` VALUES ('1708', '108', 'Al Karak', 'AK', '1');
INSERT INTO `mcc_zone` VALUES ('1709', '108', 'Al Mafraq', 'AL', '1');
INSERT INTO `mcc_zone` VALUES ('1710', '108', 'At Tafilah', 'AT', '1');
INSERT INTO `mcc_zone` VALUES ('1711', '108', 'Az Zarqa\'', 'AZ', '1');
INSERT INTO `mcc_zone` VALUES ('1712', '108', 'Irbid', 'IR', '1');
INSERT INTO `mcc_zone` VALUES ('1713', '108', 'Jarash', 'JA', '1');
INSERT INTO `mcc_zone` VALUES ('1714', '108', 'Ma\'an', 'MA', '1');
INSERT INTO `mcc_zone` VALUES ('1715', '108', 'Madaba', 'MD', '1');
INSERT INTO `mcc_zone` VALUES ('1716', '109', 'Almaty', 'AL', '1');
INSERT INTO `mcc_zone` VALUES ('1717', '109', 'Almaty City', 'AC', '1');
INSERT INTO `mcc_zone` VALUES ('1718', '109', 'Aqmola', 'AM', '1');
INSERT INTO `mcc_zone` VALUES ('1719', '109', 'Aqtobe', 'AQ', '1');
INSERT INTO `mcc_zone` VALUES ('1720', '109', 'Astana City', 'AS', '1');
INSERT INTO `mcc_zone` VALUES ('1721', '109', 'Atyrau', 'AT', '1');
INSERT INTO `mcc_zone` VALUES ('1722', '109', 'Batys Qazaqstan', 'BA', '1');
INSERT INTO `mcc_zone` VALUES ('1723', '109', 'Bayqongyr City', 'BY', '1');
INSERT INTO `mcc_zone` VALUES ('1724', '109', 'Mangghystau', 'MA', '1');
INSERT INTO `mcc_zone` VALUES ('1725', '109', 'Ongtustik Qazaqstan', 'ON', '1');
INSERT INTO `mcc_zone` VALUES ('1726', '109', 'Pavlodar', 'PA', '1');
INSERT INTO `mcc_zone` VALUES ('1727', '109', 'Qaraghandy', 'QA', '1');
INSERT INTO `mcc_zone` VALUES ('1728', '109', 'Qostanay', 'QO', '1');
INSERT INTO `mcc_zone` VALUES ('1729', '109', 'Qyzylorda', 'QY', '1');
INSERT INTO `mcc_zone` VALUES ('1730', '109', 'Shyghys Qazaqstan', 'SH', '1');
INSERT INTO `mcc_zone` VALUES ('1731', '109', 'Soltustik Qazaqstan', 'SO', '1');
INSERT INTO `mcc_zone` VALUES ('1732', '109', 'Zhambyl', 'ZH', '1');
INSERT INTO `mcc_zone` VALUES ('1733', '110', 'Central', 'CE', '1');
INSERT INTO `mcc_zone` VALUES ('1734', '110', 'Coast', 'CO', '1');
INSERT INTO `mcc_zone` VALUES ('1735', '110', 'Eastern', 'EA', '1');
INSERT INTO `mcc_zone` VALUES ('1736', '110', 'Nairobi Area', 'NA', '1');
INSERT INTO `mcc_zone` VALUES ('1737', '110', 'North Eastern', 'NE', '1');
INSERT INTO `mcc_zone` VALUES ('1738', '110', 'Nyanza', 'NY', '1');
INSERT INTO `mcc_zone` VALUES ('1739', '110', 'Rift Valley', 'RV', '1');
INSERT INTO `mcc_zone` VALUES ('1740', '110', 'Western', 'WE', '1');
INSERT INTO `mcc_zone` VALUES ('1741', '111', 'Abaiang', 'AG', '1');
INSERT INTO `mcc_zone` VALUES ('1742', '111', 'Abemama', 'AM', '1');
INSERT INTO `mcc_zone` VALUES ('1743', '111', 'Aranuka', 'AK', '1');
INSERT INTO `mcc_zone` VALUES ('1744', '111', 'Arorae', 'AO', '1');
INSERT INTO `mcc_zone` VALUES ('1745', '111', 'Banaba', 'BA', '1');
INSERT INTO `mcc_zone` VALUES ('1746', '111', 'Beru', 'BE', '1');
INSERT INTO `mcc_zone` VALUES ('1747', '111', 'Butaritari', 'bT', '1');
INSERT INTO `mcc_zone` VALUES ('1748', '111', 'Kanton', 'KA', '1');
INSERT INTO `mcc_zone` VALUES ('1749', '111', 'Kiritimati', 'KR', '1');
INSERT INTO `mcc_zone` VALUES ('1750', '111', 'Kuria', 'KU', '1');
INSERT INTO `mcc_zone` VALUES ('1751', '111', 'Maiana', 'MI', '1');
INSERT INTO `mcc_zone` VALUES ('1752', '111', 'Makin', 'MN', '1');
INSERT INTO `mcc_zone` VALUES ('1753', '111', 'Marakei', 'ME', '1');
INSERT INTO `mcc_zone` VALUES ('1754', '111', 'Nikunau', 'NI', '1');
INSERT INTO `mcc_zone` VALUES ('1755', '111', 'Nonouti', 'NO', '1');
INSERT INTO `mcc_zone` VALUES ('1756', '111', 'Onotoa', 'ON', '1');
INSERT INTO `mcc_zone` VALUES ('1757', '111', 'Tabiteuea', 'TT', '1');
INSERT INTO `mcc_zone` VALUES ('1758', '111', 'Tabuaeran', 'TR', '1');
INSERT INTO `mcc_zone` VALUES ('1759', '111', 'Tamana', 'TM', '1');
INSERT INTO `mcc_zone` VALUES ('1760', '111', 'Tarawa', 'TW', '1');
INSERT INTO `mcc_zone` VALUES ('1761', '111', 'Teraina', 'TE', '1');
INSERT INTO `mcc_zone` VALUES ('1762', '112', 'Chagang-do', 'CHA', '1');
INSERT INTO `mcc_zone` VALUES ('1763', '112', 'Hamgyong-bukto', 'HAB', '1');
INSERT INTO `mcc_zone` VALUES ('1764', '112', 'Hamgyong-namdo', 'HAN', '1');
INSERT INTO `mcc_zone` VALUES ('1765', '112', 'Hwanghae-bukto', 'HWB', '1');
INSERT INTO `mcc_zone` VALUES ('1766', '112', 'Hwanghae-namdo', 'HWN', '1');
INSERT INTO `mcc_zone` VALUES ('1767', '112', 'Kangwon-do', 'KAN', '1');
INSERT INTO `mcc_zone` VALUES ('1768', '112', 'P\'yongan-bukto', 'PYB', '1');
INSERT INTO `mcc_zone` VALUES ('1769', '112', 'P\'yongan-namdo', 'PYN', '1');
INSERT INTO `mcc_zone` VALUES ('1770', '112', 'Ryanggang-do (Yanggang-do)', 'YAN', '1');
INSERT INTO `mcc_zone` VALUES ('1771', '112', 'Rason Directly Governed City', 'NAJ', '1');
INSERT INTO `mcc_zone` VALUES ('1772', '112', 'P\'yongyang Special City', 'PYO', '1');
INSERT INTO `mcc_zone` VALUES ('1773', '113', 'Ch\'ungch\'ong-bukto', 'CO', '1');
INSERT INTO `mcc_zone` VALUES ('1774', '113', 'Ch\'ungch\'ong-namdo', 'CH', '1');
INSERT INTO `mcc_zone` VALUES ('1775', '113', 'Cheju-do', 'CD', '1');
INSERT INTO `mcc_zone` VALUES ('1776', '113', 'Cholla-bukto', 'CB', '1');
INSERT INTO `mcc_zone` VALUES ('1777', '113', 'Cholla-namdo', 'CN', '1');
INSERT INTO `mcc_zone` VALUES ('1778', '113', 'Inch\'on-gwangyoksi', 'IG', '1');
INSERT INTO `mcc_zone` VALUES ('1779', '113', 'Kangwon-do', 'KA', '1');
INSERT INTO `mcc_zone` VALUES ('1780', '113', 'Kwangju-gwangyoksi', 'KG', '1');
INSERT INTO `mcc_zone` VALUES ('1781', '113', 'Kyonggi-do', 'KD', '1');
INSERT INTO `mcc_zone` VALUES ('1782', '113', 'Kyongsang-bukto', 'KB', '1');
INSERT INTO `mcc_zone` VALUES ('1783', '113', 'Kyongsang-namdo', 'KN', '1');
INSERT INTO `mcc_zone` VALUES ('1784', '113', 'Pusan-gwangyoksi', 'PG', '1');
INSERT INTO `mcc_zone` VALUES ('1785', '113', 'Soul-t\'ukpyolsi', 'SO', '1');
INSERT INTO `mcc_zone` VALUES ('1786', '113', 'Taegu-gwangyoksi', 'TA', '1');
INSERT INTO `mcc_zone` VALUES ('1787', '113', 'Taejon-gwangyoksi', 'TG', '1');
INSERT INTO `mcc_zone` VALUES ('1788', '114', 'Al \'Asimah', 'AL', '1');
INSERT INTO `mcc_zone` VALUES ('1789', '114', 'Al Ahmadi', 'AA', '1');
INSERT INTO `mcc_zone` VALUES ('1790', '114', 'Al Farwaniyah', 'AF', '1');
INSERT INTO `mcc_zone` VALUES ('1791', '114', 'Al Jahra\'', 'AJ', '1');
INSERT INTO `mcc_zone` VALUES ('1792', '114', 'Hawalli', 'HA', '1');
INSERT INTO `mcc_zone` VALUES ('1793', '115', 'Bishkek', 'GB', '1');
INSERT INTO `mcc_zone` VALUES ('1794', '115', 'Batken', 'B', '1');
INSERT INTO `mcc_zone` VALUES ('1795', '115', 'Chu', 'C', '1');
INSERT INTO `mcc_zone` VALUES ('1796', '115', 'Jalal-Abad', 'J', '1');
INSERT INTO `mcc_zone` VALUES ('1797', '115', 'Naryn', 'N', '1');
INSERT INTO `mcc_zone` VALUES ('1798', '115', 'Osh', 'O', '1');
INSERT INTO `mcc_zone` VALUES ('1799', '115', 'Talas', 'T', '1');
INSERT INTO `mcc_zone` VALUES ('1800', '115', 'Ysyk-Kol', 'Y', '1');
INSERT INTO `mcc_zone` VALUES ('1801', '116', 'Vientiane', 'VT', '1');
INSERT INTO `mcc_zone` VALUES ('1802', '116', 'Attapu', 'AT', '1');
INSERT INTO `mcc_zone` VALUES ('1803', '116', 'Bokeo', 'BK', '1');
INSERT INTO `mcc_zone` VALUES ('1804', '116', 'Bolikhamxai', 'BL', '1');
INSERT INTO `mcc_zone` VALUES ('1805', '116', 'Champasak', 'CH', '1');
INSERT INTO `mcc_zone` VALUES ('1806', '116', 'Houaphan', 'HO', '1');
INSERT INTO `mcc_zone` VALUES ('1807', '116', 'Khammouan', 'KH', '1');
INSERT INTO `mcc_zone` VALUES ('1808', '116', 'Louang Namtha', 'LM', '1');
INSERT INTO `mcc_zone` VALUES ('1809', '116', 'Louangphabang', 'LP', '1');
INSERT INTO `mcc_zone` VALUES ('1810', '116', 'Oudomxai', 'OU', '1');
INSERT INTO `mcc_zone` VALUES ('1811', '116', 'Phongsali', 'PH', '1');
INSERT INTO `mcc_zone` VALUES ('1812', '116', 'Salavan', 'SL', '1');
INSERT INTO `mcc_zone` VALUES ('1813', '116', 'Savannakhet', 'SV', '1');
INSERT INTO `mcc_zone` VALUES ('1814', '116', 'Vientiane', 'VI', '1');
INSERT INTO `mcc_zone` VALUES ('1815', '116', 'Xaignabouli', 'XA', '1');
INSERT INTO `mcc_zone` VALUES ('1816', '116', 'Xekong', 'XE', '1');
INSERT INTO `mcc_zone` VALUES ('1817', '116', 'Xiangkhoang', 'XI', '1');
INSERT INTO `mcc_zone` VALUES ('1818', '116', 'Xaisomboun', 'XN', '1');
INSERT INTO `mcc_zone` VALUES ('1852', '119', 'Berea', 'BE', '1');
INSERT INTO `mcc_zone` VALUES ('1853', '119', 'Butha-Buthe', 'BB', '1');
INSERT INTO `mcc_zone` VALUES ('1854', '119', 'Leribe', 'LE', '1');
INSERT INTO `mcc_zone` VALUES ('1855', '119', 'Mafeteng', 'MF', '1');
INSERT INTO `mcc_zone` VALUES ('1856', '119', 'Maseru', 'MS', '1');
INSERT INTO `mcc_zone` VALUES ('1857', '119', 'Mohale\'s Hoek', 'MH', '1');
INSERT INTO `mcc_zone` VALUES ('1858', '119', 'Mokhotlong', 'MK', '1');
INSERT INTO `mcc_zone` VALUES ('1859', '119', 'Qacha\'s Nek', 'QN', '1');
INSERT INTO `mcc_zone` VALUES ('1860', '119', 'Quthing', 'QT', '1');
INSERT INTO `mcc_zone` VALUES ('1861', '119', 'Thaba-Tseka', 'TT', '1');
INSERT INTO `mcc_zone` VALUES ('1862', '120', 'Bomi', 'BI', '1');
INSERT INTO `mcc_zone` VALUES ('1863', '120', 'Bong', 'BG', '1');
INSERT INTO `mcc_zone` VALUES ('1864', '120', 'Grand Bassa', 'GB', '1');
INSERT INTO `mcc_zone` VALUES ('1865', '120', 'Grand Cape Mount', 'CM', '1');
INSERT INTO `mcc_zone` VALUES ('1866', '120', 'Grand Gedeh', 'GG', '1');
INSERT INTO `mcc_zone` VALUES ('1867', '120', 'Grand Kru', 'GK', '1');
INSERT INTO `mcc_zone` VALUES ('1868', '120', 'Lofa', 'LO', '1');
INSERT INTO `mcc_zone` VALUES ('1869', '120', 'Margibi', 'MG', '1');
INSERT INTO `mcc_zone` VALUES ('1870', '120', 'Maryland', 'ML', '1');
INSERT INTO `mcc_zone` VALUES ('1871', '120', 'Montserrado', 'MS', '1');
INSERT INTO `mcc_zone` VALUES ('1872', '120', 'Nimba', 'NB', '1');
INSERT INTO `mcc_zone` VALUES ('1873', '120', 'River Cess', 'RC', '1');
INSERT INTO `mcc_zone` VALUES ('1874', '120', 'Sinoe', 'SN', '1');
INSERT INTO `mcc_zone` VALUES ('1875', '121', 'Ajdabiya', 'AJ', '1');
INSERT INTO `mcc_zone` VALUES ('1876', '121', 'Al \'Aziziyah', 'AZ', '1');
INSERT INTO `mcc_zone` VALUES ('1877', '121', 'Al Fatih', 'FA', '1');
INSERT INTO `mcc_zone` VALUES ('1878', '121', 'Al Jabal al Akhdar', 'JA', '1');
INSERT INTO `mcc_zone` VALUES ('1879', '121', 'Al Jufrah', 'JU', '1');
INSERT INTO `mcc_zone` VALUES ('1880', '121', 'Al Khums', 'KH', '1');
INSERT INTO `mcc_zone` VALUES ('1881', '121', 'Al Kufrah', 'KU', '1');
INSERT INTO `mcc_zone` VALUES ('1882', '121', 'An Nuqat al Khams', 'NK', '1');
INSERT INTO `mcc_zone` VALUES ('1883', '121', 'Ash Shati\'', 'AS', '1');
INSERT INTO `mcc_zone` VALUES ('1884', '121', 'Awbari', 'AW', '1');
INSERT INTO `mcc_zone` VALUES ('1885', '121', 'Az Zawiyah', 'ZA', '1');
INSERT INTO `mcc_zone` VALUES ('1886', '121', 'Banghazi', 'BA', '1');
INSERT INTO `mcc_zone` VALUES ('1887', '121', 'Darnah', 'DA', '1');
INSERT INTO `mcc_zone` VALUES ('1888', '121', 'Ghadamis', 'GD', '1');
INSERT INTO `mcc_zone` VALUES ('1889', '121', 'Gharyan', 'GY', '1');
INSERT INTO `mcc_zone` VALUES ('1890', '121', 'Misratah', 'MI', '1');
INSERT INTO `mcc_zone` VALUES ('1891', '121', 'Murzuq', 'MZ', '1');
INSERT INTO `mcc_zone` VALUES ('1892', '121', 'Sabha', 'SB', '1');
INSERT INTO `mcc_zone` VALUES ('1893', '121', 'Sawfajjin', 'SW', '1');
INSERT INTO `mcc_zone` VALUES ('1894', '121', 'Surt', 'SU', '1');
INSERT INTO `mcc_zone` VALUES ('1895', '121', 'Tarabulus (Tripoli)', 'TL', '1');
INSERT INTO `mcc_zone` VALUES ('1896', '121', 'Tarhunah', 'TH', '1');
INSERT INTO `mcc_zone` VALUES ('1897', '121', 'Tubruq', 'TU', '1');
INSERT INTO `mcc_zone` VALUES ('1898', '121', 'Yafran', 'YA', '1');
INSERT INTO `mcc_zone` VALUES ('1899', '121', 'Zlitan', 'ZL', '1');
INSERT INTO `mcc_zone` VALUES ('1900', '122', 'Vaduz', 'V', '1');
INSERT INTO `mcc_zone` VALUES ('1901', '122', 'Schaan', 'A', '1');
INSERT INTO `mcc_zone` VALUES ('1902', '122', 'Balzers', 'B', '1');
INSERT INTO `mcc_zone` VALUES ('1903', '122', 'Triesen', 'N', '1');
INSERT INTO `mcc_zone` VALUES ('1904', '122', 'Eschen', 'E', '1');
INSERT INTO `mcc_zone` VALUES ('1905', '122', 'Mauren', 'M', '1');
INSERT INTO `mcc_zone` VALUES ('1906', '122', 'Triesenberg', 'T', '1');
INSERT INTO `mcc_zone` VALUES ('1907', '122', 'Ruggell', 'R', '1');
INSERT INTO `mcc_zone` VALUES ('1908', '122', 'Gamprin', 'G', '1');
INSERT INTO `mcc_zone` VALUES ('1909', '122', 'Schellenberg', 'L', '1');
INSERT INTO `mcc_zone` VALUES ('1910', '122', 'Planken', 'P', '1');
INSERT INTO `mcc_zone` VALUES ('1911', '123', 'Alytus', 'AL', '1');
INSERT INTO `mcc_zone` VALUES ('1912', '123', 'Kaunas', 'KA', '1');
INSERT INTO `mcc_zone` VALUES ('1913', '123', 'Klaipeda', 'KL', '1');
INSERT INTO `mcc_zone` VALUES ('1914', '123', 'Marijampole', 'MA', '1');
INSERT INTO `mcc_zone` VALUES ('1915', '123', 'Panevezys', 'PA', '1');
INSERT INTO `mcc_zone` VALUES ('1916', '123', 'Siauliai', 'SI', '1');
INSERT INTO `mcc_zone` VALUES ('1917', '123', 'Taurage', 'TA', '1');
INSERT INTO `mcc_zone` VALUES ('1918', '123', 'Telsiai', 'TE', '1');
INSERT INTO `mcc_zone` VALUES ('1919', '123', 'Utena', 'UT', '1');
INSERT INTO `mcc_zone` VALUES ('1920', '123', 'Vilnius', 'VI', '1');
INSERT INTO `mcc_zone` VALUES ('1921', '124', 'Diekirch', 'DD', '1');
INSERT INTO `mcc_zone` VALUES ('1922', '124', 'Clervaux', 'DC', '1');
INSERT INTO `mcc_zone` VALUES ('1923', '124', 'Redange', 'DR', '1');
INSERT INTO `mcc_zone` VALUES ('1924', '124', 'Vianden', 'DV', '1');
INSERT INTO `mcc_zone` VALUES ('1925', '124', 'Wiltz', 'DW', '1');
INSERT INTO `mcc_zone` VALUES ('1926', '124', 'Grevenmacher', 'GG', '1');
INSERT INTO `mcc_zone` VALUES ('1927', '124', 'Echternach', 'GE', '1');
INSERT INTO `mcc_zone` VALUES ('1928', '124', 'Remich', 'GR', '1');
INSERT INTO `mcc_zone` VALUES ('1929', '124', 'Luxembourg', 'LL', '1');
INSERT INTO `mcc_zone` VALUES ('1930', '124', 'Capellen', 'LC', '1');
INSERT INTO `mcc_zone` VALUES ('1931', '124', 'Esch-sur-Alzette', 'LE', '1');
INSERT INTO `mcc_zone` VALUES ('1932', '124', 'Mersch', 'LM', '1');
INSERT INTO `mcc_zone` VALUES ('1933', '125', 'Our Lady Fatima Parish', 'OLF', '1');
INSERT INTO `mcc_zone` VALUES ('1934', '125', 'St. Anthony Parish', 'ANT', '1');
INSERT INTO `mcc_zone` VALUES ('1935', '125', 'St. Lazarus Parish', 'LAZ', '1');
INSERT INTO `mcc_zone` VALUES ('1936', '125', 'Cathedral Parish', 'CAT', '1');
INSERT INTO `mcc_zone` VALUES ('1937', '125', 'St. Lawrence Parish', 'LAW', '1');
INSERT INTO `mcc_zone` VALUES ('1938', '127', 'Antananarivo', 'AN', '1');
INSERT INTO `mcc_zone` VALUES ('1939', '127', 'Antsiranana', 'AS', '1');
INSERT INTO `mcc_zone` VALUES ('1940', '127', 'Fianarantsoa', 'FN', '1');
INSERT INTO `mcc_zone` VALUES ('1941', '127', 'Mahajanga', 'MJ', '1');
INSERT INTO `mcc_zone` VALUES ('1942', '127', 'Toamasina', 'TM', '1');
INSERT INTO `mcc_zone` VALUES ('1943', '127', 'Toliara', 'TL', '1');
INSERT INTO `mcc_zone` VALUES ('1944', '128', 'Balaka', 'BLK', '1');
INSERT INTO `mcc_zone` VALUES ('1945', '128', 'Blantyre', 'BLT', '1');
INSERT INTO `mcc_zone` VALUES ('1946', '128', 'Chikwawa', 'CKW', '1');
INSERT INTO `mcc_zone` VALUES ('1947', '128', 'Chiradzulu', 'CRD', '1');
INSERT INTO `mcc_zone` VALUES ('1948', '128', 'Chitipa', 'CTP', '1');
INSERT INTO `mcc_zone` VALUES ('1949', '128', 'Dedza', 'DDZ', '1');
INSERT INTO `mcc_zone` VALUES ('1950', '128', 'Dowa', 'DWA', '1');
INSERT INTO `mcc_zone` VALUES ('1951', '128', 'Karonga', 'KRG', '1');
INSERT INTO `mcc_zone` VALUES ('1952', '128', 'Kasungu', 'KSG', '1');
INSERT INTO `mcc_zone` VALUES ('1953', '128', 'Likoma', 'LKM', '1');
INSERT INTO `mcc_zone` VALUES ('1954', '128', 'Lilongwe', 'LLG', '1');
INSERT INTO `mcc_zone` VALUES ('1955', '128', 'Machinga', 'MCG', '1');
INSERT INTO `mcc_zone` VALUES ('1956', '128', 'Mangochi', 'MGC', '1');
INSERT INTO `mcc_zone` VALUES ('1957', '128', 'Mchinji', 'MCH', '1');
INSERT INTO `mcc_zone` VALUES ('1958', '128', 'Mulanje', 'MLJ', '1');
INSERT INTO `mcc_zone` VALUES ('1959', '128', 'Mwanza', 'MWZ', '1');
INSERT INTO `mcc_zone` VALUES ('1960', '128', 'Mzimba', 'MZM', '1');
INSERT INTO `mcc_zone` VALUES ('1961', '128', 'Ntcheu', 'NTU', '1');
INSERT INTO `mcc_zone` VALUES ('1962', '128', 'Nkhata Bay', 'NKB', '1');
INSERT INTO `mcc_zone` VALUES ('1963', '128', 'Nkhotakota', 'NKH', '1');
INSERT INTO `mcc_zone` VALUES ('1964', '128', 'Nsanje', 'NSJ', '1');
INSERT INTO `mcc_zone` VALUES ('1965', '128', 'Ntchisi', 'NTI', '1');
INSERT INTO `mcc_zone` VALUES ('1966', '128', 'Phalombe', 'PHL', '1');
INSERT INTO `mcc_zone` VALUES ('1967', '128', 'Rumphi', 'RMP', '1');
INSERT INTO `mcc_zone` VALUES ('1968', '128', 'Salima', 'SLM', '1');
INSERT INTO `mcc_zone` VALUES ('1969', '128', 'Thyolo', 'THY', '1');
INSERT INTO `mcc_zone` VALUES ('1970', '128', 'Zomba', 'ZBA', '1');
INSERT INTO `mcc_zone` VALUES ('1971', '129', 'Johor', 'MY-01', '1');
INSERT INTO `mcc_zone` VALUES ('1972', '129', 'Kedah', 'MY-02', '1');
INSERT INTO `mcc_zone` VALUES ('1973', '129', 'Kelantan', 'MY-03', '1');
INSERT INTO `mcc_zone` VALUES ('1974', '129', 'Labuan', 'MY-15', '1');
INSERT INTO `mcc_zone` VALUES ('1975', '129', 'Melaka', 'MY-04', '1');
INSERT INTO `mcc_zone` VALUES ('1976', '129', 'Negeri Sembilan', 'MY-05', '1');
INSERT INTO `mcc_zone` VALUES ('1977', '129', 'Pahang', 'MY-06', '1');
INSERT INTO `mcc_zone` VALUES ('1978', '129', 'Perak', 'MY-08', '1');
INSERT INTO `mcc_zone` VALUES ('1979', '129', 'Perlis', 'MY-09', '1');
INSERT INTO `mcc_zone` VALUES ('1980', '129', 'Pulau Pinang', 'MY-07', '1');
INSERT INTO `mcc_zone` VALUES ('1981', '129', 'Sabah', 'MY-12', '1');
INSERT INTO `mcc_zone` VALUES ('1982', '129', 'Sarawak', 'MY-13', '1');
INSERT INTO `mcc_zone` VALUES ('1983', '129', 'Selangor', 'MY-10', '1');
INSERT INTO `mcc_zone` VALUES ('1984', '129', 'Terengganu', 'MY-11', '1');
INSERT INTO `mcc_zone` VALUES ('1985', '129', 'Kuala Lumpur', 'MY-14', '1');
INSERT INTO `mcc_zone` VALUES ('4035', '129', 'Putrajaya', 'MY-16', '1');
INSERT INTO `mcc_zone` VALUES ('1986', '130', 'Thiladhunmathi Uthuru', 'THU', '1');
INSERT INTO `mcc_zone` VALUES ('1987', '130', 'Thiladhunmathi Dhekunu', 'THD', '1');
INSERT INTO `mcc_zone` VALUES ('1988', '130', 'Miladhunmadulu Uthuru', 'MLU', '1');
INSERT INTO `mcc_zone` VALUES ('1989', '130', 'Miladhunmadulu Dhekunu', 'MLD', '1');
INSERT INTO `mcc_zone` VALUES ('1990', '130', 'Maalhosmadulu Uthuru', 'MAU', '1');
INSERT INTO `mcc_zone` VALUES ('1991', '130', 'Maalhosmadulu Dhekunu', 'MAD', '1');
INSERT INTO `mcc_zone` VALUES ('1992', '130', 'Faadhippolhu', 'FAA', '1');
INSERT INTO `mcc_zone` VALUES ('1993', '130', 'Male Atoll', 'MAA', '1');
INSERT INTO `mcc_zone` VALUES ('1994', '130', 'Ari Atoll Uthuru', 'AAU', '1');
INSERT INTO `mcc_zone` VALUES ('1995', '130', 'Ari Atoll Dheknu', 'AAD', '1');
INSERT INTO `mcc_zone` VALUES ('1996', '130', 'Felidhe Atoll', 'FEA', '1');
INSERT INTO `mcc_zone` VALUES ('1997', '130', 'Mulaku Atoll', 'MUA', '1');
INSERT INTO `mcc_zone` VALUES ('1998', '130', 'Nilandhe Atoll Uthuru', 'NAU', '1');
INSERT INTO `mcc_zone` VALUES ('1999', '130', 'Nilandhe Atoll Dhekunu', 'NAD', '1');
INSERT INTO `mcc_zone` VALUES ('2000', '130', 'Kolhumadulu', 'KLH', '1');
INSERT INTO `mcc_zone` VALUES ('2001', '130', 'Hadhdhunmathi', 'HDH', '1');
INSERT INTO `mcc_zone` VALUES ('2002', '130', 'Huvadhu Atoll Uthuru', 'HAU', '1');
INSERT INTO `mcc_zone` VALUES ('2003', '130', 'Huvadhu Atoll Dhekunu', 'HAD', '1');
INSERT INTO `mcc_zone` VALUES ('2004', '130', 'Fua Mulaku', 'FMU', '1');
INSERT INTO `mcc_zone` VALUES ('2005', '130', 'Addu', 'ADD', '1');
INSERT INTO `mcc_zone` VALUES ('2006', '131', 'Gao', 'GA', '1');
INSERT INTO `mcc_zone` VALUES ('2007', '131', 'Kayes', 'KY', '1');
INSERT INTO `mcc_zone` VALUES ('2008', '131', 'Kidal', 'KD', '1');
INSERT INTO `mcc_zone` VALUES ('2009', '131', 'Koulikoro', 'KL', '1');
INSERT INTO `mcc_zone` VALUES ('2010', '131', 'Mopti', 'MP', '1');
INSERT INTO `mcc_zone` VALUES ('2011', '131', 'Segou', 'SG', '1');
INSERT INTO `mcc_zone` VALUES ('2012', '131', 'Sikasso', 'SK', '1');
INSERT INTO `mcc_zone` VALUES ('2013', '131', 'Tombouctou', 'TB', '1');
INSERT INTO `mcc_zone` VALUES ('2014', '131', 'Bamako Capital District', 'CD', '1');
INSERT INTO `mcc_zone` VALUES ('2015', '132', 'Attard', 'ATT', '1');
INSERT INTO `mcc_zone` VALUES ('2016', '132', 'Balzan', 'BAL', '1');
INSERT INTO `mcc_zone` VALUES ('2017', '132', 'Birgu', 'BGU', '1');
INSERT INTO `mcc_zone` VALUES ('2018', '132', 'Birkirkara', 'BKK', '1');
INSERT INTO `mcc_zone` VALUES ('2019', '132', 'Birzebbuga', 'BRZ', '1');
INSERT INTO `mcc_zone` VALUES ('2020', '132', 'Bormla', 'BOR', '1');
INSERT INTO `mcc_zone` VALUES ('2021', '132', 'Dingli', 'DIN', '1');
INSERT INTO `mcc_zone` VALUES ('2022', '132', 'Fgura', 'FGU', '1');
INSERT INTO `mcc_zone` VALUES ('2023', '132', 'Floriana', 'FLO', '1');
INSERT INTO `mcc_zone` VALUES ('2024', '132', 'Gudja', 'GDJ', '1');
INSERT INTO `mcc_zone` VALUES ('2025', '132', 'Gzira', 'GZR', '1');
INSERT INTO `mcc_zone` VALUES ('2026', '132', 'Gargur', 'GRG', '1');
INSERT INTO `mcc_zone` VALUES ('2027', '132', 'Gaxaq', 'GXQ', '1');
INSERT INTO `mcc_zone` VALUES ('2028', '132', 'Hamrun', 'HMR', '1');
INSERT INTO `mcc_zone` VALUES ('2029', '132', 'Iklin', 'IKL', '1');
INSERT INTO `mcc_zone` VALUES ('2030', '132', 'Isla', 'ISL', '1');
INSERT INTO `mcc_zone` VALUES ('2031', '132', 'Kalkara', 'KLK', '1');
INSERT INTO `mcc_zone` VALUES ('2032', '132', 'Kirkop', 'KRK', '1');
INSERT INTO `mcc_zone` VALUES ('2033', '132', 'Lija', 'LIJ', '1');
INSERT INTO `mcc_zone` VALUES ('2034', '132', 'Luqa', 'LUQ', '1');
INSERT INTO `mcc_zone` VALUES ('2035', '132', 'Marsa', 'MRS', '1');
INSERT INTO `mcc_zone` VALUES ('2036', '132', 'Marsaskala', 'MKL', '1');
INSERT INTO `mcc_zone` VALUES ('2037', '132', 'Marsaxlokk', 'MXL', '1');
INSERT INTO `mcc_zone` VALUES ('2038', '132', 'Mdina', 'MDN', '1');
INSERT INTO `mcc_zone` VALUES ('2039', '132', 'Melliea', 'MEL', '1');
INSERT INTO `mcc_zone` VALUES ('2040', '132', 'Mgarr', 'MGR', '1');
INSERT INTO `mcc_zone` VALUES ('2041', '132', 'Mosta', 'MST', '1');
INSERT INTO `mcc_zone` VALUES ('2042', '132', 'Mqabba', 'MQA', '1');
INSERT INTO `mcc_zone` VALUES ('2043', '132', 'Msida', 'MSI', '1');
INSERT INTO `mcc_zone` VALUES ('2044', '132', 'Mtarfa', 'MTF', '1');
INSERT INTO `mcc_zone` VALUES ('2045', '132', 'Naxxar', 'NAX', '1');
INSERT INTO `mcc_zone` VALUES ('2046', '132', 'Paola', 'PAO', '1');
INSERT INTO `mcc_zone` VALUES ('2047', '132', 'Pembroke', 'PEM', '1');
INSERT INTO `mcc_zone` VALUES ('2048', '132', 'Pieta', 'PIE', '1');
INSERT INTO `mcc_zone` VALUES ('2049', '132', 'Qormi', 'QOR', '1');
INSERT INTO `mcc_zone` VALUES ('2050', '132', 'Qrendi', 'QRE', '1');
INSERT INTO `mcc_zone` VALUES ('2051', '132', 'Rabat', 'RAB', '1');
INSERT INTO `mcc_zone` VALUES ('2052', '132', 'Safi', 'SAF', '1');
INSERT INTO `mcc_zone` VALUES ('2053', '132', 'San Giljan', 'SGI', '1');
INSERT INTO `mcc_zone` VALUES ('2054', '132', 'Santa Lucija', 'SLU', '1');
INSERT INTO `mcc_zone` VALUES ('2055', '132', 'San Pawl il-Bahar', 'SPB', '1');
INSERT INTO `mcc_zone` VALUES ('2056', '132', 'San Gwann', 'SGW', '1');
INSERT INTO `mcc_zone` VALUES ('2057', '132', 'Santa Venera', 'SVE', '1');
INSERT INTO `mcc_zone` VALUES ('2058', '132', 'Siggiewi', 'SIG', '1');
INSERT INTO `mcc_zone` VALUES ('2059', '132', 'Sliema', 'SLM', '1');
INSERT INTO `mcc_zone` VALUES ('2060', '132', 'Swieqi', 'SWQ', '1');
INSERT INTO `mcc_zone` VALUES ('2061', '132', 'Ta Xbiex', 'TXB', '1');
INSERT INTO `mcc_zone` VALUES ('2062', '132', 'Tarxien', 'TRX', '1');
INSERT INTO `mcc_zone` VALUES ('2063', '132', 'Valletta', 'VLT', '1');
INSERT INTO `mcc_zone` VALUES ('2064', '132', 'Xgajra', 'XGJ', '1');
INSERT INTO `mcc_zone` VALUES ('2065', '132', 'Zabbar', 'ZBR', '1');
INSERT INTO `mcc_zone` VALUES ('2066', '132', 'Zebbug', 'ZBG', '1');
INSERT INTO `mcc_zone` VALUES ('2067', '132', 'Zejtun', 'ZJT', '1');
INSERT INTO `mcc_zone` VALUES ('2068', '132', 'Zurrieq', 'ZRQ', '1');
INSERT INTO `mcc_zone` VALUES ('2069', '132', 'Fontana', 'FNT', '1');
INSERT INTO `mcc_zone` VALUES ('2070', '132', 'Ghajnsielem', 'GHJ', '1');
INSERT INTO `mcc_zone` VALUES ('2071', '132', 'Gharb', 'GHR', '1');
INSERT INTO `mcc_zone` VALUES ('2072', '132', 'Ghasri', 'GHS', '1');
INSERT INTO `mcc_zone` VALUES ('2073', '132', 'Kercem', 'KRC', '1');
INSERT INTO `mcc_zone` VALUES ('2074', '132', 'Munxar', 'MUN', '1');
INSERT INTO `mcc_zone` VALUES ('2075', '132', 'Nadur', 'NAD', '1');
INSERT INTO `mcc_zone` VALUES ('2076', '132', 'Qala', 'QAL', '1');
INSERT INTO `mcc_zone` VALUES ('2077', '132', 'Victoria', 'VIC', '1');
INSERT INTO `mcc_zone` VALUES ('2078', '132', 'San Lawrenz', 'SLA', '1');
INSERT INTO `mcc_zone` VALUES ('2079', '132', 'Sannat', 'SNT', '1');
INSERT INTO `mcc_zone` VALUES ('2080', '132', 'Xagra', 'ZAG', '1');
INSERT INTO `mcc_zone` VALUES ('2081', '132', 'Xewkija', 'XEW', '1');
INSERT INTO `mcc_zone` VALUES ('2082', '132', 'Zebbug', 'ZEB', '1');
INSERT INTO `mcc_zone` VALUES ('2083', '133', 'Ailinginae', 'ALG', '1');
INSERT INTO `mcc_zone` VALUES ('2084', '133', 'Ailinglaplap', 'ALL', '1');
INSERT INTO `mcc_zone` VALUES ('2085', '133', 'Ailuk', 'ALK', '1');
INSERT INTO `mcc_zone` VALUES ('2086', '133', 'Arno', 'ARN', '1');
INSERT INTO `mcc_zone` VALUES ('2087', '133', 'Aur', 'AUR', '1');
INSERT INTO `mcc_zone` VALUES ('2088', '133', 'Bikar', 'BKR', '1');
INSERT INTO `mcc_zone` VALUES ('2089', '133', 'Bikini', 'BKN', '1');
INSERT INTO `mcc_zone` VALUES ('2090', '133', 'Bokak', 'BKK', '1');
INSERT INTO `mcc_zone` VALUES ('2091', '133', 'Ebon', 'EBN', '1');
INSERT INTO `mcc_zone` VALUES ('2092', '133', 'Enewetak', 'ENT', '1');
INSERT INTO `mcc_zone` VALUES ('2093', '133', 'Erikub', 'EKB', '1');
INSERT INTO `mcc_zone` VALUES ('2094', '133', 'Jabat', 'JBT', '1');
INSERT INTO `mcc_zone` VALUES ('2095', '133', 'Jaluit', 'JLT', '1');
INSERT INTO `mcc_zone` VALUES ('2096', '133', 'Jemo', 'JEM', '1');
INSERT INTO `mcc_zone` VALUES ('2097', '133', 'Kili', 'KIL', '1');
INSERT INTO `mcc_zone` VALUES ('2098', '133', 'Kwajalein', 'KWJ', '1');
INSERT INTO `mcc_zone` VALUES ('2099', '133', 'Lae', 'LAE', '1');
INSERT INTO `mcc_zone` VALUES ('2100', '133', 'Lib', 'LIB', '1');
INSERT INTO `mcc_zone` VALUES ('2101', '133', 'Likiep', 'LKP', '1');
INSERT INTO `mcc_zone` VALUES ('2102', '133', 'Majuro', 'MJR', '1');
INSERT INTO `mcc_zone` VALUES ('2103', '133', 'Maloelap', 'MLP', '1');
INSERT INTO `mcc_zone` VALUES ('2104', '133', 'Mejit', 'MJT', '1');
INSERT INTO `mcc_zone` VALUES ('2105', '133', 'Mili', 'MIL', '1');
INSERT INTO `mcc_zone` VALUES ('2106', '133', 'Namorik', 'NMK', '1');
INSERT INTO `mcc_zone` VALUES ('2107', '133', 'Namu', 'NAM', '1');
INSERT INTO `mcc_zone` VALUES ('2108', '133', 'Rongelap', 'RGL', '1');
INSERT INTO `mcc_zone` VALUES ('2109', '133', 'Rongrik', 'RGK', '1');
INSERT INTO `mcc_zone` VALUES ('2110', '133', 'Toke', 'TOK', '1');
INSERT INTO `mcc_zone` VALUES ('2111', '133', 'Ujae', 'UJA', '1');
INSERT INTO `mcc_zone` VALUES ('2112', '133', 'Ujelang', 'UJL', '1');
INSERT INTO `mcc_zone` VALUES ('2113', '133', 'Utirik', 'UTK', '1');
INSERT INTO `mcc_zone` VALUES ('2114', '133', 'Wotho', 'WTH', '1');
INSERT INTO `mcc_zone` VALUES ('2115', '133', 'Wotje', 'WTJ', '1');
INSERT INTO `mcc_zone` VALUES ('2116', '135', 'Adrar', 'AD', '1');
INSERT INTO `mcc_zone` VALUES ('2117', '135', 'Assaba', 'AS', '1');
INSERT INTO `mcc_zone` VALUES ('2118', '135', 'Brakna', 'BR', '1');
INSERT INTO `mcc_zone` VALUES ('2119', '135', 'Dakhlet Nouadhibou', 'DN', '1');
INSERT INTO `mcc_zone` VALUES ('2120', '135', 'Gorgol', 'GO', '1');
INSERT INTO `mcc_zone` VALUES ('2121', '135', 'Guidimaka', 'GM', '1');
INSERT INTO `mcc_zone` VALUES ('2122', '135', 'Hodh Ech Chargui', 'HC', '1');
INSERT INTO `mcc_zone` VALUES ('2123', '135', 'Hodh El Gharbi', 'HG', '1');
INSERT INTO `mcc_zone` VALUES ('2124', '135', 'Inchiri', 'IN', '1');
INSERT INTO `mcc_zone` VALUES ('2125', '135', 'Tagant', 'TA', '1');
INSERT INTO `mcc_zone` VALUES ('2126', '135', 'Tiris Zemmour', 'TZ', '1');
INSERT INTO `mcc_zone` VALUES ('2127', '135', 'Trarza', 'TR', '1');
INSERT INTO `mcc_zone` VALUES ('2128', '135', 'Nouakchott', 'NO', '1');
INSERT INTO `mcc_zone` VALUES ('2129', '136', 'Beau Bassin-Rose Hill', 'BR', '1');
INSERT INTO `mcc_zone` VALUES ('2130', '136', 'Curepipe', 'CU', '1');
INSERT INTO `mcc_zone` VALUES ('2131', '136', 'Port Louis', 'PU', '1');
INSERT INTO `mcc_zone` VALUES ('2132', '136', 'Quatre Bornes', 'QB', '1');
INSERT INTO `mcc_zone` VALUES ('2133', '136', 'Vacoas-Phoenix', 'VP', '1');
INSERT INTO `mcc_zone` VALUES ('2134', '136', 'Agalega Islands', 'AG', '1');
INSERT INTO `mcc_zone` VALUES ('2135', '136', 'Cargados Carajos Shoals (Saint Brandon Islands)', 'CC', '1');
INSERT INTO `mcc_zone` VALUES ('2136', '136', 'Rodrigues', 'RO', '1');
INSERT INTO `mcc_zone` VALUES ('2137', '136', 'Black River', 'BL', '1');
INSERT INTO `mcc_zone` VALUES ('2138', '136', 'Flacq', 'FL', '1');
INSERT INTO `mcc_zone` VALUES ('2139', '136', 'Grand Port', 'GP', '1');
INSERT INTO `mcc_zone` VALUES ('2140', '136', 'Moka', 'MO', '1');
INSERT INTO `mcc_zone` VALUES ('2141', '136', 'Pamplemousses', 'PA', '1');
INSERT INTO `mcc_zone` VALUES ('2142', '136', 'Plaines Wilhems', 'PW', '1');
INSERT INTO `mcc_zone` VALUES ('2143', '136', 'Port Louis', 'PL', '1');
INSERT INTO `mcc_zone` VALUES ('2144', '136', 'Riviere du Rempart', 'RR', '1');
INSERT INTO `mcc_zone` VALUES ('2145', '136', 'Savanne', 'SA', '1');
INSERT INTO `mcc_zone` VALUES ('2146', '138', 'Baja California Norte', 'BN', '1');
INSERT INTO `mcc_zone` VALUES ('2147', '138', 'Baja California Sur', 'BS', '1');
INSERT INTO `mcc_zone` VALUES ('2148', '138', 'Campeche', 'CA', '1');
INSERT INTO `mcc_zone` VALUES ('2149', '138', 'Chiapas', 'CI', '1');
INSERT INTO `mcc_zone` VALUES ('2150', '138', 'Chihuahua', 'CH', '1');
INSERT INTO `mcc_zone` VALUES ('2151', '138', 'Coahuila de Zaragoza', 'CZ', '1');
INSERT INTO `mcc_zone` VALUES ('2152', '138', 'Colima', 'CL', '1');
INSERT INTO `mcc_zone` VALUES ('2153', '138', 'Distrito Federal', 'DF', '1');
INSERT INTO `mcc_zone` VALUES ('2154', '138', 'Durango', 'DU', '1');
INSERT INTO `mcc_zone` VALUES ('2155', '138', 'Guanajuato', 'GA', '1');
INSERT INTO `mcc_zone` VALUES ('2156', '138', 'Guerrero', 'GE', '1');
INSERT INTO `mcc_zone` VALUES ('2157', '138', 'Hidalgo', 'HI', '1');
INSERT INTO `mcc_zone` VALUES ('2158', '138', 'Jalisco', 'JA', '1');
INSERT INTO `mcc_zone` VALUES ('2159', '138', 'Mexico', 'ME', '1');
INSERT INTO `mcc_zone` VALUES ('2160', '138', 'Michoacan de Ocampo', 'MI', '1');
INSERT INTO `mcc_zone` VALUES ('2161', '138', 'Morelos', 'MO', '1');
INSERT INTO `mcc_zone` VALUES ('2162', '138', 'Nayarit', 'NA', '1');
INSERT INTO `mcc_zone` VALUES ('2163', '138', 'Nuevo Leon', 'NL', '1');
INSERT INTO `mcc_zone` VALUES ('2164', '138', 'Oaxaca', 'OA', '1');
INSERT INTO `mcc_zone` VALUES ('2165', '138', 'Puebla', 'PU', '1');
INSERT INTO `mcc_zone` VALUES ('2166', '138', 'Queretaro de Arteaga', 'QA', '1');
INSERT INTO `mcc_zone` VALUES ('2167', '138', 'Quintana Roo', 'QR', '1');
INSERT INTO `mcc_zone` VALUES ('2168', '138', 'San Luis Potosi', 'SA', '1');
INSERT INTO `mcc_zone` VALUES ('2169', '138', 'Sinaloa', 'SI', '1');
INSERT INTO `mcc_zone` VALUES ('2170', '138', 'Sonora', 'SO', '1');
INSERT INTO `mcc_zone` VALUES ('2171', '138', 'Tabasco', 'TB', '1');
INSERT INTO `mcc_zone` VALUES ('2172', '138', 'Tamaulipas', 'TM', '1');
INSERT INTO `mcc_zone` VALUES ('2173', '138', 'Tlaxcala', 'TL', '1');
INSERT INTO `mcc_zone` VALUES ('2174', '138', 'Veracruz-Llave', 'VE', '1');
INSERT INTO `mcc_zone` VALUES ('2175', '138', 'Yucatan', 'YU', '1');
INSERT INTO `mcc_zone` VALUES ('2176', '138', 'Zacatecas', 'ZA', '1');
INSERT INTO `mcc_zone` VALUES ('2177', '139', 'Chuuk', 'C', '1');
INSERT INTO `mcc_zone` VALUES ('2178', '139', 'Kosrae', 'K', '1');
INSERT INTO `mcc_zone` VALUES ('2179', '139', 'Pohnpei', 'P', '1');
INSERT INTO `mcc_zone` VALUES ('2180', '139', 'Yap', 'Y', '1');
INSERT INTO `mcc_zone` VALUES ('2181', '140', 'Gagauzia', 'GA', '1');
INSERT INTO `mcc_zone` VALUES ('2182', '140', 'Chisinau', 'CU', '1');
INSERT INTO `mcc_zone` VALUES ('2183', '140', 'Balti', 'BA', '1');
INSERT INTO `mcc_zone` VALUES ('2184', '140', 'Cahul', 'CA', '1');
INSERT INTO `mcc_zone` VALUES ('2185', '140', 'Edinet', 'ED', '1');
INSERT INTO `mcc_zone` VALUES ('2186', '140', 'Lapusna', 'LA', '1');
INSERT INTO `mcc_zone` VALUES ('2187', '140', 'Orhei', 'OR', '1');
INSERT INTO `mcc_zone` VALUES ('2188', '140', 'Soroca', 'SO', '1');
INSERT INTO `mcc_zone` VALUES ('2189', '140', 'Tighina', 'TI', '1');
INSERT INTO `mcc_zone` VALUES ('2190', '140', 'Ungheni', 'UN', '1');
INSERT INTO `mcc_zone` VALUES ('2191', '140', 'St‚nga Nistrului', 'SN', '1');
INSERT INTO `mcc_zone` VALUES ('2192', '141', 'Fontvieille', 'FV', '1');
INSERT INTO `mcc_zone` VALUES ('2193', '141', 'La Condamine', 'LC', '1');
INSERT INTO `mcc_zone` VALUES ('2194', '141', 'Monaco-Ville', 'MV', '1');
INSERT INTO `mcc_zone` VALUES ('2195', '141', 'Monte-Carlo', 'MC', '1');
INSERT INTO `mcc_zone` VALUES ('2196', '142', 'Ulanbaatar', '1', '1');
INSERT INTO `mcc_zone` VALUES ('2197', '142', 'Orhon', '035', '1');
INSERT INTO `mcc_zone` VALUES ('2198', '142', 'Darhan uul', '037', '1');
INSERT INTO `mcc_zone` VALUES ('2199', '142', 'Hentiy', '039', '1');
INSERT INTO `mcc_zone` VALUES ('2200', '142', 'Hovsgol', '041', '1');
INSERT INTO `mcc_zone` VALUES ('2201', '142', 'Hovd', '043', '1');
INSERT INTO `mcc_zone` VALUES ('2202', '142', 'Uvs', '046', '1');
INSERT INTO `mcc_zone` VALUES ('2203', '142', 'Tov', '047', '1');
INSERT INTO `mcc_zone` VALUES ('2204', '142', 'Selenge', '049', '1');
INSERT INTO `mcc_zone` VALUES ('2205', '142', 'Suhbaatar', '051', '1');
INSERT INTO `mcc_zone` VALUES ('2206', '142', 'Omnogovi', '053', '1');
INSERT INTO `mcc_zone` VALUES ('2207', '142', 'Ovorhangay', '055', '1');
INSERT INTO `mcc_zone` VALUES ('2208', '142', 'Dzavhan', '057', '1');
INSERT INTO `mcc_zone` VALUES ('2209', '142', 'DundgovL', '059', '1');
INSERT INTO `mcc_zone` VALUES ('2210', '142', 'Dornod', '061', '1');
INSERT INTO `mcc_zone` VALUES ('2211', '142', 'Dornogov', '063', '1');
INSERT INTO `mcc_zone` VALUES ('2212', '142', 'Govi-Sumber', '064', '1');
INSERT INTO `mcc_zone` VALUES ('2213', '142', 'Govi-Altay', '065', '1');
INSERT INTO `mcc_zone` VALUES ('2214', '142', 'Bulgan', '067', '1');
INSERT INTO `mcc_zone` VALUES ('2215', '142', 'Bayanhongor', '069', '1');
INSERT INTO `mcc_zone` VALUES ('2216', '142', 'Bayan-Olgiy', '071', '1');
INSERT INTO `mcc_zone` VALUES ('2217', '142', 'Arhangay', '073', '1');
INSERT INTO `mcc_zone` VALUES ('2218', '143', 'Saint Anthony', 'A', '1');
INSERT INTO `mcc_zone` VALUES ('2219', '143', 'Saint Georges', 'G', '1');
INSERT INTO `mcc_zone` VALUES ('2220', '143', 'Saint Peter', 'P', '1');
INSERT INTO `mcc_zone` VALUES ('2221', '144', 'Agadir', 'AGD', '1');
INSERT INTO `mcc_zone` VALUES ('2222', '144', 'Al Hoceima', 'HOC', '1');
INSERT INTO `mcc_zone` VALUES ('2223', '144', 'Azilal', 'AZI', '1');
INSERT INTO `mcc_zone` VALUES ('2224', '144', 'Beni Mellal', 'BME', '1');
INSERT INTO `mcc_zone` VALUES ('2225', '144', 'Ben Slimane', 'BSL', '1');
INSERT INTO `mcc_zone` VALUES ('2226', '144', 'Boulemane', 'BLM', '1');
INSERT INTO `mcc_zone` VALUES ('2227', '144', 'Casablanca', 'CBL', '1');
INSERT INTO `mcc_zone` VALUES ('2228', '144', 'Chaouen', 'CHA', '1');
INSERT INTO `mcc_zone` VALUES ('2229', '144', 'El Jadida', 'EJA', '1');
INSERT INTO `mcc_zone` VALUES ('2230', '144', 'El Kelaa des Sraghna', 'EKS', '1');
INSERT INTO `mcc_zone` VALUES ('2231', '144', 'Er Rachidia', 'ERA', '1');
INSERT INTO `mcc_zone` VALUES ('2232', '144', 'Essaouira', 'ESS', '1');
INSERT INTO `mcc_zone` VALUES ('2233', '144', 'Fes', 'FES', '1');
INSERT INTO `mcc_zone` VALUES ('2234', '144', 'Figuig', 'FIG', '1');
INSERT INTO `mcc_zone` VALUES ('2235', '144', 'Guelmim', 'GLM', '1');
INSERT INTO `mcc_zone` VALUES ('2236', '144', 'Ifrane', 'IFR', '1');
INSERT INTO `mcc_zone` VALUES ('2237', '144', 'Kenitra', 'KEN', '1');
INSERT INTO `mcc_zone` VALUES ('2238', '144', 'Khemisset', 'KHM', '1');
INSERT INTO `mcc_zone` VALUES ('2239', '144', 'Khenifra', 'KHN', '1');
INSERT INTO `mcc_zone` VALUES ('2240', '144', 'Khouribga', 'KHO', '1');
INSERT INTO `mcc_zone` VALUES ('2241', '144', 'Laayoune', 'LYN', '1');
INSERT INTO `mcc_zone` VALUES ('2242', '144', 'Larache', 'LAR', '1');
INSERT INTO `mcc_zone` VALUES ('2243', '144', 'Marrakech', 'MRK', '1');
INSERT INTO `mcc_zone` VALUES ('2244', '144', 'Meknes', 'MKN', '1');
INSERT INTO `mcc_zone` VALUES ('2245', '144', 'Nador', 'NAD', '1');
INSERT INTO `mcc_zone` VALUES ('2246', '144', 'Ouarzazate', 'ORZ', '1');
INSERT INTO `mcc_zone` VALUES ('2247', '144', 'Oujda', 'OUJ', '1');
INSERT INTO `mcc_zone` VALUES ('2248', '144', 'Rabat-Sale', 'RSA', '1');
INSERT INTO `mcc_zone` VALUES ('2249', '144', 'Safi', 'SAF', '1');
INSERT INTO `mcc_zone` VALUES ('2250', '144', 'Settat', 'SET', '1');
INSERT INTO `mcc_zone` VALUES ('2251', '144', 'Sidi Kacem', 'SKA', '1');
INSERT INTO `mcc_zone` VALUES ('2252', '144', 'Tangier', 'TGR', '1');
INSERT INTO `mcc_zone` VALUES ('2253', '144', 'Tan-Tan', 'TAN', '1');
INSERT INTO `mcc_zone` VALUES ('2254', '144', 'Taounate', 'TAO', '1');
INSERT INTO `mcc_zone` VALUES ('2255', '144', 'Taroudannt', 'TRD', '1');
INSERT INTO `mcc_zone` VALUES ('2256', '144', 'Tata', 'TAT', '1');
INSERT INTO `mcc_zone` VALUES ('2257', '144', 'Taza', 'TAZ', '1');
INSERT INTO `mcc_zone` VALUES ('2258', '144', 'Tetouan', 'TET', '1');
INSERT INTO `mcc_zone` VALUES ('2259', '144', 'Tiznit', 'TIZ', '1');
INSERT INTO `mcc_zone` VALUES ('2260', '144', 'Ad Dakhla', 'ADK', '1');
INSERT INTO `mcc_zone` VALUES ('2261', '144', 'Boujdour', 'BJD', '1');
INSERT INTO `mcc_zone` VALUES ('2262', '144', 'Es Smara', 'ESM', '1');
INSERT INTO `mcc_zone` VALUES ('2263', '145', 'Cabo Delgado', 'CD', '1');
INSERT INTO `mcc_zone` VALUES ('2264', '145', 'Gaza', 'GZ', '1');
INSERT INTO `mcc_zone` VALUES ('2265', '145', 'Inhambane', 'IN', '1');
INSERT INTO `mcc_zone` VALUES ('2266', '145', 'Manica', 'MN', '1');
INSERT INTO `mcc_zone` VALUES ('2267', '145', 'Maputo (city)', 'MC', '1');
INSERT INTO `mcc_zone` VALUES ('2268', '145', 'Maputo', 'MP', '1');
INSERT INTO `mcc_zone` VALUES ('2269', '145', 'Nampula', 'NA', '1');
INSERT INTO `mcc_zone` VALUES ('2270', '145', 'Niassa', 'NI', '1');
INSERT INTO `mcc_zone` VALUES ('2271', '145', 'Sofala', 'SO', '1');
INSERT INTO `mcc_zone` VALUES ('2272', '145', 'Tete', 'TE', '1');
INSERT INTO `mcc_zone` VALUES ('2273', '145', 'Zambezia', 'ZA', '1');
INSERT INTO `mcc_zone` VALUES ('2274', '146', 'Ayeyarwady', 'AY', '1');
INSERT INTO `mcc_zone` VALUES ('2275', '146', 'Bago', 'BG', '1');
INSERT INTO `mcc_zone` VALUES ('2276', '146', 'Magway', 'MG', '1');
INSERT INTO `mcc_zone` VALUES ('2277', '146', 'Mandalay', 'MD', '1');
INSERT INTO `mcc_zone` VALUES ('2278', '146', 'Sagaing', 'SG', '1');
INSERT INTO `mcc_zone` VALUES ('2279', '146', 'Tanintharyi', 'TN', '1');
INSERT INTO `mcc_zone` VALUES ('2280', '146', 'Yangon', 'YG', '1');
INSERT INTO `mcc_zone` VALUES ('2281', '146', 'Chin State', 'CH', '1');
INSERT INTO `mcc_zone` VALUES ('2282', '146', 'Kachin State', 'KC', '1');
INSERT INTO `mcc_zone` VALUES ('2283', '146', 'Kayah State', 'KH', '1');
INSERT INTO `mcc_zone` VALUES ('2284', '146', 'Kayin State', 'KN', '1');
INSERT INTO `mcc_zone` VALUES ('2285', '146', 'Mon State', 'MN', '1');
INSERT INTO `mcc_zone` VALUES ('2286', '146', 'Rakhine State', 'RK', '1');
INSERT INTO `mcc_zone` VALUES ('2287', '146', 'Shan State', 'SH', '1');
INSERT INTO `mcc_zone` VALUES ('2288', '147', 'Caprivi', 'CA', '1');
INSERT INTO `mcc_zone` VALUES ('2289', '147', 'Erongo', 'ER', '1');
INSERT INTO `mcc_zone` VALUES ('2290', '147', 'Hardap', 'HA', '1');
INSERT INTO `mcc_zone` VALUES ('2291', '147', 'Karas', 'KR', '1');
INSERT INTO `mcc_zone` VALUES ('2292', '147', 'Kavango', 'KV', '1');
INSERT INTO `mcc_zone` VALUES ('2293', '147', 'Khomas', 'KH', '1');
INSERT INTO `mcc_zone` VALUES ('2294', '147', 'Kunene', 'KU', '1');
INSERT INTO `mcc_zone` VALUES ('2295', '147', 'Ohangwena', 'OW', '1');
INSERT INTO `mcc_zone` VALUES ('2296', '147', 'Omaheke', 'OK', '1');
INSERT INTO `mcc_zone` VALUES ('2297', '147', 'Omusati', 'OT', '1');
INSERT INTO `mcc_zone` VALUES ('2298', '147', 'Oshana', 'ON', '1');
INSERT INTO `mcc_zone` VALUES ('2299', '147', 'Oshikoto', 'OO', '1');
INSERT INTO `mcc_zone` VALUES ('2300', '147', 'Otjozondjupa', 'OJ', '1');
INSERT INTO `mcc_zone` VALUES ('2301', '148', 'Aiwo', 'AO', '1');
INSERT INTO `mcc_zone` VALUES ('2302', '148', 'Anabar', 'AA', '1');
INSERT INTO `mcc_zone` VALUES ('2303', '148', 'Anetan', 'AT', '1');
INSERT INTO `mcc_zone` VALUES ('2304', '148', 'Anibare', 'AI', '1');
INSERT INTO `mcc_zone` VALUES ('2305', '148', 'Baiti', 'BA', '1');
INSERT INTO `mcc_zone` VALUES ('2306', '148', 'Boe', 'BO', '1');
INSERT INTO `mcc_zone` VALUES ('2307', '148', 'Buada', 'BU', '1');
INSERT INTO `mcc_zone` VALUES ('2308', '148', 'Denigomodu', 'DE', '1');
INSERT INTO `mcc_zone` VALUES ('2309', '148', 'Ewa', 'EW', '1');
INSERT INTO `mcc_zone` VALUES ('2310', '148', 'Ijuw', 'IJ', '1');
INSERT INTO `mcc_zone` VALUES ('2311', '148', 'Meneng', 'ME', '1');
INSERT INTO `mcc_zone` VALUES ('2312', '148', 'Nibok', 'NI', '1');
INSERT INTO `mcc_zone` VALUES ('2313', '148', 'Uaboe', 'UA', '1');
INSERT INTO `mcc_zone` VALUES ('2314', '148', 'Yaren', 'YA', '1');
INSERT INTO `mcc_zone` VALUES ('2315', '149', 'Bagmati', 'BA', '1');
INSERT INTO `mcc_zone` VALUES ('2316', '149', 'Bheri', 'BH', '1');
INSERT INTO `mcc_zone` VALUES ('2317', '149', 'Dhawalagiri', 'DH', '1');
INSERT INTO `mcc_zone` VALUES ('2318', '149', 'Gandaki', 'GA', '1');
INSERT INTO `mcc_zone` VALUES ('2319', '149', 'Janakpur', 'JA', '1');
INSERT INTO `mcc_zone` VALUES ('2320', '149', 'Karnali', 'KA', '1');
INSERT INTO `mcc_zone` VALUES ('2321', '149', 'Kosi', 'KO', '1');
INSERT INTO `mcc_zone` VALUES ('2322', '149', 'Lumbini', 'LU', '1');
INSERT INTO `mcc_zone` VALUES ('2323', '149', 'Mahakali', 'MA', '1');
INSERT INTO `mcc_zone` VALUES ('2324', '149', 'Mechi', 'ME', '1');
INSERT INTO `mcc_zone` VALUES ('2325', '149', 'Narayani', 'NA', '1');
INSERT INTO `mcc_zone` VALUES ('2326', '149', 'Rapti', 'RA', '1');
INSERT INTO `mcc_zone` VALUES ('2327', '149', 'Sagarmatha', 'SA', '1');
INSERT INTO `mcc_zone` VALUES ('2328', '149', 'Seti', 'SE', '1');
INSERT INTO `mcc_zone` VALUES ('2329', '150', 'Drenthe', 'DR', '1');
INSERT INTO `mcc_zone` VALUES ('2330', '150', 'Flevoland', 'FL', '1');
INSERT INTO `mcc_zone` VALUES ('2331', '150', 'Friesland', 'FR', '1');
INSERT INTO `mcc_zone` VALUES ('2332', '150', 'Gelderland', 'GE', '1');
INSERT INTO `mcc_zone` VALUES ('2333', '150', 'Groningen', 'GR', '1');
INSERT INTO `mcc_zone` VALUES ('2334', '150', 'Limburg', 'LI', '1');
INSERT INTO `mcc_zone` VALUES ('2335', '150', 'Noord Brabant', 'NB', '1');
INSERT INTO `mcc_zone` VALUES ('2336', '150', 'Noord Holland', 'NH', '1');
INSERT INTO `mcc_zone` VALUES ('2337', '150', 'Overijssel', 'OV', '1');
INSERT INTO `mcc_zone` VALUES ('2338', '150', 'Utrecht', 'UT', '1');
INSERT INTO `mcc_zone` VALUES ('2339', '150', 'Zeeland', 'ZE', '1');
INSERT INTO `mcc_zone` VALUES ('2340', '150', 'Zuid Holland', 'ZH', '1');
INSERT INTO `mcc_zone` VALUES ('2341', '152', 'Iles Loyaute', 'L', '1');
INSERT INTO `mcc_zone` VALUES ('2342', '152', 'Nord', 'N', '1');
INSERT INTO `mcc_zone` VALUES ('2343', '152', 'Sud', 'S', '1');
INSERT INTO `mcc_zone` VALUES ('2344', '153', 'Auckland', 'AUK', '1');
INSERT INTO `mcc_zone` VALUES ('2345', '153', 'Bay of Plenty', 'BOP', '1');
INSERT INTO `mcc_zone` VALUES ('2346', '153', 'Canterbury', 'CAN', '1');
INSERT INTO `mcc_zone` VALUES ('2347', '153', 'Coromandel', 'COR', '1');
INSERT INTO `mcc_zone` VALUES ('2348', '153', 'Gisborne', 'GIS', '1');
INSERT INTO `mcc_zone` VALUES ('2349', '153', 'Fiordland', 'FIO', '1');
INSERT INTO `mcc_zone` VALUES ('2350', '153', 'Hawke\'s Bay', 'HKB', '1');
INSERT INTO `mcc_zone` VALUES ('2351', '153', 'Marlborough', 'MBH', '1');
INSERT INTO `mcc_zone` VALUES ('2352', '153', 'Manawatu-Wanganui', 'MWT', '1');
INSERT INTO `mcc_zone` VALUES ('2353', '153', 'Mt Cook-Mackenzie', 'MCM', '1');
INSERT INTO `mcc_zone` VALUES ('2354', '153', 'Nelson', 'NSN', '1');
INSERT INTO `mcc_zone` VALUES ('2355', '153', 'Northland', 'NTL', '1');
INSERT INTO `mcc_zone` VALUES ('2356', '153', 'Otago', 'OTA', '1');
INSERT INTO `mcc_zone` VALUES ('2357', '153', 'Southland', 'STL', '1');
INSERT INTO `mcc_zone` VALUES ('2358', '153', 'Taranaki', 'TKI', '1');
INSERT INTO `mcc_zone` VALUES ('2359', '153', 'Wellington', 'WGN', '1');
INSERT INTO `mcc_zone` VALUES ('2360', '153', 'Waikato', 'WKO', '1');
INSERT INTO `mcc_zone` VALUES ('2361', '153', 'Wairarapa', 'WAI', '1');
INSERT INTO `mcc_zone` VALUES ('2362', '153', 'West Coast', 'WTC', '1');
INSERT INTO `mcc_zone` VALUES ('2363', '154', 'Atlantico Norte', 'AN', '1');
INSERT INTO `mcc_zone` VALUES ('2364', '154', 'Atlantico Sur', 'AS', '1');
INSERT INTO `mcc_zone` VALUES ('2365', '154', 'Boaco', 'BO', '1');
INSERT INTO `mcc_zone` VALUES ('2366', '154', 'Carazo', 'CA', '1');
INSERT INTO `mcc_zone` VALUES ('2367', '154', 'Chinandega', 'CI', '1');
INSERT INTO `mcc_zone` VALUES ('2368', '154', 'Chontales', 'CO', '1');
INSERT INTO `mcc_zone` VALUES ('2369', '154', 'Esteli', 'ES', '1');
INSERT INTO `mcc_zone` VALUES ('2370', '154', 'Granada', 'GR', '1');
INSERT INTO `mcc_zone` VALUES ('2371', '154', 'Jinotega', 'JI', '1');
INSERT INTO `mcc_zone` VALUES ('2372', '154', 'Leon', 'LE', '1');
INSERT INTO `mcc_zone` VALUES ('2373', '154', 'Madriz', 'MD', '1');
INSERT INTO `mcc_zone` VALUES ('2374', '154', 'Managua', 'MN', '1');
INSERT INTO `mcc_zone` VALUES ('2375', '154', 'Masaya', 'MS', '1');
INSERT INTO `mcc_zone` VALUES ('2376', '154', 'Matagalpa', 'MT', '1');
INSERT INTO `mcc_zone` VALUES ('2377', '154', 'Nuevo Segovia', 'NS', '1');
INSERT INTO `mcc_zone` VALUES ('2378', '154', 'Rio San Juan', 'RS', '1');
INSERT INTO `mcc_zone` VALUES ('2379', '154', 'Rivas', 'RI', '1');
INSERT INTO `mcc_zone` VALUES ('2380', '155', 'Agadez', 'AG', '1');
INSERT INTO `mcc_zone` VALUES ('2381', '155', 'Diffa', 'DF', '1');
INSERT INTO `mcc_zone` VALUES ('2382', '155', 'Dosso', 'DS', '1');
INSERT INTO `mcc_zone` VALUES ('2383', '155', 'Maradi', 'MA', '1');
INSERT INTO `mcc_zone` VALUES ('2384', '155', 'Niamey', 'NM', '1');
INSERT INTO `mcc_zone` VALUES ('2385', '155', 'Tahoua', 'TH', '1');
INSERT INTO `mcc_zone` VALUES ('2386', '155', 'Tillaberi', 'TL', '1');
INSERT INTO `mcc_zone` VALUES ('2387', '155', 'Zinder', 'ZD', '1');
INSERT INTO `mcc_zone` VALUES ('2388', '156', 'Abia', 'AB', '1');
INSERT INTO `mcc_zone` VALUES ('2389', '156', 'Abuja Federal Capital Territory', 'CT', '1');
INSERT INTO `mcc_zone` VALUES ('2390', '156', 'Adamawa', 'AD', '1');
INSERT INTO `mcc_zone` VALUES ('2391', '156', 'Akwa Ibom', 'AK', '1');
INSERT INTO `mcc_zone` VALUES ('2392', '156', 'Anambra', 'AN', '1');
INSERT INTO `mcc_zone` VALUES ('2393', '156', 'Bauchi', 'BC', '1');
INSERT INTO `mcc_zone` VALUES ('2394', '156', 'Bayelsa', 'BY', '1');
INSERT INTO `mcc_zone` VALUES ('2395', '156', 'Benue', 'BN', '1');
INSERT INTO `mcc_zone` VALUES ('2396', '156', 'Borno', 'BO', '1');
INSERT INTO `mcc_zone` VALUES ('2397', '156', 'Cross River', 'CR', '1');
INSERT INTO `mcc_zone` VALUES ('2398', '156', 'Delta', 'DE', '1');
INSERT INTO `mcc_zone` VALUES ('2399', '156', 'Ebonyi', 'EB', '1');
INSERT INTO `mcc_zone` VALUES ('2400', '156', 'Edo', 'ED', '1');
INSERT INTO `mcc_zone` VALUES ('2401', '156', 'Ekiti', 'EK', '1');
INSERT INTO `mcc_zone` VALUES ('2402', '156', 'Enugu', 'EN', '1');
INSERT INTO `mcc_zone` VALUES ('2403', '156', 'Gombe', 'GO', '1');
INSERT INTO `mcc_zone` VALUES ('2404', '156', 'Imo', 'IM', '1');
INSERT INTO `mcc_zone` VALUES ('2405', '156', 'Jigawa', 'JI', '1');
INSERT INTO `mcc_zone` VALUES ('2406', '156', 'Kaduna', 'KD', '1');
INSERT INTO `mcc_zone` VALUES ('2407', '156', 'Kano', 'KN', '1');
INSERT INTO `mcc_zone` VALUES ('2408', '156', 'Katsina', 'KT', '1');
INSERT INTO `mcc_zone` VALUES ('2409', '156', 'Kebbi', 'KE', '1');
INSERT INTO `mcc_zone` VALUES ('2410', '156', 'Kogi', 'KO', '1');
INSERT INTO `mcc_zone` VALUES ('2411', '156', 'Kwara', 'KW', '1');
INSERT INTO `mcc_zone` VALUES ('2412', '156', 'Lagos', 'LA', '1');
INSERT INTO `mcc_zone` VALUES ('2413', '156', 'Nassarawa', 'NA', '1');
INSERT INTO `mcc_zone` VALUES ('2414', '156', 'Niger', 'NI', '1');
INSERT INTO `mcc_zone` VALUES ('2415', '156', 'Ogun', 'OG', '1');
INSERT INTO `mcc_zone` VALUES ('2416', '156', 'Ondo', 'ONG', '1');
INSERT INTO `mcc_zone` VALUES ('2417', '156', 'Osun', 'OS', '1');
INSERT INTO `mcc_zone` VALUES ('2418', '156', 'Oyo', 'OY', '1');
INSERT INTO `mcc_zone` VALUES ('2419', '156', 'Plateau', 'PL', '1');
INSERT INTO `mcc_zone` VALUES ('2420', '156', 'Rivers', 'RI', '1');
INSERT INTO `mcc_zone` VALUES ('2421', '156', 'Sokoto', 'SO', '1');
INSERT INTO `mcc_zone` VALUES ('2422', '156', 'Taraba', 'TA', '1');
INSERT INTO `mcc_zone` VALUES ('2423', '156', 'Yobe', 'YO', '1');
INSERT INTO `mcc_zone` VALUES ('2424', '156', 'Zamfara', 'ZA', '1');
INSERT INTO `mcc_zone` VALUES ('2425', '159', 'Northern Islands', 'N', '1');
INSERT INTO `mcc_zone` VALUES ('2426', '159', 'Rota', 'R', '1');
INSERT INTO `mcc_zone` VALUES ('2427', '159', 'Saipan', 'S', '1');
INSERT INTO `mcc_zone` VALUES ('2428', '159', 'Tinian', 'T', '1');
INSERT INTO `mcc_zone` VALUES ('2429', '160', 'Akershus', 'AK', '1');
INSERT INTO `mcc_zone` VALUES ('2430', '160', 'Aust-Agder', 'AA', '1');
INSERT INTO `mcc_zone` VALUES ('2431', '160', 'Buskerud', 'BU', '1');
INSERT INTO `mcc_zone` VALUES ('2432', '160', 'Finnmark', 'FM', '1');
INSERT INTO `mcc_zone` VALUES ('2433', '160', 'Hedmark', 'HM', '1');
INSERT INTO `mcc_zone` VALUES ('2434', '160', 'Hordaland', 'HL', '1');
INSERT INTO `mcc_zone` VALUES ('2435', '160', 'More og Romdal', 'MR', '1');
INSERT INTO `mcc_zone` VALUES ('2436', '160', 'Nord-Trondelag', 'NT', '1');
INSERT INTO `mcc_zone` VALUES ('2437', '160', 'Nordland', 'NL', '1');
INSERT INTO `mcc_zone` VALUES ('2438', '160', 'Ostfold', 'OF', '1');
INSERT INTO `mcc_zone` VALUES ('2439', '160', 'Oppland', 'OP', '1');
INSERT INTO `mcc_zone` VALUES ('2440', '160', 'Oslo', 'OL', '1');
INSERT INTO `mcc_zone` VALUES ('2441', '160', 'Rogaland', 'RL', '1');
INSERT INTO `mcc_zone` VALUES ('2442', '160', 'Sor-Trondelag', 'ST', '1');
INSERT INTO `mcc_zone` VALUES ('2443', '160', 'Sogn og Fjordane', 'SJ', '1');
INSERT INTO `mcc_zone` VALUES ('2444', '160', 'Svalbard', 'SV', '1');
INSERT INTO `mcc_zone` VALUES ('2445', '160', 'Telemark', 'TM', '1');
INSERT INTO `mcc_zone` VALUES ('2446', '160', 'Troms', 'TR', '1');
INSERT INTO `mcc_zone` VALUES ('2447', '160', 'Vest-Agder', 'VA', '1');
INSERT INTO `mcc_zone` VALUES ('2448', '160', 'Vestfold', 'VF', '1');
INSERT INTO `mcc_zone` VALUES ('2449', '161', 'Ad Dakhiliyah', 'DA', '1');
INSERT INTO `mcc_zone` VALUES ('2450', '161', 'Al Batinah', 'BA', '1');
INSERT INTO `mcc_zone` VALUES ('2451', '161', 'Al Wusta', 'WU', '1');
INSERT INTO `mcc_zone` VALUES ('2452', '161', 'Ash Sharqiyah', 'SH', '1');
INSERT INTO `mcc_zone` VALUES ('2453', '161', 'Az Zahirah', 'ZA', '1');
INSERT INTO `mcc_zone` VALUES ('2454', '161', 'Masqat', 'MA', '1');
INSERT INTO `mcc_zone` VALUES ('2455', '161', 'Musandam', 'MU', '1');
INSERT INTO `mcc_zone` VALUES ('2456', '161', 'Zufar', 'ZU', '1');
INSERT INTO `mcc_zone` VALUES ('2457', '162', 'Balochistan', 'B', '1');
INSERT INTO `mcc_zone` VALUES ('2458', '162', 'Federally Administered Tribal Areas', 'T', '1');
INSERT INTO `mcc_zone` VALUES ('2459', '162', 'Islamabad Capital Territory', 'I', '1');
INSERT INTO `mcc_zone` VALUES ('2460', '162', 'North-West Frontier', 'N', '1');
INSERT INTO `mcc_zone` VALUES ('2461', '162', 'Punjab', 'P', '1');
INSERT INTO `mcc_zone` VALUES ('2462', '162', 'Sindh', 'S', '1');
INSERT INTO `mcc_zone` VALUES ('2463', '163', 'Aimeliik', 'AM', '1');
INSERT INTO `mcc_zone` VALUES ('2464', '163', 'Airai', 'AR', '1');
INSERT INTO `mcc_zone` VALUES ('2465', '163', 'Angaur', 'AN', '1');
INSERT INTO `mcc_zone` VALUES ('2466', '163', 'Hatohobei', 'HA', '1');
INSERT INTO `mcc_zone` VALUES ('2467', '163', 'Kayangel', 'KA', '1');
INSERT INTO `mcc_zone` VALUES ('2468', '163', 'Koror', 'KO', '1');
INSERT INTO `mcc_zone` VALUES ('2469', '163', 'Melekeok', 'ME', '1');
INSERT INTO `mcc_zone` VALUES ('2470', '163', 'Ngaraard', 'NA', '1');
INSERT INTO `mcc_zone` VALUES ('2471', '163', 'Ngarchelong', 'NG', '1');
INSERT INTO `mcc_zone` VALUES ('2472', '163', 'Ngardmau', 'ND', '1');
INSERT INTO `mcc_zone` VALUES ('2473', '163', 'Ngatpang', 'NT', '1');
INSERT INTO `mcc_zone` VALUES ('2474', '163', 'Ngchesar', 'NC', '1');
INSERT INTO `mcc_zone` VALUES ('2475', '163', 'Ngeremlengui', 'NR', '1');
INSERT INTO `mcc_zone` VALUES ('2476', '163', 'Ngiwal', 'NW', '1');
INSERT INTO `mcc_zone` VALUES ('2477', '163', 'Peleliu', 'PE', '1');
INSERT INTO `mcc_zone` VALUES ('2478', '163', 'Sonsorol', 'SO', '1');
INSERT INTO `mcc_zone` VALUES ('2479', '164', 'Bocas del Toro', 'BT', '1');
INSERT INTO `mcc_zone` VALUES ('2480', '164', 'Chiriqui', 'CH', '1');
INSERT INTO `mcc_zone` VALUES ('2481', '164', 'Cocle', 'CC', '1');
INSERT INTO `mcc_zone` VALUES ('2482', '164', 'Colon', 'CL', '1');
INSERT INTO `mcc_zone` VALUES ('2483', '164', 'Darien', 'DA', '1');
INSERT INTO `mcc_zone` VALUES ('2484', '164', 'Herrera', 'HE', '1');
INSERT INTO `mcc_zone` VALUES ('2485', '164', 'Los Santos', 'LS', '1');
INSERT INTO `mcc_zone` VALUES ('2486', '164', 'Panama', 'PA', '1');
INSERT INTO `mcc_zone` VALUES ('2487', '164', 'San Blas', 'SB', '1');
INSERT INTO `mcc_zone` VALUES ('2488', '164', 'Veraguas', 'VG', '1');
INSERT INTO `mcc_zone` VALUES ('2489', '165', 'Bougainville', 'BV', '1');
INSERT INTO `mcc_zone` VALUES ('2490', '165', 'Central', 'CE', '1');
INSERT INTO `mcc_zone` VALUES ('2491', '165', 'Chimbu', 'CH', '1');
INSERT INTO `mcc_zone` VALUES ('2492', '165', 'Eastern Highlands', 'EH', '1');
INSERT INTO `mcc_zone` VALUES ('2493', '165', 'East New Britain', 'EB', '1');
INSERT INTO `mcc_zone` VALUES ('2494', '165', 'East Sepik', 'ES', '1');
INSERT INTO `mcc_zone` VALUES ('2495', '165', 'Enga', 'EN', '1');
INSERT INTO `mcc_zone` VALUES ('2496', '165', 'Gulf', 'GU', '1');
INSERT INTO `mcc_zone` VALUES ('2497', '165', 'Madang', 'MD', '1');
INSERT INTO `mcc_zone` VALUES ('2498', '165', 'Manus', 'MN', '1');
INSERT INTO `mcc_zone` VALUES ('2499', '165', 'Milne Bay', 'MB', '1');
INSERT INTO `mcc_zone` VALUES ('2500', '165', 'Morobe', 'MR', '1');
INSERT INTO `mcc_zone` VALUES ('2501', '165', 'National Capital', 'NC', '1');
INSERT INTO `mcc_zone` VALUES ('2502', '165', 'New Ireland', 'NI', '1');
INSERT INTO `mcc_zone` VALUES ('2503', '165', 'Northern', 'NO', '1');
INSERT INTO `mcc_zone` VALUES ('2504', '165', 'Sandaun', 'SA', '1');
INSERT INTO `mcc_zone` VALUES ('2505', '165', 'Southern Highlands', 'SH', '1');
INSERT INTO `mcc_zone` VALUES ('2506', '165', 'Western', 'WE', '1');
INSERT INTO `mcc_zone` VALUES ('2507', '165', 'Western Highlands', 'WH', '1');
INSERT INTO `mcc_zone` VALUES ('2508', '165', 'West New Britain', 'WB', '1');
INSERT INTO `mcc_zone` VALUES ('2509', '166', 'Alto Paraguay', 'AG', '1');
INSERT INTO `mcc_zone` VALUES ('2510', '166', 'Alto Parana', 'AN', '1');
INSERT INTO `mcc_zone` VALUES ('2511', '166', 'Amambay', 'AM', '1');
INSERT INTO `mcc_zone` VALUES ('2512', '166', 'Asuncion', 'AS', '1');
INSERT INTO `mcc_zone` VALUES ('2513', '166', 'Boqueron', 'BO', '1');
INSERT INTO `mcc_zone` VALUES ('2514', '166', 'Caaguazu', 'CG', '1');
INSERT INTO `mcc_zone` VALUES ('2515', '166', 'Caazapa', 'CZ', '1');
INSERT INTO `mcc_zone` VALUES ('2516', '166', 'Canindeyu', 'CN', '1');
INSERT INTO `mcc_zone` VALUES ('2517', '166', 'Central', 'CE', '1');
INSERT INTO `mcc_zone` VALUES ('2518', '166', 'Concepcion', 'CC', '1');
INSERT INTO `mcc_zone` VALUES ('2519', '166', 'Cordillera', 'CD', '1');
INSERT INTO `mcc_zone` VALUES ('2520', '166', 'Guaira', 'GU', '1');
INSERT INTO `mcc_zone` VALUES ('2521', '166', 'Itapua', 'IT', '1');
INSERT INTO `mcc_zone` VALUES ('2522', '166', 'Misiones', 'MI', '1');
INSERT INTO `mcc_zone` VALUES ('2523', '166', 'Neembucu', 'NE', '1');
INSERT INTO `mcc_zone` VALUES ('2524', '166', 'Paraguari', 'PA', '1');
INSERT INTO `mcc_zone` VALUES ('2525', '166', 'Presidente Hayes', 'PH', '1');
INSERT INTO `mcc_zone` VALUES ('2526', '166', 'San Pedro', 'SP', '1');
INSERT INTO `mcc_zone` VALUES ('2527', '167', 'Amazonas', 'AM', '1');
INSERT INTO `mcc_zone` VALUES ('2528', '167', 'Ancash', 'AN', '1');
INSERT INTO `mcc_zone` VALUES ('2529', '167', 'Apurimac', 'AP', '1');
INSERT INTO `mcc_zone` VALUES ('2530', '167', 'Arequipa', 'AR', '1');
INSERT INTO `mcc_zone` VALUES ('2531', '167', 'Ayacucho', 'AY', '1');
INSERT INTO `mcc_zone` VALUES ('2532', '167', 'Cajamarca', 'CJ', '1');
INSERT INTO `mcc_zone` VALUES ('2533', '167', 'Callao', 'CL', '1');
INSERT INTO `mcc_zone` VALUES ('2534', '167', 'Cusco', 'CU', '1');
INSERT INTO `mcc_zone` VALUES ('2535', '167', 'Huancavelica', 'HV', '1');
INSERT INTO `mcc_zone` VALUES ('2536', '167', 'Huanuco', 'HO', '1');
INSERT INTO `mcc_zone` VALUES ('2537', '167', 'Ica', 'IC', '1');
INSERT INTO `mcc_zone` VALUES ('2538', '167', 'Junin', 'JU', '1');
INSERT INTO `mcc_zone` VALUES ('2539', '167', 'La Libertad', 'LD', '1');
INSERT INTO `mcc_zone` VALUES ('2540', '167', 'Lambayeque', 'LY', '1');
INSERT INTO `mcc_zone` VALUES ('2541', '167', 'Lima', 'LI', '1');
INSERT INTO `mcc_zone` VALUES ('2542', '167', 'Loreto', 'LO', '1');
INSERT INTO `mcc_zone` VALUES ('2543', '167', 'Madre de Dios', 'MD', '1');
INSERT INTO `mcc_zone` VALUES ('2544', '167', 'Moquegua', 'MO', '1');
INSERT INTO `mcc_zone` VALUES ('2545', '167', 'Pasco', 'PA', '1');
INSERT INTO `mcc_zone` VALUES ('2546', '167', 'Piura', 'PI', '1');
INSERT INTO `mcc_zone` VALUES ('2547', '167', 'Puno', 'PU', '1');
INSERT INTO `mcc_zone` VALUES ('2548', '167', 'San Martin', 'SM', '1');
INSERT INTO `mcc_zone` VALUES ('2549', '167', 'Tacna', 'TA', '1');
INSERT INTO `mcc_zone` VALUES ('2550', '167', 'Tumbes', 'TU', '1');
INSERT INTO `mcc_zone` VALUES ('2551', '167', 'Ucayali', 'UC', '1');
INSERT INTO `mcc_zone` VALUES ('2552', '168', 'Abra', 'ABR', '1');
INSERT INTO `mcc_zone` VALUES ('2553', '168', 'Agusan del Norte', 'ANO', '1');
INSERT INTO `mcc_zone` VALUES ('2554', '168', 'Agusan del Sur', 'ASU', '1');
INSERT INTO `mcc_zone` VALUES ('2555', '168', 'Aklan', 'AKL', '1');
INSERT INTO `mcc_zone` VALUES ('2556', '168', 'Albay', 'ALB', '1');
INSERT INTO `mcc_zone` VALUES ('2557', '168', 'Antique', 'ANT', '1');
INSERT INTO `mcc_zone` VALUES ('2558', '168', 'Apayao', 'APY', '1');
INSERT INTO `mcc_zone` VALUES ('2559', '168', 'Aurora', 'AUR', '1');
INSERT INTO `mcc_zone` VALUES ('2560', '168', 'Basilan', 'BAS', '1');
INSERT INTO `mcc_zone` VALUES ('2561', '168', 'Bataan', 'BTA', '1');
INSERT INTO `mcc_zone` VALUES ('2562', '168', 'Batanes', 'BTE', '1');
INSERT INTO `mcc_zone` VALUES ('2563', '168', 'Batangas', 'BTG', '1');
INSERT INTO `mcc_zone` VALUES ('2564', '168', 'Biliran', 'BLR', '1');
INSERT INTO `mcc_zone` VALUES ('2565', '168', 'Benguet', 'BEN', '1');
INSERT INTO `mcc_zone` VALUES ('2566', '168', 'Bohol', 'BOL', '1');
INSERT INTO `mcc_zone` VALUES ('2567', '168', 'Bukidnon', 'BUK', '1');
INSERT INTO `mcc_zone` VALUES ('2568', '168', 'Bulacan', 'BUL', '1');
INSERT INTO `mcc_zone` VALUES ('2569', '168', 'Cagayan', 'CAG', '1');
INSERT INTO `mcc_zone` VALUES ('2570', '168', 'Camarines Norte', 'CNO', '1');
INSERT INTO `mcc_zone` VALUES ('2571', '168', 'Camarines Sur', 'CSU', '1');
INSERT INTO `mcc_zone` VALUES ('2572', '168', 'Camiguin', 'CAM', '1');
INSERT INTO `mcc_zone` VALUES ('2573', '168', 'Capiz', 'CAP', '1');
INSERT INTO `mcc_zone` VALUES ('2574', '168', 'Catanduanes', 'CAT', '1');
INSERT INTO `mcc_zone` VALUES ('2575', '168', 'Cavite', 'CAV', '1');
INSERT INTO `mcc_zone` VALUES ('2576', '168', 'Cebu', 'CEB', '1');
INSERT INTO `mcc_zone` VALUES ('2577', '168', 'Compostela', 'CMP', '1');
INSERT INTO `mcc_zone` VALUES ('2578', '168', 'Davao del Norte', 'DNO', '1');
INSERT INTO `mcc_zone` VALUES ('2579', '168', 'Davao del Sur', 'DSU', '1');
INSERT INTO `mcc_zone` VALUES ('2580', '168', 'Davao Oriental', 'DOR', '1');
INSERT INTO `mcc_zone` VALUES ('2581', '168', 'Eastern Samar', 'ESA', '1');
INSERT INTO `mcc_zone` VALUES ('2582', '168', 'Guimaras', 'GUI', '1');
INSERT INTO `mcc_zone` VALUES ('2583', '168', 'Ifugao', 'IFU', '1');
INSERT INTO `mcc_zone` VALUES ('2584', '168', 'Ilocos Norte', 'INO', '1');
INSERT INTO `mcc_zone` VALUES ('2585', '168', 'Ilocos Sur', 'ISU', '1');
INSERT INTO `mcc_zone` VALUES ('2586', '168', 'Iloilo', 'ILO', '1');
INSERT INTO `mcc_zone` VALUES ('2587', '168', 'Isabela', 'ISA', '1');
INSERT INTO `mcc_zone` VALUES ('2588', '168', 'Kalinga', 'KAL', '1');
INSERT INTO `mcc_zone` VALUES ('2589', '168', 'Laguna', 'LAG', '1');
INSERT INTO `mcc_zone` VALUES ('2590', '168', 'Lanao del Norte', 'LNO', '1');
INSERT INTO `mcc_zone` VALUES ('2591', '168', 'Lanao del Sur', 'LSU', '1');
INSERT INTO `mcc_zone` VALUES ('2592', '168', 'La Union', 'UNI', '1');
INSERT INTO `mcc_zone` VALUES ('2593', '168', 'Leyte', 'LEY', '1');
INSERT INTO `mcc_zone` VALUES ('2594', '168', 'Maguindanao', 'MAG', '1');
INSERT INTO `mcc_zone` VALUES ('2595', '168', 'Marinduque', 'MRN', '1');
INSERT INTO `mcc_zone` VALUES ('2596', '168', 'Masbate', 'MSB', '1');
INSERT INTO `mcc_zone` VALUES ('2597', '168', 'Mindoro Occidental', 'MIC', '1');
INSERT INTO `mcc_zone` VALUES ('2598', '168', 'Mindoro Oriental', 'MIR', '1');
INSERT INTO `mcc_zone` VALUES ('2599', '168', 'Misamis Occidental', 'MSC', '1');
INSERT INTO `mcc_zone` VALUES ('2600', '168', 'Misamis Oriental', 'MOR', '1');
INSERT INTO `mcc_zone` VALUES ('2601', '168', 'Mountain', 'MOP', '1');
INSERT INTO `mcc_zone` VALUES ('2602', '168', 'Negros Occidental', 'NOC', '1');
INSERT INTO `mcc_zone` VALUES ('2603', '168', 'Negros Oriental', 'NOR', '1');
INSERT INTO `mcc_zone` VALUES ('2604', '168', 'North Cotabato', 'NCT', '1');
INSERT INTO `mcc_zone` VALUES ('2605', '168', 'Northern Samar', 'NSM', '1');
INSERT INTO `mcc_zone` VALUES ('2606', '168', 'Nueva Ecija', 'NEC', '1');
INSERT INTO `mcc_zone` VALUES ('2607', '168', 'Nueva Vizcaya', 'NVZ', '1');
INSERT INTO `mcc_zone` VALUES ('2608', '168', 'Palawan', 'PLW', '1');
INSERT INTO `mcc_zone` VALUES ('2609', '168', 'Pampanga', 'PMP', '1');
INSERT INTO `mcc_zone` VALUES ('2610', '168', 'Pangasinan', 'PNG', '1');
INSERT INTO `mcc_zone` VALUES ('2611', '168', 'Quezon', 'QZN', '1');
INSERT INTO `mcc_zone` VALUES ('2612', '168', 'Quirino', 'QRN', '1');
INSERT INTO `mcc_zone` VALUES ('2613', '168', 'Rizal', 'RIZ', '1');
INSERT INTO `mcc_zone` VALUES ('2614', '168', 'Romblon', 'ROM', '1');
INSERT INTO `mcc_zone` VALUES ('2615', '168', 'Samar', 'SMR', '1');
INSERT INTO `mcc_zone` VALUES ('2616', '168', 'Sarangani', 'SRG', '1');
INSERT INTO `mcc_zone` VALUES ('2617', '168', 'Siquijor', 'SQJ', '1');
INSERT INTO `mcc_zone` VALUES ('2618', '168', 'Sorsogon', 'SRS', '1');
INSERT INTO `mcc_zone` VALUES ('2619', '168', 'South Cotabato', 'SCO', '1');
INSERT INTO `mcc_zone` VALUES ('2620', '168', 'Southern Leyte', 'SLE', '1');
INSERT INTO `mcc_zone` VALUES ('2621', '168', 'Sultan Kudarat', 'SKU', '1');
INSERT INTO `mcc_zone` VALUES ('2622', '168', 'Sulu', 'SLU', '1');
INSERT INTO `mcc_zone` VALUES ('2623', '168', 'Surigao del Norte', 'SNO', '1');
INSERT INTO `mcc_zone` VALUES ('2624', '168', 'Surigao del Sur', 'SSU', '1');
INSERT INTO `mcc_zone` VALUES ('2625', '168', 'Tarlac', 'TAR', '1');
INSERT INTO `mcc_zone` VALUES ('2626', '168', 'Tawi-Tawi', 'TAW', '1');
INSERT INTO `mcc_zone` VALUES ('2627', '168', 'Zambales', 'ZBL', '1');
INSERT INTO `mcc_zone` VALUES ('2628', '168', 'Zamboanga del Norte', 'ZNO', '1');
INSERT INTO `mcc_zone` VALUES ('2629', '168', 'Zamboanga del Sur', 'ZSU', '1');
INSERT INTO `mcc_zone` VALUES ('2630', '168', 'Zamboanga Sibugay', 'ZSI', '1');
INSERT INTO `mcc_zone` VALUES ('2631', '170', 'Dolnoslaskie', 'DO', '1');
INSERT INTO `mcc_zone` VALUES ('2632', '170', 'Kujawsko-Pomorskie', 'KP', '1');
INSERT INTO `mcc_zone` VALUES ('2633', '170', 'Lodzkie', 'LO', '1');
INSERT INTO `mcc_zone` VALUES ('2634', '170', 'Lubelskie', 'LL', '1');
INSERT INTO `mcc_zone` VALUES ('2635', '170', 'Lubuskie', 'LU', '1');
INSERT INTO `mcc_zone` VALUES ('2636', '170', 'Malopolskie', 'ML', '1');
INSERT INTO `mcc_zone` VALUES ('2637', '170', 'Mazowieckie', 'MZ', '1');
INSERT INTO `mcc_zone` VALUES ('2638', '170', 'Opolskie', 'OP', '1');
INSERT INTO `mcc_zone` VALUES ('2639', '170', 'Podkarpackie', 'PP', '1');
INSERT INTO `mcc_zone` VALUES ('2640', '170', 'Podlaskie', 'PL', '1');
INSERT INTO `mcc_zone` VALUES ('2641', '170', 'Pomorskie', 'PM', '1');
INSERT INTO `mcc_zone` VALUES ('2642', '170', 'Slaskie', 'SL', '1');
INSERT INTO `mcc_zone` VALUES ('2643', '170', 'Swietokrzyskie', 'SW', '1');
INSERT INTO `mcc_zone` VALUES ('2644', '170', 'Warminsko-Mazurskie', 'WM', '1');
INSERT INTO `mcc_zone` VALUES ('2645', '170', 'Wielkopolskie', 'WP', '1');
INSERT INTO `mcc_zone` VALUES ('2646', '170', 'Zachodniopomorskie', 'ZA', '1');
INSERT INTO `mcc_zone` VALUES ('2647', '198', 'Saint Pierre', 'P', '1');
INSERT INTO `mcc_zone` VALUES ('2648', '198', 'Miquelon', 'M', '1');
INSERT INTO `mcc_zone` VALUES ('2649', '171', 'A&ccedil;ores', 'AC', '1');
INSERT INTO `mcc_zone` VALUES ('2650', '171', 'Aveiro', 'AV', '1');
INSERT INTO `mcc_zone` VALUES ('2651', '171', 'Beja', 'BE', '1');
INSERT INTO `mcc_zone` VALUES ('2652', '171', 'Braga', 'BR', '1');
INSERT INTO `mcc_zone` VALUES ('2653', '171', 'Bragan&ccedil;a', 'BA', '1');
INSERT INTO `mcc_zone` VALUES ('2654', '171', 'Castelo Branco', 'CB', '1');
INSERT INTO `mcc_zone` VALUES ('2655', '171', 'Coimbra', 'CO', '1');
INSERT INTO `mcc_zone` VALUES ('2656', '171', '&Eacute;vora', 'EV', '1');
INSERT INTO `mcc_zone` VALUES ('2657', '171', 'Faro', 'FA', '1');
INSERT INTO `mcc_zone` VALUES ('2658', '171', 'Guarda', 'GU', '1');
INSERT INTO `mcc_zone` VALUES ('2659', '171', 'Leiria', 'LE', '1');
INSERT INTO `mcc_zone` VALUES ('2660', '171', 'Lisboa', 'LI', '1');
INSERT INTO `mcc_zone` VALUES ('2661', '171', 'Madeira', 'ME', '1');
INSERT INTO `mcc_zone` VALUES ('2662', '171', 'Portalegre', 'PO', '1');
INSERT INTO `mcc_zone` VALUES ('2663', '171', 'Porto', 'PR', '1');
INSERT INTO `mcc_zone` VALUES ('2664', '171', 'Santar&eacute;m', 'SA', '1');
INSERT INTO `mcc_zone` VALUES ('2665', '171', 'Set&uacute;bal', 'SE', '1');
INSERT INTO `mcc_zone` VALUES ('2666', '171', 'Viana do Castelo', 'VC', '1');
INSERT INTO `mcc_zone` VALUES ('2667', '171', 'Vila Real', 'VR', '1');
INSERT INTO `mcc_zone` VALUES ('2668', '171', 'Viseu', 'VI', '1');
INSERT INTO `mcc_zone` VALUES ('2669', '173', 'Ad Dawhah', 'DW', '1');
INSERT INTO `mcc_zone` VALUES ('2670', '173', 'Al Ghuwayriyah', 'GW', '1');
INSERT INTO `mcc_zone` VALUES ('2671', '173', 'Al Jumayliyah', 'JM', '1');
INSERT INTO `mcc_zone` VALUES ('2672', '173', 'Al Khawr', 'KR', '1');
INSERT INTO `mcc_zone` VALUES ('2673', '173', 'Al Wakrah', 'WK', '1');
INSERT INTO `mcc_zone` VALUES ('2674', '173', 'Ar Rayyan', 'RN', '1');
INSERT INTO `mcc_zone` VALUES ('2675', '173', 'Jarayan al Batinah', 'JB', '1');
INSERT INTO `mcc_zone` VALUES ('2676', '173', 'Madinat ash Shamal', 'MS', '1');
INSERT INTO `mcc_zone` VALUES ('2677', '173', 'Umm Sa\'id', 'UD', '1');
INSERT INTO `mcc_zone` VALUES ('2678', '173', 'Umm Salal', 'UL', '1');
INSERT INTO `mcc_zone` VALUES ('2679', '175', 'Alba', 'AB', '1');
INSERT INTO `mcc_zone` VALUES ('2680', '175', 'Arad', 'AR', '1');
INSERT INTO `mcc_zone` VALUES ('2681', '175', 'Arges', 'AG', '1');
INSERT INTO `mcc_zone` VALUES ('2682', '175', 'Bacau', 'BC', '1');
INSERT INTO `mcc_zone` VALUES ('2683', '175', 'Bihor', 'BH', '1');
INSERT INTO `mcc_zone` VALUES ('2684', '175', 'Bistrita-Nasaud', 'BN', '1');
INSERT INTO `mcc_zone` VALUES ('2685', '175', 'Botosani', 'BT', '1');
INSERT INTO `mcc_zone` VALUES ('2686', '175', 'Brasov', 'BV', '1');
INSERT INTO `mcc_zone` VALUES ('2687', '175', 'Braila', 'BR', '1');
INSERT INTO `mcc_zone` VALUES ('2688', '175', 'Bucuresti', 'B', '1');
INSERT INTO `mcc_zone` VALUES ('2689', '175', 'Buzau', 'BZ', '1');
INSERT INTO `mcc_zone` VALUES ('2690', '175', 'Caras-Severin', 'CS', '1');
INSERT INTO `mcc_zone` VALUES ('2691', '175', 'Calarasi', 'CL', '1');
INSERT INTO `mcc_zone` VALUES ('2692', '175', 'Cluj', 'CJ', '1');
INSERT INTO `mcc_zone` VALUES ('2693', '175', 'Constanta', 'CT', '1');
INSERT INTO `mcc_zone` VALUES ('2694', '175', 'Covasna', 'CV', '1');
INSERT INTO `mcc_zone` VALUES ('2695', '175', 'Dimbovita', 'DB', '1');
INSERT INTO `mcc_zone` VALUES ('2696', '175', 'Dolj', 'DJ', '1');
INSERT INTO `mcc_zone` VALUES ('2697', '175', 'Galati', 'GL', '1');
INSERT INTO `mcc_zone` VALUES ('2698', '175', 'Giurgiu', 'GR', '1');
INSERT INTO `mcc_zone` VALUES ('2699', '175', 'Gorj', 'GJ', '1');
INSERT INTO `mcc_zone` VALUES ('2700', '175', 'Harghita', 'HR', '1');
INSERT INTO `mcc_zone` VALUES ('2701', '175', 'Hunedoara', 'HD', '1');
INSERT INTO `mcc_zone` VALUES ('2702', '175', 'Ialomita', 'IL', '1');
INSERT INTO `mcc_zone` VALUES ('2703', '175', 'Iasi', 'IS', '1');
INSERT INTO `mcc_zone` VALUES ('2704', '175', 'Ilfov', 'IF', '1');
INSERT INTO `mcc_zone` VALUES ('2705', '175', 'Maramures', 'MM', '1');
INSERT INTO `mcc_zone` VALUES ('2706', '175', 'Mehedinti', 'MH', '1');
INSERT INTO `mcc_zone` VALUES ('2707', '175', 'Mures', 'MS', '1');
INSERT INTO `mcc_zone` VALUES ('2708', '175', 'Neamt', 'NT', '1');
INSERT INTO `mcc_zone` VALUES ('2709', '175', 'Olt', 'OT', '1');
INSERT INTO `mcc_zone` VALUES ('2710', '175', 'Prahova', 'PH', '1');
INSERT INTO `mcc_zone` VALUES ('2711', '175', 'Satu-Mare', 'SM', '1');
INSERT INTO `mcc_zone` VALUES ('2712', '175', 'Salaj', 'SJ', '1');
INSERT INTO `mcc_zone` VALUES ('2713', '175', 'Sibiu', 'SB', '1');
INSERT INTO `mcc_zone` VALUES ('2714', '175', 'Suceava', 'SV', '1');
INSERT INTO `mcc_zone` VALUES ('2715', '175', 'Teleorman', 'TR', '1');
INSERT INTO `mcc_zone` VALUES ('2716', '175', 'Timis', 'TM', '1');
INSERT INTO `mcc_zone` VALUES ('2717', '175', 'Tulcea', 'TL', '1');
INSERT INTO `mcc_zone` VALUES ('2718', '175', 'Vaslui', 'VS', '1');
INSERT INTO `mcc_zone` VALUES ('2719', '175', 'Valcea', 'VL', '1');
INSERT INTO `mcc_zone` VALUES ('2720', '175', 'Vrancea', 'VN', '1');
INSERT INTO `mcc_zone` VALUES ('2721', '176', 'Abakan', 'AB', '1');
INSERT INTO `mcc_zone` VALUES ('2722', '176', 'Aginskoye', 'AG', '1');
INSERT INTO `mcc_zone` VALUES ('2723', '176', 'Anadyr', 'AN', '1');
INSERT INTO `mcc_zone` VALUES ('2724', '176', 'Arkahangelsk', 'AR', '1');
INSERT INTO `mcc_zone` VALUES ('2725', '176', 'Astrakhan', 'AS', '1');
INSERT INTO `mcc_zone` VALUES ('2726', '176', 'Barnaul', 'BA', '1');
INSERT INTO `mcc_zone` VALUES ('2727', '176', 'Belgorod', 'BE', '1');
INSERT INTO `mcc_zone` VALUES ('2728', '176', 'Birobidzhan', 'BI', '1');
INSERT INTO `mcc_zone` VALUES ('2729', '176', 'Blagoveshchensk', 'BL', '1');
INSERT INTO `mcc_zone` VALUES ('2730', '176', 'Bryansk', 'BR', '1');
INSERT INTO `mcc_zone` VALUES ('2731', '176', 'Cheboksary', 'CH', '1');
INSERT INTO `mcc_zone` VALUES ('2732', '176', 'Chelyabinsk', 'CL', '1');
INSERT INTO `mcc_zone` VALUES ('2733', '176', 'Cherkessk', 'CR', '1');
INSERT INTO `mcc_zone` VALUES ('2734', '176', 'Chita', 'CI', '1');
INSERT INTO `mcc_zone` VALUES ('2735', '176', 'Dudinka', 'DU', '1');
INSERT INTO `mcc_zone` VALUES ('2736', '176', 'Elista', 'EL', '1');
INSERT INTO `mcc_zone` VALUES ('2737', '176', 'Gomo-Altaysk', 'GO', '1');
INSERT INTO `mcc_zone` VALUES ('2738', '176', 'Gorno-Altaysk', 'GA', '1');
INSERT INTO `mcc_zone` VALUES ('2739', '176', 'Groznyy', 'GR', '1');
INSERT INTO `mcc_zone` VALUES ('2740', '176', 'Irkutsk', 'IR', '1');
INSERT INTO `mcc_zone` VALUES ('2741', '176', 'Ivanovo', 'IV', '1');
INSERT INTO `mcc_zone` VALUES ('2742', '176', 'Izhevsk', 'IZ', '1');
INSERT INTO `mcc_zone` VALUES ('2743', '176', 'Kalinigrad', 'KA', '1');
INSERT INTO `mcc_zone` VALUES ('2744', '176', 'Kaluga', 'KL', '1');
INSERT INTO `mcc_zone` VALUES ('2745', '176', 'Kasnodar', 'KS', '1');
INSERT INTO `mcc_zone` VALUES ('2746', '176', 'Kazan', 'KZ', '1');
INSERT INTO `mcc_zone` VALUES ('2747', '176', 'Kemerovo', 'KE', '1');
INSERT INTO `mcc_zone` VALUES ('2748', '176', 'Khabarovsk', 'KH', '1');
INSERT INTO `mcc_zone` VALUES ('2749', '176', 'Khanty-Mansiysk', 'KM', '1');
INSERT INTO `mcc_zone` VALUES ('2750', '176', 'Kostroma', 'KO', '1');
INSERT INTO `mcc_zone` VALUES ('2751', '176', 'Krasnodar', 'KR', '1');
INSERT INTO `mcc_zone` VALUES ('2752', '176', 'Krasnoyarsk', 'KN', '1');
INSERT INTO `mcc_zone` VALUES ('2753', '176', 'Kudymkar', 'KU', '1');
INSERT INTO `mcc_zone` VALUES ('2754', '176', 'Kurgan', 'KG', '1');
INSERT INTO `mcc_zone` VALUES ('2755', '176', 'Kursk', 'KK', '1');
INSERT INTO `mcc_zone` VALUES ('2756', '176', 'Kyzyl', 'KY', '1');
INSERT INTO `mcc_zone` VALUES ('2757', '176', 'Lipetsk', 'LI', '1');
INSERT INTO `mcc_zone` VALUES ('2758', '176', 'Magadan', 'MA', '1');
INSERT INTO `mcc_zone` VALUES ('2759', '176', 'Makhachkala', 'MK', '1');
INSERT INTO `mcc_zone` VALUES ('2760', '176', 'Maykop', 'MY', '1');
INSERT INTO `mcc_zone` VALUES ('2761', '176', 'Moscow', 'MO', '1');
INSERT INTO `mcc_zone` VALUES ('2762', '176', 'Murmansk', 'MU', '1');
INSERT INTO `mcc_zone` VALUES ('2763', '176', 'Nalchik', 'NA', '1');
INSERT INTO `mcc_zone` VALUES ('2764', '176', 'Naryan Mar', 'NR', '1');
INSERT INTO `mcc_zone` VALUES ('2765', '176', 'Nazran', 'NZ', '1');
INSERT INTO `mcc_zone` VALUES ('2766', '176', 'Nizhniy Novgorod', 'NI', '1');
INSERT INTO `mcc_zone` VALUES ('2767', '176', 'Novgorod', 'NO', '1');
INSERT INTO `mcc_zone` VALUES ('2768', '176', 'Novosibirsk', 'NV', '1');
INSERT INTO `mcc_zone` VALUES ('2769', '176', 'Omsk', 'OM', '1');
INSERT INTO `mcc_zone` VALUES ('2770', '176', 'Orel', 'OR', '1');
INSERT INTO `mcc_zone` VALUES ('2771', '176', 'Orenburg', 'OE', '1');
INSERT INTO `mcc_zone` VALUES ('2772', '176', 'Palana', 'PA', '1');
INSERT INTO `mcc_zone` VALUES ('2773', '176', 'Penza', 'PE', '1');
INSERT INTO `mcc_zone` VALUES ('2774', '176', 'Perm', 'PR', '1');
INSERT INTO `mcc_zone` VALUES ('2775', '176', 'Petropavlovsk-Kamchatskiy', 'PK', '1');
INSERT INTO `mcc_zone` VALUES ('2776', '176', 'Petrozavodsk', 'PT', '1');
INSERT INTO `mcc_zone` VALUES ('2777', '176', 'Pskov', 'PS', '1');
INSERT INTO `mcc_zone` VALUES ('2778', '176', 'Rostov-na-Donu', 'RO', '1');
INSERT INTO `mcc_zone` VALUES ('2779', '176', 'Ryazan', 'RY', '1');
INSERT INTO `mcc_zone` VALUES ('2780', '176', 'Salekhard', 'SL', '1');
INSERT INTO `mcc_zone` VALUES ('2781', '176', 'Samara', 'SA', '1');
INSERT INTO `mcc_zone` VALUES ('2782', '176', 'Saransk', 'SR', '1');
INSERT INTO `mcc_zone` VALUES ('2783', '176', 'Saratov', 'SV', '1');
INSERT INTO `mcc_zone` VALUES ('2784', '176', 'Smolensk', 'SM', '1');
INSERT INTO `mcc_zone` VALUES ('2785', '176', 'St. Petersburg', 'SP', '1');
INSERT INTO `mcc_zone` VALUES ('2786', '176', 'Stavropol', 'ST', '1');
INSERT INTO `mcc_zone` VALUES ('2787', '176', 'Syktyvkar', 'SY', '1');
INSERT INTO `mcc_zone` VALUES ('2788', '176', 'Tambov', 'TA', '1');
INSERT INTO `mcc_zone` VALUES ('2789', '176', 'Tomsk', 'TO', '1');
INSERT INTO `mcc_zone` VALUES ('2790', '176', 'Tula', 'TU', '1');
INSERT INTO `mcc_zone` VALUES ('2791', '176', 'Tura', 'TR', '1');
INSERT INTO `mcc_zone` VALUES ('2792', '176', 'Tver', 'TV', '1');
INSERT INTO `mcc_zone` VALUES ('2793', '176', 'Tyumen', 'TY', '1');
INSERT INTO `mcc_zone` VALUES ('2794', '176', 'Ufa', 'UF', '1');
INSERT INTO `mcc_zone` VALUES ('2795', '176', 'Ul\'yanovsk', 'UL', '1');
INSERT INTO `mcc_zone` VALUES ('2796', '176', 'Ulan-Ude', 'UU', '1');
INSERT INTO `mcc_zone` VALUES ('2797', '176', 'Ust\'-Ordynskiy', 'US', '1');
INSERT INTO `mcc_zone` VALUES ('2798', '176', 'Vladikavkaz', 'VL', '1');
INSERT INTO `mcc_zone` VALUES ('2799', '176', 'Vladimir', 'VA', '1');
INSERT INTO `mcc_zone` VALUES ('2800', '176', 'Vladivostok', 'VV', '1');
INSERT INTO `mcc_zone` VALUES ('2801', '176', 'Volgograd', 'VG', '1');
INSERT INTO `mcc_zone` VALUES ('2802', '176', 'Vologda', 'VD', '1');
INSERT INTO `mcc_zone` VALUES ('2803', '176', 'Voronezh', 'VO', '1');
INSERT INTO `mcc_zone` VALUES ('2804', '176', 'Vyatka', 'VY', '1');
INSERT INTO `mcc_zone` VALUES ('2805', '176', 'Yakutsk', 'YA', '1');
INSERT INTO `mcc_zone` VALUES ('2806', '176', 'Yaroslavl', 'YR', '1');
INSERT INTO `mcc_zone` VALUES ('2807', '176', 'Yekaterinburg', 'YE', '1');
INSERT INTO `mcc_zone` VALUES ('2808', '176', 'Yoshkar-Ola', 'YO', '1');
INSERT INTO `mcc_zone` VALUES ('2809', '177', 'Butare', 'BU', '1');
INSERT INTO `mcc_zone` VALUES ('2810', '177', 'Byumba', 'BY', '1');
INSERT INTO `mcc_zone` VALUES ('2811', '177', 'Cyangugu', 'CY', '1');
INSERT INTO `mcc_zone` VALUES ('2812', '177', 'Gikongoro', 'GK', '1');
INSERT INTO `mcc_zone` VALUES ('2813', '177', 'Gisenyi', 'GS', '1');
INSERT INTO `mcc_zone` VALUES ('2814', '177', 'Gitarama', 'GT', '1');
INSERT INTO `mcc_zone` VALUES ('2815', '177', 'Kibungo', 'KG', '1');
INSERT INTO `mcc_zone` VALUES ('2816', '177', 'Kibuye', 'KY', '1');
INSERT INTO `mcc_zone` VALUES ('2817', '177', 'Kigali Rurale', 'KR', '1');
INSERT INTO `mcc_zone` VALUES ('2818', '177', 'Kigali-ville', 'KV', '1');
INSERT INTO `mcc_zone` VALUES ('2819', '177', 'Ruhengeri', 'RU', '1');
INSERT INTO `mcc_zone` VALUES ('2820', '177', 'Umutara', 'UM', '1');
INSERT INTO `mcc_zone` VALUES ('2821', '178', 'Christ Church Nichola Town', 'CCN', '1');
INSERT INTO `mcc_zone` VALUES ('2822', '178', 'Saint Anne Sandy Point', 'SAS', '1');
INSERT INTO `mcc_zone` VALUES ('2823', '178', 'Saint George Basseterre', 'SGB', '1');
INSERT INTO `mcc_zone` VALUES ('2824', '178', 'Saint George Gingerland', 'SGG', '1');
INSERT INTO `mcc_zone` VALUES ('2825', '178', 'Saint James Windward', 'SJW', '1');
INSERT INTO `mcc_zone` VALUES ('2826', '178', 'Saint John Capesterre', 'SJC', '1');
INSERT INTO `mcc_zone` VALUES ('2827', '178', 'Saint John Figtree', 'SJF', '1');
INSERT INTO `mcc_zone` VALUES ('2828', '178', 'Saint Mary Cayon', 'SMC', '1');
INSERT INTO `mcc_zone` VALUES ('2829', '178', 'Saint Paul Capesterre', 'CAP', '1');
INSERT INTO `mcc_zone` VALUES ('2830', '178', 'Saint Paul Charlestown', 'CHA', '1');
INSERT INTO `mcc_zone` VALUES ('2831', '178', 'Saint Peter Basseterre', 'SPB', '1');
INSERT INTO `mcc_zone` VALUES ('2832', '178', 'Saint Thomas Lowland', 'STL', '1');
INSERT INTO `mcc_zone` VALUES ('2833', '178', 'Saint Thomas Middle Island', 'STM', '1');
INSERT INTO `mcc_zone` VALUES ('2834', '178', 'Trinity Palmetto Point', 'TPP', '1');
INSERT INTO `mcc_zone` VALUES ('2835', '179', 'Anse-la-Raye', 'AR', '1');
INSERT INTO `mcc_zone` VALUES ('2836', '179', 'Castries', 'CA', '1');
INSERT INTO `mcc_zone` VALUES ('2837', '179', 'Choiseul', 'CH', '1');
INSERT INTO `mcc_zone` VALUES ('2838', '179', 'Dauphin', 'DA', '1');
INSERT INTO `mcc_zone` VALUES ('2839', '179', 'Dennery', 'DE', '1');
INSERT INTO `mcc_zone` VALUES ('2840', '179', 'Gros-Islet', 'GI', '1');
INSERT INTO `mcc_zone` VALUES ('2841', '179', 'Laborie', 'LA', '1');
INSERT INTO `mcc_zone` VALUES ('2842', '179', 'Micoud', 'MI', '1');
INSERT INTO `mcc_zone` VALUES ('2843', '179', 'Praslin', 'PR', '1');
INSERT INTO `mcc_zone` VALUES ('2844', '179', 'Soufriere', 'SO', '1');
INSERT INTO `mcc_zone` VALUES ('2845', '179', 'Vieux-Fort', 'VF', '1');
INSERT INTO `mcc_zone` VALUES ('2846', '180', 'Charlotte', 'C', '1');
INSERT INTO `mcc_zone` VALUES ('2847', '180', 'Grenadines', 'R', '1');
INSERT INTO `mcc_zone` VALUES ('2848', '180', 'Saint Andrew', 'A', '1');
INSERT INTO `mcc_zone` VALUES ('2849', '180', 'Saint David', 'D', '1');
INSERT INTO `mcc_zone` VALUES ('2850', '180', 'Saint George', 'G', '1');
INSERT INTO `mcc_zone` VALUES ('2851', '180', 'Saint Patrick', 'P', '1');
INSERT INTO `mcc_zone` VALUES ('2852', '181', 'A\'ana', 'AN', '1');
INSERT INTO `mcc_zone` VALUES ('2853', '181', 'Aiga-i-le-Tai', 'AI', '1');
INSERT INTO `mcc_zone` VALUES ('2854', '181', 'Atua', 'AT', '1');
INSERT INTO `mcc_zone` VALUES ('2855', '181', 'Fa\'asaleleaga', 'FA', '1');
INSERT INTO `mcc_zone` VALUES ('2856', '181', 'Gaga\'emauga', 'GE', '1');
INSERT INTO `mcc_zone` VALUES ('2857', '181', 'Gagaifomauga', 'GF', '1');
INSERT INTO `mcc_zone` VALUES ('2858', '181', 'Palauli', 'PA', '1');
INSERT INTO `mcc_zone` VALUES ('2859', '181', 'Satupa\'itea', 'SA', '1');
INSERT INTO `mcc_zone` VALUES ('2860', '181', 'Tuamasaga', 'TU', '1');
INSERT INTO `mcc_zone` VALUES ('2861', '181', 'Va\'a-o-Fonoti', 'VF', '1');
INSERT INTO `mcc_zone` VALUES ('2862', '181', 'Vaisigano', 'VS', '1');
INSERT INTO `mcc_zone` VALUES ('2863', '182', 'Acquaviva', 'AC', '1');
INSERT INTO `mcc_zone` VALUES ('2864', '182', 'Borgo Maggiore', 'BM', '1');
INSERT INTO `mcc_zone` VALUES ('2865', '182', 'Chiesanuova', 'CH', '1');
INSERT INTO `mcc_zone` VALUES ('2866', '182', 'Domagnano', 'DO', '1');
INSERT INTO `mcc_zone` VALUES ('2867', '182', 'Faetano', 'FA', '1');
INSERT INTO `mcc_zone` VALUES ('2868', '182', 'Fiorentino', 'FI', '1');
INSERT INTO `mcc_zone` VALUES ('2869', '182', 'Montegiardino', 'MO', '1');
INSERT INTO `mcc_zone` VALUES ('2870', '182', 'Citta di San Marino', 'SM', '1');
INSERT INTO `mcc_zone` VALUES ('2871', '182', 'Serravalle', 'SE', '1');
INSERT INTO `mcc_zone` VALUES ('2872', '183', 'Sao Tome', 'S', '1');
INSERT INTO `mcc_zone` VALUES ('2873', '183', 'Principe', 'P', '1');
INSERT INTO `mcc_zone` VALUES ('2874', '184', 'Al Bahah', 'BH', '1');
INSERT INTO `mcc_zone` VALUES ('2875', '184', 'Al Hudud ash Shamaliyah', 'HS', '1');
INSERT INTO `mcc_zone` VALUES ('2876', '184', 'Al Jawf', 'JF', '1');
INSERT INTO `mcc_zone` VALUES ('2877', '184', 'Al Madinah', 'MD', '1');
INSERT INTO `mcc_zone` VALUES ('2878', '184', 'Al Qasim', 'QS', '1');
INSERT INTO `mcc_zone` VALUES ('2879', '184', 'Ar Riyad', 'RD', '1');
INSERT INTO `mcc_zone` VALUES ('2880', '184', 'Ash Sharqiyah (Eastern)', 'AQ', '1');
INSERT INTO `mcc_zone` VALUES ('2881', '184', '\'Asir', 'AS', '1');
INSERT INTO `mcc_zone` VALUES ('2882', '184', 'Ha\'il', 'HL', '1');
INSERT INTO `mcc_zone` VALUES ('2883', '184', 'Jizan', 'JZ', '1');
INSERT INTO `mcc_zone` VALUES ('2884', '184', 'Makkah', 'ML', '1');
INSERT INTO `mcc_zone` VALUES ('2885', '184', 'Najran', 'NR', '1');
INSERT INTO `mcc_zone` VALUES ('2886', '184', 'Tabuk', 'TB', '1');
INSERT INTO `mcc_zone` VALUES ('2887', '185', 'Dakar', 'DA', '1');
INSERT INTO `mcc_zone` VALUES ('2888', '185', 'Diourbel', 'DI', '1');
INSERT INTO `mcc_zone` VALUES ('2889', '185', 'Fatick', 'FA', '1');
INSERT INTO `mcc_zone` VALUES ('2890', '185', 'Kaolack', 'KA', '1');
INSERT INTO `mcc_zone` VALUES ('2891', '185', 'Kolda', 'KO', '1');
INSERT INTO `mcc_zone` VALUES ('2892', '185', 'Louga', 'LO', '1');
INSERT INTO `mcc_zone` VALUES ('2893', '185', 'Matam', 'MA', '1');
INSERT INTO `mcc_zone` VALUES ('2894', '185', 'Saint-Louis', 'SL', '1');
INSERT INTO `mcc_zone` VALUES ('2895', '185', 'Tambacounda', 'TA', '1');
INSERT INTO `mcc_zone` VALUES ('2896', '185', 'Thies', 'TH', '1');
INSERT INTO `mcc_zone` VALUES ('2897', '185', 'Ziguinchor', 'ZI', '1');
INSERT INTO `mcc_zone` VALUES ('2898', '186', 'Anse aux Pins', 'AP', '1');
INSERT INTO `mcc_zone` VALUES ('2899', '186', 'Anse Boileau', 'AB', '1');
INSERT INTO `mcc_zone` VALUES ('2900', '186', 'Anse Etoile', 'AE', '1');
INSERT INTO `mcc_zone` VALUES ('2901', '186', 'Anse Louis', 'AL', '1');
INSERT INTO `mcc_zone` VALUES ('2902', '186', 'Anse Royale', 'AR', '1');
INSERT INTO `mcc_zone` VALUES ('2903', '186', 'Baie Lazare', 'BL', '1');
INSERT INTO `mcc_zone` VALUES ('2904', '186', 'Baie Sainte Anne', 'BS', '1');
INSERT INTO `mcc_zone` VALUES ('2905', '186', 'Beau Vallon', 'BV', '1');
INSERT INTO `mcc_zone` VALUES ('2906', '186', 'Bel Air', 'BA', '1');
INSERT INTO `mcc_zone` VALUES ('2907', '186', 'Bel Ombre', 'BO', '1');
INSERT INTO `mcc_zone` VALUES ('2908', '186', 'Cascade', 'CA', '1');
INSERT INTO `mcc_zone` VALUES ('2909', '186', 'Glacis', 'GL', '1');
INSERT INTO `mcc_zone` VALUES ('2910', '186', 'Grand\' Anse (on Mahe)', 'GM', '1');
INSERT INTO `mcc_zone` VALUES ('2911', '186', 'Grand\' Anse (on Praslin)', 'GP', '1');
INSERT INTO `mcc_zone` VALUES ('2912', '186', 'La Digue', 'DG', '1');
INSERT INTO `mcc_zone` VALUES ('2913', '186', 'La Riviere Anglaise', 'RA', '1');
INSERT INTO `mcc_zone` VALUES ('2914', '186', 'Mont Buxton', 'MB', '1');
INSERT INTO `mcc_zone` VALUES ('2915', '186', 'Mont Fleuri', 'MF', '1');
INSERT INTO `mcc_zone` VALUES ('2916', '186', 'Plaisance', 'PL', '1');
INSERT INTO `mcc_zone` VALUES ('2917', '186', 'Pointe La Rue', 'PR', '1');
INSERT INTO `mcc_zone` VALUES ('2918', '186', 'Port Glaud', 'PG', '1');
INSERT INTO `mcc_zone` VALUES ('2919', '186', 'Saint Louis', 'SL', '1');
INSERT INTO `mcc_zone` VALUES ('2920', '186', 'Takamaka', 'TA', '1');
INSERT INTO `mcc_zone` VALUES ('2921', '187', 'Eastern', 'E', '1');
INSERT INTO `mcc_zone` VALUES ('2922', '187', 'Northern', 'N', '1');
INSERT INTO `mcc_zone` VALUES ('2923', '187', 'Southern', 'S', '1');
INSERT INTO `mcc_zone` VALUES ('2924', '187', 'Western', 'W', '1');
INSERT INTO `mcc_zone` VALUES ('2925', '189', 'Banskobystrický', 'BA', '1');
INSERT INTO `mcc_zone` VALUES ('2926', '189', 'Bratislavský', 'BR', '1');
INSERT INTO `mcc_zone` VALUES ('2927', '189', 'Košický', 'KO', '1');
INSERT INTO `mcc_zone` VALUES ('2928', '189', 'Nitriansky', 'NI', '1');
INSERT INTO `mcc_zone` VALUES ('2929', '189', 'Prešovský', 'PR', '1');
INSERT INTO `mcc_zone` VALUES ('2930', '189', 'Trenčiansky', 'TC', '1');
INSERT INTO `mcc_zone` VALUES ('2931', '189', 'Trnavský', 'TV', '1');
INSERT INTO `mcc_zone` VALUES ('2932', '189', 'Žilinský', 'ZI', '1');
INSERT INTO `mcc_zone` VALUES ('2933', '191', 'Central', 'CE', '1');
INSERT INTO `mcc_zone` VALUES ('2934', '191', 'Choiseul', 'CH', '1');
INSERT INTO `mcc_zone` VALUES ('2935', '191', 'Guadalcanal', 'GC', '1');
INSERT INTO `mcc_zone` VALUES ('2936', '191', 'Honiara', 'HO', '1');
INSERT INTO `mcc_zone` VALUES ('2937', '191', 'Isabel', 'IS', '1');
INSERT INTO `mcc_zone` VALUES ('2938', '191', 'Makira', 'MK', '1');
INSERT INTO `mcc_zone` VALUES ('2939', '191', 'Malaita', 'ML', '1');
INSERT INTO `mcc_zone` VALUES ('2940', '191', 'Rennell and Bellona', 'RB', '1');
INSERT INTO `mcc_zone` VALUES ('2941', '191', 'Temotu', 'TM', '1');
INSERT INTO `mcc_zone` VALUES ('2942', '191', 'Western', 'WE', '1');
INSERT INTO `mcc_zone` VALUES ('2943', '192', 'Awdal', 'AW', '1');
INSERT INTO `mcc_zone` VALUES ('2944', '192', 'Bakool', 'BK', '1');
INSERT INTO `mcc_zone` VALUES ('2945', '192', 'Banaadir', 'BN', '1');
INSERT INTO `mcc_zone` VALUES ('2946', '192', 'Bari', 'BR', '1');
INSERT INTO `mcc_zone` VALUES ('2947', '192', 'Bay', 'BY', '1');
INSERT INTO `mcc_zone` VALUES ('2948', '192', 'Galguduud', 'GA', '1');
INSERT INTO `mcc_zone` VALUES ('2949', '192', 'Gedo', 'GE', '1');
INSERT INTO `mcc_zone` VALUES ('2950', '192', 'Hiiraan', 'HI', '1');
INSERT INTO `mcc_zone` VALUES ('2951', '192', 'Jubbada Dhexe', 'JD', '1');
INSERT INTO `mcc_zone` VALUES ('2952', '192', 'Jubbada Hoose', 'JH', '1');
INSERT INTO `mcc_zone` VALUES ('2953', '192', 'Mudug', 'MU', '1');
INSERT INTO `mcc_zone` VALUES ('2954', '192', 'Nugaal', 'NU', '1');
INSERT INTO `mcc_zone` VALUES ('2955', '192', 'Sanaag', 'SA', '1');
INSERT INTO `mcc_zone` VALUES ('2956', '192', 'Shabeellaha Dhexe', 'SD', '1');
INSERT INTO `mcc_zone` VALUES ('2957', '192', 'Shabeellaha Hoose', 'SH', '1');
INSERT INTO `mcc_zone` VALUES ('2958', '192', 'Sool', 'SL', '1');
INSERT INTO `mcc_zone` VALUES ('2959', '192', 'Togdheer', 'TO', '1');
INSERT INTO `mcc_zone` VALUES ('2960', '192', 'Woqooyi Galbeed', 'WG', '1');
INSERT INTO `mcc_zone` VALUES ('2961', '193', 'Eastern Cape', 'EC', '1');
INSERT INTO `mcc_zone` VALUES ('2962', '193', 'Free State', 'FS', '1');
INSERT INTO `mcc_zone` VALUES ('2963', '193', 'Gauteng', 'GT', '1');
INSERT INTO `mcc_zone` VALUES ('2964', '193', 'KwaZulu-Natal', 'KN', '1');
INSERT INTO `mcc_zone` VALUES ('2965', '193', 'Limpopo', 'LP', '1');
INSERT INTO `mcc_zone` VALUES ('2966', '193', 'Mpumalanga', 'MP', '1');
INSERT INTO `mcc_zone` VALUES ('2967', '193', 'North West', 'NW', '1');
INSERT INTO `mcc_zone` VALUES ('2968', '193', 'Northern Cape', 'NC', '1');
INSERT INTO `mcc_zone` VALUES ('2969', '193', 'Western Cape', 'WC', '1');
INSERT INTO `mcc_zone` VALUES ('2970', '195', 'La Coru&ntilde;a', 'CA', '1');
INSERT INTO `mcc_zone` VALUES ('2971', '195', '&Aacute;lava', 'AL', '1');
INSERT INTO `mcc_zone` VALUES ('2972', '195', 'Albacete', 'AB', '1');
INSERT INTO `mcc_zone` VALUES ('2973', '195', 'Alicante', 'AC', '1');
INSERT INTO `mcc_zone` VALUES ('2974', '195', 'Almeria', 'AM', '1');
INSERT INTO `mcc_zone` VALUES ('2975', '195', 'Asturias', 'AS', '1');
INSERT INTO `mcc_zone` VALUES ('2976', '195', '&Aacute;vila', 'AV', '1');
INSERT INTO `mcc_zone` VALUES ('2977', '195', 'Badajoz', 'BJ', '1');
INSERT INTO `mcc_zone` VALUES ('2978', '195', 'Baleares', 'IB', '1');
INSERT INTO `mcc_zone` VALUES ('2979', '195', 'Barcelona', 'BA', '1');
INSERT INTO `mcc_zone` VALUES ('2980', '195', 'Burgos', 'BU', '1');
INSERT INTO `mcc_zone` VALUES ('2981', '195', 'C&aacute;ceres', 'CC', '1');
INSERT INTO `mcc_zone` VALUES ('2982', '195', 'C&aacute;diz', 'CZ', '1');
INSERT INTO `mcc_zone` VALUES ('2983', '195', 'Cantabria', 'CT', '1');
INSERT INTO `mcc_zone` VALUES ('2984', '195', 'Castell&oacute;n', 'CL', '1');
INSERT INTO `mcc_zone` VALUES ('2985', '195', 'Ceuta', 'CE', '1');
INSERT INTO `mcc_zone` VALUES ('2986', '195', 'Ciudad Real', 'CR', '1');
INSERT INTO `mcc_zone` VALUES ('2987', '195', 'C&oacute;rdoba', 'CD', '1');
INSERT INTO `mcc_zone` VALUES ('2988', '195', 'Cuenca', 'CU', '1');
INSERT INTO `mcc_zone` VALUES ('2989', '195', 'Girona', 'GI', '1');
INSERT INTO `mcc_zone` VALUES ('2990', '195', 'Granada', 'GD', '1');
INSERT INTO `mcc_zone` VALUES ('2991', '195', 'Guadalajara', 'GJ', '1');
INSERT INTO `mcc_zone` VALUES ('2992', '195', 'Guip&uacute;zcoa', 'GP', '1');
INSERT INTO `mcc_zone` VALUES ('2993', '195', 'Huelva', 'HL', '1');
INSERT INTO `mcc_zone` VALUES ('2994', '195', 'Huesca', 'HS', '1');
INSERT INTO `mcc_zone` VALUES ('2995', '195', 'Ja&eacute;n', 'JN', '1');
INSERT INTO `mcc_zone` VALUES ('2996', '195', 'La Rioja', 'RJ', '1');
INSERT INTO `mcc_zone` VALUES ('2997', '195', 'Las Palmas', 'PM', '1');
INSERT INTO `mcc_zone` VALUES ('2998', '195', 'Leon', 'LE', '1');
INSERT INTO `mcc_zone` VALUES ('2999', '195', 'Lleida', 'LL', '1');
INSERT INTO `mcc_zone` VALUES ('3000', '195', 'Lugo', 'LG', '1');
INSERT INTO `mcc_zone` VALUES ('3001', '195', 'Madrid', 'MD', '1');
INSERT INTO `mcc_zone` VALUES ('3002', '195', 'Malaga', 'MA', '1');
INSERT INTO `mcc_zone` VALUES ('3003', '195', 'Melilla', 'ML', '1');
INSERT INTO `mcc_zone` VALUES ('3004', '195', 'Murcia', 'MU', '1');
INSERT INTO `mcc_zone` VALUES ('3005', '195', 'Navarra', 'NV', '1');
INSERT INTO `mcc_zone` VALUES ('3006', '195', 'Ourense', 'OU', '1');
INSERT INTO `mcc_zone` VALUES ('3007', '195', 'Palencia', 'PL', '1');
INSERT INTO `mcc_zone` VALUES ('3008', '195', 'Pontevedra', 'PO', '1');
INSERT INTO `mcc_zone` VALUES ('3009', '195', 'Salamanca', 'SL', '1');
INSERT INTO `mcc_zone` VALUES ('3010', '195', 'Santa Cruz de Tenerife', 'SC', '1');
INSERT INTO `mcc_zone` VALUES ('3011', '195', 'Segovia', 'SG', '1');
INSERT INTO `mcc_zone` VALUES ('3012', '195', 'Sevilla', 'SV', '1');
INSERT INTO `mcc_zone` VALUES ('3013', '195', 'Soria', 'SO', '1');
INSERT INTO `mcc_zone` VALUES ('3014', '195', 'Tarragona', 'TA', '1');
INSERT INTO `mcc_zone` VALUES ('3015', '195', 'Teruel', 'TE', '1');
INSERT INTO `mcc_zone` VALUES ('3016', '195', 'Toledo', 'TO', '1');
INSERT INTO `mcc_zone` VALUES ('3017', '195', 'Valencia', 'VC', '1');
INSERT INTO `mcc_zone` VALUES ('3018', '195', 'Valladolid', 'VD', '1');
INSERT INTO `mcc_zone` VALUES ('3019', '195', 'Vizcaya', 'VZ', '1');
INSERT INTO `mcc_zone` VALUES ('3020', '195', 'Zamora', 'ZM', '1');
INSERT INTO `mcc_zone` VALUES ('3021', '195', 'Zaragoza', 'ZR', '1');
INSERT INTO `mcc_zone` VALUES ('3022', '196', 'Central', 'CE', '1');
INSERT INTO `mcc_zone` VALUES ('3023', '196', 'Eastern', 'EA', '1');
INSERT INTO `mcc_zone` VALUES ('3024', '196', 'North Central', 'NC', '1');
INSERT INTO `mcc_zone` VALUES ('3025', '196', 'Northern', 'NO', '1');
INSERT INTO `mcc_zone` VALUES ('3026', '196', 'North Western', 'NW', '1');
INSERT INTO `mcc_zone` VALUES ('3027', '196', 'Sabaragamuwa', 'SA', '1');
INSERT INTO `mcc_zone` VALUES ('3028', '196', 'Southern', 'SO', '1');
INSERT INTO `mcc_zone` VALUES ('3029', '196', 'Uva', 'UV', '1');
INSERT INTO `mcc_zone` VALUES ('3030', '196', 'Western', 'WE', '1');
INSERT INTO `mcc_zone` VALUES ('3032', '197', 'Saint Helena', 'S', '1');
INSERT INTO `mcc_zone` VALUES ('3034', '199', 'A\'ali an Nil', 'ANL', '1');
INSERT INTO `mcc_zone` VALUES ('3035', '199', 'Al Bahr al Ahmar', 'BAM', '1');
INSERT INTO `mcc_zone` VALUES ('3036', '199', 'Al Buhayrat', 'BRT', '1');
INSERT INTO `mcc_zone` VALUES ('3037', '199', 'Al Jazirah', 'JZR', '1');
INSERT INTO `mcc_zone` VALUES ('3038', '199', 'Al Khartum', 'KRT', '1');
INSERT INTO `mcc_zone` VALUES ('3039', '199', 'Al Qadarif', 'QDR', '1');
INSERT INTO `mcc_zone` VALUES ('3040', '199', 'Al Wahdah', 'WDH', '1');
INSERT INTO `mcc_zone` VALUES ('3041', '199', 'An Nil al Abyad', 'ANB', '1');
INSERT INTO `mcc_zone` VALUES ('3042', '199', 'An Nil al Azraq', 'ANZ', '1');
INSERT INTO `mcc_zone` VALUES ('3043', '199', 'Ash Shamaliyah', 'ASH', '1');
INSERT INTO `mcc_zone` VALUES ('3044', '199', 'Bahr al Jabal', 'BJA', '1');
INSERT INTO `mcc_zone` VALUES ('3045', '199', 'Gharb al Istiwa\'iyah', 'GIS', '1');
INSERT INTO `mcc_zone` VALUES ('3046', '199', 'Gharb Bahr al Ghazal', 'GBG', '1');
INSERT INTO `mcc_zone` VALUES ('3047', '199', 'Gharb Darfur', 'GDA', '1');
INSERT INTO `mcc_zone` VALUES ('3048', '199', 'Gharb Kurdufan', 'GKU', '1');
INSERT INTO `mcc_zone` VALUES ('3049', '199', 'Janub Darfur', 'JDA', '1');
INSERT INTO `mcc_zone` VALUES ('3050', '199', 'Janub Kurdufan', 'JKU', '1');
INSERT INTO `mcc_zone` VALUES ('3051', '199', 'Junqali', 'JQL', '1');
INSERT INTO `mcc_zone` VALUES ('3052', '199', 'Kassala', 'KSL', '1');
INSERT INTO `mcc_zone` VALUES ('3053', '199', 'Nahr an Nil', 'NNL', '1');
INSERT INTO `mcc_zone` VALUES ('3054', '199', 'Shamal Bahr al Ghazal', 'SBG', '1');
INSERT INTO `mcc_zone` VALUES ('3055', '199', 'Shamal Darfur', 'SDA', '1');
INSERT INTO `mcc_zone` VALUES ('3056', '199', 'Shamal Kurdufan', 'SKU', '1');
INSERT INTO `mcc_zone` VALUES ('3057', '199', 'Sharq al Istiwa\'iyah', 'SIS', '1');
INSERT INTO `mcc_zone` VALUES ('3058', '199', 'Sinnar', 'SNR', '1');
INSERT INTO `mcc_zone` VALUES ('3059', '199', 'Warab', 'WRB', '1');
INSERT INTO `mcc_zone` VALUES ('3060', '200', 'Brokopondo', 'BR', '1');
INSERT INTO `mcc_zone` VALUES ('3061', '200', 'Commewijne', 'CM', '1');
INSERT INTO `mcc_zone` VALUES ('3062', '200', 'Coronie', 'CR', '1');
INSERT INTO `mcc_zone` VALUES ('3063', '200', 'Marowijne', 'MA', '1');
INSERT INTO `mcc_zone` VALUES ('3064', '200', 'Nickerie', 'NI', '1');
INSERT INTO `mcc_zone` VALUES ('3065', '200', 'Para', 'PA', '1');
INSERT INTO `mcc_zone` VALUES ('3066', '200', 'Paramaribo', 'PM', '1');
INSERT INTO `mcc_zone` VALUES ('3067', '200', 'Saramacca', 'SA', '1');
INSERT INTO `mcc_zone` VALUES ('3068', '200', 'Sipaliwini', 'SI', '1');
INSERT INTO `mcc_zone` VALUES ('3069', '200', 'Wanica', 'WA', '1');
INSERT INTO `mcc_zone` VALUES ('3070', '202', 'Hhohho', 'H', '1');
INSERT INTO `mcc_zone` VALUES ('3071', '202', 'Lubombo', 'L', '1');
INSERT INTO `mcc_zone` VALUES ('3072', '202', 'Manzini', 'M', '1');
INSERT INTO `mcc_zone` VALUES ('3073', '202', 'Shishelweni', 'S', '1');
INSERT INTO `mcc_zone` VALUES ('3074', '203', 'Blekinge', 'K', '1');
INSERT INTO `mcc_zone` VALUES ('3075', '203', 'Dalarna', 'W', '1');
INSERT INTO `mcc_zone` VALUES ('3076', '203', 'G&auml;vleborg', 'X', '1');
INSERT INTO `mcc_zone` VALUES ('3077', '203', 'Gotland', 'I', '1');
INSERT INTO `mcc_zone` VALUES ('3078', '203', 'Halland', 'N', '1');
INSERT INTO `mcc_zone` VALUES ('3079', '203', 'J&auml;mtland', 'Z', '1');
INSERT INTO `mcc_zone` VALUES ('3080', '203', 'J&ouml;nk&ouml;ping', 'F', '1');
INSERT INTO `mcc_zone` VALUES ('3081', '203', 'Kalmar', 'H', '1');
INSERT INTO `mcc_zone` VALUES ('3082', '203', 'Kronoberg', 'G', '1');
INSERT INTO `mcc_zone` VALUES ('3083', '203', 'Norrbotten', 'BD', '1');
INSERT INTO `mcc_zone` VALUES ('3084', '203', '&Ouml;rebro', 'T', '1');
INSERT INTO `mcc_zone` VALUES ('3085', '203', '&Ouml;sterg&ouml;tland', 'E', '1');
INSERT INTO `mcc_zone` VALUES ('3086', '203', 'Sk&aring;ne', 'M', '1');
INSERT INTO `mcc_zone` VALUES ('3087', '203', 'S&ouml;dermanland', 'D', '1');
INSERT INTO `mcc_zone` VALUES ('3088', '203', 'Stockholm', 'AB', '1');
INSERT INTO `mcc_zone` VALUES ('3089', '203', 'Uppsala', 'C', '1');
INSERT INTO `mcc_zone` VALUES ('3090', '203', 'V&auml;rmland', 'S', '1');
INSERT INTO `mcc_zone` VALUES ('3091', '203', 'V&auml;sterbotten', 'AC', '1');
INSERT INTO `mcc_zone` VALUES ('3092', '203', 'V&auml;sternorrland', 'Y', '1');
INSERT INTO `mcc_zone` VALUES ('3093', '203', 'V&auml;stmanland', 'U', '1');
INSERT INTO `mcc_zone` VALUES ('3094', '203', 'V&auml;stra G&ouml;taland', 'O', '1');
INSERT INTO `mcc_zone` VALUES ('3095', '204', 'Aargau', 'AG', '1');
INSERT INTO `mcc_zone` VALUES ('3096', '204', 'Appenzell Ausserrhoden', 'AR', '1');
INSERT INTO `mcc_zone` VALUES ('3097', '204', 'Appenzell Innerrhoden', 'AI', '1');
INSERT INTO `mcc_zone` VALUES ('3098', '204', 'Basel-Stadt', 'BS', '1');
INSERT INTO `mcc_zone` VALUES ('3099', '204', 'Basel-Landschaft', 'BL', '1');
INSERT INTO `mcc_zone` VALUES ('3100', '204', 'Bern', 'BE', '1');
INSERT INTO `mcc_zone` VALUES ('3101', '204', 'Fribourg', 'FR', '1');
INSERT INTO `mcc_zone` VALUES ('3102', '204', 'Gen&egrave;ve', 'GE', '1');
INSERT INTO `mcc_zone` VALUES ('3103', '204', 'Glarus', 'GL', '1');
INSERT INTO `mcc_zone` VALUES ('3104', '204', 'Graub&uuml;nden', 'GR', '1');
INSERT INTO `mcc_zone` VALUES ('3105', '204', 'Jura', 'JU', '1');
INSERT INTO `mcc_zone` VALUES ('3106', '204', 'Luzern', 'LU', '1');
INSERT INTO `mcc_zone` VALUES ('3107', '204', 'Neuch&acirc;tel', 'NE', '1');
INSERT INTO `mcc_zone` VALUES ('3108', '204', 'Nidwald', 'NW', '1');
INSERT INTO `mcc_zone` VALUES ('3109', '204', 'Obwald', 'OW', '1');
INSERT INTO `mcc_zone` VALUES ('3110', '204', 'St. Gallen', 'SG', '1');
INSERT INTO `mcc_zone` VALUES ('3111', '204', 'Schaffhausen', 'SH', '1');
INSERT INTO `mcc_zone` VALUES ('3112', '204', 'Schwyz', 'SZ', '1');
INSERT INTO `mcc_zone` VALUES ('3113', '204', 'Solothurn', 'SO', '1');
INSERT INTO `mcc_zone` VALUES ('3114', '204', 'Thurgau', 'TG', '1');
INSERT INTO `mcc_zone` VALUES ('3115', '204', 'Ticino', 'TI', '1');
INSERT INTO `mcc_zone` VALUES ('3116', '204', 'Uri', 'UR', '1');
INSERT INTO `mcc_zone` VALUES ('3117', '204', 'Valais', 'VS', '1');
INSERT INTO `mcc_zone` VALUES ('3118', '204', 'Vaud', 'VD', '1');
INSERT INTO `mcc_zone` VALUES ('3119', '204', 'Zug', 'ZG', '1');
INSERT INTO `mcc_zone` VALUES ('3120', '204', 'Z&uuml;rich', 'ZH', '1');
INSERT INTO `mcc_zone` VALUES ('3121', '205', 'Al Hasakah', 'HA', '1');
INSERT INTO `mcc_zone` VALUES ('3122', '205', 'Al Ladhiqiyah', 'LA', '1');
INSERT INTO `mcc_zone` VALUES ('3123', '205', 'Al Qunaytirah', 'QU', '1');
INSERT INTO `mcc_zone` VALUES ('3124', '205', 'Ar Raqqah', 'RQ', '1');
INSERT INTO `mcc_zone` VALUES ('3125', '205', 'As Suwayda', 'SU', '1');
INSERT INTO `mcc_zone` VALUES ('3126', '205', 'Dara', 'DA', '1');
INSERT INTO `mcc_zone` VALUES ('3127', '205', 'Dayr az Zawr', 'DZ', '1');
INSERT INTO `mcc_zone` VALUES ('3128', '205', 'Dimashq', 'DI', '1');
INSERT INTO `mcc_zone` VALUES ('3129', '205', 'Halab', 'HL', '1');
INSERT INTO `mcc_zone` VALUES ('3130', '205', 'Hamah', 'HM', '1');
INSERT INTO `mcc_zone` VALUES ('3131', '205', 'Hims', 'HI', '1');
INSERT INTO `mcc_zone` VALUES ('3132', '205', 'Idlib', 'ID', '1');
INSERT INTO `mcc_zone` VALUES ('3133', '205', 'Rif Dimashq', 'RD', '1');
INSERT INTO `mcc_zone` VALUES ('3134', '205', 'Tartus', 'TA', '1');
INSERT INTO `mcc_zone` VALUES ('3135', '206', 'Chang-hua', 'CH', '1');
INSERT INTO `mcc_zone` VALUES ('3136', '206', 'Chia-i', 'CI', '1');
INSERT INTO `mcc_zone` VALUES ('3137', '206', 'Hsin-chu', 'HS', '1');
INSERT INTO `mcc_zone` VALUES ('3138', '206', 'Hua-lien', 'HL', '1');
INSERT INTO `mcc_zone` VALUES ('3139', '206', 'I-lan', 'IL', '1');
INSERT INTO `mcc_zone` VALUES ('3140', '206', 'Kao-hsiung county', 'KH', '1');
INSERT INTO `mcc_zone` VALUES ('3141', '206', 'Kin-men', 'KM', '1');
INSERT INTO `mcc_zone` VALUES ('3142', '206', 'Lien-chiang', 'LC', '1');
INSERT INTO `mcc_zone` VALUES ('3143', '206', 'Miao-li', 'ML', '1');
INSERT INTO `mcc_zone` VALUES ('3144', '206', 'Nan-t\'ou', 'NT', '1');
INSERT INTO `mcc_zone` VALUES ('3145', '206', 'P\'eng-hu', 'PH', '1');
INSERT INTO `mcc_zone` VALUES ('3146', '206', 'P\'ing-tung', 'PT', '1');
INSERT INTO `mcc_zone` VALUES ('3147', '206', 'T\'ai-chung', 'TG', '1');
INSERT INTO `mcc_zone` VALUES ('3148', '206', 'T\'ai-nan', 'TA', '1');
INSERT INTO `mcc_zone` VALUES ('3149', '206', 'T\'ai-pei county', 'TP', '1');
INSERT INTO `mcc_zone` VALUES ('3150', '206', 'T\'ai-tung', 'TT', '1');
INSERT INTO `mcc_zone` VALUES ('3151', '206', 'T\'ao-yuan', 'TY', '1');
INSERT INTO `mcc_zone` VALUES ('3152', '206', 'Yun-lin', 'YL', '1');
INSERT INTO `mcc_zone` VALUES ('3153', '206', 'Chia-i city', 'CC', '1');
INSERT INTO `mcc_zone` VALUES ('3154', '206', 'Chi-lung', 'CL', '1');
INSERT INTO `mcc_zone` VALUES ('3155', '206', 'Hsin-chu', 'HC', '1');
INSERT INTO `mcc_zone` VALUES ('3156', '206', 'T\'ai-chung', 'TH', '1');
INSERT INTO `mcc_zone` VALUES ('3157', '206', 'T\'ai-nan', 'TN', '1');
INSERT INTO `mcc_zone` VALUES ('3158', '206', 'Kao-hsiung city', 'KC', '1');
INSERT INTO `mcc_zone` VALUES ('3159', '206', 'T\'ai-pei city', 'TC', '1');
INSERT INTO `mcc_zone` VALUES ('3160', '207', 'Gorno-Badakhstan', 'GB', '1');
INSERT INTO `mcc_zone` VALUES ('3161', '207', 'Khatlon', 'KT', '1');
INSERT INTO `mcc_zone` VALUES ('3162', '207', 'Sughd', 'SU', '1');
INSERT INTO `mcc_zone` VALUES ('3163', '208', 'Arusha', 'AR', '1');
INSERT INTO `mcc_zone` VALUES ('3164', '208', 'Dar es Salaam', 'DS', '1');
INSERT INTO `mcc_zone` VALUES ('3165', '208', 'Dodoma', 'DO', '1');
INSERT INTO `mcc_zone` VALUES ('3166', '208', 'Iringa', 'IR', '1');
INSERT INTO `mcc_zone` VALUES ('3167', '208', 'Kagera', 'KA', '1');
INSERT INTO `mcc_zone` VALUES ('3168', '208', 'Kigoma', 'KI', '1');
INSERT INTO `mcc_zone` VALUES ('3169', '208', 'Kilimanjaro', 'KJ', '1');
INSERT INTO `mcc_zone` VALUES ('3170', '208', 'Lindi', 'LN', '1');
INSERT INTO `mcc_zone` VALUES ('3171', '208', 'Manyara', 'MY', '1');
INSERT INTO `mcc_zone` VALUES ('3172', '208', 'Mara', 'MR', '1');
INSERT INTO `mcc_zone` VALUES ('3173', '208', 'Mbeya', 'MB', '1');
INSERT INTO `mcc_zone` VALUES ('3174', '208', 'Morogoro', 'MO', '1');
INSERT INTO `mcc_zone` VALUES ('3175', '208', 'Mtwara', 'MT', '1');
INSERT INTO `mcc_zone` VALUES ('3176', '208', 'Mwanza', 'MW', '1');
INSERT INTO `mcc_zone` VALUES ('3177', '208', 'Pemba North', 'PN', '1');
INSERT INTO `mcc_zone` VALUES ('3178', '208', 'Pemba South', 'PS', '1');
INSERT INTO `mcc_zone` VALUES ('3179', '208', 'Pwani', 'PW', '1');
INSERT INTO `mcc_zone` VALUES ('3180', '208', 'Rukwa', 'RK', '1');
INSERT INTO `mcc_zone` VALUES ('3181', '208', 'Ruvuma', 'RV', '1');
INSERT INTO `mcc_zone` VALUES ('3182', '208', 'Shinyanga', 'SH', '1');
INSERT INTO `mcc_zone` VALUES ('3183', '208', 'Singida', 'SI', '1');
INSERT INTO `mcc_zone` VALUES ('3184', '208', 'Tabora', 'TB', '1');
INSERT INTO `mcc_zone` VALUES ('3185', '208', 'Tanga', 'TN', '1');
INSERT INTO `mcc_zone` VALUES ('3186', '208', 'Zanzibar Central/South', 'ZC', '1');
INSERT INTO `mcc_zone` VALUES ('3187', '208', 'Zanzibar North', 'ZN', '1');
INSERT INTO `mcc_zone` VALUES ('3188', '208', 'Zanzibar Urban/West', 'ZU', '1');
INSERT INTO `mcc_zone` VALUES ('3189', '209', 'Amnat Charoen', 'Amnat Charoen', '1');
INSERT INTO `mcc_zone` VALUES ('3190', '209', 'Ang Thong', 'Ang Thong', '1');
INSERT INTO `mcc_zone` VALUES ('3191', '209', 'Ayutthaya', 'Ayutthaya', '1');
INSERT INTO `mcc_zone` VALUES ('3192', '209', 'Bangkok', 'Bangkok', '1');
INSERT INTO `mcc_zone` VALUES ('3193', '209', 'Buriram', 'Buriram', '1');
INSERT INTO `mcc_zone` VALUES ('3194', '209', 'Chachoengsao', 'Chachoengsao', '1');
INSERT INTO `mcc_zone` VALUES ('3195', '209', 'Chai Nat', 'Chai Nat', '1');
INSERT INTO `mcc_zone` VALUES ('3196', '209', 'Chaiyaphum', 'Chaiyaphum', '1');
INSERT INTO `mcc_zone` VALUES ('3197', '209', 'Chanthaburi', 'Chanthaburi', '1');
INSERT INTO `mcc_zone` VALUES ('3198', '209', 'Chiang Mai', 'Chiang Mai', '1');
INSERT INTO `mcc_zone` VALUES ('3199', '209', 'Chiang Rai', 'Chiang Rai', '1');
INSERT INTO `mcc_zone` VALUES ('3200', '209', 'Chon Buri', 'Chon Buri', '1');
INSERT INTO `mcc_zone` VALUES ('3201', '209', 'Chumphon', 'Chumphon', '1');
INSERT INTO `mcc_zone` VALUES ('3202', '209', 'Kalasin', 'Kalasin', '1');
INSERT INTO `mcc_zone` VALUES ('3203', '209', 'Kamphaeng Phet', 'Kamphaeng Phet', '1');
INSERT INTO `mcc_zone` VALUES ('3204', '209', 'Kanchanaburi', 'Kanchanaburi', '1');
INSERT INTO `mcc_zone` VALUES ('3205', '209', 'Khon Kaen', 'Khon Kaen', '1');
INSERT INTO `mcc_zone` VALUES ('3206', '209', 'Krabi', 'Krabi', '1');
INSERT INTO `mcc_zone` VALUES ('3207', '209', 'Lampang', 'Lampang', '1');
INSERT INTO `mcc_zone` VALUES ('3208', '209', 'Lamphun', 'Lamphun', '1');
INSERT INTO `mcc_zone` VALUES ('3209', '209', 'Loei', 'Loei', '1');
INSERT INTO `mcc_zone` VALUES ('3210', '209', 'Lop Buri', 'Lop Buri', '1');
INSERT INTO `mcc_zone` VALUES ('3211', '209', 'Mae Hong Son', 'Mae Hong Son', '1');
INSERT INTO `mcc_zone` VALUES ('3212', '209', 'Maha Sarakham', 'Maha Sarakham', '1');
INSERT INTO `mcc_zone` VALUES ('3213', '209', 'Mukdahan', 'Mukdahan', '1');
INSERT INTO `mcc_zone` VALUES ('3214', '209', 'Nakhon Nayok', 'Nakhon Nayok', '1');
INSERT INTO `mcc_zone` VALUES ('3215', '209', 'Nakhon Pathom', 'Nakhon Pathom', '1');
INSERT INTO `mcc_zone` VALUES ('3216', '209', 'Nakhon Phanom', 'Nakhon Phanom', '1');
INSERT INTO `mcc_zone` VALUES ('3217', '209', 'Nakhon Ratchasima', 'Nakhon Ratchasima', '1');
INSERT INTO `mcc_zone` VALUES ('3218', '209', 'Nakhon Sawan', 'Nakhon Sawan', '1');
INSERT INTO `mcc_zone` VALUES ('3219', '209', 'Nakhon Si Thammarat', 'Nakhon Si Thammarat', '1');
INSERT INTO `mcc_zone` VALUES ('3220', '209', 'Nan', 'Nan', '1');
INSERT INTO `mcc_zone` VALUES ('3221', '209', 'Narathiwat', 'Narathiwat', '1');
INSERT INTO `mcc_zone` VALUES ('3222', '209', 'Nong Bua Lamphu', 'Nong Bua Lamphu', '1');
INSERT INTO `mcc_zone` VALUES ('3223', '209', 'Nong Khai', 'Nong Khai', '1');
INSERT INTO `mcc_zone` VALUES ('3224', '209', 'Nonthaburi', 'Nonthaburi', '1');
INSERT INTO `mcc_zone` VALUES ('3225', '209', 'Pathum Thani', 'Pathum Thani', '1');
INSERT INTO `mcc_zone` VALUES ('3226', '209', 'Pattani', 'Pattani', '1');
INSERT INTO `mcc_zone` VALUES ('3227', '209', 'Phangnga', 'Phangnga', '1');
INSERT INTO `mcc_zone` VALUES ('3228', '209', 'Phatthalung', 'Phatthalung', '1');
INSERT INTO `mcc_zone` VALUES ('3229', '209', 'Phayao', 'Phayao', '1');
INSERT INTO `mcc_zone` VALUES ('3230', '209', 'Phetchabun', 'Phetchabun', '1');
INSERT INTO `mcc_zone` VALUES ('3231', '209', 'Phetchaburi', 'Phetchaburi', '1');
INSERT INTO `mcc_zone` VALUES ('3232', '209', 'Phichit', 'Phichit', '1');
INSERT INTO `mcc_zone` VALUES ('3233', '209', 'Phitsanulok', 'Phitsanulok', '1');
INSERT INTO `mcc_zone` VALUES ('3234', '209', 'Phrae', 'Phrae', '1');
INSERT INTO `mcc_zone` VALUES ('3235', '209', 'Phuket', 'Phuket', '1');
INSERT INTO `mcc_zone` VALUES ('3236', '209', 'Prachin Buri', 'Prachin Buri', '1');
INSERT INTO `mcc_zone` VALUES ('3237', '209', 'Prachuap Khiri Khan', 'Prachuap Khiri Khan', '1');
INSERT INTO `mcc_zone` VALUES ('3238', '209', 'Ranong', 'Ranong', '1');
INSERT INTO `mcc_zone` VALUES ('3239', '209', 'Ratchaburi', 'Ratchaburi', '1');
INSERT INTO `mcc_zone` VALUES ('3240', '209', 'Rayong', 'Rayong', '1');
INSERT INTO `mcc_zone` VALUES ('3241', '209', 'Roi Et', 'Roi Et', '1');
INSERT INTO `mcc_zone` VALUES ('3242', '209', 'Sa Kaeo', 'Sa Kaeo', '1');
INSERT INTO `mcc_zone` VALUES ('3243', '209', 'Sakon Nakhon', 'Sakon Nakhon', '1');
INSERT INTO `mcc_zone` VALUES ('3244', '209', 'Samut Prakan', 'Samut Prakan', '1');
INSERT INTO `mcc_zone` VALUES ('3245', '209', 'Samut Sakhon', 'Samut Sakhon', '1');
INSERT INTO `mcc_zone` VALUES ('3246', '209', 'Samut Songkhram', 'Samut Songkhram', '1');
INSERT INTO `mcc_zone` VALUES ('3247', '209', 'Sara Buri', 'Sara Buri', '1');
INSERT INTO `mcc_zone` VALUES ('3248', '209', 'Satun', 'Satun', '1');
INSERT INTO `mcc_zone` VALUES ('3249', '209', 'Sing Buri', 'Sing Buri', '1');
INSERT INTO `mcc_zone` VALUES ('3250', '209', 'Sisaket', 'Sisaket', '1');
INSERT INTO `mcc_zone` VALUES ('3251', '209', 'Songkhla', 'Songkhla', '1');
INSERT INTO `mcc_zone` VALUES ('3252', '209', 'Sukhothai', 'Sukhothai', '1');
INSERT INTO `mcc_zone` VALUES ('3253', '209', 'Suphan Buri', 'Suphan Buri', '1');
INSERT INTO `mcc_zone` VALUES ('3254', '209', 'Surat Thani', 'Surat Thani', '1');
INSERT INTO `mcc_zone` VALUES ('3255', '209', 'Surin', 'Surin', '1');
INSERT INTO `mcc_zone` VALUES ('3256', '209', 'Tak', 'Tak', '1');
INSERT INTO `mcc_zone` VALUES ('3257', '209', 'Trang', 'Trang', '1');
INSERT INTO `mcc_zone` VALUES ('3258', '209', 'Trat', 'Trat', '1');
INSERT INTO `mcc_zone` VALUES ('3259', '209', 'Ubon Ratchathani', 'Ubon Ratchathani', '1');
INSERT INTO `mcc_zone` VALUES ('3260', '209', 'Udon Thani', 'Udon Thani', '1');
INSERT INTO `mcc_zone` VALUES ('3261', '209', 'Uthai Thani', 'Uthai Thani', '1');
INSERT INTO `mcc_zone` VALUES ('3262', '209', 'Uttaradit', 'Uttaradit', '1');
INSERT INTO `mcc_zone` VALUES ('3263', '209', 'Yala', 'Yala', '1');
INSERT INTO `mcc_zone` VALUES ('3264', '209', 'Yasothon', 'Yasothon', '1');
INSERT INTO `mcc_zone` VALUES ('3265', '210', 'Kara', 'K', '1');
INSERT INTO `mcc_zone` VALUES ('3266', '210', 'Plateaux', 'P', '1');
INSERT INTO `mcc_zone` VALUES ('3267', '210', 'Savanes', 'S', '1');
INSERT INTO `mcc_zone` VALUES ('3268', '210', 'Centrale', 'C', '1');
INSERT INTO `mcc_zone` VALUES ('3269', '210', 'Maritime', 'M', '1');
INSERT INTO `mcc_zone` VALUES ('3270', '211', 'Atafu', 'A', '1');
INSERT INTO `mcc_zone` VALUES ('3271', '211', 'Fakaofo', 'F', '1');
INSERT INTO `mcc_zone` VALUES ('3272', '211', 'Nukunonu', 'N', '1');
INSERT INTO `mcc_zone` VALUES ('3273', '212', 'Ha\'apai', 'H', '1');
INSERT INTO `mcc_zone` VALUES ('3274', '212', 'Tongatapu', 'T', '1');
INSERT INTO `mcc_zone` VALUES ('3275', '212', 'Vava\'u', 'V', '1');
INSERT INTO `mcc_zone` VALUES ('3276', '213', 'Couva/Tabaquite/Talparo', 'CT', '1');
INSERT INTO `mcc_zone` VALUES ('3277', '213', 'Diego Martin', 'DM', '1');
INSERT INTO `mcc_zone` VALUES ('3278', '213', 'Mayaro/Rio Claro', 'MR', '1');
INSERT INTO `mcc_zone` VALUES ('3279', '213', 'Penal/Debe', 'PD', '1');
INSERT INTO `mcc_zone` VALUES ('3280', '213', 'Princes Town', 'PT', '1');
INSERT INTO `mcc_zone` VALUES ('3281', '213', 'Sangre Grande', 'SG', '1');
INSERT INTO `mcc_zone` VALUES ('3282', '213', 'San Juan/Laventille', 'SL', '1');
INSERT INTO `mcc_zone` VALUES ('3283', '213', 'Siparia', 'SI', '1');
INSERT INTO `mcc_zone` VALUES ('3284', '213', 'Tunapuna/Piarco', 'TP', '1');
INSERT INTO `mcc_zone` VALUES ('3285', '213', 'Port of Spain', 'PS', '1');
INSERT INTO `mcc_zone` VALUES ('3286', '213', 'San Fernando', 'SF', '1');
INSERT INTO `mcc_zone` VALUES ('3287', '213', 'Arima', 'AR', '1');
INSERT INTO `mcc_zone` VALUES ('3288', '213', 'Point Fortin', 'PF', '1');
INSERT INTO `mcc_zone` VALUES ('3289', '213', 'Chaguanas', 'CH', '1');
INSERT INTO `mcc_zone` VALUES ('3290', '213', 'Tobago', 'TO', '1');
INSERT INTO `mcc_zone` VALUES ('3291', '214', 'Ariana', 'AR', '1');
INSERT INTO `mcc_zone` VALUES ('3292', '214', 'Beja', 'BJ', '1');
INSERT INTO `mcc_zone` VALUES ('3293', '214', 'Ben Arous', 'BA', '1');
INSERT INTO `mcc_zone` VALUES ('3294', '214', 'Bizerte', 'BI', '1');
INSERT INTO `mcc_zone` VALUES ('3295', '214', 'Gabes', 'GB', '1');
INSERT INTO `mcc_zone` VALUES ('3296', '214', 'Gafsa', 'GF', '1');
INSERT INTO `mcc_zone` VALUES ('3297', '214', 'Jendouba', 'JE', '1');
INSERT INTO `mcc_zone` VALUES ('3298', '214', 'Kairouan', 'KR', '1');
INSERT INTO `mcc_zone` VALUES ('3299', '214', 'Kasserine', 'KS', '1');
INSERT INTO `mcc_zone` VALUES ('3300', '214', 'Kebili', 'KB', '1');
INSERT INTO `mcc_zone` VALUES ('3301', '214', 'Kef', 'KF', '1');
INSERT INTO `mcc_zone` VALUES ('3302', '214', 'Mahdia', 'MH', '1');
INSERT INTO `mcc_zone` VALUES ('3303', '214', 'Manouba', 'MN', '1');
INSERT INTO `mcc_zone` VALUES ('3304', '214', 'Medenine', 'ME', '1');
INSERT INTO `mcc_zone` VALUES ('3305', '214', 'Monastir', 'MO', '1');
INSERT INTO `mcc_zone` VALUES ('3306', '214', 'Nabeul', 'NA', '1');
INSERT INTO `mcc_zone` VALUES ('3307', '214', 'Sfax', 'SF', '1');
INSERT INTO `mcc_zone` VALUES ('3308', '214', 'Sidi', 'SD', '1');
INSERT INTO `mcc_zone` VALUES ('3309', '214', 'Siliana', 'SL', '1');
INSERT INTO `mcc_zone` VALUES ('3310', '214', 'Sousse', 'SO', '1');
INSERT INTO `mcc_zone` VALUES ('3311', '214', 'Tataouine', 'TA', '1');
INSERT INTO `mcc_zone` VALUES ('3312', '214', 'Tozeur', 'TO', '1');
INSERT INTO `mcc_zone` VALUES ('3313', '214', 'Tunis', 'TU', '1');
INSERT INTO `mcc_zone` VALUES ('3314', '214', 'Zaghouan', 'ZA', '1');
INSERT INTO `mcc_zone` VALUES ('3315', '215', 'Adana', 'ADA', '1');
INSERT INTO `mcc_zone` VALUES ('3316', '215', 'Adıyaman', 'ADI', '1');
INSERT INTO `mcc_zone` VALUES ('3317', '215', 'Afyonkarahisar', 'AFY', '1');
INSERT INTO `mcc_zone` VALUES ('3318', '215', 'Ağrı', 'AGR', '1');
INSERT INTO `mcc_zone` VALUES ('3319', '215', 'Aksaray', 'AKS', '1');
INSERT INTO `mcc_zone` VALUES ('3320', '215', 'Amasya', 'AMA', '1');
INSERT INTO `mcc_zone` VALUES ('3321', '215', 'Ankara', 'ANK', '1');
INSERT INTO `mcc_zone` VALUES ('3322', '215', 'Antalya', 'ANT', '1');
INSERT INTO `mcc_zone` VALUES ('3323', '215', 'Ardahan', 'ARD', '1');
INSERT INTO `mcc_zone` VALUES ('3324', '215', 'Artvin', 'ART', '1');
INSERT INTO `mcc_zone` VALUES ('3325', '215', 'Aydın', 'AYI', '1');
INSERT INTO `mcc_zone` VALUES ('3326', '215', 'Balıkesir', 'BAL', '1');
INSERT INTO `mcc_zone` VALUES ('3327', '215', 'Bartın', 'BAR', '1');
INSERT INTO `mcc_zone` VALUES ('3328', '215', 'Batman', 'BAT', '1');
INSERT INTO `mcc_zone` VALUES ('3329', '215', 'Bayburt', 'BAY', '1');
INSERT INTO `mcc_zone` VALUES ('3330', '215', 'Bilecik', 'BIL', '1');
INSERT INTO `mcc_zone` VALUES ('3331', '215', 'Bingöl', 'BIN', '1');
INSERT INTO `mcc_zone` VALUES ('3332', '215', 'Bitlis', 'BIT', '1');
INSERT INTO `mcc_zone` VALUES ('3333', '215', 'Bolu', 'BOL', '1');
INSERT INTO `mcc_zone` VALUES ('3334', '215', 'Burdur', 'BRD', '1');
INSERT INTO `mcc_zone` VALUES ('3335', '215', 'Bursa', 'BRS', '1');
INSERT INTO `mcc_zone` VALUES ('3336', '215', 'Çanakkale', 'CKL', '1');
INSERT INTO `mcc_zone` VALUES ('3337', '215', 'Çankırı', 'CKR', '1');
INSERT INTO `mcc_zone` VALUES ('3338', '215', 'Çorum', 'COR', '1');
INSERT INTO `mcc_zone` VALUES ('3339', '215', 'Denizli', 'DEN', '1');
INSERT INTO `mcc_zone` VALUES ('3340', '215', 'Diyarbakır', 'DIY', '1');
INSERT INTO `mcc_zone` VALUES ('3341', '215', 'Düzce', 'DUZ', '1');
INSERT INTO `mcc_zone` VALUES ('3342', '215', 'Edirne', 'EDI', '1');
INSERT INTO `mcc_zone` VALUES ('3343', '215', 'Elazığ', 'ELA', '1');
INSERT INTO `mcc_zone` VALUES ('3344', '215', 'Erzincan', 'EZC', '1');
INSERT INTO `mcc_zone` VALUES ('3345', '215', 'Erzurum', 'EZR', '1');
INSERT INTO `mcc_zone` VALUES ('3346', '215', 'Eskişehir', 'ESK', '1');
INSERT INTO `mcc_zone` VALUES ('3347', '215', 'Gaziantep', 'GAZ', '1');
INSERT INTO `mcc_zone` VALUES ('3348', '215', 'Giresun', 'GIR', '1');
INSERT INTO `mcc_zone` VALUES ('3349', '215', 'Gümüşhane', 'GMS', '1');
INSERT INTO `mcc_zone` VALUES ('3350', '215', 'Hakkari', 'HKR', '1');
INSERT INTO `mcc_zone` VALUES ('3351', '215', 'Hatay', 'HTY', '1');
INSERT INTO `mcc_zone` VALUES ('3352', '215', 'Iğdır', 'IGD', '1');
INSERT INTO `mcc_zone` VALUES ('3353', '215', 'Isparta', 'ISP', '1');
INSERT INTO `mcc_zone` VALUES ('3354', '215', 'İstanbul', 'IST', '1');
INSERT INTO `mcc_zone` VALUES ('3355', '215', 'İzmir', 'IZM', '1');
INSERT INTO `mcc_zone` VALUES ('3356', '215', 'Kahramanmaraş', 'KAH', '1');
INSERT INTO `mcc_zone` VALUES ('3357', '215', 'Karabük', 'KRB', '1');
INSERT INTO `mcc_zone` VALUES ('3358', '215', 'Karaman', 'KRM', '1');
INSERT INTO `mcc_zone` VALUES ('3359', '215', 'Kars', 'KRS', '1');
INSERT INTO `mcc_zone` VALUES ('3360', '215', 'Kastamonu', 'KAS', '1');
INSERT INTO `mcc_zone` VALUES ('3361', '215', 'Kayseri', 'KAY', '1');
INSERT INTO `mcc_zone` VALUES ('3362', '215', 'Kilis', 'KLS', '1');
INSERT INTO `mcc_zone` VALUES ('3363', '215', 'Kırıkkale', 'KRK', '1');
INSERT INTO `mcc_zone` VALUES ('3364', '215', 'Kırklareli', 'KLR', '1');
INSERT INTO `mcc_zone` VALUES ('3365', '215', 'Kırşehir', 'KRH', '1');
INSERT INTO `mcc_zone` VALUES ('3366', '215', 'Kocaeli', 'KOC', '1');
INSERT INTO `mcc_zone` VALUES ('3367', '215', 'Konya', 'KON', '1');
INSERT INTO `mcc_zone` VALUES ('3368', '215', 'Kütahya', 'KUT', '1');
INSERT INTO `mcc_zone` VALUES ('3369', '215', 'Malatya', 'MAL', '1');
INSERT INTO `mcc_zone` VALUES ('3370', '215', 'Manisa', 'MAN', '1');
INSERT INTO `mcc_zone` VALUES ('3371', '215', 'Mardin', 'MAR', '1');
INSERT INTO `mcc_zone` VALUES ('3372', '215', 'Mersin', 'MER', '1');
INSERT INTO `mcc_zone` VALUES ('3373', '215', 'Muğla', 'MUG', '1');
INSERT INTO `mcc_zone` VALUES ('3374', '215', 'Muş', 'MUS', '1');
INSERT INTO `mcc_zone` VALUES ('3375', '215', 'Nevşehir', 'NEV', '1');
INSERT INTO `mcc_zone` VALUES ('3376', '215', 'Niğde', 'NIG', '1');
INSERT INTO `mcc_zone` VALUES ('3377', '215', 'Ordu', 'ORD', '1');
INSERT INTO `mcc_zone` VALUES ('3378', '215', 'Osmaniye', 'OSM', '1');
INSERT INTO `mcc_zone` VALUES ('3379', '215', 'Rize', 'RIZ', '1');
INSERT INTO `mcc_zone` VALUES ('3380', '215', 'Sakarya', 'SAK', '1');
INSERT INTO `mcc_zone` VALUES ('3381', '215', 'Samsun', 'SAM', '1');
INSERT INTO `mcc_zone` VALUES ('3382', '215', 'Şanlıurfa', 'SAN', '1');
INSERT INTO `mcc_zone` VALUES ('3383', '215', 'Siirt', 'SII', '1');
INSERT INTO `mcc_zone` VALUES ('3384', '215', 'Sinop', 'SIN', '1');
INSERT INTO `mcc_zone` VALUES ('3385', '215', 'Şırnak', 'SIR', '1');
INSERT INTO `mcc_zone` VALUES ('3386', '215', 'Sivas', 'SIV', '1');
INSERT INTO `mcc_zone` VALUES ('3387', '215', 'Tekirdağ', 'TEL', '1');
INSERT INTO `mcc_zone` VALUES ('3388', '215', 'Tokat', 'TOK', '1');
INSERT INTO `mcc_zone` VALUES ('3389', '215', 'Trabzon', 'TRA', '1');
INSERT INTO `mcc_zone` VALUES ('3390', '215', 'Tunceli', 'TUN', '1');
INSERT INTO `mcc_zone` VALUES ('3391', '215', 'Uşak', 'USK', '1');
INSERT INTO `mcc_zone` VALUES ('3392', '215', 'Van', 'VAN', '1');
INSERT INTO `mcc_zone` VALUES ('3393', '215', 'Yalova', 'YAL', '1');
INSERT INTO `mcc_zone` VALUES ('3394', '215', 'Yozgat', 'YOZ', '1');
INSERT INTO `mcc_zone` VALUES ('3395', '215', 'Zonguldak', 'ZON', '1');
INSERT INTO `mcc_zone` VALUES ('3396', '216', 'Ahal Welayaty', 'A', '1');
INSERT INTO `mcc_zone` VALUES ('3397', '216', 'Balkan Welayaty', 'B', '1');
INSERT INTO `mcc_zone` VALUES ('3398', '216', 'Dashhowuz Welayaty', 'D', '1');
INSERT INTO `mcc_zone` VALUES ('3399', '216', 'Lebap Welayaty', 'L', '1');
INSERT INTO `mcc_zone` VALUES ('3400', '216', 'Mary Welayaty', 'M', '1');
INSERT INTO `mcc_zone` VALUES ('3401', '217', 'Ambergris Cays', 'AC', '1');
INSERT INTO `mcc_zone` VALUES ('3402', '217', 'Dellis Cay', 'DC', '1');
INSERT INTO `mcc_zone` VALUES ('3403', '217', 'French Cay', 'FC', '1');
INSERT INTO `mcc_zone` VALUES ('3404', '217', 'Little Water Cay', 'LW', '1');
INSERT INTO `mcc_zone` VALUES ('3405', '217', 'Parrot Cay', 'RC', '1');
INSERT INTO `mcc_zone` VALUES ('3406', '217', 'Pine Cay', 'PN', '1');
INSERT INTO `mcc_zone` VALUES ('3407', '217', 'Salt Cay', 'SL', '1');
INSERT INTO `mcc_zone` VALUES ('3408', '217', 'Grand Turk', 'GT', '1');
INSERT INTO `mcc_zone` VALUES ('3409', '217', 'South Caicos', 'SC', '1');
INSERT INTO `mcc_zone` VALUES ('3410', '217', 'East Caicos', 'EC', '1');
INSERT INTO `mcc_zone` VALUES ('3411', '217', 'Middle Caicos', 'MC', '1');
INSERT INTO `mcc_zone` VALUES ('3412', '217', 'North Caicos', 'NC', '1');
INSERT INTO `mcc_zone` VALUES ('3413', '217', 'Providenciales', 'PR', '1');
INSERT INTO `mcc_zone` VALUES ('3414', '217', 'West Caicos', 'WC', '1');
INSERT INTO `mcc_zone` VALUES ('3415', '218', 'Nanumanga', 'NMG', '1');
INSERT INTO `mcc_zone` VALUES ('3416', '218', 'Niulakita', 'NLK', '1');
INSERT INTO `mcc_zone` VALUES ('3417', '218', 'Niutao', 'NTO', '1');
INSERT INTO `mcc_zone` VALUES ('3418', '218', 'Funafuti', 'FUN', '1');
INSERT INTO `mcc_zone` VALUES ('3419', '218', 'Nanumea', 'NME', '1');
INSERT INTO `mcc_zone` VALUES ('3420', '218', 'Nui', 'NUI', '1');
INSERT INTO `mcc_zone` VALUES ('3421', '218', 'Nukufetau', 'NFT', '1');
INSERT INTO `mcc_zone` VALUES ('3422', '218', 'Nukulaelae', 'NLL', '1');
INSERT INTO `mcc_zone` VALUES ('3423', '218', 'Vaitupu', 'VAI', '1');
INSERT INTO `mcc_zone` VALUES ('3424', '219', 'Kalangala', 'KAL', '1');
INSERT INTO `mcc_zone` VALUES ('3425', '219', 'Kampala', 'KMP', '1');
INSERT INTO `mcc_zone` VALUES ('3426', '219', 'Kayunga', 'KAY', '1');
INSERT INTO `mcc_zone` VALUES ('3427', '219', 'Kiboga', 'KIB', '1');
INSERT INTO `mcc_zone` VALUES ('3428', '219', 'Luwero', 'LUW', '1');
INSERT INTO `mcc_zone` VALUES ('3429', '219', 'Masaka', 'MAS', '1');
INSERT INTO `mcc_zone` VALUES ('3430', '219', 'Mpigi', 'MPI', '1');
INSERT INTO `mcc_zone` VALUES ('3431', '219', 'Mubende', 'MUB', '1');
INSERT INTO `mcc_zone` VALUES ('3432', '219', 'Mukono', 'MUK', '1');
INSERT INTO `mcc_zone` VALUES ('3433', '219', 'Nakasongola', 'NKS', '1');
INSERT INTO `mcc_zone` VALUES ('3434', '219', 'Rakai', 'RAK', '1');
INSERT INTO `mcc_zone` VALUES ('3435', '219', 'Sembabule', 'SEM', '1');
INSERT INTO `mcc_zone` VALUES ('3436', '219', 'Wakiso', 'WAK', '1');
INSERT INTO `mcc_zone` VALUES ('3437', '219', 'Bugiri', 'BUG', '1');
INSERT INTO `mcc_zone` VALUES ('3438', '219', 'Busia', 'BUS', '1');
INSERT INTO `mcc_zone` VALUES ('3439', '219', 'Iganga', 'IGA', '1');
INSERT INTO `mcc_zone` VALUES ('3440', '219', 'Jinja', 'JIN', '1');
INSERT INTO `mcc_zone` VALUES ('3441', '219', 'Kaberamaido', 'KAB', '1');
INSERT INTO `mcc_zone` VALUES ('3442', '219', 'Kamuli', 'KML', '1');
INSERT INTO `mcc_zone` VALUES ('3443', '219', 'Kapchorwa', 'KPC', '1');
INSERT INTO `mcc_zone` VALUES ('3444', '219', 'Katakwi', 'KTK', '1');
INSERT INTO `mcc_zone` VALUES ('3445', '219', 'Kumi', 'KUM', '1');
INSERT INTO `mcc_zone` VALUES ('3446', '219', 'Mayuge', 'MAY', '1');
INSERT INTO `mcc_zone` VALUES ('3447', '219', 'Mbale', 'MBA', '1');
INSERT INTO `mcc_zone` VALUES ('3448', '219', 'Pallisa', 'PAL', '1');
INSERT INTO `mcc_zone` VALUES ('3449', '219', 'Sironko', 'SIR', '1');
INSERT INTO `mcc_zone` VALUES ('3450', '219', 'Soroti', 'SOR', '1');
INSERT INTO `mcc_zone` VALUES ('3451', '219', 'Tororo', 'TOR', '1');
INSERT INTO `mcc_zone` VALUES ('3452', '219', 'Adjumani', 'ADJ', '1');
INSERT INTO `mcc_zone` VALUES ('3453', '219', 'Apac', 'APC', '1');
INSERT INTO `mcc_zone` VALUES ('3454', '219', 'Arua', 'ARU', '1');
INSERT INTO `mcc_zone` VALUES ('3455', '219', 'Gulu', 'GUL', '1');
INSERT INTO `mcc_zone` VALUES ('3456', '219', 'Kitgum', 'KIT', '1');
INSERT INTO `mcc_zone` VALUES ('3457', '219', 'Kotido', 'KOT', '1');
INSERT INTO `mcc_zone` VALUES ('3458', '219', 'Lira', 'LIR', '1');
INSERT INTO `mcc_zone` VALUES ('3459', '219', 'Moroto', 'MRT', '1');
INSERT INTO `mcc_zone` VALUES ('3460', '219', 'Moyo', 'MOY', '1');
INSERT INTO `mcc_zone` VALUES ('3461', '219', 'Nakapiripirit', 'NAK', '1');
INSERT INTO `mcc_zone` VALUES ('3462', '219', 'Nebbi', 'NEB', '1');
INSERT INTO `mcc_zone` VALUES ('3463', '219', 'Pader', 'PAD', '1');
INSERT INTO `mcc_zone` VALUES ('3464', '219', 'Yumbe', 'YUM', '1');
INSERT INTO `mcc_zone` VALUES ('3465', '219', 'Bundibugyo', 'BUN', '1');
INSERT INTO `mcc_zone` VALUES ('3466', '219', 'Bushenyi', 'BSH', '1');
INSERT INTO `mcc_zone` VALUES ('3467', '219', 'Hoima', 'HOI', '1');
INSERT INTO `mcc_zone` VALUES ('3468', '219', 'Kabale', 'KBL', '1');
INSERT INTO `mcc_zone` VALUES ('3469', '219', 'Kabarole', 'KAR', '1');
INSERT INTO `mcc_zone` VALUES ('3470', '219', 'Kamwenge', 'KAM', '1');
INSERT INTO `mcc_zone` VALUES ('3471', '219', 'Kanungu', 'KAN', '1');
INSERT INTO `mcc_zone` VALUES ('3472', '219', 'Kasese', 'KAS', '1');
INSERT INTO `mcc_zone` VALUES ('3473', '219', 'Kibaale', 'KBA', '1');
INSERT INTO `mcc_zone` VALUES ('3474', '219', 'Kisoro', 'KIS', '1');
INSERT INTO `mcc_zone` VALUES ('3475', '219', 'Kyenjojo', 'KYE', '1');
INSERT INTO `mcc_zone` VALUES ('3476', '219', 'Masindi', 'MSN', '1');
INSERT INTO `mcc_zone` VALUES ('3477', '219', 'Mbarara', 'MBR', '1');
INSERT INTO `mcc_zone` VALUES ('3478', '219', 'Ntungamo', 'NTU', '1');
INSERT INTO `mcc_zone` VALUES ('3479', '219', 'Rukungiri', 'RUK', '1');
INSERT INTO `mcc_zone` VALUES ('3480', '220', 'Cherkas\'ka Oblast\'', '71', '1');
INSERT INTO `mcc_zone` VALUES ('3481', '220', 'Chernihivs\'ka Oblast\'', '74', '1');
INSERT INTO `mcc_zone` VALUES ('3482', '220', 'Chernivets\'ka Oblast\'', '77', '1');
INSERT INTO `mcc_zone` VALUES ('3483', '220', 'Crimea', '43', '1');
INSERT INTO `mcc_zone` VALUES ('3484', '220', 'Dnipropetrovs\'ka Oblast\'', '12', '1');
INSERT INTO `mcc_zone` VALUES ('3485', '220', 'Donets\'ka Oblast\'', '14', '1');
INSERT INTO `mcc_zone` VALUES ('3486', '220', 'Ivano-Frankivs\'ka Oblast\'', '26', '1');
INSERT INTO `mcc_zone` VALUES ('3487', '220', 'Khersons\'ka Oblast\'', '65', '1');
INSERT INTO `mcc_zone` VALUES ('3488', '220', 'Khmel\'nyts\'ka Oblast\'', '68', '1');
INSERT INTO `mcc_zone` VALUES ('3489', '220', 'Kirovohrads\'ka Oblast\'', '35', '1');
INSERT INTO `mcc_zone` VALUES ('3490', '220', 'Kyiv', '30', '1');
INSERT INTO `mcc_zone` VALUES ('3491', '220', 'Kyivs\'ka Oblast\'', '32', '1');
INSERT INTO `mcc_zone` VALUES ('3492', '220', 'Luhans\'ka Oblast\'', '09', '1');
INSERT INTO `mcc_zone` VALUES ('3493', '220', 'L\'vivs\'ka Oblast\'', '46', '1');
INSERT INTO `mcc_zone` VALUES ('3494', '220', 'Mykolayivs\'ka Oblast\'', '48', '1');
INSERT INTO `mcc_zone` VALUES ('3495', '220', 'Odes\'ka Oblast\'', '51', '1');
INSERT INTO `mcc_zone` VALUES ('3496', '220', 'Poltavs\'ka Oblast\'', '53', '1');
INSERT INTO `mcc_zone` VALUES ('3497', '220', 'Rivnens\'ka Oblast\'', '56', '1');
INSERT INTO `mcc_zone` VALUES ('3498', '220', 'Sevastopol\'', '40', '1');
INSERT INTO `mcc_zone` VALUES ('3499', '220', 'Sums\'ka Oblast\'', '59', '1');
INSERT INTO `mcc_zone` VALUES ('3500', '220', 'Ternopil\'s\'ka Oblast\'', '61', '1');
INSERT INTO `mcc_zone` VALUES ('3501', '220', 'Vinnyts\'ka Oblast\'', '05', '1');
INSERT INTO `mcc_zone` VALUES ('3502', '220', 'Volyns\'ka Oblast\'', '07', '1');
INSERT INTO `mcc_zone` VALUES ('3503', '220', 'Zakarpats\'ka Oblast\'', '21', '1');
INSERT INTO `mcc_zone` VALUES ('3504', '220', 'Zaporiz\'ka Oblast\'', '23', '1');
INSERT INTO `mcc_zone` VALUES ('3505', '220', 'Zhytomyrs\'ka oblast\'', '18', '1');
INSERT INTO `mcc_zone` VALUES ('3506', '221', 'Abu Zaby', 'AZ', '1');
INSERT INTO `mcc_zone` VALUES ('3507', '221', '\'Ajman', 'AJ', '1');
INSERT INTO `mcc_zone` VALUES ('3508', '221', 'Al Fujayrah', 'FU', '1');
INSERT INTO `mcc_zone` VALUES ('3509', '221', 'Ash Shariqah', 'SH', '1');
INSERT INTO `mcc_zone` VALUES ('3510', '221', 'Dubayy', 'DU', '1');
INSERT INTO `mcc_zone` VALUES ('3511', '221', 'R\'as al Khaymah', 'RK', '1');
INSERT INTO `mcc_zone` VALUES ('3512', '221', 'Umm al Qaywayn', 'UQ', '1');
INSERT INTO `mcc_zone` VALUES ('3513', '222', 'Aberdeen', 'ABN', '1');
INSERT INTO `mcc_zone` VALUES ('3514', '222', 'Aberdeenshire', 'ABNS', '1');
INSERT INTO `mcc_zone` VALUES ('3515', '222', 'Anglesey', 'ANG', '1');
INSERT INTO `mcc_zone` VALUES ('3516', '222', 'Angus', 'AGS', '1');
INSERT INTO `mcc_zone` VALUES ('3517', '222', 'Argyll and Bute', 'ARY', '1');
INSERT INTO `mcc_zone` VALUES ('3518', '222', 'Bedfordshire', 'BEDS', '1');
INSERT INTO `mcc_zone` VALUES ('3519', '222', 'Berkshire', 'BERKS', '1');
INSERT INTO `mcc_zone` VALUES ('3520', '222', 'Blaenau Gwent', 'BLA', '1');
INSERT INTO `mcc_zone` VALUES ('3521', '222', 'Bridgend', 'BRI', '1');
INSERT INTO `mcc_zone` VALUES ('3522', '222', 'Bristol', 'BSTL', '1');
INSERT INTO `mcc_zone` VALUES ('3523', '222', 'Buckinghamshire', 'BUCKS', '1');
INSERT INTO `mcc_zone` VALUES ('3524', '222', 'Caerphilly', 'CAE', '1');
INSERT INTO `mcc_zone` VALUES ('3525', '222', 'Cambridgeshire', 'CAMBS', '1');
INSERT INTO `mcc_zone` VALUES ('3526', '222', 'Cardiff', 'CDF', '1');
INSERT INTO `mcc_zone` VALUES ('3527', '222', 'Carmarthenshire', 'CARM', '1');
INSERT INTO `mcc_zone` VALUES ('3528', '222', 'Ceredigion', 'CDGN', '1');
INSERT INTO `mcc_zone` VALUES ('3529', '222', 'Cheshire', 'CHES', '1');
INSERT INTO `mcc_zone` VALUES ('3530', '222', 'Clackmannanshire', 'CLACK', '1');
INSERT INTO `mcc_zone` VALUES ('3531', '222', 'Conwy', 'CON', '1');
INSERT INTO `mcc_zone` VALUES ('3532', '222', 'Cornwall', 'CORN', '1');
INSERT INTO `mcc_zone` VALUES ('3533', '222', 'Denbighshire', 'DNBG', '1');
INSERT INTO `mcc_zone` VALUES ('3534', '222', 'Derbyshire', 'DERBY', '1');
INSERT INTO `mcc_zone` VALUES ('3535', '222', 'Devon', 'DVN', '1');
INSERT INTO `mcc_zone` VALUES ('3536', '222', 'Dorset', 'DOR', '1');
INSERT INTO `mcc_zone` VALUES ('3537', '222', 'Dumfries and Galloway', 'DGL', '1');
INSERT INTO `mcc_zone` VALUES ('3538', '222', 'Dundee', 'DUND', '1');
INSERT INTO `mcc_zone` VALUES ('3539', '222', 'Durham', 'DHM', '1');
INSERT INTO `mcc_zone` VALUES ('3540', '222', 'East Ayrshire', 'ARYE', '1');
INSERT INTO `mcc_zone` VALUES ('3541', '222', 'East Dunbartonshire', 'DUNBE', '1');
INSERT INTO `mcc_zone` VALUES ('3542', '222', 'East Lothian', 'LOTE', '1');
INSERT INTO `mcc_zone` VALUES ('3543', '222', 'East Renfrewshire', 'RENE', '1');
INSERT INTO `mcc_zone` VALUES ('3544', '222', 'East Riding of Yorkshire', 'ERYS', '1');
INSERT INTO `mcc_zone` VALUES ('3545', '222', 'East Sussex', 'SXE', '1');
INSERT INTO `mcc_zone` VALUES ('3546', '222', 'Edinburgh', 'EDIN', '1');
INSERT INTO `mcc_zone` VALUES ('3547', '222', 'Essex', 'ESX', '1');
INSERT INTO `mcc_zone` VALUES ('3548', '222', 'Falkirk', 'FALK', '1');
INSERT INTO `mcc_zone` VALUES ('3549', '222', 'Fife', 'FFE', '1');
INSERT INTO `mcc_zone` VALUES ('3550', '222', 'Flintshire', 'FLINT', '1');
INSERT INTO `mcc_zone` VALUES ('3551', '222', 'Glasgow', 'GLAS', '1');
INSERT INTO `mcc_zone` VALUES ('3552', '222', 'Gloucestershire', 'GLOS', '1');
INSERT INTO `mcc_zone` VALUES ('3553', '222', 'Greater London', 'LDN', '1');
INSERT INTO `mcc_zone` VALUES ('3554', '222', 'Greater Manchester', 'MCH', '1');
INSERT INTO `mcc_zone` VALUES ('3555', '222', 'Gwynedd', 'GDD', '1');
INSERT INTO `mcc_zone` VALUES ('3556', '222', 'Hampshire', 'HANTS', '1');
INSERT INTO `mcc_zone` VALUES ('3557', '222', 'Herefordshire', 'HWR', '1');
INSERT INTO `mcc_zone` VALUES ('3558', '222', 'Hertfordshire', 'HERTS', '1');
INSERT INTO `mcc_zone` VALUES ('3559', '222', 'Highlands', 'HLD', '1');
INSERT INTO `mcc_zone` VALUES ('3560', '222', 'Inverclyde', 'IVER', '1');
INSERT INTO `mcc_zone` VALUES ('3561', '222', 'Isle of Wight', 'IOW', '1');
INSERT INTO `mcc_zone` VALUES ('3562', '222', 'Kent', 'KNT', '1');
INSERT INTO `mcc_zone` VALUES ('3563', '222', 'Lancashire', 'LANCS', '1');
INSERT INTO `mcc_zone` VALUES ('3564', '222', 'Leicestershire', 'LEICS', '1');
INSERT INTO `mcc_zone` VALUES ('3565', '222', 'Lincolnshire', 'LINCS', '1');
INSERT INTO `mcc_zone` VALUES ('3566', '222', 'Merseyside', 'MSY', '1');
INSERT INTO `mcc_zone` VALUES ('3567', '222', 'Merthyr Tydfil', 'MERT', '1');
INSERT INTO `mcc_zone` VALUES ('3568', '222', 'Midlothian', 'MLOT', '1');
INSERT INTO `mcc_zone` VALUES ('3569', '222', 'Monmouthshire', 'MMOUTH', '1');
INSERT INTO `mcc_zone` VALUES ('3570', '222', 'Moray', 'MORAY', '1');
INSERT INTO `mcc_zone` VALUES ('3571', '222', 'Neath Port Talbot', 'NPRTAL', '1');
INSERT INTO `mcc_zone` VALUES ('3572', '222', 'Newport', 'NEWPT', '1');
INSERT INTO `mcc_zone` VALUES ('3573', '222', 'Norfolk', 'NOR', '1');
INSERT INTO `mcc_zone` VALUES ('3574', '222', 'North Ayrshire', 'ARYN', '1');
INSERT INTO `mcc_zone` VALUES ('3575', '222', 'North Lanarkshire', 'LANN', '1');
INSERT INTO `mcc_zone` VALUES ('3576', '222', 'North Yorkshire', 'YSN', '1');
INSERT INTO `mcc_zone` VALUES ('3577', '222', 'Northamptonshire', 'NHM', '1');
INSERT INTO `mcc_zone` VALUES ('3578', '222', 'Northumberland', 'NLD', '1');
INSERT INTO `mcc_zone` VALUES ('3579', '222', 'Nottinghamshire', 'NOT', '1');
INSERT INTO `mcc_zone` VALUES ('3580', '222', 'Orkney Islands', 'ORK', '1');
INSERT INTO `mcc_zone` VALUES ('3581', '222', 'Oxfordshire', 'OFE', '1');
INSERT INTO `mcc_zone` VALUES ('3582', '222', 'Pembrokeshire', 'PEM', '1');
INSERT INTO `mcc_zone` VALUES ('3583', '222', 'Perth and Kinross', 'PERTH', '1');
INSERT INTO `mcc_zone` VALUES ('3584', '222', 'Powys', 'PWS', '1');
INSERT INTO `mcc_zone` VALUES ('3585', '222', 'Renfrewshire', 'REN', '1');
INSERT INTO `mcc_zone` VALUES ('3586', '222', 'Rhondda Cynon Taff', 'RHON', '1');
INSERT INTO `mcc_zone` VALUES ('3587', '222', 'Rutland', 'RUT', '1');
INSERT INTO `mcc_zone` VALUES ('3588', '222', 'Scottish Borders', 'BOR', '1');
INSERT INTO `mcc_zone` VALUES ('3589', '222', 'Shetland Islands', 'SHET', '1');
INSERT INTO `mcc_zone` VALUES ('3590', '222', 'Shropshire', 'SPE', '1');
INSERT INTO `mcc_zone` VALUES ('3591', '222', 'Somerset', 'SOM', '1');
INSERT INTO `mcc_zone` VALUES ('3592', '222', 'South Ayrshire', 'ARYS', '1');
INSERT INTO `mcc_zone` VALUES ('3593', '222', 'South Lanarkshire', 'LANS', '1');
INSERT INTO `mcc_zone` VALUES ('3594', '222', 'South Yorkshire', 'YSS', '1');
INSERT INTO `mcc_zone` VALUES ('3595', '222', 'Staffordshire', 'SFD', '1');
INSERT INTO `mcc_zone` VALUES ('3596', '222', 'Stirling', 'STIR', '1');
INSERT INTO `mcc_zone` VALUES ('3597', '222', 'Suffolk', 'SFK', '1');
INSERT INTO `mcc_zone` VALUES ('3598', '222', 'Surrey', 'SRY', '1');
INSERT INTO `mcc_zone` VALUES ('3599', '222', 'Swansea', 'SWAN', '1');
INSERT INTO `mcc_zone` VALUES ('3600', '222', 'Torfaen', 'TORF', '1');
INSERT INTO `mcc_zone` VALUES ('3601', '222', 'Tyne and Wear', 'TWR', '1');
INSERT INTO `mcc_zone` VALUES ('3602', '222', 'Vale of Glamorgan', 'VGLAM', '1');
INSERT INTO `mcc_zone` VALUES ('3603', '222', 'Warwickshire', 'WARKS', '1');
INSERT INTO `mcc_zone` VALUES ('3604', '222', 'West Dunbartonshire', 'WDUN', '1');
INSERT INTO `mcc_zone` VALUES ('3605', '222', 'West Lothian', 'WLOT', '1');
INSERT INTO `mcc_zone` VALUES ('3606', '222', 'West Midlands', 'WMD', '1');
INSERT INTO `mcc_zone` VALUES ('3607', '222', 'West Sussex', 'SXW', '1');
INSERT INTO `mcc_zone` VALUES ('3608', '222', 'West Yorkshire', 'YSW', '1');
INSERT INTO `mcc_zone` VALUES ('3609', '222', 'Western Isles', 'WIL', '1');
INSERT INTO `mcc_zone` VALUES ('3610', '222', 'Wiltshire', 'WLT', '1');
INSERT INTO `mcc_zone` VALUES ('3611', '222', 'Worcestershire', 'WORCS', '1');
INSERT INTO `mcc_zone` VALUES ('3612', '222', 'Wrexham', 'WRX', '1');
INSERT INTO `mcc_zone` VALUES ('3613', '223', 'Alabama', 'AL', '1');
INSERT INTO `mcc_zone` VALUES ('3614', '223', 'Alaska', 'AK', '1');
INSERT INTO `mcc_zone` VALUES ('3615', '223', 'American Samoa', 'AS', '1');
INSERT INTO `mcc_zone` VALUES ('3616', '223', 'Arizona', 'AZ', '1');
INSERT INTO `mcc_zone` VALUES ('3617', '223', 'Arkansas', 'AR', '1');
INSERT INTO `mcc_zone` VALUES ('3618', '223', 'Armed Forces Africa', 'AF', '1');
INSERT INTO `mcc_zone` VALUES ('3619', '223', 'Armed Forces Americas', 'AA', '1');
INSERT INTO `mcc_zone` VALUES ('3620', '223', 'Armed Forces Canada', 'AC', '1');
INSERT INTO `mcc_zone` VALUES ('3621', '223', 'Armed Forces Europe', 'AE', '1');
INSERT INTO `mcc_zone` VALUES ('3622', '223', 'Armed Forces Middle East', 'AM', '1');
INSERT INTO `mcc_zone` VALUES ('3623', '223', 'Armed Forces Pacific', 'AP', '1');
INSERT INTO `mcc_zone` VALUES ('3624', '223', 'California', 'CA', '1');
INSERT INTO `mcc_zone` VALUES ('3625', '223', 'Colorado', 'CO', '1');
INSERT INTO `mcc_zone` VALUES ('3626', '223', 'Connecticut', 'CT', '1');
INSERT INTO `mcc_zone` VALUES ('3627', '223', 'Delaware', 'DE', '1');
INSERT INTO `mcc_zone` VALUES ('3628', '223', 'District of Columbia', 'DC', '1');
INSERT INTO `mcc_zone` VALUES ('3629', '223', 'Federated States Of Micronesia', 'FM', '1');
INSERT INTO `mcc_zone` VALUES ('3630', '223', 'Florida', 'FL', '1');
INSERT INTO `mcc_zone` VALUES ('3631', '223', 'Georgia', 'GA', '1');
INSERT INTO `mcc_zone` VALUES ('3632', '223', 'Guam', 'GU', '1');
INSERT INTO `mcc_zone` VALUES ('3633', '223', 'Hawaii', 'HI', '1');
INSERT INTO `mcc_zone` VALUES ('3634', '223', 'Idaho', 'ID', '1');
INSERT INTO `mcc_zone` VALUES ('3635', '223', 'Illinois', 'IL', '1');
INSERT INTO `mcc_zone` VALUES ('3636', '223', 'Indiana', 'IN', '1');
INSERT INTO `mcc_zone` VALUES ('3637', '223', 'Iowa', 'IA', '1');
INSERT INTO `mcc_zone` VALUES ('3638', '223', 'Kansas', 'KS', '1');
INSERT INTO `mcc_zone` VALUES ('3639', '223', 'Kentucky', 'KY', '1');
INSERT INTO `mcc_zone` VALUES ('3640', '223', 'Louisiana', 'LA', '1');
INSERT INTO `mcc_zone` VALUES ('3641', '223', 'Maine', 'ME', '1');
INSERT INTO `mcc_zone` VALUES ('3642', '223', 'Marshall Islands', 'MH', '1');
INSERT INTO `mcc_zone` VALUES ('3643', '223', 'Maryland', 'MD', '1');
INSERT INTO `mcc_zone` VALUES ('3644', '223', 'Massachusetts', 'MA', '1');
INSERT INTO `mcc_zone` VALUES ('3645', '223', 'Michigan', 'MI', '1');
INSERT INTO `mcc_zone` VALUES ('3646', '223', 'Minnesota', 'MN', '1');
INSERT INTO `mcc_zone` VALUES ('3647', '223', 'Mississippi', 'MS', '1');
INSERT INTO `mcc_zone` VALUES ('3648', '223', 'Missouri', 'MO', '1');
INSERT INTO `mcc_zone` VALUES ('3649', '223', 'Montana', 'MT', '1');
INSERT INTO `mcc_zone` VALUES ('3650', '223', 'Nebraska', 'NE', '1');
INSERT INTO `mcc_zone` VALUES ('3651', '223', 'Nevada', 'NV', '1');
INSERT INTO `mcc_zone` VALUES ('3652', '223', 'New Hampshire', 'NH', '1');
INSERT INTO `mcc_zone` VALUES ('3653', '223', 'New Jersey', 'NJ', '1');
INSERT INTO `mcc_zone` VALUES ('3654', '223', 'New Mexico', 'NM', '1');
INSERT INTO `mcc_zone` VALUES ('3655', '223', 'New York', 'NY', '1');
INSERT INTO `mcc_zone` VALUES ('3656', '223', 'North Carolina', 'NC', '1');
INSERT INTO `mcc_zone` VALUES ('3657', '223', 'North Dakota', 'ND', '1');
INSERT INTO `mcc_zone` VALUES ('3658', '223', 'Northern Mariana Islands', 'MP', '1');
INSERT INTO `mcc_zone` VALUES ('3659', '223', 'Ohio', 'OH', '1');
INSERT INTO `mcc_zone` VALUES ('3660', '223', 'Oklahoma', 'OK', '1');
INSERT INTO `mcc_zone` VALUES ('3661', '223', 'Oregon', 'OR', '1');
INSERT INTO `mcc_zone` VALUES ('3662', '223', 'Palau', 'PW', '1');
INSERT INTO `mcc_zone` VALUES ('3663', '223', 'Pennsylvania', 'PA', '1');
INSERT INTO `mcc_zone` VALUES ('3664', '223', 'Puerto Rico', 'PR', '1');
INSERT INTO `mcc_zone` VALUES ('3665', '223', 'Rhode Island', 'RI', '1');
INSERT INTO `mcc_zone` VALUES ('3666', '223', 'South Carolina', 'SC', '1');
INSERT INTO `mcc_zone` VALUES ('3667', '223', 'South Dakota', 'SD', '1');
INSERT INTO `mcc_zone` VALUES ('3668', '223', 'Tennessee', 'TN', '1');
INSERT INTO `mcc_zone` VALUES ('3669', '223', 'Texas', 'TX', '1');
INSERT INTO `mcc_zone` VALUES ('3670', '223', 'Utah', 'UT', '1');
INSERT INTO `mcc_zone` VALUES ('3671', '223', 'Vermont', 'VT', '1');
INSERT INTO `mcc_zone` VALUES ('3672', '223', 'Virgin Islands', 'VI', '1');
INSERT INTO `mcc_zone` VALUES ('3673', '223', 'Virginia', 'VA', '1');
INSERT INTO `mcc_zone` VALUES ('3674', '223', 'Washington', 'WA', '1');
INSERT INTO `mcc_zone` VALUES ('3675', '223', 'West Virginia', 'WV', '1');
INSERT INTO `mcc_zone` VALUES ('3676', '223', 'Wisconsin', 'WI', '1');
INSERT INTO `mcc_zone` VALUES ('3677', '223', 'Wyoming', 'WY', '1');
INSERT INTO `mcc_zone` VALUES ('3678', '224', 'Baker Island', 'BI', '1');
INSERT INTO `mcc_zone` VALUES ('3679', '224', 'Howland Island', 'HI', '1');
INSERT INTO `mcc_zone` VALUES ('3680', '224', 'Jarvis Island', 'JI', '1');
INSERT INTO `mcc_zone` VALUES ('3681', '224', 'Johnston Atoll', 'JA', '1');
INSERT INTO `mcc_zone` VALUES ('3682', '224', 'Kingman Reef', 'KR', '1');
INSERT INTO `mcc_zone` VALUES ('3683', '224', 'Midway Atoll', 'MA', '1');
INSERT INTO `mcc_zone` VALUES ('3684', '224', 'Navassa Island', 'NI', '1');
INSERT INTO `mcc_zone` VALUES ('3685', '224', 'Palmyra Atoll', 'PA', '1');
INSERT INTO `mcc_zone` VALUES ('3686', '224', 'Wake Island', 'WI', '1');
INSERT INTO `mcc_zone` VALUES ('3687', '225', 'Artigas', 'AR', '1');
INSERT INTO `mcc_zone` VALUES ('3688', '225', 'Canelones', 'CA', '1');
INSERT INTO `mcc_zone` VALUES ('3689', '225', 'Cerro Largo', 'CL', '1');
INSERT INTO `mcc_zone` VALUES ('3690', '225', 'Colonia', 'CO', '1');
INSERT INTO `mcc_zone` VALUES ('3691', '225', 'Durazno', 'DU', '1');
INSERT INTO `mcc_zone` VALUES ('3692', '225', 'Flores', 'FS', '1');
INSERT INTO `mcc_zone` VALUES ('3693', '225', 'Florida', 'FA', '1');
INSERT INTO `mcc_zone` VALUES ('3694', '225', 'Lavalleja', 'LA', '1');
INSERT INTO `mcc_zone` VALUES ('3695', '225', 'Maldonado', 'MA', '1');
INSERT INTO `mcc_zone` VALUES ('3696', '225', 'Montevideo', 'MO', '1');
INSERT INTO `mcc_zone` VALUES ('3697', '225', 'Paysandu', 'PA', '1');
INSERT INTO `mcc_zone` VALUES ('3698', '225', 'Rio Negro', 'RN', '1');
INSERT INTO `mcc_zone` VALUES ('3699', '225', 'Rivera', 'RV', '1');
INSERT INTO `mcc_zone` VALUES ('3700', '225', 'Rocha', 'RO', '1');
INSERT INTO `mcc_zone` VALUES ('3701', '225', 'Salto', 'SL', '1');
INSERT INTO `mcc_zone` VALUES ('3702', '225', 'San Jose', 'SJ', '1');
INSERT INTO `mcc_zone` VALUES ('3703', '225', 'Soriano', 'SO', '1');
INSERT INTO `mcc_zone` VALUES ('3704', '225', 'Tacuarembo', 'TA', '1');
INSERT INTO `mcc_zone` VALUES ('3705', '225', 'Treinta y Tres', 'TT', '1');
INSERT INTO `mcc_zone` VALUES ('3706', '226', 'Andijon', 'AN', '1');
INSERT INTO `mcc_zone` VALUES ('3707', '226', 'Buxoro', 'BU', '1');
INSERT INTO `mcc_zone` VALUES ('3708', '226', 'Farg\'ona', 'FA', '1');
INSERT INTO `mcc_zone` VALUES ('3709', '226', 'Jizzax', 'JI', '1');
INSERT INTO `mcc_zone` VALUES ('3710', '226', 'Namangan', 'NG', '1');
INSERT INTO `mcc_zone` VALUES ('3711', '226', 'Navoiy', 'NW', '1');
INSERT INTO `mcc_zone` VALUES ('3712', '226', 'Qashqadaryo', 'QA', '1');
INSERT INTO `mcc_zone` VALUES ('3713', '226', 'Qoraqalpog\'iston Republikasi', 'QR', '1');
INSERT INTO `mcc_zone` VALUES ('3714', '226', 'Samarqand', 'SA', '1');
INSERT INTO `mcc_zone` VALUES ('3715', '226', 'Sirdaryo', 'SI', '1');
INSERT INTO `mcc_zone` VALUES ('3716', '226', 'Surxondaryo', 'SU', '1');
INSERT INTO `mcc_zone` VALUES ('3717', '226', 'Toshkent City', 'TK', '1');
INSERT INTO `mcc_zone` VALUES ('3718', '226', 'Toshkent Region', 'TO', '1');
INSERT INTO `mcc_zone` VALUES ('3719', '226', 'Xorazm', 'XO', '1');
INSERT INTO `mcc_zone` VALUES ('3720', '227', 'Malampa', 'MA', '1');
INSERT INTO `mcc_zone` VALUES ('3721', '227', 'Penama', 'PE', '1');
INSERT INTO `mcc_zone` VALUES ('3722', '227', 'Sanma', 'SA', '1');
INSERT INTO `mcc_zone` VALUES ('3723', '227', 'Shefa', 'SH', '1');
INSERT INTO `mcc_zone` VALUES ('3724', '227', 'Tafea', 'TA', '1');
INSERT INTO `mcc_zone` VALUES ('3725', '227', 'Torba', 'TO', '1');
INSERT INTO `mcc_zone` VALUES ('3726', '229', 'Amazonas', 'AM', '1');
INSERT INTO `mcc_zone` VALUES ('3727', '229', 'Anzoategui', 'AN', '1');
INSERT INTO `mcc_zone` VALUES ('3728', '229', 'Apure', 'AP', '1');
INSERT INTO `mcc_zone` VALUES ('3729', '229', 'Aragua', 'AR', '1');
INSERT INTO `mcc_zone` VALUES ('3730', '229', 'Barinas', 'BA', '1');
INSERT INTO `mcc_zone` VALUES ('3731', '229', 'Bolivar', 'BO', '1');
INSERT INTO `mcc_zone` VALUES ('3732', '229', 'Carabobo', 'CA', '1');
INSERT INTO `mcc_zone` VALUES ('3733', '229', 'Cojedes', 'CO', '1');
INSERT INTO `mcc_zone` VALUES ('3734', '229', 'Delta Amacuro', 'DA', '1');
INSERT INTO `mcc_zone` VALUES ('3735', '229', 'Dependencias Federales', 'DF', '1');
INSERT INTO `mcc_zone` VALUES ('3736', '229', 'Distrito Federal', 'DI', '1');
INSERT INTO `mcc_zone` VALUES ('3737', '229', 'Falcon', 'FA', '1');
INSERT INTO `mcc_zone` VALUES ('3738', '229', 'Guarico', 'GU', '1');
INSERT INTO `mcc_zone` VALUES ('3739', '229', 'Lara', 'LA', '1');
INSERT INTO `mcc_zone` VALUES ('3740', '229', 'Merida', 'ME', '1');
INSERT INTO `mcc_zone` VALUES ('3741', '229', 'Miranda', 'MI', '1');
INSERT INTO `mcc_zone` VALUES ('3742', '229', 'Monagas', 'MO', '1');
INSERT INTO `mcc_zone` VALUES ('3743', '229', 'Nueva Esparta', 'NE', '1');
INSERT INTO `mcc_zone` VALUES ('3744', '229', 'Portuguesa', 'PO', '1');
INSERT INTO `mcc_zone` VALUES ('3745', '229', 'Sucre', 'SU', '1');
INSERT INTO `mcc_zone` VALUES ('3746', '229', 'Tachira', 'TA', '1');
INSERT INTO `mcc_zone` VALUES ('3747', '229', 'Trujillo', 'TR', '1');
INSERT INTO `mcc_zone` VALUES ('3748', '229', 'Vargas', 'VA', '1');
INSERT INTO `mcc_zone` VALUES ('3749', '229', 'Yaracuy', 'YA', '1');
INSERT INTO `mcc_zone` VALUES ('3750', '229', 'Zulia', 'ZU', '1');
INSERT INTO `mcc_zone` VALUES ('3751', '230', 'An Giang', 'AG', '1');
INSERT INTO `mcc_zone` VALUES ('3752', '230', 'Bac Giang', 'BG', '1');
INSERT INTO `mcc_zone` VALUES ('3753', '230', 'Bac Kan', 'BK', '1');
INSERT INTO `mcc_zone` VALUES ('3754', '230', 'Bac Lieu', 'BL', '1');
INSERT INTO `mcc_zone` VALUES ('3755', '230', 'Bac Ninh', 'BC', '1');
INSERT INTO `mcc_zone` VALUES ('3756', '230', 'Ba Ria-Vung Tau', 'BR', '1');
INSERT INTO `mcc_zone` VALUES ('3757', '230', 'Ben Tre', 'BN', '1');
INSERT INTO `mcc_zone` VALUES ('3758', '230', 'Binh Dinh', 'BH', '1');
INSERT INTO `mcc_zone` VALUES ('3759', '230', 'Binh Duong', 'BU', '1');
INSERT INTO `mcc_zone` VALUES ('3760', '230', 'Binh Phuoc', 'BP', '1');
INSERT INTO `mcc_zone` VALUES ('3761', '230', 'Binh Thuan', 'BT', '1');
INSERT INTO `mcc_zone` VALUES ('3762', '230', 'Ca Mau', 'CM', '1');
INSERT INTO `mcc_zone` VALUES ('3763', '230', 'Can Tho', 'CT', '1');
INSERT INTO `mcc_zone` VALUES ('3764', '230', 'Cao Bang', 'CB', '1');
INSERT INTO `mcc_zone` VALUES ('3765', '230', 'Dak Lak', 'DL', '1');
INSERT INTO `mcc_zone` VALUES ('3766', '230', 'Dak Nong', 'DG', '1');
INSERT INTO `mcc_zone` VALUES ('3767', '230', 'Da Nang', 'DN', '1');
INSERT INTO `mcc_zone` VALUES ('3768', '230', 'Dien Bien', 'DB', '1');
INSERT INTO `mcc_zone` VALUES ('3769', '230', 'Dong Nai', 'DI', '1');
INSERT INTO `mcc_zone` VALUES ('3770', '230', 'Dong Thap', 'DT', '1');
INSERT INTO `mcc_zone` VALUES ('3771', '230', 'Gia Lai', 'GL', '1');
INSERT INTO `mcc_zone` VALUES ('3772', '230', 'Ha Giang', 'HG', '1');
INSERT INTO `mcc_zone` VALUES ('3773', '230', 'Hai Duong', 'HD', '1');
INSERT INTO `mcc_zone` VALUES ('3774', '230', 'Hai Phong', 'HP', '1');
INSERT INTO `mcc_zone` VALUES ('3775', '230', 'Ha Nam', 'HM', '1');
INSERT INTO `mcc_zone` VALUES ('3776', '230', 'Ha Noi', 'HI', '1');
INSERT INTO `mcc_zone` VALUES ('3777', '230', 'Ha Tay', 'HT', '1');
INSERT INTO `mcc_zone` VALUES ('3778', '230', 'Ha Tinh', 'HH', '1');
INSERT INTO `mcc_zone` VALUES ('3779', '230', 'Hoa Binh', 'HB', '1');
INSERT INTO `mcc_zone` VALUES ('3780', '230', 'Ho Chi Minh City', 'HC', '1');
INSERT INTO `mcc_zone` VALUES ('3781', '230', 'Hau Giang', 'HU', '1');
INSERT INTO `mcc_zone` VALUES ('3782', '230', 'Hung Yen', 'HY', '1');
INSERT INTO `mcc_zone` VALUES ('3783', '232', 'Saint Croix', 'C', '1');
INSERT INTO `mcc_zone` VALUES ('3784', '232', 'Saint John', 'J', '1');
INSERT INTO `mcc_zone` VALUES ('3785', '232', 'Saint Thomas', 'T', '1');
INSERT INTO `mcc_zone` VALUES ('3786', '233', 'Alo', 'A', '1');
INSERT INTO `mcc_zone` VALUES ('3787', '233', 'Sigave', 'S', '1');
INSERT INTO `mcc_zone` VALUES ('3788', '233', 'Wallis', 'W', '1');
INSERT INTO `mcc_zone` VALUES ('3789', '235', 'Abyan', 'AB', '1');
INSERT INTO `mcc_zone` VALUES ('3790', '235', 'Adan', 'AD', '1');
INSERT INTO `mcc_zone` VALUES ('3791', '235', 'Amran', 'AM', '1');
INSERT INTO `mcc_zone` VALUES ('3792', '235', 'Al Bayda', 'BA', '1');
INSERT INTO `mcc_zone` VALUES ('3793', '235', 'Ad Dali', 'DA', '1');
INSERT INTO `mcc_zone` VALUES ('3794', '235', 'Dhamar', 'DH', '1');
INSERT INTO `mcc_zone` VALUES ('3795', '235', 'Hadramawt', 'HD', '1');
INSERT INTO `mcc_zone` VALUES ('3796', '235', 'Hajjah', 'HJ', '1');
INSERT INTO `mcc_zone` VALUES ('3797', '235', 'Al Hudaydah', 'HU', '1');
INSERT INTO `mcc_zone` VALUES ('3798', '235', 'Ibb', 'IB', '1');
INSERT INTO `mcc_zone` VALUES ('3799', '235', 'Al Jawf', 'JA', '1');
INSERT INTO `mcc_zone` VALUES ('3800', '235', 'Lahij', 'LA', '1');
INSERT INTO `mcc_zone` VALUES ('3801', '235', 'Ma\'rib', 'MA', '1');
INSERT INTO `mcc_zone` VALUES ('3802', '235', 'Al Mahrah', 'MR', '1');
INSERT INTO `mcc_zone` VALUES ('3803', '235', 'Al Mahwit', 'MW', '1');
INSERT INTO `mcc_zone` VALUES ('3804', '235', 'Sa\'dah', 'SD', '1');
INSERT INTO `mcc_zone` VALUES ('3805', '235', 'San\'a', 'SN', '1');
INSERT INTO `mcc_zone` VALUES ('3806', '235', 'Shabwah', 'SH', '1');
INSERT INTO `mcc_zone` VALUES ('3807', '235', 'Ta\'izz', 'TA', '1');
INSERT INTO `mcc_zone` VALUES ('3812', '237', 'Bas-Congo', 'BC', '1');
INSERT INTO `mcc_zone` VALUES ('3813', '237', 'Bandundu', 'BN', '1');
INSERT INTO `mcc_zone` VALUES ('3814', '237', 'Equateur', 'EQ', '1');
INSERT INTO `mcc_zone` VALUES ('3815', '237', 'Katanga', 'KA', '1');
INSERT INTO `mcc_zone` VALUES ('3816', '237', 'Kasai-Oriental', 'KE', '1');
INSERT INTO `mcc_zone` VALUES ('3817', '237', 'Kinshasa', 'KN', '1');
INSERT INTO `mcc_zone` VALUES ('3818', '237', 'Kasai-Occidental', 'KW', '1');
INSERT INTO `mcc_zone` VALUES ('3819', '237', 'Maniema', 'MA', '1');
INSERT INTO `mcc_zone` VALUES ('3820', '237', 'Nord-Kivu', 'NK', '1');
INSERT INTO `mcc_zone` VALUES ('3821', '237', 'Orientale', 'OR', '1');
INSERT INTO `mcc_zone` VALUES ('3822', '237', 'Sud-Kivu', 'SK', '1');
INSERT INTO `mcc_zone` VALUES ('3823', '238', 'Central', 'CE', '1');
INSERT INTO `mcc_zone` VALUES ('3824', '238', 'Copperbelt', 'CB', '1');
INSERT INTO `mcc_zone` VALUES ('3825', '238', 'Eastern', 'EA', '1');
INSERT INTO `mcc_zone` VALUES ('3826', '238', 'Luapula', 'LP', '1');
INSERT INTO `mcc_zone` VALUES ('3827', '238', 'Lusaka', 'LK', '1');
INSERT INTO `mcc_zone` VALUES ('3828', '238', 'Northern', 'NO', '1');
INSERT INTO `mcc_zone` VALUES ('3829', '238', 'North-Western', 'NW', '1');
INSERT INTO `mcc_zone` VALUES ('3830', '238', 'Southern', 'SO', '1');
INSERT INTO `mcc_zone` VALUES ('3831', '238', 'Western', 'WE', '1');
INSERT INTO `mcc_zone` VALUES ('3832', '239', 'Bulawayo', 'BU', '1');
INSERT INTO `mcc_zone` VALUES ('3833', '239', 'Harare', 'HA', '1');
INSERT INTO `mcc_zone` VALUES ('3834', '239', 'Manicaland', 'ML', '1');
INSERT INTO `mcc_zone` VALUES ('3835', '239', 'Mashonaland Central', 'MC', '1');
INSERT INTO `mcc_zone` VALUES ('3836', '239', 'Mashonaland East', 'ME', '1');
INSERT INTO `mcc_zone` VALUES ('3837', '239', 'Mashonaland West', 'MW', '1');
INSERT INTO `mcc_zone` VALUES ('3838', '239', 'Masvingo', 'MV', '1');
INSERT INTO `mcc_zone` VALUES ('3839', '239', 'Matabeleland North', 'MN', '1');
INSERT INTO `mcc_zone` VALUES ('3840', '239', 'Matabeleland South', 'MS', '1');
INSERT INTO `mcc_zone` VALUES ('3841', '239', 'Midlands', 'MD', '1');
INSERT INTO `mcc_zone` VALUES ('3861', '105', 'Campobasso', 'CB', '1');
INSERT INTO `mcc_zone` VALUES ('3862', '105', 'Carbonia-Iglesias', 'CI', '1');
INSERT INTO `mcc_zone` VALUES ('3863', '105', 'Caserta', 'CE', '1');
INSERT INTO `mcc_zone` VALUES ('3864', '105', 'Catania', 'CT', '1');
INSERT INTO `mcc_zone` VALUES ('3865', '105', 'Catanzaro', 'CZ', '1');
INSERT INTO `mcc_zone` VALUES ('3866', '105', 'Chieti', 'CH', '1');
INSERT INTO `mcc_zone` VALUES ('3867', '105', 'Como', 'CO', '1');
INSERT INTO `mcc_zone` VALUES ('3868', '105', 'Cosenza', 'CS', '1');
INSERT INTO `mcc_zone` VALUES ('3869', '105', 'Cremona', 'CR', '1');
INSERT INTO `mcc_zone` VALUES ('3870', '105', 'Crotone', 'KR', '1');
INSERT INTO `mcc_zone` VALUES ('3871', '105', 'Cuneo', 'CN', '1');
INSERT INTO `mcc_zone` VALUES ('3872', '105', 'Enna', 'EN', '1');
INSERT INTO `mcc_zone` VALUES ('3873', '105', 'Ferrara', 'FE', '1');
INSERT INTO `mcc_zone` VALUES ('3874', '105', 'Firenze', 'FI', '1');
INSERT INTO `mcc_zone` VALUES ('3875', '105', 'Foggia', 'FG', '1');
INSERT INTO `mcc_zone` VALUES ('3876', '105', 'Forli-Cesena', 'FC', '1');
INSERT INTO `mcc_zone` VALUES ('3877', '105', 'Frosinone', 'FR', '1');
INSERT INTO `mcc_zone` VALUES ('3878', '105', 'Genova', 'GE', '1');
INSERT INTO `mcc_zone` VALUES ('3879', '105', 'Gorizia', 'GO', '1');
INSERT INTO `mcc_zone` VALUES ('3880', '105', 'Grosseto', 'GR', '1');
INSERT INTO `mcc_zone` VALUES ('3881', '105', 'Imperia', 'IM', '1');
INSERT INTO `mcc_zone` VALUES ('3882', '105', 'Isernia', 'IS', '1');
INSERT INTO `mcc_zone` VALUES ('3883', '105', 'L&#39;Aquila', 'AQ', '1');
INSERT INTO `mcc_zone` VALUES ('3884', '105', 'La Spezia', 'SP', '1');
INSERT INTO `mcc_zone` VALUES ('3885', '105', 'Latina', 'LT', '1');
INSERT INTO `mcc_zone` VALUES ('3886', '105', 'Lecce', 'LE', '1');
INSERT INTO `mcc_zone` VALUES ('3887', '105', 'Lecco', 'LC', '1');
INSERT INTO `mcc_zone` VALUES ('3888', '105', 'Livorno', 'LI', '1');
INSERT INTO `mcc_zone` VALUES ('3889', '105', 'Lodi', 'LO', '1');
INSERT INTO `mcc_zone` VALUES ('3890', '105', 'Lucca', 'LU', '1');
INSERT INTO `mcc_zone` VALUES ('3891', '105', 'Macerata', 'MC', '1');
INSERT INTO `mcc_zone` VALUES ('3892', '105', 'Mantova', 'MN', '1');
INSERT INTO `mcc_zone` VALUES ('3893', '105', 'Massa-Carrara', 'MS', '1');
INSERT INTO `mcc_zone` VALUES ('3894', '105', 'Matera', 'MT', '1');
INSERT INTO `mcc_zone` VALUES ('3895', '105', 'Medio Campidano', 'VS', '1');
INSERT INTO `mcc_zone` VALUES ('3896', '105', 'Messina', 'ME', '1');
INSERT INTO `mcc_zone` VALUES ('3897', '105', 'Milano', 'MI', '1');
INSERT INTO `mcc_zone` VALUES ('3898', '105', 'Modena', 'MO', '1');
INSERT INTO `mcc_zone` VALUES ('3899', '105', 'Napoli', 'NA', '1');
INSERT INTO `mcc_zone` VALUES ('3900', '105', 'Novara', 'NO', '1');
INSERT INTO `mcc_zone` VALUES ('3901', '105', 'Nuoro', 'NU', '1');
INSERT INTO `mcc_zone` VALUES ('3902', '105', 'Ogliastra', 'OG', '1');
INSERT INTO `mcc_zone` VALUES ('3903', '105', 'Olbia-Tempio', 'OT', '1');
INSERT INTO `mcc_zone` VALUES ('3904', '105', 'Oristano', 'OR', '1');
INSERT INTO `mcc_zone` VALUES ('3905', '105', 'Padova', 'PD', '1');
INSERT INTO `mcc_zone` VALUES ('3906', '105', 'Palermo', 'PA', '1');
INSERT INTO `mcc_zone` VALUES ('3907', '105', 'Parma', 'PR', '1');
INSERT INTO `mcc_zone` VALUES ('3908', '105', 'Pavia', 'PV', '1');
INSERT INTO `mcc_zone` VALUES ('3909', '105', 'Perugia', 'PG', '1');
INSERT INTO `mcc_zone` VALUES ('3910', '105', 'Pesaro e Urbino', 'PU', '1');
INSERT INTO `mcc_zone` VALUES ('3911', '105', 'Pescara', 'PE', '1');
INSERT INTO `mcc_zone` VALUES ('3912', '105', 'Piacenza', 'PC', '1');
INSERT INTO `mcc_zone` VALUES ('3913', '105', 'Pisa', 'PI', '1');
INSERT INTO `mcc_zone` VALUES ('3914', '105', 'Pistoia', 'PT', '1');
INSERT INTO `mcc_zone` VALUES ('3915', '105', 'Pordenone', 'PN', '1');
INSERT INTO `mcc_zone` VALUES ('3916', '105', 'Potenza', 'PZ', '1');
INSERT INTO `mcc_zone` VALUES ('3917', '105', 'Prato', 'PO', '1');
INSERT INTO `mcc_zone` VALUES ('3918', '105', 'Ragusa', 'RG', '1');
INSERT INTO `mcc_zone` VALUES ('3919', '105', 'Ravenna', 'RA', '1');
INSERT INTO `mcc_zone` VALUES ('3920', '105', 'Reggio Calabria', 'RC', '1');
INSERT INTO `mcc_zone` VALUES ('3921', '105', 'Reggio Emilia', 'RE', '1');
INSERT INTO `mcc_zone` VALUES ('3922', '105', 'Rieti', 'RI', '1');
INSERT INTO `mcc_zone` VALUES ('3923', '105', 'Rimini', 'RN', '1');
INSERT INTO `mcc_zone` VALUES ('3924', '105', 'Roma', 'RM', '1');
INSERT INTO `mcc_zone` VALUES ('3925', '105', 'Rovigo', 'RO', '1');
INSERT INTO `mcc_zone` VALUES ('3926', '105', 'Salerno', 'SA', '1');
INSERT INTO `mcc_zone` VALUES ('3927', '105', 'Sassari', 'SS', '1');
INSERT INTO `mcc_zone` VALUES ('3928', '105', 'Savona', 'SV', '1');
INSERT INTO `mcc_zone` VALUES ('3929', '105', 'Siena', 'SI', '1');
INSERT INTO `mcc_zone` VALUES ('3930', '105', 'Siracusa', 'SR', '1');
INSERT INTO `mcc_zone` VALUES ('3931', '105', 'Sondrio', 'SO', '1');
INSERT INTO `mcc_zone` VALUES ('3932', '105', 'Taranto', 'TA', '1');
INSERT INTO `mcc_zone` VALUES ('3933', '105', 'Teramo', 'TE', '1');
INSERT INTO `mcc_zone` VALUES ('3934', '105', 'Terni', 'TR', '1');
INSERT INTO `mcc_zone` VALUES ('3935', '105', 'Torino', 'TO', '1');
INSERT INTO `mcc_zone` VALUES ('3936', '105', 'Trapani', 'TP', '1');
INSERT INTO `mcc_zone` VALUES ('3937', '105', 'Trento', 'TN', '1');
INSERT INTO `mcc_zone` VALUES ('3938', '105', 'Treviso', 'TV', '1');
INSERT INTO `mcc_zone` VALUES ('3939', '105', 'Trieste', 'TS', '1');
INSERT INTO `mcc_zone` VALUES ('3940', '105', 'Udine', 'UD', '1');
INSERT INTO `mcc_zone` VALUES ('3941', '105', 'Varese', 'VA', '1');
INSERT INTO `mcc_zone` VALUES ('3942', '105', 'Venezia', 'VE', '1');
INSERT INTO `mcc_zone` VALUES ('3943', '105', 'Verbano-Cusio-Ossola', 'VB', '1');
INSERT INTO `mcc_zone` VALUES ('3944', '105', 'Vercelli', 'VC', '1');
INSERT INTO `mcc_zone` VALUES ('3945', '105', 'Verona', 'VR', '1');
INSERT INTO `mcc_zone` VALUES ('3946', '105', 'Vibo Valentia', 'VV', '1');
INSERT INTO `mcc_zone` VALUES ('3947', '105', 'Vicenza', 'VI', '1');
INSERT INTO `mcc_zone` VALUES ('3948', '105', 'Viterbo', 'VT', '1');
INSERT INTO `mcc_zone` VALUES ('3949', '222', 'County Antrim', 'ANT', '1');
INSERT INTO `mcc_zone` VALUES ('3950', '222', 'County Armagh', 'ARM', '1');
INSERT INTO `mcc_zone` VALUES ('3951', '222', 'County Down', 'DOW', '1');
INSERT INTO `mcc_zone` VALUES ('3952', '222', 'County Fermanagh', 'FER', '1');
INSERT INTO `mcc_zone` VALUES ('3953', '222', 'County Londonderry', 'LDY', '1');
INSERT INTO `mcc_zone` VALUES ('3954', '222', 'County Tyrone', 'TYR', '1');
INSERT INTO `mcc_zone` VALUES ('3955', '222', 'Cumbria', 'CMA', '1');
INSERT INTO `mcc_zone` VALUES ('3956', '190', 'Pomurska', '1', '1');
INSERT INTO `mcc_zone` VALUES ('3957', '190', 'Podravska', '2', '1');
INSERT INTO `mcc_zone` VALUES ('3958', '190', 'Koroška', '3', '1');
INSERT INTO `mcc_zone` VALUES ('3959', '190', 'Savinjska', '4', '1');
INSERT INTO `mcc_zone` VALUES ('3960', '190', 'Zasavska', '5', '1');
INSERT INTO `mcc_zone` VALUES ('3961', '190', 'Spodnjeposavska', '6', '1');
INSERT INTO `mcc_zone` VALUES ('3962', '190', 'Jugovzhodna Slovenija', '7', '1');
INSERT INTO `mcc_zone` VALUES ('3963', '190', 'Osrednjeslovenska', '8', '1');
INSERT INTO `mcc_zone` VALUES ('3964', '190', 'Gorenjska', '9', '1');
INSERT INTO `mcc_zone` VALUES ('3965', '190', 'Notranjsko-kraška', '10', '1');
INSERT INTO `mcc_zone` VALUES ('3966', '190', 'Goriška', '11', '1');
INSERT INTO `mcc_zone` VALUES ('3967', '190', 'Obalno-kraška', '12', '1');
INSERT INTO `mcc_zone` VALUES ('3968', '33', 'Ruse', '', '1');
INSERT INTO `mcc_zone` VALUES ('3969', '101', 'Alborz', 'ALB', '1');
INSERT INTO `mcc_zone` VALUES ('3970', '21', 'Brussels-Capital Region', 'BRU', '1');
INSERT INTO `mcc_zone` VALUES ('3971', '138', 'Aguascalientes', 'AG', '1');
INSERT INTO `mcc_zone` VALUES ('3973', '242', 'Andrijevica', '01', '1');
INSERT INTO `mcc_zone` VALUES ('3974', '242', 'Bar', '02', '1');
INSERT INTO `mcc_zone` VALUES ('3975', '242', 'Berane', '03', '1');
INSERT INTO `mcc_zone` VALUES ('3976', '242', 'Bijelo Polje', '04', '1');
INSERT INTO `mcc_zone` VALUES ('3977', '242', 'Budva', '05', '1');
INSERT INTO `mcc_zone` VALUES ('3978', '242', 'Cetinje', '06', '1');
INSERT INTO `mcc_zone` VALUES ('3979', '242', 'Danilovgrad', '07', '1');
INSERT INTO `mcc_zone` VALUES ('3980', '242', 'Herceg-Novi', '08', '1');
INSERT INTO `mcc_zone` VALUES ('3981', '242', 'Kolašin', '09', '1');
INSERT INTO `mcc_zone` VALUES ('3982', '242', 'Kotor', '10', '1');
INSERT INTO `mcc_zone` VALUES ('3983', '242', 'Mojkovac', '11', '1');
INSERT INTO `mcc_zone` VALUES ('3984', '242', 'Nikšić', '12', '1');
INSERT INTO `mcc_zone` VALUES ('3985', '242', 'Plav', '13', '1');
INSERT INTO `mcc_zone` VALUES ('3986', '242', 'Pljevlja', '14', '1');
INSERT INTO `mcc_zone` VALUES ('3987', '242', 'Plužine', '15', '1');
INSERT INTO `mcc_zone` VALUES ('3988', '242', 'Podgorica', '16', '1');
INSERT INTO `mcc_zone` VALUES ('3989', '242', 'Rožaje', '17', '1');
INSERT INTO `mcc_zone` VALUES ('3990', '242', 'Šavnik', '18', '1');
INSERT INTO `mcc_zone` VALUES ('3991', '242', 'Tivat', '19', '1');
INSERT INTO `mcc_zone` VALUES ('3992', '242', 'Ulcinj', '20', '1');
INSERT INTO `mcc_zone` VALUES ('3993', '242', 'Žabljak', '21', '1');
INSERT INTO `mcc_zone` VALUES ('3994', '243', 'Belgrade', '00', '1');
INSERT INTO `mcc_zone` VALUES ('3995', '243', 'North Bačka', '01', '1');
INSERT INTO `mcc_zone` VALUES ('3996', '243', 'Central Banat', '02', '1');
INSERT INTO `mcc_zone` VALUES ('3997', '243', 'North Banat', '03', '1');
INSERT INTO `mcc_zone` VALUES ('3998', '243', 'South Banat', '04', '1');
INSERT INTO `mcc_zone` VALUES ('3999', '243', 'West Bačka', '05', '1');
INSERT INTO `mcc_zone` VALUES ('4000', '243', 'South Bačka', '06', '1');
INSERT INTO `mcc_zone` VALUES ('4001', '243', 'Srem', '07', '1');
INSERT INTO `mcc_zone` VALUES ('4002', '243', 'Mačva', '08', '1');
INSERT INTO `mcc_zone` VALUES ('4003', '243', 'Kolubara', '09', '1');
INSERT INTO `mcc_zone` VALUES ('4004', '243', 'Podunavlje', '10', '1');
INSERT INTO `mcc_zone` VALUES ('4005', '243', 'Braničevo', '11', '1');
INSERT INTO `mcc_zone` VALUES ('4006', '243', 'Šumadija', '12', '1');
INSERT INTO `mcc_zone` VALUES ('4007', '243', 'Pomoravlje', '13', '1');
INSERT INTO `mcc_zone` VALUES ('4008', '243', 'Bor', '14', '1');
INSERT INTO `mcc_zone` VALUES ('4009', '243', 'Zaječar', '15', '1');
INSERT INTO `mcc_zone` VALUES ('4010', '243', 'Zlatibor', '16', '1');
INSERT INTO `mcc_zone` VALUES ('4011', '243', 'Moravica', '17', '1');
INSERT INTO `mcc_zone` VALUES ('4012', '243', 'Raška', '18', '1');
INSERT INTO `mcc_zone` VALUES ('4013', '243', 'Rasina', '19', '1');
INSERT INTO `mcc_zone` VALUES ('4014', '243', 'Nišava', '20', '1');
INSERT INTO `mcc_zone` VALUES ('4015', '243', 'Toplica', '21', '1');
INSERT INTO `mcc_zone` VALUES ('4016', '243', 'Pirot', '22', '1');
INSERT INTO `mcc_zone` VALUES ('4017', '243', 'Jablanica', '23', '1');
INSERT INTO `mcc_zone` VALUES ('4018', '243', 'Pčinja', '24', '1');
INSERT INTO `mcc_zone` VALUES ('4020', '245', 'Bonaire', 'BO', '1');
INSERT INTO `mcc_zone` VALUES ('4021', '245', 'Saba', 'SA', '1');
INSERT INTO `mcc_zone` VALUES ('4022', '245', 'Sint Eustatius', 'SE', '1');
INSERT INTO `mcc_zone` VALUES ('4023', '248', 'Central Equatoria', 'EC', '1');
INSERT INTO `mcc_zone` VALUES ('4024', '248', 'Eastern Equatoria', 'EE', '1');
INSERT INTO `mcc_zone` VALUES ('4025', '248', 'Jonglei', 'JG', '1');
INSERT INTO `mcc_zone` VALUES ('4026', '248', 'Lakes', 'LK', '1');
INSERT INTO `mcc_zone` VALUES ('4027', '248', 'Northern Bahr el-Ghazal', 'BN', '1');
INSERT INTO `mcc_zone` VALUES ('4028', '248', 'Unity', 'UY', '1');
INSERT INTO `mcc_zone` VALUES ('4029', '248', 'Upper Nile', 'NU', '1');
INSERT INTO `mcc_zone` VALUES ('4030', '248', 'Warrap', 'WR', '1');
INSERT INTO `mcc_zone` VALUES ('4031', '248', 'Western Bahr el-Ghazal', 'BW', '1');
INSERT INTO `mcc_zone` VALUES ('4032', '248', 'Western Equatoria', 'EW', '1');
INSERT INTO `mcc_zone` VALUES ('4036', '117', 'Ainaži, Salacgrīvas novads', '0661405', '1');
INSERT INTO `mcc_zone` VALUES ('4037', '117', 'Aizkraukle, Aizkraukles novads', '0320201', '1');
INSERT INTO `mcc_zone` VALUES ('4038', '117', 'Aizkraukles novads', '0320200', '1');
INSERT INTO `mcc_zone` VALUES ('4039', '117', 'Aizpute, Aizputes novads', '0640605', '1');
INSERT INTO `mcc_zone` VALUES ('4040', '117', 'Aizputes novads', '0640600', '1');
INSERT INTO `mcc_zone` VALUES ('4041', '117', 'Aknīste, Aknīstes novads', '0560805', '1');
INSERT INTO `mcc_zone` VALUES ('4042', '117', 'Aknīstes novads', '0560800', '1');
INSERT INTO `mcc_zone` VALUES ('4043', '117', 'Aloja, Alojas novads', '0661007', '1');
INSERT INTO `mcc_zone` VALUES ('4044', '117', 'Alojas novads', '0661000', '1');
INSERT INTO `mcc_zone` VALUES ('4045', '117', 'Alsungas novads', '0624200', '1');
INSERT INTO `mcc_zone` VALUES ('4046', '117', 'Alūksne, Alūksnes novads', '0360201', '1');
INSERT INTO `mcc_zone` VALUES ('4047', '117', 'Alūksnes novads', '0360200', '1');
INSERT INTO `mcc_zone` VALUES ('4048', '117', 'Amatas novads', '0424701', '1');
INSERT INTO `mcc_zone` VALUES ('4049', '117', 'Ape, Apes novads', '0360805', '1');
INSERT INTO `mcc_zone` VALUES ('4050', '117', 'Apes novads', '0360800', '1');
INSERT INTO `mcc_zone` VALUES ('4051', '117', 'Auce, Auces novads', '0460805', '1');
INSERT INTO `mcc_zone` VALUES ('4052', '117', 'Auces novads', '0460800', '1');
INSERT INTO `mcc_zone` VALUES ('4053', '117', 'Ādažu novads', '0804400', '1');
INSERT INTO `mcc_zone` VALUES ('4054', '117', 'Babītes novads', '0804900', '1');
INSERT INTO `mcc_zone` VALUES ('4055', '117', 'Baldone, Baldones novads', '0800605', '1');
INSERT INTO `mcc_zone` VALUES ('4056', '117', 'Baldones novads', '0800600', '1');
INSERT INTO `mcc_zone` VALUES ('4057', '117', 'Baloži, Ķekavas novads', '0800807', '1');
INSERT INTO `mcc_zone` VALUES ('4058', '117', 'Baltinavas novads', '0384400', '1');
INSERT INTO `mcc_zone` VALUES ('4059', '117', 'Balvi, Balvu novads', '0380201', '1');
INSERT INTO `mcc_zone` VALUES ('4060', '117', 'Balvu novads', '0380200', '1');
INSERT INTO `mcc_zone` VALUES ('4061', '117', 'Bauska, Bauskas novads', '0400201', '1');
INSERT INTO `mcc_zone` VALUES ('4062', '117', 'Bauskas novads', '0400200', '1');
INSERT INTO `mcc_zone` VALUES ('4063', '117', 'Beverīnas novads', '0964700', '1');
INSERT INTO `mcc_zone` VALUES ('4064', '117', 'Brocēni, Brocēnu novads', '0840605', '1');
INSERT INTO `mcc_zone` VALUES ('4065', '117', 'Brocēnu novads', '0840601', '1');
INSERT INTO `mcc_zone` VALUES ('4066', '117', 'Burtnieku novads', '0967101', '1');
INSERT INTO `mcc_zone` VALUES ('4067', '117', 'Carnikavas novads', '0805200', '1');
INSERT INTO `mcc_zone` VALUES ('4068', '117', 'Cesvaine, Cesvaines novads', '0700807', '1');
INSERT INTO `mcc_zone` VALUES ('4069', '117', 'Cesvaines novads', '0700800', '1');
INSERT INTO `mcc_zone` VALUES ('4070', '117', 'Cēsis, Cēsu novads', '0420201', '1');
INSERT INTO `mcc_zone` VALUES ('4071', '117', 'Cēsu novads', '0420200', '1');
INSERT INTO `mcc_zone` VALUES ('4072', '117', 'Ciblas novads', '0684901', '1');
INSERT INTO `mcc_zone` VALUES ('4073', '117', 'Dagda, Dagdas novads', '0601009', '1');
INSERT INTO `mcc_zone` VALUES ('4074', '117', 'Dagdas novads', '0601000', '1');
INSERT INTO `mcc_zone` VALUES ('4075', '117', 'Daugavpils', '0050000', '1');
INSERT INTO `mcc_zone` VALUES ('4076', '117', 'Daugavpils novads', '0440200', '1');
INSERT INTO `mcc_zone` VALUES ('4077', '117', 'Dobele, Dobeles novads', '0460201', '1');
INSERT INTO `mcc_zone` VALUES ('4078', '117', 'Dobeles novads', '0460200', '1');
INSERT INTO `mcc_zone` VALUES ('4079', '117', 'Dundagas novads', '0885100', '1');
INSERT INTO `mcc_zone` VALUES ('4080', '117', 'Durbe, Durbes novads', '0640807', '1');
INSERT INTO `mcc_zone` VALUES ('4081', '117', 'Durbes novads', '0640801', '1');
INSERT INTO `mcc_zone` VALUES ('4082', '117', 'Engures novads', '0905100', '1');
INSERT INTO `mcc_zone` VALUES ('4083', '117', 'Ērgļu novads', '0705500', '1');
INSERT INTO `mcc_zone` VALUES ('4084', '117', 'Garkalnes novads', '0806000', '1');
INSERT INTO `mcc_zone` VALUES ('4085', '117', 'Grobiņa, Grobiņas novads', '0641009', '1');
INSERT INTO `mcc_zone` VALUES ('4086', '117', 'Grobiņas novads', '0641000', '1');
INSERT INTO `mcc_zone` VALUES ('4087', '117', 'Gulbene, Gulbenes novads', '0500201', '1');
INSERT INTO `mcc_zone` VALUES ('4088', '117', 'Gulbenes novads', '0500200', '1');
INSERT INTO `mcc_zone` VALUES ('4089', '117', 'Iecavas novads', '0406400', '1');
INSERT INTO `mcc_zone` VALUES ('4090', '117', 'Ikšķile, Ikšķiles novads', '0740605', '1');
INSERT INTO `mcc_zone` VALUES ('4091', '117', 'Ikšķiles novads', '0740600', '1');
INSERT INTO `mcc_zone` VALUES ('4092', '117', 'Ilūkste, Ilūkstes novads', '0440807', '1');
INSERT INTO `mcc_zone` VALUES ('4093', '117', 'Ilūkstes novads', '0440801', '1');
INSERT INTO `mcc_zone` VALUES ('4094', '117', 'Inčukalna novads', '0801800', '1');
INSERT INTO `mcc_zone` VALUES ('4095', '117', 'Jaunjelgava, Jaunjelgavas novads', '0321007', '1');
INSERT INTO `mcc_zone` VALUES ('4096', '117', 'Jaunjelgavas novads', '0321000', '1');
INSERT INTO `mcc_zone` VALUES ('4097', '117', 'Jaunpiebalgas novads', '0425700', '1');
INSERT INTO `mcc_zone` VALUES ('4098', '117', 'Jaunpils novads', '0905700', '1');
INSERT INTO `mcc_zone` VALUES ('4099', '117', 'Jelgava', '0090000', '1');
INSERT INTO `mcc_zone` VALUES ('4100', '117', 'Jelgavas novads', '0540200', '1');
INSERT INTO `mcc_zone` VALUES ('4101', '117', 'Jēkabpils', '0110000', '1');
INSERT INTO `mcc_zone` VALUES ('4102', '117', 'Jēkabpils novads', '0560200', '1');
INSERT INTO `mcc_zone` VALUES ('4103', '117', 'Jūrmala', '0130000', '1');
INSERT INTO `mcc_zone` VALUES ('4104', '117', 'Kalnciems, Jelgavas novads', '0540211', '1');
INSERT INTO `mcc_zone` VALUES ('4105', '117', 'Kandava, Kandavas novads', '0901211', '1');
INSERT INTO `mcc_zone` VALUES ('4106', '117', 'Kandavas novads', '0901201', '1');
INSERT INTO `mcc_zone` VALUES ('4107', '117', 'Kārsava, Kārsavas novads', '0681009', '1');
INSERT INTO `mcc_zone` VALUES ('4108', '117', 'Kārsavas novads', '0681000', '1');
INSERT INTO `mcc_zone` VALUES ('4109', '117', 'Kocēnu novads ,bij. Valmieras)', '0960200', '1');
INSERT INTO `mcc_zone` VALUES ('4110', '117', 'Kokneses novads', '0326100', '1');
INSERT INTO `mcc_zone` VALUES ('4111', '117', 'Krāslava, Krāslavas novads', '0600201', '1');
INSERT INTO `mcc_zone` VALUES ('4112', '117', 'Krāslavas novads', '0600202', '1');
INSERT INTO `mcc_zone` VALUES ('4113', '117', 'Krimuldas novads', '0806900', '1');
INSERT INTO `mcc_zone` VALUES ('4114', '117', 'Krustpils novads', '0566900', '1');
INSERT INTO `mcc_zone` VALUES ('4115', '117', 'Kuldīga, Kuldīgas novads', '0620201', '1');
INSERT INTO `mcc_zone` VALUES ('4116', '117', 'Kuldīgas novads', '0620200', '1');
INSERT INTO `mcc_zone` VALUES ('4117', '117', 'Ķeguma novads', '0741001', '1');
INSERT INTO `mcc_zone` VALUES ('4118', '117', 'Ķegums, Ķeguma novads', '0741009', '1');
INSERT INTO `mcc_zone` VALUES ('4119', '117', 'Ķekavas novads', '0800800', '1');
INSERT INTO `mcc_zone` VALUES ('4120', '117', 'Lielvārde, Lielvārdes novads', '0741413', '1');
INSERT INTO `mcc_zone` VALUES ('4121', '117', 'Lielvārdes novads', '0741401', '1');
INSERT INTO `mcc_zone` VALUES ('4122', '117', 'Liepāja', '0170000', '1');
INSERT INTO `mcc_zone` VALUES ('4123', '117', 'Limbaži, Limbažu novads', '0660201', '1');
INSERT INTO `mcc_zone` VALUES ('4124', '117', 'Limbažu novads', '0660200', '1');
INSERT INTO `mcc_zone` VALUES ('4125', '117', 'Līgatne, Līgatnes novads', '0421211', '1');
INSERT INTO `mcc_zone` VALUES ('4126', '117', 'Līgatnes novads', '0421200', '1');
INSERT INTO `mcc_zone` VALUES ('4127', '117', 'Līvāni, Līvānu novads', '0761211', '1');
INSERT INTO `mcc_zone` VALUES ('4128', '117', 'Līvānu novads', '0761201', '1');
INSERT INTO `mcc_zone` VALUES ('4129', '117', 'Lubāna, Lubānas novads', '0701413', '1');
INSERT INTO `mcc_zone` VALUES ('4130', '117', 'Lubānas novads', '0701400', '1');
INSERT INTO `mcc_zone` VALUES ('4131', '117', 'Ludza, Ludzas novads', '0680201', '1');
INSERT INTO `mcc_zone` VALUES ('4132', '117', 'Ludzas novads', '0680200', '1');
INSERT INTO `mcc_zone` VALUES ('4133', '117', 'Madona, Madonas novads', '0700201', '1');
INSERT INTO `mcc_zone` VALUES ('4134', '117', 'Madonas novads', '0700200', '1');
INSERT INTO `mcc_zone` VALUES ('4135', '117', 'Mazsalaca, Mazsalacas novads', '0961011', '1');
INSERT INTO `mcc_zone` VALUES ('4136', '117', 'Mazsalacas novads', '0961000', '1');
INSERT INTO `mcc_zone` VALUES ('4137', '117', 'Mālpils novads', '0807400', '1');
INSERT INTO `mcc_zone` VALUES ('4138', '117', 'Mārupes novads', '0807600', '1');
INSERT INTO `mcc_zone` VALUES ('4139', '117', 'Mērsraga novads', '0887600', '1');
INSERT INTO `mcc_zone` VALUES ('4140', '117', 'Naukšēnu novads', '0967300', '1');
INSERT INTO `mcc_zone` VALUES ('4141', '117', 'Neretas novads', '0327100', '1');
INSERT INTO `mcc_zone` VALUES ('4142', '117', 'Nīcas novads', '0647900', '1');
INSERT INTO `mcc_zone` VALUES ('4143', '117', 'Ogre, Ogres novads', '0740201', '1');
INSERT INTO `mcc_zone` VALUES ('4144', '117', 'Ogres novads', '0740202', '1');
INSERT INTO `mcc_zone` VALUES ('4145', '117', 'Olaine, Olaines novads', '0801009', '1');
INSERT INTO `mcc_zone` VALUES ('4146', '117', 'Olaines novads', '0801000', '1');
INSERT INTO `mcc_zone` VALUES ('4147', '117', 'Ozolnieku novads', '0546701', '1');
INSERT INTO `mcc_zone` VALUES ('4148', '117', 'Pārgaujas novads', '0427500', '1');
INSERT INTO `mcc_zone` VALUES ('4149', '117', 'Pāvilosta, Pāvilostas novads', '0641413', '1');
INSERT INTO `mcc_zone` VALUES ('4150', '117', 'Pāvilostas novads', '0641401', '1');
INSERT INTO `mcc_zone` VALUES ('4151', '117', 'Piltene, Ventspils novads', '0980213', '1');
INSERT INTO `mcc_zone` VALUES ('4152', '117', 'Pļaviņas, Pļaviņu novads', '0321413', '1');
INSERT INTO `mcc_zone` VALUES ('4153', '117', 'Pļaviņu novads', '0321400', '1');
INSERT INTO `mcc_zone` VALUES ('4154', '117', 'Preiļi, Preiļu novads', '0760201', '1');
INSERT INTO `mcc_zone` VALUES ('4155', '117', 'Preiļu novads', '0760202', '1');
INSERT INTO `mcc_zone` VALUES ('4156', '117', 'Priekule, Priekules novads', '0641615', '1');
INSERT INTO `mcc_zone` VALUES ('4157', '117', 'Priekules novads', '0641600', '1');
INSERT INTO `mcc_zone` VALUES ('4158', '117', 'Priekuļu novads', '0427300', '1');
INSERT INTO `mcc_zone` VALUES ('4159', '117', 'Raunas novads', '0427700', '1');
INSERT INTO `mcc_zone` VALUES ('4160', '117', 'Rēzekne', '0210000', '1');
INSERT INTO `mcc_zone` VALUES ('4161', '117', 'Rēzeknes novads', '0780200', '1');
INSERT INTO `mcc_zone` VALUES ('4162', '117', 'Riebiņu novads', '0766300', '1');
INSERT INTO `mcc_zone` VALUES ('4163', '117', 'Rīga', '0010000', '1');
INSERT INTO `mcc_zone` VALUES ('4164', '117', 'Rojas novads', '0888300', '1');
INSERT INTO `mcc_zone` VALUES ('4165', '117', 'Ropažu novads', '0808400', '1');
INSERT INTO `mcc_zone` VALUES ('4166', '117', 'Rucavas novads', '0648500', '1');
INSERT INTO `mcc_zone` VALUES ('4167', '117', 'Rugāju novads', '0387500', '1');
INSERT INTO `mcc_zone` VALUES ('4168', '117', 'Rundāles novads', '0407700', '1');
INSERT INTO `mcc_zone` VALUES ('4169', '117', 'Rūjiena, Rūjienas novads', '0961615', '1');
INSERT INTO `mcc_zone` VALUES ('4170', '117', 'Rūjienas novads', '0961600', '1');
INSERT INTO `mcc_zone` VALUES ('4171', '117', 'Sabile, Talsu novads', '0880213', '1');
INSERT INTO `mcc_zone` VALUES ('4172', '117', 'Salacgrīva, Salacgrīvas novads', '0661415', '1');
INSERT INTO `mcc_zone` VALUES ('4173', '117', 'Salacgrīvas novads', '0661400', '1');
INSERT INTO `mcc_zone` VALUES ('4174', '117', 'Salas novads', '0568700', '1');
INSERT INTO `mcc_zone` VALUES ('4175', '117', 'Salaspils novads', '0801200', '1');
INSERT INTO `mcc_zone` VALUES ('4176', '117', 'Salaspils, Salaspils novads', '0801211', '1');
INSERT INTO `mcc_zone` VALUES ('4177', '117', 'Saldus novads', '0840200', '1');
INSERT INTO `mcc_zone` VALUES ('4178', '117', 'Saldus, Saldus novads', '0840201', '1');
INSERT INTO `mcc_zone` VALUES ('4179', '117', 'Saulkrasti, Saulkrastu novads', '0801413', '1');
INSERT INTO `mcc_zone` VALUES ('4180', '117', 'Saulkrastu novads', '0801400', '1');
INSERT INTO `mcc_zone` VALUES ('4181', '117', 'Seda, Strenču novads', '0941813', '1');
INSERT INTO `mcc_zone` VALUES ('4182', '117', 'Sējas novads', '0809200', '1');
INSERT INTO `mcc_zone` VALUES ('4183', '117', 'Sigulda, Siguldas novads', '0801615', '1');
INSERT INTO `mcc_zone` VALUES ('4184', '117', 'Siguldas novads', '0801601', '1');
INSERT INTO `mcc_zone` VALUES ('4185', '117', 'Skrīveru novads', '0328200', '1');
INSERT INTO `mcc_zone` VALUES ('4186', '117', 'Skrunda, Skrundas novads', '0621209', '1');
INSERT INTO `mcc_zone` VALUES ('4187', '117', 'Skrundas novads', '0621200', '1');
INSERT INTO `mcc_zone` VALUES ('4188', '117', 'Smiltene, Smiltenes novads', '0941615', '1');
INSERT INTO `mcc_zone` VALUES ('4189', '117', 'Smiltenes novads', '0941600', '1');
INSERT INTO `mcc_zone` VALUES ('4190', '117', 'Staicele, Alojas novads', '0661017', '1');
INSERT INTO `mcc_zone` VALUES ('4191', '117', 'Stende, Talsu novads', '0880215', '1');
INSERT INTO `mcc_zone` VALUES ('4192', '117', 'Stopiņu novads', '0809600', '1');
INSERT INTO `mcc_zone` VALUES ('4193', '117', 'Strenči, Strenču novads', '0941817', '1');
INSERT INTO `mcc_zone` VALUES ('4194', '117', 'Strenču novads', '0941800', '1');
INSERT INTO `mcc_zone` VALUES ('4195', '117', 'Subate, Ilūkstes novads', '0440815', '1');
INSERT INTO `mcc_zone` VALUES ('4196', '117', 'Talsi, Talsu novads', '0880201', '1');
INSERT INTO `mcc_zone` VALUES ('4197', '117', 'Talsu novads', '0880200', '1');
INSERT INTO `mcc_zone` VALUES ('4198', '117', 'Tērvetes novads', '0468900', '1');
INSERT INTO `mcc_zone` VALUES ('4199', '117', 'Tukuma novads', '0900200', '1');
INSERT INTO `mcc_zone` VALUES ('4200', '117', 'Tukums, Tukuma novads', '0900201', '1');
INSERT INTO `mcc_zone` VALUES ('4201', '117', 'Vaiņodes novads', '0649300', '1');
INSERT INTO `mcc_zone` VALUES ('4202', '117', 'Valdemārpils, Talsu novads', '0880217', '1');
INSERT INTO `mcc_zone` VALUES ('4203', '117', 'Valka, Valkas novads', '0940201', '1');
INSERT INTO `mcc_zone` VALUES ('4204', '117', 'Valkas novads', '0940200', '1');
INSERT INTO `mcc_zone` VALUES ('4205', '117', 'Valmiera', '0250000', '1');
INSERT INTO `mcc_zone` VALUES ('4206', '117', 'Vangaži, Inčukalna novads', '0801817', '1');
INSERT INTO `mcc_zone` VALUES ('4207', '117', 'Varakļāni, Varakļānu novads', '0701817', '1');
INSERT INTO `mcc_zone` VALUES ('4208', '117', 'Varakļānu novads', '0701800', '1');
INSERT INTO `mcc_zone` VALUES ('4209', '117', 'Vārkavas novads', '0769101', '1');
INSERT INTO `mcc_zone` VALUES ('4210', '117', 'Vecpiebalgas novads', '0429300', '1');
INSERT INTO `mcc_zone` VALUES ('4211', '117', 'Vecumnieku novads', '0409500', '1');
INSERT INTO `mcc_zone` VALUES ('4212', '117', 'Ventspils', '0270000', '1');
INSERT INTO `mcc_zone` VALUES ('4213', '117', 'Ventspils novads', '0980200', '1');
INSERT INTO `mcc_zone` VALUES ('4214', '117', 'Viesīte, Viesītes novads', '0561815', '1');
INSERT INTO `mcc_zone` VALUES ('4215', '117', 'Viesītes novads', '0561800', '1');
INSERT INTO `mcc_zone` VALUES ('4216', '117', 'Viļaka, Viļakas novads', '0381615', '1');
INSERT INTO `mcc_zone` VALUES ('4217', '117', 'Viļakas novads', '0381600', '1');
INSERT INTO `mcc_zone` VALUES ('4218', '117', 'Viļāni, Viļānu novads', '0781817', '1');
INSERT INTO `mcc_zone` VALUES ('4219', '117', 'Viļānu novads', '0781800', '1');
INSERT INTO `mcc_zone` VALUES ('4220', '117', 'Zilupe, Zilupes novads', '0681817', '1');
INSERT INTO `mcc_zone` VALUES ('4221', '117', 'Zilupes novads', '0681801', '1');
INSERT INTO `mcc_zone` VALUES ('4222', '43', 'Arica y Parinacota', 'AP', '1');
INSERT INTO `mcc_zone` VALUES ('4223', '43', 'Los Rios', 'LR', '1');
INSERT INTO `mcc_zone` VALUES ('4224', '220', 'Kharkivs\'ka Oblast\'', '63', '1');
INSERT INTO `mcc_zone` VALUES ('4225', '44', '西藏自治区', 'TB', '1');
INSERT INTO `mcc_zone` VALUES ('4226', '44', '台湾省', 'TW', '1');
INSERT INTO `mcc_zone` VALUES ('4227', '44', '青海省', 'QH', '1');

-- ----------------------------
-- Table structure for mcc_zone_to_geo_zone
-- ----------------------------
DROP TABLE IF EXISTS `mcc_zone_to_geo_zone`;
CREATE TABLE `mcc_zone_to_geo_zone` (
  `zone_to_geo_zone_id` int(11) NOT NULL AUTO_INCREMENT,
  `country_id` int(11) NOT NULL,
  `zone_id` int(11) NOT NULL DEFAULT '0',
  `geo_zone_id` int(11) NOT NULL,
  `date_added` datetime NOT NULL,
  `date_modified` datetime NOT NULL,
  PRIMARY KEY (`zone_to_geo_zone_id`)
) ENGINE=MyISAM AUTO_INCREMENT=142 DEFAULT CHARSET=utf8;

-- ----------------------------
-- Records of mcc_zone_to_geo_zone
-- ----------------------------
INSERT INTO `mcc_zone_to_geo_zone` VALUES ('110', '44', '712', '4', '2015-04-01 22:11:53', '1970-01-01 00:00:01');
INSERT INTO `mcc_zone_to_geo_zone` VALUES ('141', '44', '4226', '5', '2015-04-01 22:24:09', '1970-01-01 00:00:01');
INSERT INTO `mcc_zone_to_geo_zone` VALUES ('140', '44', '696', '5', '2015-04-01 22:24:09', '1970-01-01 00:00:01');
INSERT INTO `mcc_zone_to_geo_zone` VALUES ('139', '44', '704', '5', '2015-04-01 22:24:09', '1970-01-01 00:00:01');
INSERT INTO `mcc_zone_to_geo_zone` VALUES ('138', '44', '694', '3', '2015-04-01 22:23:18', '1970-01-01 00:00:01');
INSERT INTO `mcc_zone_to_geo_zone` VALUES ('137', '44', '706', '3', '2015-04-01 22:23:18', '1970-01-01 00:00:01');
INSERT INTO `mcc_zone_to_geo_zone` VALUES ('136', '44', '686', '3', '2015-04-01 22:23:18', '1970-01-01 00:00:01');
INSERT INTO `mcc_zone_to_geo_zone` VALUES ('135', '44', '703', '3', '2015-04-01 22:23:18', '1970-01-01 00:00:01');
INSERT INTO `mcc_zone_to_geo_zone` VALUES ('134', '44', '691', '3', '2015-04-01 22:23:18', '1970-01-01 00:00:01');
INSERT INTO `mcc_zone_to_geo_zone` VALUES ('133', '44', '687', '3', '2015-04-01 22:23:18', '1970-01-01 00:00:01');
INSERT INTO `mcc_zone_to_geo_zone` VALUES ('132', '44', '688', '3', '2015-04-01 22:23:18', '1970-01-01 00:00:01');
INSERT INTO `mcc_zone_to_geo_zone` VALUES ('131', '44', '698', '3', '2015-04-01 22:23:18', '1970-01-01 00:00:01');
INSERT INTO `mcc_zone_to_geo_zone` VALUES ('130', '44', '697', '3', '2015-04-01 22:23:18', '1970-01-01 00:00:01');
INSERT INTO `mcc_zone_to_geo_zone` VALUES ('129', '44', '692', '3', '2015-04-01 22:23:18', '1970-01-01 00:00:01');
INSERT INTO `mcc_zone_to_geo_zone` VALUES ('128', '44', '714', '3', '2015-04-01 22:23:18', '1970-01-01 00:00:01');
INSERT INTO `mcc_zone_to_geo_zone` VALUES ('127', '44', '695', '3', '2015-04-01 22:23:18', '1970-01-01 00:00:01');
INSERT INTO `mcc_zone_to_geo_zone` VALUES ('126', '44', '693', '3', '2015-04-01 22:23:18', '1970-01-01 00:00:01');
INSERT INTO `mcc_zone_to_geo_zone` VALUES ('125', '44', '701', '3', '2015-04-01 22:23:18', '1970-01-01 00:00:01');
INSERT INTO `mcc_zone_to_geo_zone` VALUES ('124', '44', '700', '3', '2015-04-01 22:23:18', '1970-01-01 00:00:01');
INSERT INTO `mcc_zone_to_geo_zone` VALUES ('123', '44', '690', '3', '2015-04-01 22:23:18', '1970-01-01 00:00:01');
INSERT INTO `mcc_zone_to_geo_zone` VALUES ('122', '44', '689', '3', '2015-04-01 22:23:18', '1970-01-01 00:00:01');
INSERT INTO `mcc_zone_to_geo_zone` VALUES ('121', '44', '709', '3', '2015-04-01 22:23:18', '1970-01-01 00:00:01');
INSERT INTO `mcc_zone_to_geo_zone` VALUES ('120', '44', '707', '3', '2015-04-01 22:23:18', '1970-01-01 00:00:01');
INSERT INTO `mcc_zone_to_geo_zone` VALUES ('119', '44', '684', '3', '2015-04-01 22:23:18', '1970-01-01 00:00:01');
INSERT INTO `mcc_zone_to_geo_zone` VALUES ('118', '44', '711', '3', '2015-04-01 22:23:18', '1970-01-01 00:00:01');
INSERT INTO `mcc_zone_to_geo_zone` VALUES ('117', '44', '710', '3', '2015-04-01 22:23:18', '1970-01-01 00:00:01');
INSERT INTO `mcc_zone_to_geo_zone` VALUES ('116', '44', '702', '3', '2015-04-01 22:23:18', '1970-01-01 00:00:01');
INSERT INTO `mcc_zone_to_geo_zone` VALUES ('115', '44', '685', '3', '2015-04-01 22:23:18', '1970-01-01 00:00:01');
INSERT INTO `mcc_zone_to_geo_zone` VALUES ('114', '44', '713', '3', '2015-04-01 22:23:18', '1970-01-01 00:00:01');
INSERT INTO `mcc_zone_to_geo_zone` VALUES ('113', '44', '708', '3', '2015-04-01 22:23:18', '1970-01-01 00:00:01');
INSERT INTO `mcc_zone_to_geo_zone` VALUES ('111', '44', '4225', '4', '2015-04-01 22:11:53', '1970-01-01 00:00:01');
INSERT INTO `mcc_zone_to_geo_zone` VALUES ('112', '44', '705', '4', '2015-04-01 22:11:53', '1970-01-01 00:00:01');
